ccdc_id,CHIRAL SMILES
AYUWUP,COc1ccccc1C(=O)O[C@]1(Cc2c(C1=O)cccc2)[C@H](c1ccccc1)CN(=O)=O
AZOSOA,O=N(=O)C1=NNC(=N1)CC1=NC(=NN1)N(=O)=O
BALWIY,COc1ccc(cc1)C1=C(COc2ccccc12)c1ccc(cc1)N(=O)=O
BALWIY01,COc1ccc(cc1)C1=C(COc2ccccc12)c1ccc(cc1)N(=O)=O
CANCAZ,CON1C(=O)c2ccc(cc2C[C@]1(C)CO)N(=O)=O
FAPHOX,C=C[C@@H]([C@@H]([C@H](/C=C/C1=C(C)C(=O)OC(O1)(C)C)C)OC(=O)c1cc(cc(c1)N(=O)=O)N(=O)=O)C
FASBUA,CON(C(=O)[C@]12C[C@H](C1)N1N2C(=O)N(C1=O)c1ccc(cc1)N(=O)=O)C
FASCEL,CCCCCC(=O)[C@]12C[C@H](C1)N1N2C(=O)N(C1=O)c1ccc(cc1)N(=O)=O
FASCUB,O=C1N(c2ccc(cc2)N(=O)=O)C(=O)N2N1[C@@]1(C[C@H]2C1)C(=O)c1ccccc1
FATMOG,O=N(=O)c1ccc2nc3ccccc3nc2c1
FAVSUU,CCOC(=O)C1(C[C@@H]([C@H]([C@@]21c1ccccc1N(C2=O)C)c1ccc(cc1)OC)N(=O)=O)C(=O)OCC
FAVTAB,N#CC1(C#N)[C@H](c2ccc(cc2)OC)[C@H](C[C@@]21c1ccccc1N(C2=O)C)N(=O)=O
FAVTEF,N#CC1(C#N)[C@H](c2cccc3c2cccc3)[C@H](C[C@]21C(=O)N(c1c2cccc1)C)N(=O)=O
GAMWEA,O=C1C=CN(C=C1)C1=CC=C(C2=NON=C12)N(=O)=O
GARDUC,CC1=NC=C(N1CCN=[N+]=[N-])N(=O)=O
GARFEO,CC1=NC=C(N1CCOC(=O)c1ccc(cc1)N(=O)=O)N(=O)=O
GARNEW,CC1=Nc2ccccc2C(=O)N1/N=C/c1ccc(cc1)N(=O)=O
GASMIA,O=N(=O)C1=NN(CC2=NOC=N2)N=N1
GATGUH,NC1=NC(=NO1)CN1N=NC(=N1)N(=O)=O
HAFRUF,O=N(=O)c1cnc(NC2=NN=NN2)c(c1)N(=O)=O
HAHMIQ,O=C1N(C)C(=C(C(=O)N1C)[C@H]([NH+]1CCCCC1)c1ccc(cc1)N(=O)=O)[O-]
HANVIF,Cc1ccc(cc1)N1CCN([C@@H]1c1ccc(cc1)N(=O)=O)Cc1ccccc1O
HAPQEY,CCC1(CC)NC(=O)c2cc(cc(c2N1)N(=O)=O)N(=O)=O
HARFAL,Cc1ccc(cc1)C1=C(N2C=CC=CC2=C1C1=C(C(=NO1)C)N(=O)=O)c1ccc2ccccc2n1
HARFIT,O=N(=O)C1=C2N(CCN3N=NC(=C23)N(=O)=O)N=N1
HARFOZ,O=N(=O)C1=C2N(CCCN3N=NC(=C23)N(=O)=O)N=N1
HARHAN,COc1ccccc1C1=C(N2C=CC=CC2=C1C1=C(C(=NO1)C)N(=O)=O)c1ccc2ccccc2n1
HARREB,N#C/C(=C\c1cc2-c3ccccc3C(c2cc1N(C)C)(C)C)/c1ccc(cc1)N(=O)=O
HATRIH,Cc1ccc(c(O)c1N(=O)=O)N(=O)=O
IJITOM02,N#CC1=C(N)OC2=C([C@@H]1c1cccc(c1)N(=O)=O)C(=O)CC(C2)(C)C
JAHZUR,O=C(Nc1ccc(cc1)N(=O)=O)NC[C@]12C[C@H]3C[C@@H](C2)C[C@@H](C1)C3
JAJBAB,O=C1C(=O)C(=C1NC[C@]12C[C@H]3C[C@@H](C2)C[C@@H](C1)C3)Nc1ccc(cc1)N(=O)=O
JALZIJ,CCN(CC)c1ccc2C=C(C(=O)Oc2c1)c1ccc(cc1)c1ccc(cc1)N(=O)=O
JAMQAT,O=N(=O)c1ccc2c(c1)nc(c(n2)c1ccc(cc1)/C=C/c1ccccc1)c1ccc(cc1)/C=C/c1ccccc1
JANQEY,NN1N=C(C(=C1N(=O)=O)N(=O)=O)N(=O)=O
JARPEB,NC1=N[N+](=NC2=C(C=NN12)N(=O)=O)[O-]
KALMET,CCOCCOc1c2Cc3cc(cc(Cc4cc(cc(Cc5cc(cc(Cc1cc(c2)c1ccc2ccc6cccc7ccc1c2c67)c5OCCOCC)N(=O)=O)c4OCCOCC)c1ccc2ccc4cccc5ccc1c2c45)c3OCCOCC)N(=O)=O
KAPFEQ,O=CNNc1ccc(cc1)N(=O)=O
KAPFIU,CCOC(=O)C1=C(O[C@@]2(O1)CCCN2C(=O)OC(C)(C)C)c1ccc(cc1)N(=O)=O
KAPZEK,O=N(=O)C(C1=NN=C2N1C1=NON=C1N1C2=NN=C1C(N(=O)=O)(N(=O)=O)N(=O)=O)(N(=O)=O)N(=O)=O
KAVBOC,CCCCCC(=C=C1CCC[C@]23C1=C([C@H]2OC(O3)(C)C)[C@@]12COC[C@]2(C1)C)c1cccc(c1)N(=O)=O
KAVHAU,O=C(c1c(C)cccc1N(=O)=O)OC[C@@H](c1ccc2c(c1)cccc2)OC(=O)c1c(C)cccc1N(=O)=O
KAVHEY,O[C@H](c1ccccc1)COC(=O)c1c(C)cccc1N(=O)=O
KAVHOI,O=C(c1c(C)cccc1N(=O)=O)OC[C@H](c1ccccc1)OC(=O)c1c(C)cccc1N(=O)=O
KAVHUO,OC[C@@H](c1ccc2c(c1)cccc2)OC(=O)c1c(C)cccc1N(=O)=O
KAVJAW,O[C@H](c1ccc2c(c1)cccc2)COC(=O)c1c(C)cccc1N(=O)=O
KAVROS,CC(=C1[C@@H]2C=C[C@@]3([C@H]1[C@@]3(C2=O)C)N(=O)=O)C
KOBXOO01,NC1=C(C(=O)NN1)N(=O)=O
LAPKIA,CCCON1C(=O)N([C@@]([C@@H]1O)(O)c1ccc(cc1)N(=O)=O)C
LAPKOG,CCCCON1C(=O)N([C@@]([C@@H]1O)(O)c1ccc(cc1)N(=O)=O)c1ccc(cc1)C
LAPRON,COc1ccc(cc1)C(=O)C[C@@H]1Cc2c(O1)ccc(c2)N(=O)=O
LAQYIP,C[C@@H]1CC[C@H]([C@@H](C1)OC(=O)N[C@@H](c1cccc(c1)N(=O)=O)c1cc(c(c(c1)C(C)(C)C)O)C(C)(C)C)C(C)C
LAVQUY,O=N(=O)c1cc(ccc1NC1CC1)[N+]#[C-]
LAVRAF,CN(Cc1ccccc1)c1ccc(cc1N(=O)=O)[N+]#[C-]
LAVTOV,O=C(c1cc(cc(c1)N(=O)=O)N(=O)=O)OC[C@H]1C[C@]2(C[C@@H]1CCC2)C
LAXGOK,CN(C)CCCNc1nc2cc(ccc2nc1NCc1ccccc1)N(=O)=O
LAXSAI,Cc1cc(C)c(c(C)c1C(c1c(C)cc(C)c(c1C)N(=O)=O)=C(c1c(C)cc(C)c(c1C)N(=O)=O)c1c(C)cc(C)c(c1C)N(=O)=O)N(=O)=O
MAQDER,CC([C@@H]1CCC=CC1=O)(N(=O)=O)C
MAQDIV,O=C(CC1(CCC1)N(=O)=O)c1ccccc1
MAQDOB,O=C(c1ccccc1)C[C@@]1([C@@H]2C[C@@H]3C[C@H]1C[C@H](C2)C3)N(=O)=O
MAQDUH,O=C(CCN(=O)=O)c1ccccc1
MAQFAP,CC(C)(CC(=O)c1ccccc1)N(=O)=O
MAQFET,O=C(CC1(CCCC1)N(=O)=O)c1ccccc1
NAMTEE,OC1=C(C(=O)CC(C1)(C)C)[C@H](C1=CC=CO1)CC1=C(N(=O)=O)C(=NO1)C
NANILI32,Nc1ccc(cc1)N(=O)=O
NAQWOV,O=C(c1ccccc1)C[C@H]1CC2([C@@H]([C@H]1N(=O)=O)c1ccccc1)C(=O)OC(OC2=O)(C)C
NARTEJ,Oc1ccc(cc1/C=N/C1=CC(=NN1c1ccccc1N(=O)=O)C(C)(C)C)/N=N/c1ccccc1
NARTIN,Cc1ccc(cc1)/N=N/c1ccc(c(c1)/C=N/C1=CC(=NN1c1ccc(cc1)N(=O)=O)C(C)(C)C)O
NARTOT,CC(C1=NN(C(=C1)/N=C/c1cc(ccc1O)/N=N/c1ccccc1)c1ccc(cc1)N(=O)=O)(C)C
NARYUE,O=N(=O)[C@H]1OC(=C([C@@H]1c1ccccc1)C(=O)C)C
NBZANO13,O=N(=O)c1ccc([NH+]=Nc2c([O-])ccc3ccccc23)cc1
NIPHAZ02,O=N(=O)c1ccc(cc1)N=[N+]=[N-]
OCUBEX,COc1ccc(cc1)[C@H]1CN1Oc1ccc(cc1N(=O)=O)N(=O)=O
OXIBUV,C#CCCCC(=O)Nc1ccc(cc1)/N=N/c1ccc(cc1)N(=O)=O
OYISUN,CC1=NOC(=C1N(=O)=O)C1=NO[N+](=C1C1=C(C(=NO1)C)N(=O)=O)[O-]
PAJGAM,O=N(=O)C1=NN(C(=N1)/N=N/C1=NC(=NN1C(N(=O)=O)(N(=O)=O)N(=O)=O)N(=O)=O)C(N(=O)=O)(N(=O)=O)N(=O)=O
PAKPAW,O=N(=O)N1C=C(C(=N1)N=[N+]([O-])C1=NN(C=C1N(=O)=O)N(=O)=O)N(=O)=O
PAKXOS,Nc1nc(nnc1N(=O)=O)N=[N+]=[N-]
PAMSOP,O=C(C[C@H](c1ccc(cc1)N(=O)=O)O)CC(=O)OC(c1ccccc1)c1ccccc1
PAPMOM,CC(CC(=O)/C(=C/c1ccc(cc1)N(=O)=O)/N1N=CN=C1)C
PAPWUC,O=N(=O)N1COCC(C1)(N(=O)=O)N(=O)=O
PAPXEN,OC[C@@]1(COCN(C1)C(C)(C)C)N(=O)=O
PAPXIR,O=N(=O)[C@]1(COCN(C1)C(C)(C)C)CNC(C)(C)C
PAQDEU,COC(=O)CN1C=NC(=C1N(=O)=O)N(=O)=O
PAQDIY,O=N(=O)C1=CN(C=N1)C(N(=O)=O)(N(=O)=O)N(=O)=O
PAQDOE,O=N(=O)C1=NC=CN1C(N(=O)=O)(N(=O)=O)N(=O)=O
PAQLEC,CC1=NON=C1C1=C(C(=NN1C(N(=O)=O)(N(=O)=O)N(=O)=O)N(=O)=O)N(=O)=O
PAQLEC01,CC1=NON=C1C1=C(C(=NN1C(N(=O)=O)(N(=O)=O)N(=O)=O)N(=O)=O)N(=O)=O
PAQRUY,O=N(=O)CN1C=NC(=C1N(=O)=O)N(=O)=O
PAQTOU,O=N(=O)c1cccc2c1[C@H](CC2)[C@H]1CCc2c1c(ccc2)N(=O)=O
QAWMAG,COc1ccc(cc1)N(CCC1=CN(C(=O)c2ccc(cc2)N(=O)=O)c2ccc(OC)cc12)c1ccc(OC(=O)OC(C)(C)C)cc1
QAWMEK,CC(=C)[C@@H]1C/C(=N\Nc2ccc(cc2N(=O)=O)N(=O)=O)/C(=C[C@H]1N(c1ccccc1)C)C
RAHQAW,O=N(=O)c1ccc(cc1)[C@@H]1C2=C(C(=O)N(C2=O)c2ccccc2)C2=C([C@]31C(=NN(C3=O)c1ccccc1)C)N(C)c1c2cccc1
RAHQOK,O=N(=O)c1ccc(cc1)[C@@H]1C2=C(C(=O)N(C2=O)c2ccccc2)C2=C([C@@]31C(=NN(C3=O)c1ccccc1)C)N(C)c1c2cccc1
RALCAM,COc1ccc(cc1OC)CC/N=C/c1ccc(cc1)N(=O)=O
RAPZOB,CN1[C@@H]2CCC[C@H]1/C(=C\c1ccc(cc1)N(=O)=O)/C(=O)/C/2=C/c1ccc(cc1)N(=O)=O
SAKGOE,O=C1CC[C@@]2(O1)OC[C@@]([C@@H]2OC(=O)c1ccc(cc1)N(=O)=O)(C)O
SALYUD,COC(=O)[C@@H]1[C@H](c2ccccc2)[C@H]([C@@H](N1C)c1ccccc1)NC(=O)[C@H]1N[C@H]([C@@H]([C@H]1c1ccccc1)N(=O)=O)c1ccccc1
SAMYAK,CC(=O)Oc1ccc2c(c1)[C@@]1(N(=O)=O)[C@@H](c3ccccc3)[N@]3N([C@H]1O2)C(=O)CC3
SAPMOP,O=C(c1ccc(cc1)N(=O)=O)O[C@@H]1CC2=CC3=CCCC[C@@H]3CC[C@H]2C([C@H]1OC(=O)c1ccc(cc1)N(=O)=O)(C)C
SAQHAX,C[C@@H](N1N=NC(=N1)c1ccc(cc1)N(=O)=O)CCN1C(=O)c2c(C1=O)cccc2
SAQHIF,CC(=O)OCC[C@@H](N1N=NC(=N1)c1ccc(cc1)N(=O)=O)C
SAQYES,COC(=O)c1cc(cc(C)c1c1c(C)cc(cc1C(=O)OC)N(=O)=O)N(=O)=O
SASREN,O[C@H]1CC(=O)[C@@H]2[C@@H](C1)C(=CN1[C@H]2c2ccccc2C1)N(=O)=O
SASVIV,CCOC(=O)C[C@H]1C[C@H]2[C@@H]([C@@]31N(Cc1c3cccc1)C=C2N(=O)=O)C(=O)c1ccccc1
SASVUH,O=N(=O)C1=CN2Cc3c([C@@H]2[C@]2([C@@H]1/C=C/N1CCCCC1)C(=O)Nc1c2cccc1)cccc3
SATFIG,C/C(=C(/C(=O)C)\C=C\[C@H]1C(=CN2[C@@H]([C@H]1C(=O)c1ccccc1)c1ccccc1C2)N(=O)=O)/O
SATFOM,O=N(=O)C1=CN2Cc3c([C@H]2[C@@H]([C@@H]1CC=C(C(=O)c1ccccc1)C(=O)c1ccccc1)C(=O)c1ccccc1)cccc3
SATFUS,N#C[C@@]1(C(=O)c2ccccc2)[C@@H]2N(Cc3c2cccc3)C=C([C@@H]1/C=C/C(=C(/O)\C)/C(=O)C)N(=O)=O
SATGAZ,C/C(=C(/C(=O)C)\C=C\[C@@H]1C(=CN2[C@H]([C@@]31C(=O)Nc1c3cccc1)c1ccccc1C2)N(=O)=O)/O
SATGED,O=N(=O)C1=CN2Cc3c([C@H]2[C@@H]([C@@H]1/C=C/C1=C(C)ON=C1C)C(=O)c1ccccc1)cccc3
SATNAG,C=C[C@@H]1[C@H]2[C@H](C=C)C[C@H]3[C@]2([C@@H](C1(C)C)OC(=O)c1ccc(cc1N(=O)=O)N(=O)=O)CC=C3
SATNEK,C=CCC1(CC=C)C[C@@H]2[C@@]([C@@H]1OC(=O)c1ccc(cc1)N(=O)=O)(CC=C)[C@@H]1C[C@H]2C=C1
SATPAI,CCC[C@]12CCC[C@H]1[C@H]1[C@]3([C@H]2OC(=O)c2ccc(cc2)N(=O)=O)CCC[C@@H]3C[C@@H]1CC
SAVCIF,O=C1C=C[C@H]2[C@@H]1[C@@H](O)c1c(O2)ccc(c1)N(=O)=O
SAVCOL,O=N(=O)[C@H]1[C@H]2C=CC(=O)[C@H]2[C@@H]1c1ccc2c(c1)cccc2
SAVNAI,NC1=C(N=NC2=C(C(=NN12)O)N(=O)=O)N(=O)=O
TANPOR,OC[C@](N1N=NC(=N1)c1ccc(cc1)N(=O)=O)(C=C)C
TAPZAP,NC1=NN2C(=C(N=NC2=C1N(=O)=O)C#N)N
TAPZOD,NC1=C(N=NC2=C(C(=NN12)N(=O)=O)N(=O)=O)C#N
TASCAV,C=C[C@@H](C[C@H](NC(=O)c1ccc(cc1)N(=O)=O)C[C@H](O)C)O
TATPEN,C=C[C@H]([C@H](c1ccc(cc1)N(=O)=O)C=C(C)C)C(=O)O
TATPIR,C=C[C@@H]([C@@H](C(=O)O)C=C(C)C)c1ccc(cc1)N(=O)=O
TAVJEJ,COc1cc(ccc1[NH+]=Cc1c([O-])ccc2ccccc12)N(=O)=O
UCOHON,COc1cc(ccc1NC(=O)/C=C\C(=O)O)N(=O)=O
UZIRON,COc1nc2ccc(cc2nc1OC)N(=O)=O
VANBIZ,O=N(=O)c1cc(ccc1N/N=C/1\CCC[C@@H]2[C@@H]1[C@H]1CCC[C@]31N([C@@H]2CC3)Cc1ccccc1)N(=O)=O
VENCEZ01,O=Cc1cccc(c1)N(=O)=O
WAPDAW,O=C(c1ccccc1)Oc1cc(ccc1/N=N/c1ccc(cc1)Oc1ccc(cc1)N(=O)=O)OC(=O)c1ccccc1
WAQLEJ,Oc1ccccc1/C=N/C1=CC(=NN1c1cccc(c1)N(=O)=O)C(C)(C)C
WAQLIN,Oc1ccccc1/C=N/C1=CC(=NN1c1ccc(cc1)N(=O)=O)C(C)(C)C
WAVZIG,C[C@@H]1CCC2=C3C4=C1C(=O)C[C@@H]4[C@@H](OC(=O)c1ccc(cc1)N(=O)=O)C[C@]3(C)CC[C@@H]2C
WAWDEH,CN1C(=O)C=Nc2ccc(cc12)N(=O)=O
WAXTOI,CCOCN1c2ccc(cc2C2=C1C(=O)N(Cc1ccccc21)C(=O)OC(C)(C)C)N(=O)=O
XAMFEA,Cc1cccc(Nc2c(cc(cc2N(=O)=O)N(=O)=O)N(=O)=O)c1
XAMFEA01,Cc1cccc(Nc2c(cc(cc2N(=O)=O)N(=O)=O)N(=O)=O)c1
XAMFEA02,Cc1cccc(Nc2c(cc(cc2N(=O)=O)N(=O)=O)N(=O)=O)c1
XAPSEQ,O=N(=O)c1ccc(cc1)c1nc2cc(ccc2nc1c1ccccc1)N(=O)=O
XAPSOA,O=N(=O)c1ccc2nc(c3ccccc3)c(nc2c1)c1ccc2ccccc2c1
XAPTAN,O=N(=O)c1ccc(cc1)c1nc2ccc(cc2nc1c1ccccc1)N(=O)=O
XAPTER,O=N(=O)c1ccc2nc(c3ccc4ccccc4c3)c(nc2c1)c1ccccc1
XATBED,Cc1ccc(cc1)[C@H]([C@@H](c1cc(c(c(c1)C(C)(C)C)O)C(C)(C)C)c1ccccc1)C(=O)Oc1ccc(cc1)N(=O)=O
XAWCEH,C[C@@H]1[C@@H](C[C@H]2C[C@@H]1C2(C)C)N(C(=O)c1ccc(cc1)N(=O)=O)[C@@H](c1ccccc1)C
XAWDAE,C[C@H]1[C@H](C[C@H]2C[C@@H]1C2(C)C)N(C(=O)c1ccc(cc1)N(=O)=O)[C@H](c1ccccc1)C
XAWGUB,OCCN1c2ccc3-c4c(C(=O)c3c2C([C@]21C=Cc1c(O2)ccc(c1)N(=O)=O)(C)C)cccc4
YANFOM,CCC[C@@H]([C@@H](CCC)C#N)NC(=O)c1ccc(cc1)N(=O)=O
YAPBIE,Oc1ccc(cc1)[C@H]1N(Nc2ccc(cc2)N(=O)=O)C(=O)[C@H]2N1c1ccccc1C2
YARQUH,COc1ccc(cc1)N1c2ccccc2[C@H]([C@@H]1c1ccccc1)C(=C)c1ccc(cc1)N(=O)=O
YAXWIH,O=N(=O)c1ccc(cc1)/C=C/C(=O)c1ccccc1N(=O)=O
YAXWON,O=C(c1ccccc1N(=O)=O)/C=C/c1ccccc1N(=O)=O
YAXWUT,O=N(=O)c1cccc(c1)/C=C/C(=O)c1ccccc1N(=O)=O
YUNXOU01,O=N(=O)c1ccc(CCc2ccc(cc2)N(=O)=O)cc1
ZAKREM,C=C1CC[C@H]2N([C@@]2(CC[C@@H]2[C@@H]1CC2(C)C)C)c1ccc(cc1)N(=O)=O
ZAKVEQ,O=N(=O)c1c(ccc2cccnc12)N1c2ccccc2c2ccccc12
ZAKVOA,Cc1ccc2c(ccc(c2n1)C(C)(C)C)N(=O)=O
ZAMLEI,O=N(=O)[C@@H]1C[C@@]2(C(=O)[C@@]1(O)c1ccccc1C2=O)Cc1ccccc1
ZAMLIM,O=N(=O)[C@@H]1C[C@@]2(C(=O)[C@@]1(O)c1ccccc1C2=O)Cc1ccc(cc1)N(=O)=O
ZAMLOS,CC[C@]1(C[C@]2(C(=O)[C@]1(O)c1ccccc1C2=O)Cc1ccccc1)N(=O)=O
ZAPPEP,O=C1Oc2ccccc2C2=C1C(=C(NC1CCCCC1)O2)c1ccccc1N(=O)=O
ZASCOP,O=CC[C@@H](c1ccc(cc1)N(=O)=O)CC=C1CCCCC1
ZATFAF,O=N(=O)C(C1=NC(=NO1)/N=N/C1=NOC(=N1)C(N(=O)=O)(N(=O)=O)N(=O)=O)(N(=O)=O)N(=O)=O
ABAFAO,COc1ccccc1[C@H]([C@@]1(C(=NN(C1=O)c1ccccc1)C)[C@]1(C(=NN(C1=O)c1ccccc1)C)[C@@H](c1ccccc1OC)CN(=O)=O)CN(=O)=O
ABAGIV,C/C(=N\Nc1ccccc1C)/c1cccc(c1)N(=O)=O
ABAHIW,CC(C)OC(=O)c1ccc(cc1)N(=O)=O
ABANAU,COC(=O)C(c1ccc(cc1N(=O)=O)N(=O)=O)c1ccc(cc1N(=O)=O)N(=O)=O
ABATOP,CN(C)c1ccc(cc1)C(=C(C#N)C#N)C(c1ccc(cc1)N(=O)=O)=C1C(=O)c2ccccc2C1=O
ABAVEG,O/N=C/c1cc(cc(c1O)N(=O)=O)C(C)(C)C
ABAWEH,O/N=C/c1cc(cc(c1O)N(=O)=O)C(CC(C)(C)C)(C)C
ABENAX,COC(=O)c1cc(cc(c1O)N(=O)=O)N(=O)=O
ABENUQ,OC[C@H]1O[C@@H]([C@H]([C@@H]1O)O)N1C=CN=C1N(=O)=O
ABEPON,CCN1c2ccc(cc2c2cc(C)cc(c12)N(=O)=O)N(=O)=O
ABEQAD,Cc1ccc(cc1)C1=C(C(=O)Oc2ccccc12)N(=O)=O
ABEQIK,O=C(N1[C@H]2CCCC[C@@]1(C2)c1ccccc1c1ccc(cc1)N(=O)=O)c1ccccn1
ABEQOR,COc1ccc2OC(=O)C(=C(c3ccccc3)c2c1)N(=O)=O
ABICUJ,C[C@@H]1[C@H](CCc2ccccc2)O[C@@H]([C@H]1OC(=O)c1cc(cc(c1)N(=O)=O)N(=O)=O)COC(=O)c1cc(cc(c1)N(=O)=O)N(=O)=O
ABIGUQ,COC(=O)/C(=C/C)/NC(=O)c1cc(cc(c1)N(=O)=O)N(=O)=O
ABIHAX,CC(/C=C(/C(=O)N(C)C)\NC(=O)c1cc(cc(c1)N(=O)=O)N(=O)=O)C
ABITOX,CCOC(=O)C([C@@H]1C(=O)N(C[C@H]1[C@@H](c1cccc(c1)N(=O)=O)ON1N=Nc2c1cccc2)CC1CCCCC1)C(=O)OCC
ABOFIH,COc1ccc(cc1[C@H]1N(O[C@H]([C@@H]1N(=O)=O)c1ccccc1)c1ccccc1)C(C)(C)C
ABOFON,COc1ccc(cc1[C@H]1N(O[C@H]([C@@H]1N(=O)=O)c1ccccc1OC)c1ccccc1)C(CC)(C)C
ABORIS,CC([C@H]1CC[C@@]23[C@]1(C)C[C@@H](O2)CC/C/3=N\Nc1ccc(cc1N(=O)=O)N(=O)=O)C
ABOVUM,COC(=O)C1=C(C)NC(=O)N[C@@H]1c1ccc(cc1)N(=O)=O
ABOVUM01,COC(=O)C1=C(C)NC(=O)N[C@H]1c1ccc(cc1)N(=O)=O
ABUCEJ,Cc1cccc(Oc2ccccc2N(=O)=O)c1Oc1ccccc1N(=O)=O
ABURIY,O=C(c1ccc(cc1)N(=O)=O)OC[C@@H]1/C=C/C/C=C\CC/C=C/CC1
ABUSIC,COc1ccc(CN2c3ccc(cc3C(=O)C(=C2c2ccc(C)cc2)c2cc(C)cc(C)c2)N(=O)=O)cc1
ABUVOJ,CCN(c1ccc(c(c1)O)/C=N/c1ccc(cc1)N(=O)=O)CC
ACALAR,O=C(Nc1ccccc1)c1ccc(cc1)N(=O)=O
ACALEV,Cc1cccc(C)c1NC(=O)c1ccc(cc1)N(=O)=O
ACALIZ,CCc1cccc(CC)c1NC(=O)c1ccc(cc1)N(=O)=O
ACALOF,CC(C)c1cccc(C(C)C)c1NC(=O)c1ccc(cc1)N(=O)=O
ACALUL,CC(C)(C)c1ccc(cc1)C(=O)Nc1ccc(cc1)N(=O)=O
ACAMEW,Cc1cc(cc(C)c1NC(=O)c1ccc(cc1)C(C)(C)C)N(=O)=O
ACAMIA,CCc1cc(cc(CC)c1NC(=O)c1ccc(cc1)C(C)(C)C)N(=O)=O
ACANIB,CC(C)c1cc(cc(C(C)C)c1NC(=O)c1ccc(cc1)N(C)C)N(=O)=O
ACEDOE,COc1c2OCCOc2ccc1N(=O)=O
ACEMUR,O=N(=O)c1cc(ccc1N/N=C/c1ccc2c(c1)OCO2)N(=O)=O
ACENUS,O=N(=O)c1ccc(cc1)O[C@H]1CCCCO1
ACEREG,CC1=CC(=O)N(CC(=O)c2cccc(c2)N(=O)=O)C2=C1CCCC2
ACERIK,O=N(=O)c1ccc(cc1)N/N=C/c1ccccc1N(=O)=O
ACERIK01,O=N(=O)c1ccc(cc1)N/N=C/c1ccccc1N(=O)=O
ACETUA,CC(C)Oc1c(OC(C)=O)c(ccc1N(=O)=O)C(O)=O
ACEZAK,Cc1cccc(C)c1NC(=O)CN1CCN(CC1)CC1=NC(=NO1)c1ccc(cc1)N(=O)=O
ACIDAR,O=N(=O)c1ccccc1N/N=C/1\C=CC(=O)c2c1cccc2
ACISAI,O=N(=O)C1=CN(Cc2ccc(CN3C=C(C=N3)N(=O)=O)cc2)N=C1
ACISAI01,O=N(=O)C1=CN(Cc2ccc(CN3C=C(C=N3)N(=O)=O)cc2)N=C1
ACNFRL,CC(=O)O[C@]1(C=C[C@@H](O1)N(=O)=O)C(OC(=O)C)OC(=O)C
ACNPHY,CC(C)=NNc1ccc(cc1)N(=O)=O
ACNPHY01,CC(C)=NNc1ccc(cc1)N(=O)=O
ACNTBP,CC(=O)c1ccc(cc1)c1ccccc1N(=O)=O
ACOFOQ,CCCCCOc1cc(C#C)c(cc1OCCCCC)N(=O)=O
ACOTIY,CCCCOc1cc(C#C)c(cc1OCCCC)N(=O)=O
ACOWIY,O=N(=O)C1(CNC1)N(=O)=O
ACOWOE,O=CN1CC(C1)(N(=O)=O)N(=O)=O
ACOWUK,O=C(N1CC(C1)(N(=O)=O)N(=O)=O)N1CC(C1)(N(=O)=O)N(=O)=O
ACUMET,CNc1c2CCCCCCCCc1cc(c2)N(=O)=O
ACUNAO,CCCc1c2Oc3cc(Oc4cccc(Oc5cc(Oc1ccc2)c(cc5N(=O)=O)N(=O)=O)c4CCC)c(cc3N(=O)=O)N(=O)=O
ACUPEV,COc1ccc(cc1)/C=C/1\OC(=Nc2c1cccc2)c1ccc(cc1)N(=O)=O
ADACIT,C=C[C@]1(COC([C@@]1([C@@H](CC#CC)OC(c2ccc(N(=O)=O)cc2)=O)O)=O)C
ADADUG,Cc1cc(cc2c1/C(=C/1\C3=CC=CN3c3c1cccc3)/CCC2)N(=O)=O
ADAMEY,O=C1N(c2ccccc2)N(C(=C1/N=C/c1ccccc1N(=O)=O)C)C
ADAMIB,COc1ccc(c(c1)[C@@]1(CCN(C1)C)C(=O)O[C@H]1CCCC[C@@H]1c1ccccc1)N(=O)=O
ADANID,O=C1c2ccccc2C(CCCC2(c3ccccc3C(=O)c3ccccc23)N(=O)=O)(c2ccccc12)N(=O)=O
ADAVIL,CCOc1ccc(cc1)/N=C/C=C/c1ccccc1N(=O)=O
ADAXIN,Cc1cccc(C(=O)Nc2ccccc2NC(=O)c2cccc(C)c2N(=O)=O)c1N(=O)=O
ADEQIK,O=C1c2ccccc2C(CCCCC2(c3ccccc3C(=O)c3ccccc23)N(=O)=O)(c2ccccc12)N(=O)=O
ADEWEM,C/C(=N\Nc1c(cc(cc1N(=O)=O)N(=O)=O)N(=O)=O)/c1ccccc1
ADEWOW,Oc1ccc(cc1/C=N/NC(=O)c1ccccc1O)N(=O)=O
ADEZUF,OCC(CO)N(=O)=O
ADIDUN,CCC1=NN(C)C(=C1N(=O)=O)C(=O)N1C=Nc2ccccc12
ADIFEA,COC(=O)C1=C(N=NN1Cc1ccccc1)c1c(cccc1N(=O)=O)c1ccccc1
ADINAE,C[C@@H](C/C(=C\OC(=O)c1ccc(cc1)N(=O)=O)/C)/C=C/C(=O)N1C(=O)OC[C@@H]1Cc1ccccc1
ADINIL,CCCc1c2Oc3cc(Oc4cccc(Oc5cc(Oc1ccc2)c(cc5N(=O)=O)N(=O)=O)c4CCC)c(cc3N(=O)=O)N(=O)=O
ADIPEJ,COc1c(O)cccc1N(=O)=O
ADOGUX,CNC(=O)[C@@H]1CCCN1C(=O)c1ccccc1NC(=O)c1ccccc1N(=O)=O
ADOHAE,O=C([C@@H]1CCCN1C(=O)c1ccccc1NC(=O)c1ccccc1N(=O)=O)NC(C)(C)C
ADOKUZ,O=N(=O)c1cc(ccc1N/N=C(\[C@@H](c1ccccc1)O)/c1ccccc1)N(=O)=O
ADOLEK,O=N(=O)c1ccc(NN=C2CCCCCCC2)c(c1)N(=O)=O
ADOMAK,O=C(N1CCc2cc(ccc12)N(=O)=O)c1ccccc1
ADOWUO,O=N(=O)NC1=NC(=NN1)C(N(=O)=O)(N(=O)=O)N(=O)=O
ADOXID,CN1C=C(C)C(=N1)N(=O)=O
ADUKAL,COC(=O)Cc1c(OC)c(cc2c1Oc1c(CN3C(=O)c4ccccc4C3=O)c(OC)c(cc1C2(C)C)c1ccc(C=O)cc1)c1cccc(c1)N(=O)=O
ADUSAV,CCOC(=O)[C@]12CCC[N@]1[C@H]([C@H]([C@@H]2c1ccc(cc1)C)N(=O)=O)/C=C/c1ccccc1OC
AFAZUD,O=N(=O)[C@]12C[C@@H]3[C@](C1)(C[C@H]2C3)N(=O)=O
AFEPUX,NC(N)=Nc1c(cc(cc1N(=O)=O)N(=O)=O)N(=O)=O
AFEQEK,CC(C)(C)c1cc(Nc2c(cc(cc2N(=O)=O)N(=O)=O)N(=O)=O)cc(c1O)C(C)(C)C
AFEXEP,CCC(=O)Nc1ccc(cc1)N(=O)=O
AFIBEZ,CC1=NN(C(=O)/C/1=N\Nc1cc(ccc1O)N(=O)=O)c1ccccc1
AFIFUS,CN1C[C@]2([C@@H]([C@@]31C(=O)Nc1c3cccc1)c1ccccc1O[C@@H]2c1cccc2c1cccc2)N(=O)=O
AFISEP,CC(Cc1ccc(cc1)[C@@H](C(=O)N/N=C(/c1cccc(c1)N(=O)=O)\C)C)C
AFIYAQ,COc1ccc(cc1)[C@@H]1C(=CN(C=C([C@H]1c1ccc(cc1)N(=O)=O)C)c1c(C)cc(cc1C)O)OC(=O)C(C)(C)C
AFOMAL,O=N(=O)c1cc(ccc1/C=N/N(c1ccccc1)c1ccccc1)N(=O)=O
AFONEQ,COc1ccc(cc1)[C@H]1Oc2ccccc2[C@H]2[C@]1(N(=O)=O)[C@@H]1CCCC[N@]1[C@]12C(=O)Nc2c1cccc2
AFONOA,Nc1ccc(cc1/N=C/c1ccncc1)N(=O)=O
AFONOA01,Nc1ccc(cc1/N=C/c1ccncc1)N(=O)=O
AFOPUI,Oc1ccc(cc1/C=N/c1cccc(c1C)N(=O)=O)N(=O)=O
AFUGEP,O=N(=O)C1=NON=C1C1=NON=C1C1=NON=C1N(=O)=O
AFUGEP01,O=N(=O)C1=NON=C1C1=NON=C1C1=NON=C1N(=O)=O
AFUSEB,COc1cc(OC)c(cc1/C=N/Nc1ccc(cc1N(=O)=O)N(=O)=O)OC
AFUTIH,O=N(=O)c1ccc(cc1)C1=C(N(Cc2ccccc2)c2nc3ccccc3nc12)c1ccccc1
AFUTON,O=N(=O)c1ccc(cc1)C1=C(N(Cc2ccccc2)c2nc3ccccc3nc12)c1ccccc1
AGAFOF,O=N(=O)C1=C(NCc2ccccc2)C(=C(N(Cc2ccccc2)Cc2ccccc2)C2=NON=C12)N(=O)=O
AGAFUL,O=N(=O)C1=C(N(Cc2ccccc2)Cc2ccccc2)C2=NO[N+](=C2C(=C1N(Cc1ccccc1)Cc1ccccc1)N(=O)=O)[O-]
AGAXEN,N#CC1=C(C)/C(=C/c2ccc(cc2)N(=O)=O)/NC1=O
AGAXOX,O=C1N(CC#C)c2ccc(cc2N1CC#C)N(=O)=O
AGAXUD,O=N(=O)c1ccc(Cc2ccncc2)cc1
AGERUZ,CN1c2ccccc2[C@@]2(C1=O)OC(=N[C@@H]2c1ccc(cc1)N(=O)=O)c1ccccc1
AGESAG,Cc1ccc(cc1)C1=N[C@@H]([C@]2(O1)c1cccc3c1c(C2=O)ccc3)c1ccc(cc1)N(=O)=O
AGIKEI,CCOC(=O)[C@@]12[C@H](OC)CC(=O)C[C@@H]1Oc1c2cc(cc1)N(=O)=O
AGOBOQ,O=N(=O)/C(=C\C(c1ccccc1)c1ccccc1)/c1ccccc1
AGOKUE,O=N(=O)c1ccc(cc1)C1=CN(N=N1)C[C@@H]1COCc2c(O1)cccc2
AGUBOV,COc1ccc2c(c1)[C@](CC)(C[C@H](N2)c1ccc(cc1)N(=O)=O)c1ccccc1O
AGUNUN,CCO[C@@H](N1N=Cc2c1cccc2N(=O)=O)C
AGUQOI,C=C[C@@H]([C@@](c1cccc2c1cccc2)(OC(=O)c1ccc(cc1)N(=O)=O)C)C
AGUQUO,C=C[C@@H]([C@@](OC(=O)c1ccc(cc1)N(=O)=O)(COC(=O)c1ccc(cc1)N(=O)=O)C)c1ccccc1
AHACIX,Nc1ncc(c(n1)c1ccccc1)N(=O)=O
AHADOE,COC=1C=C(C=CC1)[C@@H](CC(=O)C1=[N+](C=CC=C1)[O-])C[N+](=O)[O-]
AHEBAT,CCOC(=O)[C@]12CCC[C@]2(Nc2ccc(cc2)C)Oc2c(N1)ccc(c2)N(=O)=O
AHEDOH,CC(=O)OC[C@H]1O[C@@H](Oc2cc(N(=O)=O)c(cc2O[C@@H]2O[C@H](COC(=O)C)[C@@H]([C@@H]([C@H]2OC(=O)C)OC(=O)C)OC(=O)C)N(=O)=O)[C@@H]([C@H]([C@H]1OC(=O)C)OC(=O)C)OC(=O)C
AHIBUO,Oc1ccccc1/C=N/[C@H](c1ccc(cc1)N(=O)=O)/N=C/c1ccccc1O
AHICUR,CC(C)=NN(c1ccccc1)c1ccccc1N(=O)=O
AHIDAY,Oc1ccccc1/C=N/N(c1ccccc1N(=O)=O)c1ccccc1
AHIDEC,O=N(=O)c1ccccc1N(c1ccccc1)/N=C/c1ccccc1
AHIDIG,CC(=O)N(N(c1ccccc1)c1ccccc1N(=O)=O)C(C)=O
AHIHIK,O=N(=O)CC[C@H]1O[C@H]2[C@@H]([C@@H]1CNC(=O)OCc1ccccc1)OC(O2)(C)C
AHILAG,O=N(=O)c1ccc(C2=NN=C(O2)c2cc(cc(c2)N(=O)=O)N(=O)=O)c(c1)N(=O)=O
AHIVEU,COc1ccc(c2c(OC)cccc12)N(=O)=O
AHOKEQ,OC1=C(COC1=O)c1cccc(c1)N(=O)=O
AHORUM,COC(=O)C1=C(ON=C1N(=O)=O)c1ccc(cc1)N(=O)=O
AHOVAX,CN1C[C@@H]2C[C@H](C1)C1=C(C=C(C(=O)N1C2)N(=O)=O)N(=O)=O
AHOVOI,C=C[C@@H]([C@@H]([C@H]([C@H]1OC(N([C@@H]1C)C(=O)C)(C)C)C)OC(=O)c1ccc(cc1)N(=O)=O)C
AHUHEQ,CCCCCCCCCCCCCCCCCCNc1ccc(cc1N(=O)=O)N(=O)=O
AHUXUX,CC1=NC(=CN1CC(=O)NCc1ccccc1)N(=O)=O
AJAKOO,O=C1c2cc(cc(c2c2c1cc(cc2N(=O)=O)C#N)N(=O)=O)C#N
AJAPUY,O=N(=O)c1cc2c3ccccc3N(Cc3ccccc3)c2c2ccccc12
AJAXAK,COC(=O)[C@@H]1C2=C(C(=O)N(C2=O)C)C2=C(c3c1c(ccc3)N(=O)=O)N(c1c2cccc1)C(=O)OC(C)(C)C
AJIMAJ,CCOC(=O)[C@@]1(C(=O)CCN1C(=O)OC(C)(C)C)[C@@H](c1ccc(cc1)OC)CN(=O)=O
AJIMAJ01,CCOC(=O)[C@@]1(C(=O)CCN1C(=O)OC(C)(C)C)[C@@H](c1ccc(cc1)OC)CN(=O)=O
AJITUL,O=C(c1cc(cc(c1)N(=O)=O)N(=O)=O)O[C@@]1(C)CC=C2[C@H](C1)CCc1c2cccc1
AJIYIE,NC1=NC(=NO1)CN1N=C(C(=C1N(=O)=O)N)N(=O)=O
AJIYOK,NC1=NC(=NO1)CN1N=C(C(=C1N(=O)=O)N(=O)=O)N(=O)=O
AJOCAG,O=N(=O)/N=C\1/ON=C(N1)CN1N=C(C(=C1N(=O)=O)N(=O)=O)N(=O)=O
AJONIZ,COC(=O)[C@]12NN=C([C@@H]2CN[C@@H]1C)c1ccccc1N(=O)=O
AJUQUS,CC(=O)C(Cc1ccc(cc1)N(=O)=O)(OOC(C)(C)C)C(C)=O
AKAVAK,O=N(=O)C[C@H](CC(=O)c1ccccc1)/C=C/c1ccccc1
AKEDUR,CN1C=C(C=C(C1=O)N(=O)=O)C(=O)c1ccccc1O
AKEFIH,CCN1N=Cc2cc(ccc12)N(=O)=O
AKENIO,COC(=O)c1ccc(NC2=CC(=NN2C(C)=O)C(C)(C)C)c(c1)N(=O)=O
AKEQIS,COc1ccc(CCNc2ccc(cc2N(=O)=O)N(=O)=O)cc1OC
AKIWAV,CN1C=CN(/C/1=N\N=N\c1ccc(cc1)N(=O)=O)C
AKOGAK,O=N(=O)C[C@H](C1=CNc2c1ccc(c2)C(C)C)c1ccccc1
AKOGEO,COc1ccc(cc1)C1=C([C@H](c2ccccc2)CN(=O)=O)c2c(N1)cccc2
AKOXUW,O=C1N(c2ccccc2)C(=O)[C@@H]2[C@H]1N(N=N2)CC1=NC(=NO1)c1ccc(cc1)N(=O)=O
AKOXUW01,O=C1N(c2ccccc2)C(=O)[C@@H]2[C@H]1N(N=N2)CC1=NC(=NO1)c1ccc(cc1)N(=O)=O
AKUFOD,O=C(OCc1ccc(cc1)N(=O)=O)C1=CC(=Cc2ccccc2N1)C(=O)OCc1ccc(cc1)N(=O)=O
AKUHUL,O=C[C@H]1C[C@]2(C)C(=O)CC[C@@]2([C@H]([C@@H]1c1ccccc1)N(=O)=O)O
AKUJAT,O=C[C@H]1C[C@]2(C)C(=O)CCC[C@@]2([C@H]([C@@H]1c1ccccc1)N(=O)=O)O
AKUJEX,O=C[C@H]1[C@H](c2ccccc2)[C@@H](N(=O)=O)[C@H]([C@]2([C@]1(O)CCC2=O)C)c1ccccc1
AKUPIG,O=N(=O)C([C@H]1OC(=N)c2c1cccc2)(C)C
AKUPOM,CC[C@@H](N(=O)=O)[C@@H]1NC(c2ccccc21)=O
AKUPUS,OC[C@@H]([C@@H]1NC(=O)c2c1cccc2)N(=O)=O
AKURAA,O=C(c1ccc(cc1)N(=O)=O)N[C@@H]1C[C@H](C1)NC(=O)OC(C)(C)C
AKUREE,O=C(c1ccc(cc1)N(=O)=O)N[C@@H]1C[C@]2(C1)C[C@H](C2)NC(=O)c1ccc(cc1)N(=O)=O
AKUVUX,CCC1=C(C#Cc2ccccc2)OC(=CC(=O)[C@H]([C@@H]1c1ccc(cc1)N(=O)=O)CC)c1ccccc1
AKUWAE,CCCC#CC1=C(CC)[C@H](c2ccc(cc2)N(=O)=O)[C@H](C(=O)C=C(O1)CCC)CC
AKUZAI,O=C[C@@](N(C(=O)OC(C)(C)C)NC(=O)OC(C)(C)C)([C@@H](c1ccccc1)CN(=O)=O)C
ALACIA,COc1ncc(c2ccccc2)c2c1cccc2N(=O)=O
ALADAT,C[C@@H]1c2cc(c(cc2OCCNc2ccccc2N(=O)=O)OCCNc2ccccc2N(=O)=O)[C@H](C)c2cc(c(cc2OCCNc2ccccc2N(=O)=O)OCCNc2ccccc2N(=O)=O)[C@@H](c2cc([C@@H](c3cc1c(OCCNc1ccccc1N(=O)=O)cc3OCCNc1ccccc1N(=O)=O)C)c(OCCNc1ccccc1N(=O)=O)cc2OCCNc1ccccc1N(=O)=O)C
ALASOV,CC(=CCC[C@@]([C@H](OC(=O)c1ccc(cc1)N(=O)=O)COC(=O)c1ccc(cc1)N(=O)=O)(C#CCOC(=O)c1ccc(cc1)N(=O)=O)C)C
ALECAW,O=C1O[C@]23C[C@@H]4CC[C@@]3([C@]3(C1)CC(C)(C)CC[C@H]3O2)[C@H](C4)N(=O)=O
ALEDIF,C=CC[C@@]1(C)C(=O)Oc2c([C@@H]1c1ccc(cc1)N(=O)=O)c(OC)c(c(c2)OC)OC
ALINEQ,CCOC(=O)C1=C(C)OC(=C([C@]21C(=O)Nc1c2cc(cc1)N(=O)=O)C#N)N
ALOFUE,O=N(=O)C[C@H](C1=COc2c(C1=O)ccc(c2)OCc1ccccc1)O
ALOTUS,CCOC(=O)C(CC=C)(CC=C)C(=O)c1ccc(cc1)N(=O)=O
ALUJUO,O=N(=O)c1ccc(cc1)/N=N/C1=C2C=C(N1)C(C)(C)C1=CC=C(N1)C(C)(C)C1=CC=C(C(C3=CC=C(C2(C)C)N3)(C)C)N1
ALUKOJ,O=C(Nc1ccccc1)C1=Cc2cccc(c2N1)N(=O)=O
ALULOL,N#C[C@H]1CN(C[C@H]1OC(=O)c1ccc(cc1)N(=O)=O)C(=O)OC(C)(C)C
ALUSOS,N#C[C@@H]1CN(C[C@@H]1OC(=O)c1ccc(cc1)N(=O)=O)C(=O)OC(C)(C)C
ALUTEJ,Cc1c(cc(cc1C(C)(C)C)N(=O)=O)N(=O)=O
ALUZUE,COc1cc(O)c2C(=O)OCc3cc(ccc3c2c1)N(=O)=O
AMEGAD,O=CNNc1ccc(cc1N(=O)=O)N(=O)=O
AMEVOF,CCCCCCNC(=O)Nc1ccc(cc1)N(=O)=O
AMNBOZ,CC(=O)N1OCCc2c([C@H]1C)cc(cc2)N(=O)=O
AMNIFL,Nc1ccc2c(Cc3cc(ccc23)N(=O)=O)c1
AMNPHA,Nc1ccc(cc1O)N(=O)=O
AMNTPY,Nc1ncccc1N(=O)=O
AMNTPY01,Nc1ncccc1N(=O)=O
AMNTPY02,Nc1ncccc1N(=O)=O
AMOLIZ,CC1(C)O[C@H]2O[C@@H]([C@@H]1CC2(C)C)c1ccc(cc1)N(=O)=O
ANEJAG,O=C(N1CCNCC1)c1ccc(cc1)N(=O)=O
ANEMEN,CC1=C(C(=O)C)[C@H](C(=C(N1)C)C(=O)C)c1ccc(cc1)N(=O)=O
ANEVAS,COC(C1=C[C@H](c2ccccc2)[C@@](C#CCOCc3ccccc3)(N(=O)=O)[C@]14C(N(C)c5ccccc54)=O)=O
ANISOH,O=C(Nc1c(ccc2cccnc12)N(=O)=O)C1=CC=CO1
ANISUN,CC(=O)Nc1c(ccc2cccnc12)N(=O)=O
ANITAU,CC(C)(C)C(=O)Nc1ccc(c2cccnc12)N(=O)=O
ANOQUR,N#C[C@H](c1ccccc1N(=O)=O)CC1=CCCCC1=O
ANORIF,COc1cccc2c1OC(=O)[C@@H]([C@@H]2CN(=O)=O)C
ANOSAY,COC(=O)c1ccc2c(c1)N[C@H](c1cccc(c1)N(=O)=O)c1c3N2CCc3ccc1
ANOXUX,O=C([C@H](c1ccccc1N(=O)=O)O)NC1CCCCC1
ANUCUJ,CCN(c1ccc(cc1)/C=C(/c1ccc(cc1)N(=O)=O)\C#N)CC
ANUDAQ,CCOc1cc(ccc1/C=C(/c1ccc(cc1)N(=O)=O)\C#N)N(CC)CC
ANUDEU,CCN(c1ccc(c(c1)OCc1ccccc1)/C=C(/c1ccc(cc1)N(=O)=O)\C#N)CC
ANUDIY,CCN(c1ccc(c(c1)OC)/C=C(/c1ccc(cc1)N(=O)=O)\C#N)CC
ANUKOK,O=N(=O)c1cc(c2Oc3cc4ccccc4cc3Oc3cc(Oc4cc5ccccc5cc4Oc1c2)c(cc3N(=O)=O)N(=O)=O)N(=O)=O
ANUXUD,C[C@H]1CC2=C[C@@H](C[C@@]2([C@H]2C3=C([C@H](CC[C@H]13)C)C(=O)O2)C)OC(=O)c1ccc(cc1)N(=O)=O
AOMOQU,COc1cc(c2ncccc2c1OC(C)=O)N(=O)=O
AOXLPY,CO[C@@H]1OC[C@H]([C@]([C@H]1OC(=O)C)(C)N(=O)=O)OC(=O)C
APACIF,CCOC(=O)[C@]1(Cc2ccccc2N([C@H]1c1ccccc1)C)N(=O)=O
APAKUZ,Oc1c2C(=O)c3ccccc3C(=O)c2c(O)c(c1N(=O)=O)N(=O)=O
APALOU,CC(=O)N1N=Cc2cc(ccc12)N(=O)=O
APENIU,O=N(=O)C1=NN(NC2=NN3C=NN=C3N=N2)C=N1
APEQIY,NC1=C(N(N=C1N(=O)=O)c1c(cc(cc1N(=O)=O)N(=O)=O)N(=O)=O)N(=O)=O
APERIX,COc1ccc2c(c1)[C@H](C[C@H](N2)c1ccc(cc1)N(=O)=O)C1=Cc2c(N1)cccc2
APEYAY,CC(C)(C)C(=O)Oc1ccc(c(C=O)c1)N(=O)=O
APILUI,CCN(c1ccc2c(c1)Oc1c(C32N(/N=C/c2cc(/N=N/c4ccc(cc4)N(=O)=O)ccc2O)C(=O)c2c3cccc2)ccc(c1)N(CC)CC)CC
APIWOM,O=N(=O)c1ccc(cc1)N1CCOCCOCCOCCOCC1
APOREE,CCOC(=O)/C(=C(/C(=O)c1ccc2c(c1)cccc2)\N1CCCCC1)/N(=O)=O
APOXAG,O=N(=O)c1ccc2c(c1)[C@H]1OC=C([C@H]1O2)c1ccccc1
APOYOU,OCC1(CO)CO[C@H](N1)c1cccc(c1)N(=O)=O
APOYUA,OCC(/N=C/c1cccc(c1)N(=O)=O)(CO)C
APOZAH,CC(=O)OCC(/N=C/c1ccc(cc1)N(=O)=O)(COC(=O)C)COC(=O)C
APUCOE,CC(=O)O/C(=C\c1ccc(cc1)N(=O)=O)/C(=C(C)C)C
APUHAV,COC(=O)[C@@]1(C[C@H]2N(C1=O)[C@@H](OC2)c1ccccc1)c1ccc(cc1N(=O)=O)N(=O)=O
APUMIJ,CCCCNc1cc(c(C)c[n+]1[O-])N(=O)=O
APUTUA,CO[C@@H]1C[C@H]2N([C@]1(CO)[C@H]([C@@H]2N(=O)=O)C(=O)OC)C(=O)OC(C)(C)C
APUVAI,CO[C@@H]1C[C@H]2N([C@]1(CO)[C@H]([C@@H]2C(=O)OC)N(=O)=O)C(=O)OC(C)(C)C
APUZUH,CNc1ccc(cc1OCCOCCO)N(=O)=O
AQABOM,O=N(=O)c1cc(ccc1N/N=C/C[C@@H]1Cc2ccccc2-c2c1cccc2)N(=O)=O
AQAFEF,CCOC(=O)C1=C(c2cccc(c2)N(=O)=O)C(=NN1)C(=O)c1ccccc1
AQAWUN,O=C(c1ccc(cc1)N(=O)=O)N/N=C(/c1ccccc1)\C
AQECII,O=C(c1ccc(cc1)N(=O)=O)OCC[C@@H]1C(=O)O[C@@]2([C@H]1CC2)C
AQEGUB,O=C1N(Cc2ccccc2)C(=O)c2ccc(c3cccc1c23)N(=O)=O
AQEKOY,COC(=O)CCN(c1ccc(c(c1)NC(=O)C)/N=N/c1ccc(cc1N(=O)=O)N(=O)=O)CCC(=O)OC
AQELAM,CN1C(=O)C(=Cc2c1cccc2N(=O)=O)Nc1ccc(C)cc1
AQEYUS,N#C/C(=C\c1ccc(cc1)N(c1ccc(cc1)/C=C(/c1ccc(cc1)N(=O)=O)\C#N)c1ccccc1)/c1ccc(cc1)N(=O)=O
AQIFAK,O=C(c1cc(cc(c1)N(=O)=O)N(=O)=O)O[C@@H]1CC[N@]2[C@H]1CC[C@@H](CC2)c1ccccc1
AQILES,O=N(=O)c1ccc(Nc2ccccn2)c(c1)N(=O)=O
AQILIW,O=N(=O)c1cc(ccc1Nc1ccc(cc1)/N=N/c1ccccc1)N(=O)=O
AQOMUR,CC(c1c(OCC2=CN(N=N2)c2ccc(cc2)N(=O)=O)ccc2c1CC[C@@H]1[C@]2(C)CCCC1(C)C)C
AQOYIR,COc1c(C)ccc2c1[C@H](OC(=O)c1ccc(cc1)N(=O)=O)C2(C)C
AQUGUR,O=C(c1ccc(cc1)N(=O)=O)O[C@@H]1c2ccccc2C1(C)C
AQURUB,CC1=CN2C=C(C=CC2=N1)N(=O)=O
ARAXUP,CCOC(=O)[C@]1(CC[C@]2(N[C@]1(C)OO2)C)Cc1ccc(cc1)N(=O)=O
ARAYAW,CCOC(=O)[C@]1(CC[C@@]2(N[C@@]1(C)OO2)C)Cc1ccc(cc1)N(=O)=O
AREFIO,C[C@@]1(O[C@@H]1c1ccccc1)N(=O)=O
AREFOU,O=N(=O)[C@]1(O[C@@H]1c1ccccc1)c1ccccc1
AREJEO,O/N=C/1\[C@@H](CCc2c1cccc2)N(=O)=O
AREWUR,CC(=O)Oc1ccc(cc1)/C=C/C(=N\c1c(C)cccc1C)/c1ccccc1N(=O)=O
ARIFUD,CC1=NC=C(N1CCCO)N(=O)=O
AROBAL,C=C1[C@@H](C[C@@H]2C[C@H]1C2(C)C)[C@H](C(C)(C)C)OC(=O)c1cc(cc(c1)N(=O)=O)N(=O)=O
AROCOC,Cc1ccc(NC(=O)CN2C(=O)C(=Nc3ccccc23)C)c(c1)N(=O)=O
ARUBEU,CC(C)(C)C1=NN(C(=C1)N)c1ccc(cc1)N(=O)=O
ARUBNT10,CO[C@H]1[C@@H](C)O[C@H](C[C@]1(C)N(=O)=O)OC(=O)C
ARUCOI,CC1=CNC(=C1C)c1cc(cc(c1O)C1=C(C)C(=CN1)C)N(=O)=O
ARUVEO,OC(=O)CCCCN(c1ccc(cc1)/N=N/c1ccc(cc1)N(=O)=O)C
ASALIS,N#C[C@@]1([C@@H](CC(=O)c2ccccc2)c2ccccc2N[C@@H]1c1ccc(cc1)N(=O)=O)C(=O)c1ccccc1
ASARAQ,N#C[C@]1([C@@H](CC(=O)c2ccccc2)c2ccccc2N[C@H]1c1ccc(cc1)N(=O)=O)C(=O)c1ccccc1
ASAXIC,Oc1c(cccc1N(=O)=O)C(=O)N=[N+]=[N-]
ASAYEZ,Oc1c(cccc1N(=O)=O)N1C(=O)Oc2c(cccc2N(=O)=O)C1=O
ASAYID,Oc1c(NC(=O)c2cccc(c2O)N(=O)=O)cccc1N(=O)=O
ASELAO,COC(=O)c1c(O)ccc(O)c1N(=O)=O
ASEYEC,OC[C@H]1CCCN1c1ccc(cc1NC(=O)C)N(=O)=O
ASEYIG,OC(=O)[C@@H]1CCCN1c1ccc(cn1)N(=O)=O
ASIMUL,CC(=O)O[C@@H]1C[C@@H](OC(=O)c2ccc(cc2)N(=O)=O)[C@]2([C@@H](C1)O2)C
ASOLAY,O=C(CN=C(c1ccccc1)c1ccccc1)Nc1ccccc1N(=O)=O
ASOREG,O=C1CC[C@]21OC(O[C@H]2c1ccc(cc1)N(=O)=O)(C)C
ASOVOU,CC(=O)/C(=C/c1ccccc1N(=O)=O)/CN1CCN(CC1)C/C(=C\c1ccccc1N(=O)=O)/C(=O)C
ASUBOI,COc1ccc2c(c1N(=O)=O)Oc1c([C@@]32OC(=O)c2c3cccc2)ccc(c1N(=O)=O)O
ASUCID,NC1=NC2=C(N=NN2N=C1N=[N+]=[N-])N(=O)=O
ASUDEA,NC1=NC2=C(N=NN2N=C1C#N)N(=O)=O
ASUDIE,COC1=NN2N=NC(=C2N=C1N)N(=O)=O
ASUJII,CCOC(=O)C(=C)[C@@H]1[C@@H](c2ccccc2)[C@H]([C@H]([C@@H]1C(=O)c1ccc(cc1)N(=O)=O)c1ccccc1)C(=O)c1ccc(cc1)N(=O)=O
ASULAC,COC(=O)C1(CC2=C3C(=C(c4ccc(cc4)N(=O)=O)C(=O)[C@H](C3=C(O2)c2ccccc2)c2ccccc2)C1)C(=O)OC
ASUMAC,O=C1CCC=C1[C@H](c1ccc(cc1)N(=O)=O)O
ASUNOU,O=C(c1ccc(cc1)N(=O)=O)O[C@@H]1C[C@]23C[C@@H](C1=C)C([C@@H]3CC[C@H]2C)(C)C
ASUYUI,O=C(c1ccc(cc1)N(=O)=O)O[C@H]1C=CC[C@H](C1(C)C)CC=C(C)C
ATAMOZ,CC(=O)C(C)(C)OC(=O)OCc1ccc(cc1)N(=O)=O
ATAVAT,O=C(c1ccc(cc1)N(=O)=O)O[C@H]([C@@H]1O[C@@H](C[C@H]2[C@H]1CCCC2)c1ccccc1)c1ccccc1
ATAWIC,O=N(=O)[C@H]1CCCC[C@]1(O)C(=O)C
ATAWIC01,O=N(=O)[C@@H]1CCCC[C@@]1(O)C(=O)C
ATEJUH,O=C1C=C[C@]2(C=C1)O/C(=N\c1ccc(cc1)N(=O)=O)/N(C2)C
ATEKOC,O=C1C=C[C@]2(C=C1)CN(C(=O)N2c1ccc(cc1)N(=O)=O)C
ATESEA,Nc1ccccc1Nc1ncccc1N(=O)=O
ATIPAX,O=N(=O)c1cccc(c1)C1=NNC(=N1)c1ccccc1
ATIXOQ,O=N(=O)c1c2ccccc2c2ccc3cccc4ccc1c2c34
ATIYUZ,CCOC(=O)C(C(=O)OCC)c1ccnc(N)c1N(=O)=O
ATIZAG,CCOC(=O)C(C(=O)OCC)c1cc(N)ncc1N(=O)=O
ATOPOP,Cc1cccc(c1/N=C/c1ccc(cc1)N(=O)=O)C
ATUJIK,O=N(=O)C1=CC=C(NCCN2CCOCC2)C2=NON=C12
ATUSAL,O=N(=O)c1ccc(cc1)N(c1ccccc1)c1ccc(cc1)c1cc(nc(c1)c1ccccn1)c1ccccn1
ATUSEP,CCOc1ccc(cc1)N(c1ccc(cc1)c1cc(nc(c1)c1ccccn1)c1ccccn1)c1ccc(cc1)N(=O)=O
ATUTUE,COC(=O)c1cc(ccc1NC(C)=O)N(=O)=O
ATYRAN,CC(=O)N[C@H](C(=O)Nc1ccc(cc1)N(=O)=O)Cc1ccc(cc1)O
AVALEQ,O=C1C=CN2[C@@H]([C@H]1C)C=Cc1c2cccc1N(=O)=O
AVOJUR,CC(=O)Nc1ccc(N)cc1N(=O)=O
AVOJUR01,CC(=O)Nc1ccc(N)cc1N(=O)=O
AVOJUR02,CC(=O)Nc1ccc(N)cc1N(=O)=O
AVOSUC,Nc1nnc(c(N)n1)N(=O)=O
AVOTAJ,Nc1nc(N)c(n[n+]1[O-])N(=O)=O
AVOTAJ01,Nc1nc(N)c(n[n+]1[O-])N(=O)=O
AVUCIG,CCCCCCOc1cc(C)cc(OCC(=O)Nc2ccc(cc2)N(=O)=O)c1
AVUQEQ,CN(c1ccccc1)c1cc(ccc1OC(=O)c1ccc(cc1)N(=O)=O)N1CCOCC1
AWADAG,O=N(=O)[C@@H]1[C@H](c2ccccc2)[C@@H](C)[C@H]([C@@H]2[C@H]1Oc1cc(C)ccc1C2=O)O
AWAXON,Cc1ccc(cc1)/C=C(/C(=O)c1ccccc1)\N1C(=Nc2c1ccc(c2)N(=O)=O)C
AWELUL,O=N(=O)C(C1=NON=C1/N=N/C1=NON=C1C(N(=O)=O)N(=O)=O)N(=O)=O
AWENIB02,Oc1ccc(cc1C(=O)Oc1ccccc1)N(=O)=O
AWENUM,O=C(OCCOC(=O)c1ccc(cc1)N(=O)=O)c1ccc(cc1)N(=O)=O
AWIZIR,O=N(=O)c1ccc(cc1)C(c1ccc(cc1)N(=O)=O)=C(c1ccccc1)c1ccccc1
AWIZIR01,O=N(=O)c1ccc(cc1)C(c1ccc(cc1)N(=O)=O)=C(c1ccccc1)c1ccccc1
AWIZUD,O=N(=O)c1ccc(cc1)C(c1ccccc1)=C(c1ccc(cc1)N(=O)=O)c1ccc(cc1)N(=O)=O
AWOBAR,O=N(=O)c1ccc(cc1)C(c1ccc(cc1)N(=O)=O)=C(c1ccc(cc1)N(=O)=O)c1ccc(cc1)N(=O)=O
AWUCOK,Cc1ccccc1/N=C/c1cccc(c1)N(=O)=O
AWUFIK,CCOC(C[C@@H]1CC(=C([C@H]([C@@H]1N(=O)=O)c1cc2OCOc2cc1C1OCCO1)C(=O)OC)OC(=O)c1ccccc1)OCC
AWUJIM,COc1ccc(cc1)/C=N/NC(=O)c1cccc(c1)N(=O)=O
AWULAG,COc1ccccc1/C=N/NC(=O)c1cccc(c1)N(=O)=O
AWUSAM,O=N(=O)c1ccc(cc1)C(c1ccccc1)(c1ccccc1)c1ccc(cc1)N(=O)=O
AWUYEX,CO[C@@H]1c2ccccc2[C@@H](N1Nc1ccc(cc1N(=O)=O)N(=O)=O)OC
AXAFIP,O=C1Nc2cccc(c2C(=O)N2[C@@H]1CCC2)N(=O)=O
AXAMES,COc1ccc2ccc(OC(=O)c3ccc(cc3)N(=O)=O)c(C(=O)c3ccc(cc3)N(=O)=O)c2c1
AXEGAM,O=C1O[C@@H]2[C@H]([C@@H]1Nc1ccc(cc1N(=O)=O)N(=O)=O)[C@@H]1C[C@H]2C=C1
AXENIB,CCOC(=O)C1(C[C@H]2[C@@]3(C1)N([C@@H](C2)c1c(C3=O)cccc1)[C@H](c1ccc(cc1)N(=O)=O)C)C(=O)OCC
AXEPAV,O=C([C@@H]1CCCN1c1ccccc1N(=O)=O)O[C@@H]1C[C@H]2[C@@H]([C@H]1c1ccccc1)COC2
AXEQEA,COc1ccc(cc1)[C@@H]1C[C@H]1c1cccc(c1)N(=O)=O
AXIWAG,C/C=C(/[C@H]([C@H]([C@@H]([C@@H]([C@H]([C@@H](OC(=O)c1ccc(cc1)N(=O)=O)C)C)O)C)O[C@H](c1ccccc1)C)C)\OC(=O)C(C)C
AXOXUG,C[C@@H]1CC[C@H]([C@@H](C1)OC(=O)[C@H]([C@@H](N(=O)=O)Cc1ccccc1)O)C(c1ccccc1)(C)C
AXOYER,C[C@@H]1CC[C@H]([C@@H](C1)OC(=O)[C@H]([C@@H](c1ccccc1)N(=O)=O)O)C(c1ccccc1)(C)C
AXUHAE,CCN(C(=O)C)CCN1C(=O)/C(=N\Nc2ccc(cc2N(=O)=O)OC)/C(=C(C1=O)C#N)C
AXUKOU,O=N(=O)c1ccc(cc1)C[C@@]12CCCCC1=Nc1c2cccc1
AXUYIB,O=C1Nc2ccccc2C(=O)N2C=C(C[C@@H](C(=O)N3[C@H]1CCC3)N(=O)=O)c1c2cccc1
AYAMIX,C=CCN1C(=Nc2c1cc(cc2)N(=O)=O)/C=C/C=C/N(C)C
AYAMOD,COC(=O)/C(=C/N(C)C)/C(=C/C=C/[C@]12C(=C(C(=O)OC)C(=C(N2c2c(N1Cc1ccccc1)cc(cc2)N(=O)=O)C(=O)OC)C(=O)OC)C(=O)OC)/C(=O)OC
AYASIC,COC(=O)/C(=C(\C(=O)c1ccc(cc1)N(=O)=O)/c1cccc(n1)C)/c1ccccc1
AYASUR,NCCOc1ccccc1N(=O)=O
AYECEM,CCC1=NN(C)C(=C1N(=O)=O)C(=O)N1CCOC1=O
AYOYAP,Cc1cc(c(C)c(c1)N(=O)=O)N(=O)=O
AYUGUX,Cc1ccc(cc1)/N=C/c1cc(ccc1O)N(=O)=O
AYUGUX01,Cc1ccc(cc1)/N=C/c1cc(ccc1O)N(=O)=O
AYUPUF,O=C(CN1C=CC=N1)Nc1ccccc1N(=O)=O
AYUQAM,CC1=NN(CC(=O)Nc2ccccc2N(=O)=O)C(=C1)C
AYUQIU,CC1=NN(CC(=O)Nc2ccccc2N(=O)=O)C(=C1N(=O)=O)C
AZABEJ,CCOC(=O)C1=C(C)N(N=N1)c1ccc(cc1)N(=O)=O
AZABUA,COC(=O)C1=C(N(Cc2ccccc2)N=N1)C1=C(N(N=N1)c1ccc(cc1)N(=O)=O)C1=C(C)N(Cc2ccccc2)N=N1
AZACAH,COC(=O)C1=C(N(Cc2ccc(OC)cc2)N=N1)C1=C(N(N=N1)c1ccc(cc1)N(=O)=O)C1=C(C)N(Cc2ccc(OC)cc2)N=N1
AZAFIQ,O=C(c1cc(cc(c1)N(=O)=O)N(=O)=O)OC[C@@H]1[C@H]2C=C[C@@H](N1[C@H](c1ccccc1)C)C2
AZAGAJ,O=N(=O)c1cc(ccc1N/N=C/1\C[C@H]2C[C@@H]1c1c2cccc1)N(=O)=O
AZEBUF,CCN1c2ccccc2[C@@]2(C1=O)N1C(=O)CC[N@]1[C@@H]([C@H]2C1=C(N(=O)=O)C(=NO1)C)c1ccccc1
AZECAM,O=N(=O)C1=C(ON=C1C)[C@H]1[C@H](c2ccccc2)[N@@]2N([C@@]31C(=O)N(c1c3cccc1)Cc1ccccc1)C(=O)CC2
AZECIU,O=N(=O)C1=C(ON=C1C)[C@@H]1N2C(=O)CC[N@@]2[C@H]([C@]21C(=O)N(c1c2cccc1)Cc1ccccc1)c1ccccc1
AZEJEU,CC(=O)N1c2ccccc2N=C1c1nc2ccc(cc2nc1c1ccccc1)N(=O)=O
AZIGAR,COC(=O)[C@]1(C)OC[C@@](CO1)(C)N(=O)=O
AZILOM,O=C(C1=CC=CO1)N/N=C/c1ccccc1N(=O)=O
AZILOM01,O=C(C1=CC=CO1)N/N=C/c1ccccc1N(=O)=O
AZIQIJ,CC1=C(N=CN1c1ccccc1)N(=O)=O
AZIQOP,Cc1ccc(cc1)N1C=NC(=C1C)N(=O)=O
AZIQUV,COc1ccc(cc1)N1C=NC(=C1C)N(=O)=O
AZIWUD,O=C(/N=C/1\NCCN1c1ccc(cc1)N(=O)=O)Nc1ccccc1
AZONIN,CC(C)(c1ccc(O)c(c1)N(=O)=O)c1ccc(O)c(c1)N(=O)=O
AZONUZ,CN(c1ccccc1)c1ncnc(N(C)c2ccccc2)c1N(=O)=O
AZORUD,O=N(=O)c1ccc(cc1)/N=C/c1c2ccccc2cc2c1cccc2
AZOVIV,CCOC(=O)C1(N[C@@H]([C@@](C1)(C(=O)OC)c1ccccc1)c1ccc(cc1)N(=O)=O)C(=O)OCC
AZOXOD,CCOC(=O)c1ccc(NCCCN2C=CN=C2)c(c1)N(=O)=O
AZUCOO,COc1ccc(cc1N(=O)=O)c1cccc2cccc(c3ccc(OC)c(c3)N(=O)=O)c12
AZUHIN,C#CCOc1ccccc1[C@H](C1=C(C)Nc2c1cccc2)CN(=O)=O
AZUVOH,O=C(Nc1cccc(c1)N(=O)=O)c1ccc(cc1)N(=O)=O
AZUYUP,O=C1[C@H](OC(=O)c2ccc(cc2)N(=O)=O)[C@@H]2[C@@H]3C[C@@H]4[C@H]1C[C@H]2[C@@H]4C3
AZUZIE,O=C1O[C@H]([C@](C1=C)(C)c1ccccc1)c1ccc(cc1)N(=O)=O
BABRIF,O=N(=O)C1=[N+]([O-])ON=C1c1ccccc1
BABTEE,O=C(c1ccc(cc1)N(=O)=O)O[C@@]1(C[C@@H](N(O1)C(C)(C)C)c1ccccc1)C(=O)C
BABTEG,O=C1[C@H]2C=C3[C@@](C1=O)(C=C2COC(=O)c1ccc(cc1)N(=O)=O)CC[C@@H]1[C@]3(C)CC[C@@H](C1(C)C)O
BABTII,Cc1ccc(cc1)[C@H]1C[C@@](ON1Cc1ccccc1)(OC(=O)c1ccc(cc1)N(=O)=O)C(=O)C
BABVIM,COC1(OC)[C@H]2C=C3[C@@](C1=O)([C@@H](C2)c1ccccc1)CC[C@H]1[C@@]3(C)CC[C@H](C1(C)C)OC(=O)c1ccc(cc1)N(=O)=O
BACBAL,COc1ccc(cc1)[C@H]1C[C@H]2C=C3[C@]1(CC[C@@H]1[C@]3(C)CC[C@@H](C1(C)C)OC(=O)c1ccc(cc1)N(=O)=O)C(=O)C2(OC)OC
BACKAV,N#CC(=C1C=C(/C=C/c2ccc(cc2)Oc2ncc(cn2)N(=O)=O)CC(C1)(C)C)C#N
BACXEI10,C(C)(=O)N[C@@H](CC1=C(NC=N1)[N+](=O)[O-])C(=O)O
BADJEZ,NC(=O)NNC(=O)c1cccc(c1)N(=O)=O
BADMIG,CCCC[C@H]([C@@H]1CC2=C(C(=O)OC2=O)[C@@H](CC2=C1C(=O)OC2=O)CCCC)OC(=O)c1ccc(cc1)N(=O)=O
BADMOJ,O=C(Oc1ccccc1N(=O)=O)c1ccccc1c1ccccc1
BADNAY,O=N(=O)C1=NN2N=NN3N=C(N=C3C2=N1)N(=O)=O
BADNAY01,O=N(=O)C1=NN2N=NN3N=C(N=C3C2=N1)N(=O)=O
BADRAC,NN1N=C(N=C1C1=NC(=NN1N)N(=O)=O)N(=O)=O
BADRAC01,NN1N=C(N=C1C1=NC(=NN1N)N(=O)=O)N(=O)=O
BAFGUL,O=N(=O)c1cc(ccc1N/N=C/c1ccccc1O)N(=O)=O
BAFGUL01,O=N(=O)c1cc(ccc1N/N=C/c1ccccc1O)N(=O)=O
BAFHAS,Oc1cccc(c1)/C=N/Nc1ccc(cc1N(=O)=O)N(=O)=O
BAFHEW,Oc1ccc(cc1)/C=N/Nc1ccc(cc1N(=O)=O)N(=O)=O
BAFHOH,O=N(=O)c1ccc(cc1C1=[N+]([O-])ON=C1N(=O)=O)C1=[N+]([O-])ON=C1N(=O)=O
BAFNUT,O=C(OC1=C(CCCC1)C(=O)c1ccc(cc1)N(=O)=O)c1ccc(cc1)N(=O)=O
BAGKED,O=N(=O)C1=C(ON=C1C)[C@@H]1C=C([C@@]2([C@H]1c1ccccc1)c1ccccc1N(C2=O)Cc1ccccc1)C(=O)c1ccccc1O
BAGKUT,COC(=O)C([C@H](CN(=O)=O)CCCN1C(=O)c2c(C1=O)cccc2)C(=O)OC
BAHPOP,O=C[C@@]12CCCC(C)(C)[C@H]1CC[C@@]3(C)[C@H]2CCC([C@@H]3CC/C(C)=N/Nc4c(N(=O)=O)cc(N(=O)=O)cc4)=C
BAHQUW,CCOC(=O)C(C(=O)OCC)c1c2ccccc2c(N)cc1N(=O)=O
BAJBUJ,COC(=O)C1(NC(=O)c2cc(c3ccccc3c12)N(=O)=O)C(=O)OC
BAJCIY01,Cc1cc(ccc1N)N(=O)=O
BAJCIY02,Cc1cc(ccc1N)N(=O)=O
BAJCIY03,Cc1cc(ccc1N)N(=O)=O
BAJCIY04,Cc1cc(ccc1N)N(=O)=O
BAKLII,Nc1c(c(N)c(c(O)c1N(=O)=O)N(=O)=O)N(=O)=O
BAKXOB,O=N(=O)c1cc2Cc3cc(cc(c3c2c(c1)N(=O)=O)N(=O)=O)N(=O)=O
BAKYIW,COc1c2COCc3cc(cc(COCc4cc(cc(COCc1cc(c2)C(C)(C)C)c4OC)C(C)(C)C)c3O)N(=O)=O
BALGEA,CCOC(=O)[C@]12CC[C@H]([C@]2(O)CCC(=CC1)C)/C(=N/Nc1ccc(cc1N(=O)=O)N(=O)=O)/C
BALGIE,CCOC(=O)[C@]12CC[C@@H]([C@@]2(O)CCC(=CC1)C)/C(=N/Nc1ccc(cc1N(=O)=O)N(=O)=O)/C
BALYAR,CC1=CC(=C(C(=O)O1)/C(=N/Nc1ccc(cc1)N(=O)=O)/C)O
BAMKOP,COC(/C([C@@H](CN(=O)=O)[C@H](OC(C)=O)[C@@H](OC(C)=O)[C@@H](OC(C)=O)[C@@H](COC(C)=O)OC(C)=O)=C(C)\N)=O
BANBUP,CCCCN1C(=O)[C@H]([C@@H]([C@H]1C(C)C)N(=O)=O)Cc1ccccc1
BANCAW,CCCCN1C(=O)[C@@H]([C@H]([C@@H]1c1ccc(cc1)N(=O)=O)N(=O)=O)Cc1ccccc1
BANCEA,O=N(=O)[C@@H]1[C@H](Cc2ccccc2)C(=O)N([C@H]1C(C)C)Cc1ccccc1
BANDEB,C[C@@H]1CCC[C@@H](O1)[C@@H]([C@H](c1ccccc1)CN(=O)=O)COC(=O)c1ccc(cc1)N(=O)=O
BANFIG,NNC(=O)c1cccc(c1)N(=O)=O
BANHIH,COC(=O)[C@H]1[C@H]2C=C[C@@H]([C@@H]1c1ccc(cc1)N(=O)=O)C2
BANHON,OC(=O)[C@H]1[C@H]2C=C[C@@H]([C@@H]1c1ccc(cc1)N(=O)=O)C2
BANHOO,COc1ccc(cc1)/C=C(/c1ccc(cc1)N(=O)=O)\C#N
BANHOO01,COc1ccc(cc1)/C=C(/c1ccc(cc1)N(=O)=O)\C#N
BANHOO02,COc1ccc(cc1)/C=C(/c1ccc(cc1)N(=O)=O)\C#N
BANHOO03,COc1ccc(cc1)/C=C(/c1ccc(cc1)N(=O)=O)\C#N
BANHUT,COC(=O)[C@@H]1[C@@H]2C=C[C@H]([C@@H]1c1ccc(cc1)N(=O)=O)C2
BANJEG,COc1ccc(cc1)/C=C(\c1ccc(cc1)N(=O)=O)/C#N
BANMOS,Cc1cccc(c1N/N=C(/N(=O)=O)\N=N\c1c(C)cccc1C)C
BANMOS10,Cc1cccc(C)c1NN=C(N=Nc1c(C)cccc1C)N(=O)=O
BANSOY,CC(=C=Nc1ccc(cc1)N(=O)=O)C(C)(C)Cc1ccccc1
BANTIU,CN1CCC(CC1)OC(=O)c1ccc(cc1)N(=O)=O
BANTIU01,CN1CCC(CC1)OC(=O)c1ccc(cc1)N(=O)=O
BANYIA,COC1(OC)[C@H]2C[C@@H]([C@@H](C1=O)C=C2C)N(=O)=O
BANYIZ,CN(c1ccc(c(c1)O)/C=N/c1ccc(cc1)N(=O)=O)C
BANYOG,COC1(OC)[C@@H]2C[C@]([C@H](C1=O)C=C2C)(CO)N(=O)=O
BAPNAH,C[N+]1=C(C=Cc2cc(cc(c2[O-])N(=O)=O)N(=O)=O)C(C)(C)c2ccccc12
BAPWOG,O=C(c1ccc(cc1)N(=O)=O)OC[C@@]1(C)CCc2c([C@@H]1OC(=O)c1ccc(cc1)N(=O)=O)cccc2
BAPWUM,O=C(c1ccc(cc1)N(=O)=O)OC[C@@]1(C)Cc2c([C@@H]1OC(=O)c1ccc(cc1)N(=O)=O)cccc2
BAPXIB,COC(=O)[C@H]1C[C@H](N([C@H]1c1ccc(cc1)N(=O)=O)O)C(=O)OC
BAPYAV,COc1ccc2c(c1)OC(=C2)[C@H](CN(=O)=O)O
BAPYIC,CCO[C@H]1OC(=C(C[C@@H]1OC(=O)C)N(=O)=O)C
BAPZOK,O=C(Oc1ccccc1)c1cccc(c1)N(=O)=O
BAQCED,CC(C)c1ccc(cc1)C1=C2N(Cc3ccccc3)c3ccccc3N2C(=C1C#N)c1ccc(cc1)N(=O)=O
BAQCON,CCOC(=O)C1=C(N2c3ccccc3N(Cc3ccccc3)C2=C1c1ccc(C)cc1)c1ccc(cc1)N(=O)=O
BAQFIK,COC(=O)C1=C(C(=O)OC)N(c2ccc(cc2)C)C2=C([C@H]1c1cccc(c1)N(=O)=O)C(=O)CC2
BAQGIL,Cc1cccc(c1)C1=Cc2ccccc2[C@H](C2=C1Nc1c2cccc1C)CN(=O)=O
BAQHUW,CC(=O)C[C@@H](/C(=C\c1ccccc1N(=O)=O)/N(=O)=O)C1=CC=CO1
BAQJAE,CO[C@@]1(C)C[C@H](C2=CC=CO2)[C@H]([C@@H](O1)c1ccccc1N(=O)=O)N(=O)=O
BAQJEI,CC(=O)C[C@@H](/C(=C\c1ccccc1N(=O)=O)/N(=O)=O)c1ccccc1
BAQJIM,CC1=C[C@@H](c2ccccc2)[C@@H]([C@H](O1)c1ccccc1N(=O)=O)N(=O)=O
BAQJOS,CC1=C[C@@H](C2=CC=CO2)[C@@H]([C@H](O1)c1ccccc1N(=O)=O)N(=O)=O
BAQLEK,CO[C@H]1O[C@@H]([C@H]([C@@H]([C@H]1OC(=O)C)OC(=O)C)OC(=O)C)C(N(=O)=O)(CCC#N)CCC#N
BAQLIO,CC(=O)OC[C@H]1O[C@H]([C@@H]([C@H]([C@@H]1OC(=O)C)OC(=O)C)OC(=O)C)[C@@H]([C@@H](c1ccccc1)CC(=O)C)N(=O)=O
BAQLOU,CC(=O)OC[C@H]1O[C@H]([C@@H]([C@H]([C@H]1OC(=O)C)OC(=O)C)OC(=O)C)[C@@H]([C@@H](C1=CC=C(O1)C)CC(=O)C)N(=O)=O
BAQLUA,CC(=O)OC[C@@H]1O[C@@H]([C@H]([C@@H]([C@@H]1OC(=O)C)OC(=O)C)OC(=O)C)[C@H]([C@H](c1ccccc1)CC(=O)C)N(=O)=O
BAQLUD,OC(=O)c1ccc(cc1N(=O)=O)N(=O)=O
BAQMAH,CC(=O)OC[C@@H]1O[C@@H]([C@H]([C@@H]([C@@H]1OC(=O)C)OC(=O)C)OC(=O)C)[C@H]([C@H](C1=CC=CO1)CC(=O)C)N(=O)=O
BAQMEL,CC(=O)C1=C(C)O[C@@H]([C@H]([C@@H]1c1ccccc1)N(=O)=O)c1ccccc1N(=O)=O
BAQMIP,CC(=O)OC[C@H]1O[C@H]([C@@H]([C@H]([C@H]1OC(=O)C)OC(=O)C)OC(=O)C)[C@H]([C@H]1CCCC(=O)C1)N(=O)=O
BAQMOV,CC(=O)OC[C@H]1O[C@H]([C@@H]([C@H]([C@@H]1OC(=O)C)OC(=O)C)OC(=O)C)/C(=C\C1=CC=CO1)/N(=O)=O
BAQMUB,CC(=O)C[C@@H](/C(=C\c1ccccc1O)/N(=O)=O)C1=CC=CO1
BAQNAI,CCOC(=O)/C(=C/c1ccccc1N(=O)=O)/C(=O)C
BAQNEM,CC(=O)C[C@H]([C@H]([C@@H](c1ccccc1N(=O)=O)OC(=O)C)N(=O)=O)c1ccccc1
BARPEP,C[C@@H]1CC[C@H]2[C@H]3[C@H]1CC[C@H]([C@H]3C2(C)C)OC(=O)c1cc(cc(c1)N(=O)=O)N(=O)=O
BARTAQ,COC(=O)/C(=C\C(=O)OC)/OC(=C1N(CCN1c1c(C)cc(cc1C)C)c1c(C)cc(cc1C)C)c1cccc(c1)N(=O)=O
BASBAY,CC1(C)OC(=O)C(=NNc2ccccc2N(=O)=O)C(=O)O1
BASCAC,O=N(=O)C1=CC=C(O1)c1ncncc1c1ccccc1
BASWOH,CCOC(=O)[C@@]1(CCCC1=O)[C@H](CN(=O)=O)C
BATGIN,OC[C@H]1O[C@H]([C@@H]([C@H]([C@@H]1O)O)O)N1C=NC=C1N(=O)=O
BATWOK,O=N(=O)C1=NNC(=N1)N=[N+]=[N-]
BATXAX,CN1N=C(N=C1N=[N+]=[N-])N(=O)=O
BAVLES,O=N(=O)C1=CN(N=C1)c1cccc(n1)N1C=CC=N1
BAVTAT,COc1ccccc1[C@@H]1C2=C(C=C(OC2=O)C)OC(=C1N(=O)=O)N
BAWCUY,O=C(c1cc(cc(c1)N(=O)=O)N(=O)=O)OC[C@@H]1[C@@H]2[C@H]3[C@@]2([C@H]([C@]1(C)C=C3C)c1ccc(cc1)N(=O)=O)C
BAWJIT,O=N(=O)C([C@H](C1=CC=CO1)CC(=O)c1ccccc1)(C)C
BAWTEB,O=CC1=C[C@H](C)[C@@H]2[C@@]([C@@H]1c1ccccc1)(COc1c2cccc1)N(=O)=O
BAWXOP,O=N(=O)c1cc(ccc1N/N=C/1\c2ccccc2O[C@@]21C[C@@]1(C2=CCCC1)C)N(=O)=O
BAWZIJ,CC([C@@H]1N(C(=O)OC1(c1ccccc1)c1ccccc1)C(=O)[C@H](CN(=O)=O)C)C
BAWZIJ01,CC([C@@H]1N(C(=O)OC1(c1ccccc1)c1ccccc1)C(=O)[C@H](CN(=O)=O)C)C
BAXSEY,OC[C@H]1O[C@H](Oc2ccc(cc2)N(=O)=O)[C@@H]([C@H]([C@@H]1O)O)O
BAXSEY01,OC[C@H]1O[C@H](Oc2ccc(cc2)N(=O)=O)[C@@H]([C@H]([C@@H]1O)O)O
BAYGAL,CO[C@]12OCCC[C@H]1C=C[C@@H]2N(=O)=O
BAYLAP,COC(=O)/C(=C/CCC(N(=O)=O)(C)C)/NC(=O)OCc1ccccc1
BAYXIJ,COC(=O)C(=O)Nc1ccc(cc1N(=O)=O)N(=O)=O
BAYZOT,C[C@H]1CC[C@@H]([C@H](C1)c1c(cc(cc1C)C)OC(=O)c1cc(cc(c1)N(=O)=O)N(=O)=O)C(C)C
BAZPIC,CN(C)c1ccc(cc1N)N(=O)=O
BAZPOI,CN(C)c1ccc(c(N)c1)N(=O)=O
BAZPUO,COc1cc(ccc1N(=O)=O)N(C)C
BAZQAV,CN(C)c1ccc(c(C)c1)N(=O)=O
BAZQOJ,CCOC(=O)C(C(=O)OCC)(c1ccc(cc1)N(=O)=O)C(C(=O)OCC)(C(=O)OCC)c1ccc(cc1)N(=O)=O
BAZXAD,CC([C@@H]1C=C[C@@](C=C1)(C)COC(=O)c1ccc(cc1N(=O)=O)N(=O)=O)C
BCONBZ10,O=C(c1cc(cc(c1)N(=O)=O)N(=O)=O)O[C@]12CCCC[C@H]2CC1
BEBBIT,COC(=O)/C/1=C(\O)/CC[C@H](CCCCCCC1=O)N(=O)=O
BEBHIC,O=N(=O)c1ccc(cc1)c1cc(nc2ccc3ccccc3c12)c1ccccc1
BEBKOJ,CN(c1ccc(cc1)/N=C/C=C/c1ccc(cc1)N(=O)=O)C
BEBKUP,O=N(=O)c1ccc(cc1)/C=C/C=C/c1ccc(c2c1cccc2)N(C)C
BEBVUZ,O=N(=O)c1cccc2c1C=C/C/2=C\N1CCCC1
BEBWEK,CC(=O)C(=C)OC(=O)c1ccc(cc1)N(=O)=O
BECJIC,O=N(=O)C1(CC1)C1(CC1)N(=O)=O
BECJUO,O=N(=O)C1(CCC1)C1(CCC1)N(=O)=O
BECZAM,CO[C@@H]([C@@H]([C@@H](C[C@@H](COC(=O)c1ccc(cc1)N(=O)=O)C)C)OC(=O)c1ccc(cc1)N(=O)=O)C=C
BEDNIJ,CNC(=O)c1ccccc1N1C=C(C=C1C(=O)c1ccc(cc1)N(=O)=O)C(C)=O
BEDROT,O=C1CN(C(=O)CN1c1ccccc1N(=O)=O)c1ccccc1N(=O)=O
BEDTEK,CN1c2ccccc2N=C1c1ccccc1N(=O)=O
BEDWOX,O=C1C=CC(=O)N1c1ccc(cc1)N(=O)=O
BEDWOX01,O=C1C=CC(=O)N1c1ccc(cc1)N(=O)=O
BEGHIG,COC(=O)CC[C@@](O[C@@H](c1ccccc1)Cc1ccccc1)(CCOC(=O)c1cc(cc(c1)N(=O)=O)N(=O)=O)C
BEGKAB,C=C[C@]1(C)COC[C@@H]1CCOC(=O)c1ccc(cc1)N(=O)=O
BEGQAH,COc1ccc(cc1)[C@@H]1[C@H](NC([C@H]1N(=O)=O)(c1ccccc1)c1ccccc1)C(=O)OC(C)(C)C
BEGRIO,C/C/1=C\CC(C)(C)/C=C/C(=N\Nc2ccc(cc2N(=O)=O)N(=O)=O)/C(=C/CC1)/C
BEGWIT,O=N(=O)c1ccccc1/N=N/N1CC[N@]2C[N@@](C1)CCN(C2)/N=N/c1ccccc1N(=O)=O
BEGYUH,O=N(=O)c1ccc(cc1)/N=N/N1CC[N@]2C[N@@](C1)CCN(C2)/N=N/c1ccc(cc1)N(=O)=O
BEHDAW,O=N(=O)C[C@@H](C(C(=O)c1ccccc1)C(=O)c1ccccc1)c1ccccc1
BEHDUN,O=C1[C@H]2[C@H]3[C@@H]([C@H]4[C@H]5[C@@H]1C[C@@H]2[C@H]5[C@@H]3C4)OC(=O)c1ccc(cc1)N(=O)=O
BEHFEC,OC[C@H](C(C)(C)C)NC(=O)c1cccc(c1N(=O)=O)C
BEHNEI,O=C(Nc1ccc(cc1)N(=O)=O)OCCC[C@H]1O[C@@H]2[C@@H](C1)CCCCCC2
BEHNUY,CC(C[C@@H]1OC=C[C@@H](C1)[C@H]1OC(=O)N(C1=C)c1ccc(cc1)N(=O)=O)C
BEHVOB,CC[C@@H](C1=C(C)c2c(N1)c(ccc2)N(=O)=O)C1=C(C)c2c(N1)c(ccc2)N(=O)=O
BEJBUN,O=N(=O)c1ccc2c(c1)C=C[C@@]1(O2)OC(c2c1cccc2)(C)C
BEJLIO,O=N(=O)c1ccc(OCOc2ccc(cc2)N(=O)=O)cc1
BEJTEP,COC(=O)c1ccccc1NC(=O)N[C@H]1O[C@@H]([C@@H]2[C@H]1OC(O2)(C)C)COC(=O)c1ccc(cc1)N(=O)=O
BEKBUO,O[C@@H]1CN(c2c(N(=O)=O)cc(N(=O)=O)cc2)C[C@H]3[C@@H]1COC3=O
BEKDAW,CCOC(=O)[C@@]1(C#N)[C@@H](C1(C#N)C#N)c1ccc(cc1)N(=O)=O
BELHAB,COC(=O)C1=C(C)NC(=C([C@H]1c1cccc(c1)N(=O)=O)C(=O)OC)C
BELHAB01,COC(=O)C1=C(C)NC(=C([C@H]1c1cccc(c1)N(=O)=O)C(=O)OC)C
BELHEF,COC(=O)C1=C(C)NC(=C([C@H]1c1ccc(cc1)N(=O)=O)C(=O)OC)C
BELHIJ,COC(=O)C1=C(C)NC(=C([C@@H]1c1ccc(cc1N(=O)=O)N(=O)=O)C(=O)OC)C
BELMOU,O=C1CC[N+](=Cc2ccc(cc2)N(=O)=O)[N-]1
BEMBIG,CN1C(=NC(=C1N(=O)=O)N(=O)=O)C1=NC(=C(N1C)N(=O)=O)N(=O)=O
BEMBIG01,CN1C(=NC(=C1N(=O)=O)N(=O)=O)C1=NC(=C(N1C)N(=O)=O)N(=O)=O
BEMPUE,CC(=O)O[C@@H]1C[C@@H]2[C@]3([C@]1(C)[C@H]3COC(=O)c1ccc(cc1)N(=O)=O)C(C2)(C)C
BEMWEV,O=N(=O)c1cc(ccc1N/N=C/1\CCCCCCC/C=C\CCCCCCC1)N(=O)=O
BEMWEV01,O=N(=O)c1cc(ccc1N/N=C/1\CCCCCCC/C=C\CCCCCCC1)N(=O)=O
BEMZEZ,CCOc1cc(C=O)ccc1OCc1ccc(OCc2ccc(OCc3ccccc3)c(c2)N(=O)=O)c(C)c1
BEMZID,COc1ccc(COc2ccc(c(COc3cc(C=O)ccc3OC)c2)N(=O)=O)cc1OCc1ccccc1
BENJEM,O=N(=O)c1ccc(NN=C2CCCCCCCCCCCCCCCC2)c(c1)N(=O)=O
BENPES,CC1=CC(=NO1)N1[C@@H](Oc2c([C@H]1c1ccc(cc1)N(=O)=O)c1ccccc1cc2)c1ccc(cc1)N(=O)=O
BENVEW,OC[C@@](C(N(=O)=O)(C)C)(N(=O)=O)C
BENVIA,O=N(=O)[C@](C(N(=O)=O)(C)C)(COC(=O)[C@@]12CC[C@](C2(C)C)(C(=O)O1)C)C
BENZEB,COC(=O)/C(=C/C=C/c1ccc(cc1)N(=O)=O)/CC(=O)OC(C)C
BENZIF,COC(=O)C/C(=C\C=C\c1ccc(cc1)N(=O)=O)/C(=O)OC(C)C
BEPKEM,O=N(=O)c1cc(ccc1N/N=C/1\CCCCCCC/C=C/CCCCCCC1)N(=O)=O
BEPQET,O=N(=O)c1ccc(cc1)N1C[C@H]2[C@@]3(C1=CC(=O)c1c3cccc1)C2
BEQTUP,O=C(OCc1ccc(cc1)N(=O)=O)N1CCC=C1
BEQWAY,CN1C(=NC=C1N(=O)=O)/C=N/OCc1ccccc1
BEQYIF,O=C1CC(C)(C)CC2=C1[C@H](C1=C(O2)CC(CC1=O)(C)C)c1ccccc1N(=O)=O
BERCOT,COc1cc(c(OC)c2C(=O)N(C)C=Cc12)N(=O)=O
BERCUZ,COc1ccc(OC)c2C(=CN(C)C(=O)c12)N(=O)=O
BERDAG,COc1cc(N)c(OC)c2C(=O)N(C)C=C(c12)N(=O)=O
BERHEL,COc1ccc2c(ccc3OC(=Cc23)N(=O)=O)c1
BERLUF,COC(=O)/C(=C\N(C)C)/N(=O)=O
BERMAM,CN/C=C(/C(=O)OC)\N(=O)=O
BERPAP,CCOC(=O)/C(=N\Nc1ccc(cc1)N(=O)=O)/C(=O)CC(=O)OCC
BERPAP01,CCOC(=O)/C(=N\Nc1ccc(cc1)N(=O)=O)/C(=O)CC(=O)OCC
BERYIJ,CCN(c1ccccc1)C(=O)c1cc(cc(n1)c1cc(cc(n1)C(=O)N(CC)c1ccccc1)N(=O)=O)N(=O)=O
BESGUB,COC(=O)C[C@H]1[C@H]2CC[C@@H]([C@@H]1N(=O)=O)CC2=O
BESKAN,O=C1C(=C2[C@H](C31CC3)CCCC2)c1ccc(cc1)N(=O)=O
BESNAO,COC(=O)/C(=C/c1ccccc1)/N(=O)=O
BESNAO01,COC(=O)/C(=C/c1ccccc1)/N(=O)=O
BESNES,COC(=O)/C(=C/C1=CNc2c1cccc2)/N(=O)=O
BESVEC,O=C(c1cccc(c1)N(=O)=O)O[C@H]1CC[C@H]2C[C@@H]1C2(C)C
BESVOM,O=N(=O)c1ccc(cc1)O[C@H]1CC[C@H]2C[C@@H]1C2(C)C
BESVUS,O=C(c1ccccc1N(=O)=O)O[C@@H]1CC[C@H]2C[C@@H]1C2(C)C
BESWAZ,O=C(c1ccc(c(c1)N(=O)=O)N(=O)=O)O[C@@H]1CC[C@H]2C[C@@H]1C2(C)C
BESWED,O=C(c1cc(cc(c1)N(=O)=O)N(=O)=O)O[C@@H]1CC[C@H]2C[C@@H]1C2(C)C
BESWIH,O=N(=O)c1ccc(cc1)O[C@@H]1CC[C@H]2C[C@@H]1C2(C)C
BESZIK,CCCCC1=C(Oc2ccc(cc12)N(=O)=O)c1ccccc1
BETBAF,O=C1CC[C@@]2(C[C@H]1[C@H](/C=C/c1ccccc1)[C@H]2N(=O)=O)O
BETTEZ,CC(=CCC1=C(OC(=O)c2cc(cc(c2)N(=O)=O)N(=O)=O)[C@@]2(CC=C(C)C)C[C@@H]([C@@]([C@@](C1=O)(C2=O)C(=O)C(C)C)(C)CCC=C(C)C)CC=C(C)C)C
BETVUR,O=N(=O)c1ccc(cc1)[C@@H]1NC[C@H]2[C@@H](O1)CCCC2
BETWAY,O=N(=O)c1ccc(cc1)[C@@H]1OC[C@H]2[C@@H](N1)CCCC2
BETXUV,OC(=O)C(=C)[C@H]1CO[C@@H](OO1)c1ccc(cc1)N(=O)=O
BEVCEM,O=N(=O)c1ccc(cc1)N1C=C(N=N1)c1ccccn1
BEVHUH,O=N(=O)c1ccccc1c1nc2ccccc2c2c3ccccc3ccc12
BEVJAP,O=N(=O)c1ccc(cc1)c1nc2ccccc2c2c3ccccc3ccc12
BEVPEX,Oc1c(cc(cc1c1ccccc1)N(=O)=O)c1ccccc1
BEVPEX01,Oc1c(cc(cc1c1ccccc1)N(=O)=O)c1ccccc1
BEVYOS,O=N(=O)C1=CN(NCC(N(=O)=O)(N(=O)=O)N(=O)=O)C(=N1)N(=O)=O
BEVYUY,O=N(=O)C1=C(N(NCC(N(=O)=O)(N(=O)=O)N(=O)=O)C=N1)N(=O)=O
BEWQEZ,COC(=O)CC[C@]1(CC(=C(C[C@@H]1[C@@H]([C@H]([C@H]([C@H](OC(=O)C)COC(=O)C)OC(=O)C)OC(=O)C)OC(=O)C)C)C)N(=O)=O
BEWRAZ,O=N(=O)c1ccc(cc1)[C@@H]1OCCC2=CCCO[C@@H]12
BEXDUD01,C[C@@H]1CCCCCCCCCCCC/C(=N/Nc2ccc(cc2N(=O)=O)N(=O)=O)/C1
BEXGOB,CC1=CC=C(O1)c1cc(cc(C2=CC=C(C)O2)c1N(=O)=O)c1ccccc1
BEXGUH,CC1=CC=C(O1)C1=C[C@](C=C(O1)C1=CC=C(O1)C)(CN(=O)=O)c1ccccc1
BEXLUL,O=N(=O)c1ccc2c(c1)C=C[C@]1(O2)N(C)c2c(C1(C)C)cccc2
BEXLUL01,O=N(=O)c1ccc2c(c1)C=C[C@]1(O2)N(C)c2c(C1(C)C)cccc2
BEXLUL02,O=N(=O)c1ccc2c(c1)C=C[C@@]1(O2)N(C)c2c(C1(C)C)cccc2
BEXTIK,COc1ccc(cc1)[C@H]1C=CCN1C(=O)O[C@@H]1C[C@H](C)CC[C@H]1C(c1ccc(cc1)N(=O)=O)(C)C
BEXWEI,O=C(CN1C=C(N=C1C)N(=O)=O)N/N=C(/c1ccccc1)\C
BEXYIO,O=CN(Cc1c2ccccc2cc2ccccc12)c1ccccc1Nc1ccc(cc1)N(=O)=O
BEYDOY,O=N(=O)c1ccc(c(c1)N(=O)=O)N(=O)=O
BEYMOK,NC(=O)NC(N)=C(N(=O)=O)N(=O)=O
BEYQUR,COC(=O)C1=C[C@](O[C@@]1(OC)O/N=C/c1ccc(cc1)N(=O)=O)(OO)c1cccc(c1)OC
BEYVUY,O=C(N[C@@H]1[C@H](OC(=O)c2ccc(cc2)N(=O)=O)O[C@H]([C@@]1(NC(=O)N(C)C)C(=O)C)C)OCc1ccccc1
BEYZEK,O=C1c2cc(ccc2c2ccc(cc12)N(=O)=O)N(=O)=O
BEZYEM,O=C([C@@H]1[C@H](ON([C@H]1c1ccccc1N(=O)=O)c1ccccc1)c1ccccc1)c1ccccc1
BEZZOX,O=C([C@@H]1[C@@H](c2ccc(cc2)N(=O)=O)N(O[C@H]1c1ccccc1)c1ccccc1)c1ccccc1
BHCDNB,O=C(c1ccc(cc1)N(=O)=O)OC1=C2CC[C@@H](C[C@H]2CCC1)C(C)(C)C
BHPNPH,O=N(=O)c1ccc(cc1)N/N=C/1\C[C@@H]2[C@H]1CC=C2
BIBGAU,COc1c2CCCCCc3cc(cc(CCc1cc(c2)N(=O)=O)c3OC)N(=O)=O
BICCIZ,COC(=O)C1=C(C)NC(=C([C@@H]1c1ccccc1N(=O)=O)C(=O)OC)C
BICCIZ01,COC(=O)C1=C(C)NC(=C([C@@H]1c1ccccc1N(=O)=O)C(=O)OC)C
BICCIZ02,COC(=O)C1=C(C)NC(=C([C@@H]1c1ccccc1N(=O)=O)C(=O)OC)C
BICCIZ03,COC(=O)C1=C(C)NC(=C([C@@H]1c1ccccc1N(=O)=O)C(=O)OC)C
BICCIZ04,COC(=O)C1=C(C)NC(=C([C@@H]1c1ccccc1N(=O)=O)C(=O)OC)C
BICCIZ05,COC(=O)C1=C(C)NC(=C([C@@H]1c1ccccc1N(=O)=O)C(=O)OC)C
BICCIZ06,COC(=O)C1=C(C)NC(=C([C@@H]1c1ccccc1N(=O)=O)C(=O)OC)C
BICCIZ07,COC(=O)C1=C(C)NC(=C([C@@H]1c1ccccc1N(=O)=O)C(=O)OC)C
BICCIZ08,COC(=O)C1=C(C)NC(=C([C@@H]1c1ccccc1N(=O)=O)C(=O)OC)C
BICCIZ09,COC(=O)C1=C(C)NC(=C([C@@H]1c1ccccc1N(=O)=O)C(=O)OC)C
BICCIZ10,COC(=O)C1=C(C)NC(=C([C@@H]1c1ccccc1N(=O)=O)C(=O)OC)C
BICCIZ11,COC(=O)C1=C(C)NC(=C([C@@H]1c1ccccc1N(=O)=O)C(=O)OC)C
BICCIZ12,COC(=O)C1=C(C)NC(=C([C@@H]1c1ccccc1N(=O)=O)C(=O)OC)C
BICCIZ13,COC(=O)C1=C(C)NC(=C([C@@H]1c1ccccc1N(=O)=O)C(=O)OC)C
BICCIZ14,COC(=O)C1=C(C)NC(=C([C@@H]1c1ccccc1N(=O)=O)C(=O)OC)C
BICCIZ15,COC(=O)C1=C(C)NC(=C([C@@H]1c1ccccc1N(=O)=O)C(=O)OC)C
BICNUW,CCOC(=O)/C(=C/c1ccc(cc1)N(=O)=O)/N(=O)=O
BICWEP,NC(=O)c1c(c(N)c(c(N)c1N(=O)=O)N(=O)=O)N(=O)=O
BIDCEW,O=N(=O)C1=Cc2c(O)ccc(c2[C@@H]2[C@H]1OCC2)O
BIDJED,CC(C)(c1cc(c(O)c(c1)N(=O)=O)N(=O)=O)c1cc(c(O)c(c1)N(=O)=O)N(=O)=O
BIDKAA,CN(N=O)C(=O)c1ccc(cc1)N(=O)=O
BIDKOO,O=C(N[C@H](C(=O)Nc1ccc(cc1)N(=O)=O)Cc1ccccc1)CCCC(=O)O
BIDVER,O=N(=O)C[C@H]([C@@H](c1ccc(cn1)N(=O)=O)Cc1ccccc1)c1ccccc1
BIDYUI,CC(=O)O[C@H]1CC[C@]2([C@@H](C1)CCC1=C2CC[C@]2([C@@H]1[C@@H](OC(=O)c1ccccc1N(=O)=O)C[C@@H]2C1=COC(=O)C=C1)C)C
BIFNIP,COC(=O)C[C@@H]1C=C[C@@H]2[C@H](O1)COc1c(C(=O)N2C)cc(cc1)N(=O)=O
BIFRUF,CCOC(=O)C1=C2[C@H](CC[C@@H]1C)CCC1=C[C@@H](C[C@@]1(C2=O)C)OC(=O)c1ccc(cc1)N(=O)=O
BIFSAM,CCOC(=O)C1=C2[C@@H](CC[C@H]1C)CCC1=C[C@@H](C[C@@]1(C2=O)C)OC(=O)c1ccc(cc1)N(=O)=O
BIFSEO,CO[C@@H]1O[C@@H]2CO[C@H](O[C@H]2[C@@H]([C@@H]1Nc1ccccc1C(=O)OC)N(=O)=O)c1ccccc1
BIFXAS,COC(=O)[C@]12C(=Nc3c([C@@H]2[C@H]1N(=O)=O)cccc3)OC
BIFZEY,CCOC(=O)c1ccc(cc1)/N=C/c1cc(OC)c(c(c1)N(=O)=O)O
BIFZOI,CCc1ccccc1/N=C/c1ccc(cc1)N(=O)=O
BIGBAX,Cc1ccc(cc1)C1=NO[C@@]2([C@@H]1c1ccc(cc1)N(=O)=O)[C@H](C)Oc1c(C2=O)cccc1
BIGQUD,COc1ccc(cc1)CO[C@@H]1O[N@]2O[C@@H]([C@H]([C@H]2[C@@H](C1)c1ccccc1)N(=O)=O)c1ccccc1
BIGWOE,O=C1[C@@H]2C=C[C@@H]([C@H]1[C@@H]1[C@H]2CCC1)c1ccccc1N(=O)=O
BIGWUK,OC[C@@H]1C[C@H]2C(=O)[C@@H]1C=C[C@@H]2c1ccccc1N(=O)=O
BIHMEK,CC(O[C@H]1CC[C@@]2(C)[C@H](CC(C3=C2CC[C@@]4(C)[C@@H]3[C@H](C[C@@H]4C5=COC(C=C5)=O)OC(c6c(N(=O)=O)cccc6)=O)=O)C1)=O
BIHVIY,COc1ccc(cc1)/C=C/c1c(cc(cc1N(=O)=O)C(=O)OC)N(=O)=O
BIHVOE,O=N(=O)c1ccc(OCCOc2ccc(cc2N(=O)=O)N(=O)=O)c(c1)N(=O)=O
BIHVUK,COc1ccc(cc1OC)/C=N/Nc1ccc(cc1)N(=O)=O
BIHWUL,COC(=O)Cc1ccccc1OCC1=NC(=NO1)c1ccc(cc1)N(=O)=O
BIHXUM,O=C1CC[C@@H]2C1=Cc1cc(ccc1O2)N(=O)=O
BIJLAJ,CCOC(=O)[C@H]([C@H](C(=C)C)C)Nc1ccc(cc1)N(=O)=O
BIKGEI,C[C@H]([C@@H](c1ccccc1)O[C@@H]1CCC[C@@H](O1)C)N(=O)=O
BIKJIQ,O[C@@H]1C[C@H](N(N1c1ccccc1)C(=O)OC(C)(C)C)c1ccc(cc1)N(=O)=O
BIKJOW,O[C@H]1C[C@@H](N(N1C(=O)OC(C)(C)C)C(=O)OC(C)(C)C)c1ccc(cc1)N(=O)=O
BIKKUE,O=N(=O)/C=C(/C(=O)c1ccc(cc1)C)\Nc1ccccc1
BILDOR,O=C(Nc1ccccc1N(=O)=O)C1=CC(=O)c2ccccc2O1
BILDOR01,O=C(Nc1ccccc1N(=O)=O)C1=CC(=O)c2ccccc2O1
BILMAM,CNC1=C(N(=O)=O)[C@@H](C(=C(O1)c1ccccc1)C#N)c1ccccc1
BIMPOD,CCCCN1c2cc3ccccc3nc2N(CCCC)c2c1nc1cc(ccc1c2N(=O)=O)N(=O)=O
BIMPUJ,CCCCN1c2cc3ccccc3nc2N(CCCC)c2nc3cc(ccc3c(c12)N(=O)=O)N(=O)=O
BIMQAQ,CCCCN1c2cc3ccc(cc3nc2N(CCCC)c2nc3ccccc3c(c12)N(=O)=O)N(=O)=O
BIMYOM,COc1ccccc1N[C@]([C@H](c1ccccc1N(=O)=O)O)(c1ccccc1)C(=O)OC
BINROF,O=N(=O)c1cc(ccc1/C=N/NC1=NN=NN1)N(=O)=O
BINSAS,[O-][N+]1=C2C(N)=C(C3=NO[N+]([O-])=C3C2=NO1)[N+]([O-])=O
BINSUM,O=C(NCC(N(=O)=O)(N(=O)=O)N(=O)=O)C(=O)NCC(N(=O)=O)(N(=O)=O)N(=O)=O
BIPCUY,O=N(=O)[C@@H]1c2ccccc2[C@@H](c2c1cccc2)Cc1ccccc1
BIPGOZ,O=C1CCCC[C@]1(N(=O)=O)c1ccc(cc1)N(=O)=O
BIPJUF,OC(=O)c1ccc(cc1N(=O)=O)N(=O)=O
BIPQID,O=C1CCCC[C@]1(N(=O)=O)c1ccccc1
BIRDEL,O=N(=O)c1cc(ccc1O[C@]12CCC[C@@H](O2)CCC1)N(=O)=O
BISLEU,CC[C@H]([C@H](C(=O)Oc1ccc(cc1OC)N(=O)=O)NC(=O)OCc1ccccc1)C
BITSAA,N#C/C(=C\c1ccc(cc1)N(=O)=O)/C1=Nc2c(N1c1ccccc1)cccc2
BIVKUM,O=N(=O)c1ccc(cc1)N/N=C/1\C[C@@H]2[C@H]1C[C@H]1[C@@H]2O1
BIVQAB,CN(C)c1ccc(C=O)c2ccc(cc12)N(=O)=O
BIVQUV,CCOC(=O)C[C@@H]1Cc2c(OC)cccc2[C@@H]([C@H]1N(=O)=O)O
BIVVOU,C=C[C@]1(C)Oc2ccccc2C(=O)N1c1ccc(cc1)N(=O)=O
BIWZIR,Cc1ccc(cc1)N/N=C(/N(=O)=O)\N=N\c1ccc(cc1)C
BIWZOX,Cc1cc(C)c(c(c1)C)N/N=C(/N(=O)=O)\N=N\c1c(C)cc(cc1C)C
BIXCOD,O/N=C(/C(=N/N=C/c1ccc(cc1)N(=O)=O)/C)\C
BIXCUJ,O/N=C(/C(=N/N=C/c1cccc(c1)N(=O)=O)/C)\C
BIXFAP,O=C(N1C=CC=C1)c1ccc(cc1)N(=O)=O
BIXGOE,O=N(=O)C[C@@H]([C@H]1CCCC=C1N1CCO[C@@H]([C@@H]1C)c1ccccc1)c1ccccc1
BIYDET,CC[C@H]([C@H]1O[C@](C[C@@H]1C)(CC)[C@H]1CC[C@]([C@@H](O1)C)(O)CC)C(=O)[C@H]([C@H]([C@@H](CCc1ccc(c(c1C(=O)OCc1ccccc1N(=O)=O)O)C)C)O)C
BIYHOJ,CCOC(=O)C1=CNc2c(N([C@@H]1c1ccc(cc1)N(=O)=O)/C=C/C(=O)OCC)cccc2
BIYMII,[O-][n+]1cc(N2CCC[C@H]2C(Nc3c(C(C)C)cccc3C(C)C)=O)c(N(=O)=O)cc1
BIYNOM,C[C@H](C[C@H](C(C)(C)C)c1ccccc1)OC(=O)c1cc(cc(c1)N(=O)=O)N(=O)=O
BIYNUU,CCOC(=O)[C@@]1(C#N)[C@@H](N[C@@H]([C@H]([C@@H]1c1ccc(cc1)OC)N(=O)=O)c1ccc(cc1)OC)c1ccc(cc1)OC
BIYPEG,CCOC(=O)[C@@]1(C#N)[C@@H](N[C@@H]([C@@H]([C@@H]1c1cccc(c1)OC)N(=O)=O)c1cccc(c1)OC)c1cccc(c1)OC
BIZDIY,CCN(c1ccc(cc1)/N=N/c1ccc(cc1)N(=O)=O)CCOC(=O)C=C
BIZGUM,O=N[C@@]1(C)C/C=C/C(C)(C)C/C=C(/CC[C@@H]1N(=O)=O)\C
BIZGUN,O=N[C@@]1(C)C/C=C/C(C)(C)C/C=C(/CC[C@@H]1N(=O)=O)\C
BIZHAT,C/C/1=C\CC(C)(C)/C=C/C[C@]([C@H](CC1)N(=O)=O)(C)N(=O)=O
BIZHEX,C/C/1=C\CC(C)(C)/C=C/C[C@]([C@H](CC1)N(=O)=O)(C)ON(=O)=O
BIZKOM,O=N(=O)C(C1=NC(=NO1)C1=NOC(=N1)C(N(=O)=O)(N(=O)=O)N(=O)=O)(N(=O)=O)N(=O)=O
BIZKOM01,O=N(=O)C(C1=NC(=NO1)C1=NOC(=N1)C(N(=O)=O)(N(=O)=O)N(=O)=O)(N(=O)=O)N(=O)=O
BIZLAY,CCNc1cccc(NCC)c1N(=O)=O
BIZLEC,CCCCCCCCNc1cccc(NCCCCCCCC)c1N(=O)=O
BOBDED,COCOc1cccc(c1C#Cc1c(OCOC)cccc1N(=O)=O)N(=O)=O
BOBLEK,COCO[C@@]1(C)CC[C@]([C@H]([C@]1(C)CCOCc1ccccc1)COC(=O)c1ccc(cc1)N(=O)=O)(O)C(=C)C
BOBMAG01,O=N(=O)c1ccc(cc1)N(c1ccc(cc1)N(=O)=O)c1ccc(cc1)N(=O)=O
BOBSAP,O=C([C@@H]1[C@@H]2C[C@H]([C@@]31C(=O)N(c1c3cccc1)C(=O)OC(C)(C)C)c1c(C2=O)cc(cc1)N(=O)=O)OC(C)(C)C
BOCPIS,COc1cc(c(c(c1)N(=O)=O)C(C)(C)C)N(=O)=O
BOCROA,CC1(C)CC(=O)C(=NNc2ccc(cc2)N(=O)=O)C(=O)C1
BOCYID,CN1N(C(=O)C(=C1C)NC(=O)Cc1ccc(cc1)N(=O)=O)c1ccccc1
BOCYOI,O=NN(c1ccccc1)c1ccc(cc1)N(=O)=O
BODMAI,O=N(=O)c1ccc2OC(=Nc2c1)NC1CCCCC1
BODMEM,O=C(C1CCCCC1)c2c(O)cc(C)c(N(=O)=O)c2
BOFDAB,CCOc1cc(c2cc(C)c(OCC)c(c2)N(=O)=O)c(cc1C)N(=O)=O
BOFDIJ,COC(=O)C1=C(C(=NO1)c1ccccc1)N(=O)=O
BOFHOT,O=N(=O)c1ccc(cc1)/N=N/C(=N/N(c1ccccc1)c1ccccc1)/c1ccccc1
BOFSEU,COC[C@@H]1CCN(C(=O)O1)c1ccc(cc1)OCc1cccc(c1)N(=O)=O
BOGFOU,O=N(=O)C[C@@]1(O)[C@@H](O[C@H]2[C@@H]1OC(O2)(C)C)[C@H]1COC(O1)(C)C
BOGFUA,O=N(=O)C[C@]1(O)[C@@H](O[C@H]2[C@@H]1OC(O2)(C)C)[C@H]1COC(O1)(C)C
BOGGIP,CCCC[C@H]1[C@@H](N(=O)=O)[C@H](c2ccccc2)[C@H]([C@H]2[N@@]1CCC1=C2Nc2c1cccc2)CCC
BOGKIT,O=C1CC(C)(C)Oc2c1c1NC(=O)[C@]3(c1cc2)C[C@@]1([C@H](C3(C)C)C[C@@H]2N(C1=O)CCC2)N(=O)=O
BOGNAM,N#C[C@]1(C[C@H]1c1ccc(cc1)N(C)C)c1ccc(cc1)N(=O)=O
BOGNEQ,N#C[C@]1(c2ccc(cc2)N(=O)=O)[C@H]([C@@H]1c1ccc(cc1)N(C)C)C
BOGNIU,N#C[C@]1(c2ccc(cc2)N(=O)=O)[C@@H]([C@H]1C)[C@H](c1ccc(cc1)N(C)C)C
BOGNOA,N#C[C@@]1(C[C@@H]1c1ccccc1)c1ccc(cc1)N(=O)=O
BOGNUG,N#C[C@@]1(c2ccc(cc2)N(=O)=O)[C@H]([C@@H]1C)c1ccccc1
BOGSIA,C/C=C/C=N/Nc1ccc(cc1N(=O)=O)N(=O)=O
BOHGEM,O=N(=O)c1cc(cc(c1)N(=O)=O)[C@](C1=CC=CN1)(C1=CC=CN1)C
BOHLIT01,O=N(=N\c1ccccc1N(=O)=O)/c1ccccc1/N(=N/c1ccccc1N(=O)=O)=O
BOHXUR,O=N(=O)[C@@]1(O[C@@H]([C@H]2[C@@H]1OC(O2)(C)C)[C@H]1COC(O1)(C)C)[C@H]([C@H]1O[C@@H]2OC(O[C@@H]2[C@@H]2[C@H]1OC(O2)(C)C)(C)C)O
BOJDOU,COc1ccccc1N/C=C\1/C=C(C=CC1=O)N(=O)=O
BOJHEN,CO[C@H]1O[C@@H]([C@H]2[C@@H]([C@H]1NC(=O)OCc1ccccc1)OC(O2)(C)C)[C@@H]([C@H]([C@H]1O[C@H]([C@H]2[C@@H]1OC(O2)(C)C)OC)N(=O)=O)O
BOJVON,O=C(c1ccccc1)c1ccc(cc1)N(=O)=O
BOJWED,CC(=O)OC[C@H]1C[C@@H]([C@H]2[C@]1(C)OC(O2)(C)C)OC(=O)c1cc(cc(c1)N(=O)=O)N(=O)=O
BOKJET,CCc1c(CN2C=C(C=N2)c2ccc(cc2)N(=O)=O)c(CC)c(CN2C=C(C=N2)c2ccc(cc2)N(=O)=O)c(CC)c1CN1C=C(C=N1)c1ccc(cc1)N(=O)=O
BOKLAO,Cc1cc(OCc2ccccc2)ccc1N(=O)=O
BOKZUZ,O=N(=O)C(C1=CNN=C1N(=O)=O)N(=O)=O
BOLBOW,OC(=O)c1ccc(cc1)N(=O)=O
BOLKEU,O=C(N1OCCC[C@@H]1CC(=O)c1ccc(cc1)N(=O)=O)OCc1ccccc1
BOLPEX,Oc1ccc(c2C(=O)c3c(c(O)ccc3N(=O)=O)C(=O)c12)N(=O)=O
BOMAIU10,CN(C)C(OC(=O)c1ccccc1)=NN(C)c1ccc(cc1N(=O)=O)N(=O)=O
BOMHAM,CC1=Nc2cc(ccc2C(=O)O1)N(=O)=O
BOMHAO,Cc1c(C)c(c(C)c2CCC(C)(C)Oc12)N(=O)=O
BOMJAO,CCOC(=O)C1=C(N2C=C(C)C=CC2=N1)N(=O)=O
BOMKIA,Cc1cc(Nc2ccc(NC(=O)c3ccc(cc3)N(=O)=O)cc2)nc(N)n1
BOMMAR,O=C1C[C@@H]2C[C@H]1c1c2cc(cc1)N(=O)=O
BONCOZ,CNC1=C(N(=O)=O)[C@H](C2=C(O1)N(N=C2C)c1ccccc1)c1ccccc1
BOPGAO,CC(=O)O[C@H]1C[C@H](N(O1)c1ccccc1)c1ccc(cc1)N(=O)=O
BOPJIA,O=C(c1ccccc1)c1ccc(cc1)COc1ccc(c(c1)OCc1ccc(cc1)C(=O)c1ccccc1)/C=C/c1ccc(cc1)N(=O)=O
BOPJOG,O=C(c1ccccc1)c1ccc(cc1)COc1ccc(cc1)/C=C/c1ccc(cc1)N(=O)=O
BOPQUU,CCOC(=O)CCC1=CNc2ccc(cc12)N(=O)=O
BOPQUU01,CCOC(=O)CCC1=CNc2ccc(cc12)N(=O)=O
BOPYEN,CCN(c1ccc(c(c1)O)/C=N/c1ccc(c(c1)N)N(=O)=O)CC
BOPYIR,CCN(CC)c1ccc(c(O)c1)C1=Nc2cc(ccc2N1)N(=O)=O
BOQHAQ,CC[N+](CC)(CC)C[C@@H]1COC2(C(N(=O)=O)=C[C-](N(=O)=O)C=C2N(=O)=O)O1
BOQHEU,CC1=CC(=C(Oc2ncc(cc2N(=O)=O)N(=O)=O)C(=O)C(=C1)C)C
BOQJAS,CC1=CN(N=C1c1ccccc1O)c1ccc(cc1N(=O)=O)N(=O)=O
BOQQUV,O=C/C(=C\NCc1ccccc1)/c1ccc(cc1)N(=O)=O
BOQTEJ,O=C(Nc1ccc2ncccc2c1N(=O)=O)c1ccc(cc1)N(=O)=O
BORHAS,COCCNC(=O)N/N=C/C1=CC=C(O1)N(=O)=O
BORHIA,O=C(N/N=C/C1=CC=C(O1)N(=O)=O)NCCc1ccccc1
BORQAB,O=N(=O)c1ccc(cc1)c1ccc(cc1)N(c1ccccc1)c1ccccc1
BOSVIO,O=C1Nc2c(cc(cc2N(=O)=O)N(=O)=O)c2c1cc(cc2N(=O)=O)N(=O)=O
BOSWOV,CC(=O)OC[C@H]1O[C@@H](Oc2ccc(c(c2)N(=O)=O)N(=O)=O)[C@@H]([C@H]([C@@H]1OC(=O)C)OC(=O)C)OC(=O)C
BOSWUB,OC[C@H]1O[C@@H](Oc2ccccc2N(=O)=O)[C@@H]([C@H]([C@@H]1O)O)O
BOTJAX,CC(C)(C)C(=O)Nc1cccc(COc2cccc(OCc3cccc(NC(=O)C(C)(C)C)n3)c2N(=O)=O)n1
BOTLEC,CCOC(=O)/C(=C\N(=O)=O)/C1=CN(c2c1cccc2)C
BOTMUT,O=C1N2CCCCCC2=Nc2c1cc(cc2N(=O)=O)N(=O)=O
BOVDAU,CN1N=NC(=C1C)C1=CN=NN1c1ccc(cc1)N(=O)=O
BOVMIL,C[C@H]1C[C@@]2(C)[C@H](C[C@@H]1OC(=O)c1ccc(cc1)N(=O)=O)CC[C@@H]1[C@@H]2CC[C@]2([C@H]1CCC12OCCO1)C
BOVSOX,CC(=O)Oc1ccc(cc1)/N=C/c1ccc(cc1)N(=O)=O
BOVXOA,C[C@@H]1CC[C@H]([C@]2(C1)OC[C@H](O2)COC(=O)c1cc(cc(c1)N(=O)=O)N(=O)=O)C(C)C
BOWCOG,O=N(=O)c1cccc(c1)[C@H]1C2=C(OC31C(=O)CC(CC3=O)(C)C)CC(CC2=O)(C)C
BOWCUM,O=C1c2ccccc2C(=O)C21C(c1cccc(c1)N(=O)=O)C12C(=O)c2ccccc2C1=O
BOWDAT,O=N(=O)[C@H]1[C@@H](N(CC[C@@]1(C)O)Cc1ccccc1)c1ccccc1
BOWDEX,O=N(=O)[C@@H]1[C@@H](c2ccccc2)[N@@](CC[C@]1(C)O)C1CCCCC1
BOWDIB,COC(=O)[C@@H](N1CC[C@]([C@@H]([C@H]1c1ccccc1)N(=O)=O)(C)O)C(C)C
BOWDOH,C[C@@H](N1CC[C@@]([C@H]([C@@H]1c1ccccc1)N(=O)=O)(C)O)c1ccccc1
BOWDUN,COc1ccc(cc1)[C@@H](N1CC[C@@]([C@H]([C@@H]1c1ccccc1)N(=O)=O)(C)O)C
BOWFAV,C[C@@H](c1ccc(cc1)N(=O)=O)N1CC[C@]([C@@H]([C@H]1c1ccccc1)N(=O)=O)(C)O
BOWHUR,O=N(=O)[C@H]1[C@@H](N(CC[C@]1(C)O)Cc1ccccc1)c1ccccc1
BOWJAZ,COC(=O)[C@H](N1CC[C@]([C@H]([C@@H]1c1ccccc1)N(=O)=O)(C)O)C(C)C
BOWJED,COc1ccc(cc1)[C@@H](N1CC[C@]([C@@H]([C@H]1c1ccccc1)N(=O)=O)(C)O)C
BOWJIH,C[C@@H](c1ccc(cc1)N(=O)=O)N1CC[C@@]([C@H]([C@@H]1c1ccccc1)N(=O)=O)(C)O
BOWJON,C[C@H](c1ccc(cc1)N(=O)=O)N1CC[C@@]([C@@H]([C@H]1c1ccccc1)N(=O)=O)(C)O
BOWSIP,CC(=O)/C(=N/Nc1ccc(cc1)N(=O)=O)/C
BOWYOC,CN1C=NC(=C1N1CCN(CC1)c1ncccn1)N(=O)=O
BOXZIA,COc1cc(/C=N/c2ccc(cc2)Oc2ccc(cc2)/N=C/c2cc(OC)cc(c2O)N(=O)=O)c(c(c1)N(=O)=O)O
BOYCOI,COC(=O)C1=C(C)NC(=C([C@@H]1c1cccc(c1)N(=O)=O)C(=O)C)C
BOYZUN,Cc1cccc(c1)N1c2ccccc2C(=O)C(=C1c1ccccc1)c1ccc(cc1)N(=O)=O
BOZGED,CN1C=C(C(=N1)C(O)=O)N(=O)=O
BOZGIH,CN1N=CC(=C1C(O)=O)N(=O)=O
BUAGLN10,CCCCN/C(=C(/[C@H]([C@@H]([C@H]([C@H]([C@H](OC(=O)C)COC(=O)C)OC(=O)C)OC(=O)C)OC(=O)C)CN(=O)=O)\C(=O)OCC)/C
BUBLOZ,C=COc1ccc(cc1)N(=O)=O
BUBNER,OC(=O)[C@@H]1C[C@@H]1c1cccc(c1)N(=O)=O
BUCTOJ,Cc1ccc(cc1)/C/1=C/2\C=CC(=N2)[C@@](O)(c2ccc(cc2)C)C2=C(C=C(N2)C2=N/C(=C(\C3=CC=C1N3)/c1ccc(cc1)C)/C=C2)N(=O)=O
BUCXAY,O=N(=O)c1ccc(cc1)/N=C/N1CCCCCC1
BUDCUY,N#C/C(=C(\c1ccc(cc1)N(C)C)/CC)/c1ccc(cc1)N(=O)=O
BUDDAF,N#C/C(=C/c1ccc(cc1)N(=O)=O)/c1ccccc1
BUDDEJ,N#C/C(=C(/c1ccccc1)\C)/c1ccc(cc1)N(=O)=O
BUDFIS,O=C(OCc1ccc(cc1)N(=O)=O)/C=C/C1=Cc2ccccc2N(C1)C(=O)C
BUDJIV,COc1ccc(cc1)N1CCc2c([C@@H]1C(=O)N(C(=O)c1cccc(c1)N(=O)=O)C1CCCCC1)cccc2
BUDKER,COc1cccc(c1c1c(OC)cccc1N(=O)=O)N(=O)=O
BUDRIC,CCOC(=O)/C(=C/c1cc(O)c(c(c1)N(=O)=O)O)/C#N
BUDVEC,C/C=C/C=N/Nc1ccccc1N(=O)=O
BUDVIH,C=C1C(=NO[C@@]1(O)c1ccc(cc1)N(=O)=O)C
BUDXOO,O=C(c1ccc(cc1)N(=O)=O)/C=C/c1ccccc1
BUFDUC,CCOc1cc(/C=N/Nc2ccccc2N(=O)=O)ccc1O
BUFMOF,COc1cc(OC)c(c(c1)OC)C(=O)/C=C/c1cc2OCOc2cc1N(=O)=O
BUFNIB,O=C1CCCC2=NOC(=C12)c1ccc(cc1)N(=O)=O
BUFXOS,CC(C)(C)c1cc2N=C3C=C4Oc5cc(ccc5N=C4C=C3Oc2c(c1)C(C)(C)C)N(=O)=O
BUGJIW,COC[C@]1(C)OC(=O)N(C1)c1ccc(cc1)OCc1cccc(c1)N(=O)=O
BUGKIY,NN1C=C(N=C1N(=O)=O)N(=O)=O
BUGKIY01,NN1C=C(N=C1N(=O)=O)N(=O)=O
BUGKOE,O=N(=O)NN1C=C(N=C1N(=O)=O)N(=O)=O
BUGLEX,O=C1C=C[C@@]2([C@@H]3[C@H]1C(=CC(=C3CO2)C)c1ccc(cc1)N(=O)=O)C
BUGPIC,CC1=NN(c2ccccc2N(=O)=O)C(=C1)C(C)(C)C
BUGQOK,COc1ccc2c3c1O[C@@H]1[C@@]43CCN([C@H](C2)[C@@]24C=C[C@@]1(OC)[C@H](C2)c1cccc(c1)N(=O)=O)C
BUGQOM,CCOC(=O)C1=NN(CNc2nc(C)ccc2N(=O)=O)C(=C1)C
BUGQUQ,COc1ccc2c3c1O[C@@H]1[C@@]43CCN([C@H](C2)[C@@]24C=C[C@@]1(OC)C[C@H]2c1cccc(c1)N(=O)=O)C
BUGTIJ,O=N(=O)[C@H]1/C=C/2\c3ccccc3[C@@H](c3c2cccc3)[C@H](/C=C\2/c3c([C@@H]1c1ccccc21)cccc3)N(=O)=O
BUGZIM,[N+](=O)([O-])C=1C=C(C=CC1)/C=C/C1=CC=C(C=C1)N1C(OC(C1)COC)=O
BUHSUV,Cc1ccc(cc1)N1C2=C(C(=O)CC(C2)(C)C)[C@@H]2[C@@]3([C@H]1N(Cc1ccccc1)[C@@H]1[C@H]2[C@H]2[C@@]1([C@@H]3C=CN2Cc1ccccc1)N(=O)=O)N(=O)=O
BUJVEJ,O=C(c1ccc(cc1)N(=O)=O)O[C@@H]1[C@]2(COC(=O)c3ccc(cc3)N(=O)=O)CC[C@H]([C@]31[C@@H]2CC(=O)[C@H]3C)OC(=O)c1ccc(cc1)N(=O)=O
BUKLEA,C=CC1=C[C@H](CCCC1)OC(=O)c1ccc(cc1)N(=O)=O
BUKSUY,CCOC(=O)C1=C(C)OC(=C([C@H]1c1ccccc1N(=O)=O)C#N)N
BUKTUW,O=N(=O)c1ccc(cc1O[C@H]1CCCCO1)N(=O)=O
BUKXUA,CC(=O)OC/C(=N/Nc1ccc(cc1N(=O)=O)N(=O)=O)/[C@H]([C@@H]([C@H](OC(=O)C)COC(=O)C)OC(=O)C)OC(=O)C
BULFAS,COc1ccc(Oc2ccccn2)cc1N(=O)=O
BULTOU,CC/C(=C\N(=O)=O)/N1CCOCC1
BULTUA,CCC1=C(N(=O)=O)[C@@H](NC(=O)N1)c1ccccc1
BUMHUM,Cc1c2ccccc2nc2cccc(c12)N(=O)=O
BUMJAU,Nc1c2ccccc2nc2cccc(c12)N(=O)=O
BUMNOM,O=C1N(c2ccc(cc2)N(=O)=O)C(=O)[C@H]2[C@@H]1[C@H]1C[C@@H]2C2=C1[C@H]1CC[C@@H]2C1
BUNCIW,O=N(=O)C1=C(N(=O)=O)[C@@](C)(N(=O)=O)C(C(=O)[C@@]1(C)N(=O)=O)(C)C
BUPKAB,CC(=O)OC1=C[C@@H](CO[C@@H]1COC(=O)C)c1cc(cc(c1)N(=O)=O)N(=O)=O
BUPPOT,CCOC(C[C@H]1CN(C(OC(C)(C)C)=O)N(C(OC(C)(C)C)=O)[C@@H]1Cc2c(N(=O)=O)cc3c(OCO3)c2)=O
BURFIF,O[C@H]1CC(=O)N([C@H]1NC(=O)c1ccc(cc1)N(=O)=O)Cc1ccccc1
BURJAZ,O=C(c1cc(cc(c1)N(=O)=O)N(=O)=O)O[C@]12CCC[C@@H](O2)CCC1
BURJED,O=C1CCCC(CCC1)OC(=O)c1cc(cc(c1)N(=O)=O)N(=O)=O
BURKUU,COCOc1ccc(cc1N(=O)=O)N(=O)=O
BUSJIJ,CCCCCCCCCCN/C=C\1/C=C(C=CC1=O)N(=O)=O
BUSLUY,N#C[C@]1(N(=O)=O)[C@H]2C=C[C@@H]([C@@H]1c1ccccc1)C2
BUSSIS,CC(=O)O[C@@H]1CCCC[C@H]1N(=O)=O
BUTDID,O=C(Nc1ccc(cc1)N(=O)=O)c1ccccc1
BUTMOU,CC(C)=CC1=CC(=C(C(=O)O1)c1ccc(cc1)N(=O)=O)C
BUTQEO,O=C(c1ccc(cc1)N(=O)=O)OCC(=O)[C@]12C[C@H]3C[C@@H](C2)C[C@@H](C1)C3
BUTYEX,CCOC([C@@H](C(c1ccc(N(=O)=O)cc1)=O)[C@@H](c2ccc(OC)cc2)c3cc(C(C)(C)C)c(O)c(C(C)(C)C)c3)=O
BUVHOR,CCOc1cc(N)c(cc1C(=O)N1CCCCC1)N(=O)=O
BUVVAP,O=N(c1c(N/N=C2CCCC[C@@H](C(C)(C)C)C\2)ccc(N(=O)=O)c1)=O
BUVVET,O=N(=O)c1cc(ccc1N/N=C/1\C[C@@H](CC[C@H]2[C@@H]1CCC2)C(C)(C)C)N(=O)=O
BUWKOU,O=C(c1ccc(cc1)N(=O)=O)O[C@H]1C[C@H]2CC[C@@H]([C@H]1N1[C@@H](COC1=O)Cc1ccccc1)O2
BUWKUA,O=C(c1ccc(cc1)N(=O)=O)O[C@H]1C[C@H]2CC[C@@H]([C@H]1N1C(=O)OC([C@@H]1C(C)C)(c1ccccc1)c1ccccc1)O2
BUWQIT,O=C(N[C@H]([C@@H]1C(=O)N([C@H]1c1ccc(cc1)N(=O)=O)Cc1ccccc1)C)OCc1ccccc1
BUWSAP,O=N(=O)c1ccc(cc1)[C@@]1(C)CC(c2c1ccc(c2)N(=O)=O)(C)C
BUWSET,O=N(=O)c1ccc(cc1)[C@]1(C)CC(c2c1cc(cc2)N(=O)=O)(C)C
BUXJAH,O=N(=O)c1cccc(C#N)c1C#N
BUXMAJ,O=N(=O)c1ccccc1C(=O)[C@H]1[C@H](c2ccccc2)[C@@H]2[N@@](C31C(=O)c1c(C3=O)cccc1)CCc1c2cccc1
BUXWOI,C[C@@H]1O[C@@]23O[C@H]1C[C@@H]1C3=C(CCC2)OC2=C1C(=O)[C@@H](CC2)OC(=O)c1ccc(cc1)N(=O)=O
BUYJAG,COC(=O)N[C@@H]1[C@H](C)O[C@@H](C[C@@]1(C)N(=O)=O)OC
BUYKEL,N#CC([C@@H]1C=CCC[C@H]1/C(=N/Nc1ccc(cc1N(=O)=O)N(=O)=O)/C)(C)C
BUYPUG10,O=N(=O)[C@]12C[C@]3(C[C@@](C2)(C[C@@](C1)(C3)N(=O)=O)N(=O)=O)N(=O)=O
BUYXOK,O=C1C[C@@H]2CC[C@H]([C@@H](C2=CN1CCC1=CNc2c1cccn2)c1ccccc1)N(=O)=O
BUZVOH,Cc1ccc(c(c1)N(=O)=O)N/N=C\1/C=CC(=O)C2=CC=CC=C1C2
BYPOXO,O=C1OC(=N/C/1=C\c1ccc(cc1N(=O)=O)N(=O)=O)c1ccccc1
BZOCYX10,N#C/C(=N/O[C@@](c1ccccc1)(N(=O)=O)C#N)/c1ccccc1
CABLIA,CCC(=O)N1C[C@@H]2[C@@]3([C@H]1CC(=O)C=C3CCC2)N(=O)=O
CABMID,O=N(=O)c1ccccc1N/N=C(\c1ccccc1)/C=C/c1ccccc1
CABQED,C[C@@H](C1=NC(=NN1)[C@@H](OC(=O)c1ccc(cc1)N(=O)=O)C)OC(=O)c1ccc(cc1)N(=O)=O
CABWAE,O=N(=O)c1ccccc1N/N=C/1\C(=O)C=Cc2c1cccc2
CABYOX,COc1ccc(cc1)[C@@H]([C@@H]1CCCCC1=O)CN(=O)=O
CABYUA,CC(=O)N1CC2(CN(CC(C1)(N(=O)=O)N(=O)=O)C(C)=O)OCCO2
CABYUD,COc1ccc(cc1)[C@H]([C@H]1CCCCC1=O)CN(=O)=O
CABZIR,OC1(CN(=O)=O)C(=O)c2ccccc2C1=O
CACBOB,Cc1cc(/C(=N/C2=C(C)N(N(C2=O)c2ccccc2)C)/C)c(c(c1)N(=O)=O)O
CACBUF,CC(=O)Nc1c(C)cc(C)cc1N(=O)=O
CACFOD,O=N(=O)c1cc(ccc1N/N=C/1\CCCC(=C1N(=O)=O)C)N(=O)=O
CACFOD01,O=N(=O)c1cc(ccc1N/N=C/1\CCCC(=C1N(=O)=O)C)N(=O)=O
CACNEA,COC(=O)C(=C)OC(=O)c1ccc(cc1)N(=O)=O
CACNIE,COC(=O)[C@@]1(C[C@H]2C[C@@H]1C=C2)OC(=O)c1ccc(cc1)N(=O)=O
CACNIG,O=N(=O)c1ccccc1[C@H](CC1=CN=C(O1)c1ccccc1)O
CACRAA,CC1=C(C(=O)c2ccccc2)C(=O)c2cc(ccc2N1c1ccccc1)N(=O)=O
CACREE,CCCN1C(=C(C(=O)c2ccccc2)c2ccc(cc2C1=O)N(=O)=O)C
CACVUZ,O=C1CCc2c(/C/1=C\C=C\c1ccc(cc1)N(=O)=O)cccc2
CACXIQ,COc1ccc(cc1)[C@H]1[C@@H](COC2=C1C(=NN2c1ccccc1)C)N(=O)=O
CACXUA,CCN(C(=O)[C@@H]1C[C@@](O)(OC[C@H]1N(=O)=O)C(=O)OC)CC
CADBOB,OC1=NON=C1N(=O)=O
CADDIU,O=C(/C(=N/Nc1ccc(cc1)N(=O)=O)/c1ccccc1)C1=CC(=NO1)c1ccccc1
CADFAO,COc1ccc2ccc3OC(=Cc3c2c1)N(=O)=O
CADHUN,CC(=O)[C@]1(CO1)[C@@H](c1ccc(cc1)N(=O)=O)O
CADJEZ,O[C@H]([C@@]1(OC1)C(=O)OC(C)(C)C)c1ccc(cc1)N(=O)=O
CADREI,O=N(=O)C1=NN(C2=C1N(N=C2N(=O)=O)C(N(=O)=O)(N(=O)=O)N(=O)=O)C(N(=O)=O)(N(=O)=O)N(=O)=O
CAFQUW,NC1=NC(=O)N(C=C1)c1c(cc(cc1N(=O)=O)N(=O)=O)N(=O)=O
CAFSAG,O=N(=O)c1ccccc1/C=C/C(=N/Nc1ccccc1)/c1ccccc1
CAFSAG01,O=N(=O)c1ccccc1/C=C/C(=N/Nc1ccccc1)/c1ccccc1
CAGFUO,CCOc1ccc(cc1[C@H]1CC(=NN1c1ccccc1)c1cccc2c1cccc2)N(=O)=O
CAHBIZ,COc1ccc(c(c1)N(=O)=O)N[C@@H]1C[C@@H]2[C@]([C@@H]3C1=C[C@@](C)(CC)CC3)(C)CCC[C@@]2(C)C(=O)OC
CAJGEB,C=C1CC[C@H]2[C@]3([C@@H]1[C@H](OCc1ccc(cc1)N(=O)=O)OC3=O)CCCC2
CAJTAI,CC(=O)C1=C(C=C2C=CC(=CN12)N(=O)=O)c1ccccc1
CAJTEM,O=N(=O)C1=CN2C(=NC=C2c2ccccc2)C=C1
CAJTIQ,O=N(=O)C1=CN2C=C(N=C2C=C1)c1ccccc1
CALKEI,O=N(=O)C1=C(Nc2ccccc2)c2ncccc2[C@]2([C@@H]1CN(C2)Cc1ccccc1)N(=O)=O
CALLIL,O=N(=O)C[C@@H]([C@@H]([C@@H]1O[C@@H]2COC(O[C@H]2[C@H]2[C@@H]1OC(O2)(C)C)(C)C)N(=O)=O)[C@H]1OC(O[C@@H]1[C@H]1COC(O1)(C)C)(C)C
CAMMUA,O=C/C(=C/c1ccc(cc1)N(=O)=O)/c1ccc(cc1)O
CANFAA,OCCCN1CCN(CC1)c1ccc(cc1)N(=O)=O
CANJEH,CCCC1=C(CCC)C(=O)c2c(ccc3ccc4OC(Oc5cc(c6ccccc6c5c4c23)N(=O)=O)(c2ccccc2)c2ccccc2)C1=O
CANKIL,CNC1=NC(=C(/C/1=N\c1ccccc1)N(=O)=O)NC
CANXIA,OCC(CO)(N(=O)=O)C(CO)(CO)N(=O)=O
CAPXUM,O=C(c1cc(cc(c1)N(=O)=O)N(=O)=O)O[C@@H]1[C@@H]2OC(O[C@@H]2[C@]2([C@@H]1O2)COCc1ccccc1)(C)C
CAQLIP,CCOC(=O)C([C@@H](c1ccccc1N(=O)=O)C#N)(C(=O)OCC)O
CAQLOV,CCOC(=O)C(O)(Cc1c(cccc1N(=O)=O)N(=O)=O)C(=O)OCC
CAQRAQ,O=C(c1ccc(cc1)N(=O)=O)O[C@H]1CC[C@]23[C@@H]1[C@H]1O[C@@H]3C(=C[C@H]1OC(=O)c1ccc(cc1)N(=O)=O)C=CC[C@H]2C
CAQWUP,CN1C[C@@H]2C[C@H](C1)C1=C(C=CC(=O)N1C2)N(=O)=O
CAQXAW,CN1C[C@@H]2C[C@H](C1)C1=CC=C(C(=O)N1C2)N(=O)=O
CARJUB,COC(=O)[C@]([C@@H](c1ccccc1N(=O)=O)O)(c1ccccc1)OC(C)C
CARLIQ,CC(C1=C(/C=N/Nc2ccc(cc2N(=O)=O)N(=O)=O)[C@@H]2[C@@]3(CC1)C(=O)CC[C@@H]([C@@]3(C)CCC2)C)C
CARWIE,N#C[C@]1(C(=O)N)[C@@H](CN([C@]21c1ccccc1N(C2=O)C)C)c1cccc(c1)N(=O)=O
CASBOQ,O=N(=O)C1=CNN=C1N1C=NN=N1
CASBOQ01,O=N(=O)C1=CNN=C1N1C=NN=N1
CASCAD,NN1C=C(C(=N1)N1C=NN=N1)N(=O)=O
CASCOP,CC(C)(C)C1=C(C(=NN1)O)N(=O)=O
CASDOQ,C[C@@H]([C@H](c1ccccc1)N(OC(=O)c1ccc(cc1)N(=O)=O)C)N(=O)=O
CASYIG,O[C@H]1NC(=C(N(=O)=O)N(=O)=O)N[C@@H]1O
CASYIG01,O[C@H]1NC(=C(N(=O)=O)N(=O)=O)N[C@@H]1O
CATJIQ,O=N(=O)N1CC(CN(CC(C1)(N(=O)=O)N(=O)=O)N(=O)=O)(N(=O)=O)N(=O)=O
CATJIQ01,O=N(=O)N1CC(CN(CC(C1)(N(=O)=O)N(=O)=O)N(=O)=O)(N(=O)=O)N(=O)=O
CATLUE,Oc1ccccc1C1=NN(C=C1C=O)c1ccc(cc1N(=O)=O)N(=O)=O
CATXUT,O=C(Nc1c(cc(c2cccnc12)N(=O)=O)N(=O)=O)c1ccc(cc1)C(=O)Nc1c(cc(c2cccnc12)N(=O)=O)N(=O)=O
CAVDAF,O=C1ON([C@@H](N1c1ccccc1)c1ccccc1N(=O)=O)C
CAVDUB,COc1ccc(cc1)/C=C(/C(=O)/C=C/c1ccc(cc1)N(=O)=O)\C
CAVQOF,Oc1ccccc1/C=N/c1ccc(cc1)N(=O)=O
CAVQOF01,Oc1ccccc1/C=N/c1ccc(cc1)N(=O)=O
CAVROG,N#CC([C@]1(C)C(=C1C)C)(c1ccc(cc1)N(=O)=O)C#N
CAWDAF,O=N(=O)c1ccc(cc1)/N=N/C(=N\N(c1ccccc1)c1ccccc1)/c1ccccc1
CAWDUB,COC(=O)C1=C(c2ccc(cc2)C)C2=C(OC(=C2[C@H]1c1ccccc1)C)c1ccc(cc1)N(=O)=O
CAWWAZ,CC(C)(C)OC(=O)CN(c1ccccc1)c1ccc(c(Nc2ccccc2)n1)N(=O)=O
CAWWED,CN(c1ccccc1)c1nc(Nc2ccccc2)ccc1N(=O)=O
CAWWIH,CC(C)(C)OC(=O)N(c1ccccc1)c1ccc(c(Nc2ccccc2)n1)N(=O)=O
CAXMUK,O=C1C=C([C@@H]([C@H]1OC(=O)c1ccc(cc1)N(=O)=O)C(C)C)C
CAXNIY,O=N(=O)C1([C@@H]2C[C@@H]3C[C@H]1C[C@H](C2)C3)N(=O)=O
CAYMAR,O=N(=O)c1cccc2ccc(NCc3ccccc3)nc12
CAYNIC,CCOC(=O)[C@]1(CC[C@@]2(O[C@@]1(C)OO2)C)Cc1ccc(cc1)N(=O)=O
CAYTOO,O=N(=O)c1ccc(OCCN2CCN(CC2)c2ccccn2)cc1
CAYVIK,CCOC(=O)[C@]1(CC[C@]2(O[C@]1(C)OO2)C)Cc1ccc(cc1)N(=O)=O
CAZBUC,O=N(=O)NC1=NC(=NN1)N(=O)=O
CAZCAJ,CN1N=C(N=C1NN(=O)=O)N(=O)=O
CAZCEN,O=N(=O)C1=NC(=N[N-]1)[N+]#N
CAZVEH,Cc1ccc(cc1)N1N=C([C@H]([C@]21C(=NN(C2=O)c1ccccc1)C)c1ccc(cc1)N(=O)=O)C1=NN([C@]2([C@H]1c1ccc(cc1)N(=O)=O)C(=NN(C2=O)c1ccccc1)C)c1ccc(cc1)C
CBXLEU,CC(C[C@@H](C(=O)Oc1ccc(cc1)N(=O)=O)NC(=O)OCc1ccccc1)C
CBYMBZ,COC(=O)c1ccc(Cc2c(C)cc(C)cc2C)c(c1)N(=O)=O
CEBKID10,O=N(=O)c1ccc2c(c1)C=C[C@@]1(O2)N(Cc2ccccc2)c2c(C1(C)C)cccc2
CEBLAW,N=C1N(Cc2ccccc2)C(=C([C@@]1(O)c1ccc(cc1)N(=O)=O)C)c1ccccc1
CEBLUS,CC(OC(=O)[C@]1(N=C(O/C/1=N\C1CCCCC1)c1ccccc1)Cc1ccc(cc1)N(=O)=O)C
CECCEU,O=N(=O)c1cccc2CNc3ccccc3c12
CECCIY,O=N(=O)c1cccc2CNc3c4ccccc4ccc3c12
CECCOE,O=N(=O)c1cccc2cnc3c4ccccc4ccc3c12
CECMOM,O=N(=O)c1ccc(cc1)C#C
CECPEH,COc1ccc(Oc2ccc(cc2N(=O)=O)C2=C(N(C)C(=N2)C)N(=O)=O)cc1
CECPIL,CN1C(=NC(=C1N(=O)=O)c1ccc(Oc2ccc(C)cc2)c(c1)N(=O)=O)C
CEDDEU,O=N(=O)c1cc(c(c(c1)N(=O)=O)c1c(cc(cc1N1CCCC1)N1CCCC1)N1CCCC1)N(=O)=O
CEDMUV,O=N(=O)c1ccc(CC2=NN=NN2)cc1
CEDQAF,Oc1cccc(c1)/C=N/NC(=O)c1ccc(cc1)N(=O)=O
CEDVEO,O=C(C#CC1=CC=C(O1)N(=O)=O)c1ccccc1
CEDZUG,O=N(=O)[C@]12[C@H]3[C@H]4[C@@H]2[C@H]2[C@@H]1[C@@H]3[C@@]42N(=O)=O
CEFGID,O=C([C@H](Cc1ccccc1)NC(=O)C)Nc1ccc(cc1)N(=O)=O
CEFNEI,O=C1CCCC[C@@H]1[C@@H](c1ccccc1N(=O)=O)Nc1ccccc1
CEFVAN,O=N(=O)C1=C(C)ON([C@H]1[C@H](c1ccccc1)C)C(C)(C)C
CEGCOI,CC(=O)NCCC1=CNc2ccc(OC(=O)Oc3ccc(cc3)N(=O)=O)cc12
CEGJUV,O=C(N(C1CCCCC1)C1CCCCC1)c1cc(cc(c1)N(=O)=O)N(=O)=O
CEGVOB,COc1ccc(cc1)C(=O)Nc1ccc(OC)cc1N(=O)=O
CEGWAO,O=N(=O)c1cccc(c1)/N=C/C=C(c1ccccc1)c1ccccc1
CEGWES,O=N(=O)c1ccc(cc1)/N=C/C=C(c1ccccc1)c1ccccc1
CEGWIU,COC(=O)/C(=C\c1ccc(cc1)N(=O)=O)/c1ccccc1
CEGWOA,COC(=O)/C(=C\c1ccccc1)/c1ccc(cc1)N(=O)=O
CEGWUG,COC(=O)/C(=C/c1ccc(cc1)N(=O)=O)/c1ccccc1
CEGXAN,COC(=O)/C(=C(/c1ccc(cc1)N(=O)=O)\C)/c1ccccc1
CEHFUS,Cc1ccc(cc1)N(OC(=O)Cc1ccccc1N(=O)=O)C(=O)c1ccccc1
CEHGED,COc1ccc(cc1)/C=N/NC(=O)CN1C=C(N=C1C)N(=O)=O
CEJFIH,O=N(=O)c1cc(c(Oc2ccccc2)cc1Oc1ccccc1)N(=O)=O
CEKCUS,COC(=O)C(NC(=O)[C@H](Cc1ccc(cc1)N(=O)=O)NC(=O)C)(C)C
CEKDAZ,COC(=O)[C@H](Cc1ccc(cc1)O)NC(=O)Cc1ccc(cc1)N(=O)=O
CEKHOS,N#C[C@@]1(C[C@H]([C@]2([C@@H]1CCCC2)N(=O)=O)CC(=O)c1ccccc1)C(=O)N
CEKKEI,CC(C)(C)OOC(=O)c1cccc(c1)N(=O)=O
CEKKIM,CC(C)(C)OOC(=O)c1ccc(cc1)N(=O)=O
CEKVOD,O=N(=O)c1ccccc1N/N=C/c1ccccc1
CELBAW,O=N(=O)C1=NC=CN1
CELBAW01,O=N(=O)C1=NC=CN1
CELNEO,COC(=O)C1=C(C(=O)OC)[C@@H](O[C@H](N1c1ccccc1)/C=C/c1ccccc1)c1ccc(cc1)N(=O)=O
CELZAX,C=C[C@@](c1cccc(c1)N(=O)=O)(C(=O)O)C
CELZUO,COc1cccc2cc3C=C(Oc3cc12)N(=O)=O
CEMHEJ,O=CC1=C(C)C[C@]2([C@@H]1c1ccc(cc1)N(=O)=O)C(=O)N(c1c2cccc1)C(=O)OC(C)(C)C
CEMXAW,COc1c(cccc1OC)/C=C/C(=O)c1cccc(c1)N(=O)=O
CENMUD,CCC(=O)c1c(OC)c(C)c(OC)c2c(OC)c(cc(OC)c12)N(=O)=O
CENVUN,COC(=O)/C=C/C=C/[C@H]1[C@@H]2[C@@H](C)CC[C@@H]([C@H]2C=C([C@H]1/C(=C/COC(=O)c1ccc(cc1)N(=O)=O)/C)C)OC(=O)c1ccc(cc1)N(=O)=O
CEPQEU,O=N(=O)c1ccc2c(c1)NC1([C@H](O2)N2CCOCC2)CCCCC1
CEPTAT,CCOC(=O)C1=C(C)NC=C1c1ccccc1N(=O)=O
CEPTEX,O=C([C@@H]1C(=NN([C@H]1c1ccccc1N(=O)=O)C(=O)C)C)OC(C)(C)C
CEQCEG,CCCCN(CCCC)c1ccc2C#CC#Cc3ccccc3C#CC#Cc3ccc(cc3C#CC#Cc2c1)N(=O)=O
CEQCIK,CCCCN(CCCC)c1ccc2C#CC#Cc3ccc(cc3C#CC#Cc3ccccc3C#CC#Cc2c1)N(=O)=O
CEQGUB,COc1cc(OC)c(cc1N(=O)=O)N(=O)=O
CEQXEB,CC(C)=NNc1c(cc(cc1N(=O)=O)N(=O)=O)N(=O)=O
CERNUJ,COC(=O)C1=C(C)NC(=C([C@@H]1c1cccc(c1)N(=O)=O)C(=O)OCCOC(=O)C)C
CERQIA,OCc1cc(ccc1O)N(=O)=O
CERWEB,O=N(=O)c1ccc(c2c1[C@H]1[C@@H]3CC[C@H]([C@@H]21)C3)[C@H]1C[C@H]2C[C@@H]1CC2
CESBOS,CC(=O)Nc1ccc(cc1)/N=C/c1ccc(cc1)N(=O)=O
CETHEP,COC(=O)C1=C(OC(=O)C)C[C@]([C@@H]([C@H]1c1cccc(c1)N(=O)=O)C(=O)OC)(C)OC(=O)C
CETMET,O=C(c1cc(cc(c1)N(=O)=O)N(=O)=O)O[C@]12CC[C@]32CC[C@]23[C@@]3([C@]4([C@@H]1CC4)CC3)CC2
CETQOI,O=C1CCC[C@H]2[C@@H]1[C@@H]2N(=O)=O
CETWUV,C=CC[C@@]12CCC[C@@]3([C@H]2CCc2c([C@H]1N(C3)C(=O)c1ccc(cc1)N(=O)=O)ccc(c2)OC)C
CEVJAR,COc1cc(OC)c(cc1/C=C(/N(=O)=O)\C)OC
CEWKIA,COC(=O)[C@]12CC(=O)O[C@@]2(N1)c1ccccc1N(=O)=O
CEWLOI,COC1(OC)[C@@H]2CC(=O)C[C@H]1C(=C(N2)NCc1ccccc1)N(=O)=O
CEYDUF,O=N(=O)C(CC(N(=O)=O)(N(=O)=O)N(=O)=O)(CC(N(=O)=O)(N(=O)=O)N(=O)=O)N(=O)=O
CEYKEX,CCN1c2ccccc2c2cc(ccc12)c1nc2ccccc2c(C)c1N(=O)=O
CEZBEP,CCOC(=O)[C@@]12NC(=O)N3[C@@]2(C(=O)OCC)N(C(=O)N1)Cc1c(C3)c(ccc1OC)N(=O)=O
CICCUN,O=C1C=Cc2c(/C/1=N/Nc1ccc(cc1N(=O)=O)N(=O)=O)cccc2
CICMAD,Oc1ccc(cc1/C=N/Nc1ccccc1)N(=O)=O
CICMAD01,Oc1ccc(cc1/C=N/Nc1ccccc1)N(=O)=O
CICQUC,O=C[C@@H]1C[C@@H]([C@@H]([C@H]1C(C)(C)C)N(=O)=O)CC(=O)OCc1ccccc1
CICZET,CCOC(=O)C1(N=C(C[C@H]1c1ccccc1N(=O)=O)c1ccccc1)C(=O)OCC
CIDQIP,CC(C)Nc1ccc(cc1NC(C)=O)N(=O)=O
CIDVAO,O=N(=O)C[C@]1(O)[C@H](O[C@H]2[C@@H]1OC(O2)(C)C)[C@H]1COC(O1)(C)C
CIFKEI,O=C(c1ccc(cc1)N(=O)=O)O[C@H]1CC[C@]2([C@H](C1)CC[C@@H]1[C@@H]2C[C@@H](OC(=O)c2ccc(cc2)N(=O)=O)[C@]2([C@@H]1C[C@H]1[C@@H]2[C@H](C)[C@]2(O1)CCC(O2)(C)C)C)C
CIFNEL,CCN(C(=O)[C@H](NC(=O)c1cc(cc(c1)N(=O)=O)N(=O)=O)CC(C)C)CC
CIFNEL01,CCN(C(=O)[C@H](NC(=O)c1cc(cc(c1)N(=O)=O)N(=O)=O)CC(C)C)CC
CIFQIR,CCCCNc1ccc(cc1NC(C)=O)N(=O)=O
CIFREO,CC1=C[C@H]([C@](CC1)(C)/C=C/c1ccc(cc1)N(=O)=O)c1ccc(cc1)N(=O)=O
CIFROY,O=N(=O)C1=NNC=N1
CIFROY01,O=N(=O)C1=NNC=N1
CIFROY02,O=N(=O)C1=NNC=N1
CIFROY03,O=N(=O)C1=NNC=N1
CIFWAR,CC([C@@H](CN(=O)=O)NC(=O)N1CCCC1)C
CIGLUB,O=C1CC[N@@]2N1[C@@H](c1ccccc1)[C@]([C@H]2/C=C/c1ccccc1)(C)N(=O)=O
CIGMAI,O=C1CC[N@@]2N1[C@@H](c1ccccc1)[C@@H]([C@@H]2/C=C/c1ccccc1)N(=O)=O
CIGSUH,O=N(=O)c1ccc(cc1)/C=C/c1ccnc(c1)c1ccccc1
CIGWIA,O=C1N[C@H]2c3ccccc3O[C@@](N1)([C@H]2N(=O)=O)C
CIHQIT,O=N(=O)C1=NON=C1/N=N/C1=NON=C1N(=O)=O
CIJBAA,O=N(=O)c1ccc2nc(nc(c3ccccc3)c2c1)c1ccccc1N(=O)=O
CIJDAC,CCOC(=O)/C(=C(\N)/C)/[C@@H](c1cccc(c1)N(=O)=O)C(C#N)C#N
CIJYIE,CC1=NC(=C(N1)C#N)N(=O)=O
CIJZUR,COC(=O)C/C(=N/Nc1ccccc1N(=O)=O)/C
CIKBAA,COC(=O)C/C(=N/Nc1ccc(cc1N(=O)=O)N(=O)=O)/C
CIKBAA01,COC(=O)C/C(=N/Nc1ccc(cc1N(=O)=O)N(=O)=O)/C
CIKBEE,CC(C)=C1C(=NN(c2cccc(c2)N(=O)=O)C1=O)C
CIKDAD,CNC1=C(C)N(N=C1C(=O)OC)c1ccc(cc1)N(=O)=O
CIKFAD,COC(=O)[C@@H]([C@@H](c1ccccc1)C)c1ccc(cc1)N(=O)=O
CIKVEY,CCN(C(=O)[C@@H](NC(=O)c1cc(cc(c1)N(=O)=O)N(=O)=O)CC(C)C)CC
CIKVEZ,COC(=O)[C@H]1C(=O)N[C@@H]([C@H]([C@@H]1c1ccc(cc1)C)N(=O)=O)c1ccc(cc1)C
CILJIT,O=N(=O)c1ccc2c(c1)[C@@H]1[C@H](O2)C=CC1=C(c1ccccc1)c1ccccc1
CILSIA,O=N(=O)c1ccc(cc1)N1CCCC1
CIMCEJ,O=C1C[C@@H]([C@]2(O1)c1ccccc1N(C2=O)Cc1ccccc1)c1ccccc1N(=O)=O
CIMCUZ,CNC1=C(N(=O)=O)[C@H](C2=C(O1)CC(C)(C)CC2=O)c1ccc(c(c1)OC)OC
CIMGAI,O=C(C1=C(C)NC2=C([C@@H]1c1ccc(cc1)N(=O)=O)C(=O)CC(C2)(C)C)OC1CCCCC1
CIMGOX,CC1=NN(CN2N=C(C)C(=C2C)N(=O)=O)C(=C1N(=O)=O)C
CIMKIS,O=N(=O)c1ccc(cc1)/N=N/[C@]12CCCC[C@@]2(CCCC1)/N=N/c1ccc(cc1)N(=O)=O
CIMREX,COC(=O)/C(=N/Nc1ccc(cc1N(=O)=O)N(=O)=O)/C[C@@H](c1ccccc1OC(=O)c1ccccc1)CN(=O)=O
CINVIE,O=N(=O)C1=C[C@@](N(=O)=O)(C2CC2)[C@@H]([C@](C1=O)(C)O)N(=O)=O
CIPFOY,COc1c2Cc3cc(cc(Cc4cccc(Cc5cc(cc(Cc1ccc2)c5OC)N(=O)=O)c4OC)c3OC)N(=O)=O
CIPQID,O=N(=O)c1ccc(cc1)/C(=C/1\OC(=Nc2c1cccc2)C(C)(C)C)/c1ccccc1
CIPRAW,Oc1cccc(c1)C[C@]1(O)C(=O)N(C)[C@H](C(=O)N1C)CC1=CNc2c1c(ccc2)N(=O)=O
CIQCAJ,COc1cccc(C=[NH+]c2cc(ccc2O)N(=O)=O)c1[O-]
CIQRIE,O=N(=O)c1ccc(OCCCCOc2ccc(cc2)N(=O)=O)cc1
CIRLAS,COc1ccc(cc1)[C@@H](c1ccc(cc1)C)CN(=O)=O
CIRLEV,C[C@H](N(C(=O)c1ccccc1N(=O)=O)Cc1c2ccccc2cc2c1cccc2)c1ccccc1
CIRLEW,N#C[C@@H]1C(=C)C[C@H]([C@]21CCc1c2cccc1)N(=O)=O
CIRLEW01,N#C[C@@H]1C(=C)C[C@H]([C@]21CCc1c2cccc1)N(=O)=O
CIRLEX,CN(c1ccc(cc1)/C=C/C1=C(N=CN1)N(=O)=O)C
CIRLIB,CCN(c1ccc(cc1)/C=C/C1=C(N=CN1)N(=O)=O)CC
CIRLUL,C[C@H](N(C(=O)c1ccccc1N(=O)=O)[C@H](c1ccccc1)C)c1ccccc1
CIRTUV,CCCC[C@H]1C[C@H]2[C@@H]([C@@H]1COC(=O)c1cc(cc(c1)N(=O)=O)N(=O)=O)CC=CC2
CISRUU,O=C(COC(=O)c1cccc(c1)N(=O)=O)c1ccc(cc1)c1ccccc1
CISSAB,O=C(COC(=O)c1ccc(cc1)N(=O)=O)c1ccc(cc1)c1ccccc1
CITBEP,COCCOC(=O)c1ccc(cc1NC(=O)c1ccc(cc1N)N(=O)=O)N(=O)=O
CITCAJ,CC1=C[C@]2([C@@H](CC1)C(C)(C)CCC2)C/C=N/Nc1ccc(cc1N(=O)=O)N(=O)=O
CITTAB,CC([C@@]1(COC(=O)c2ccc(cc2)N(=O)=O)C[C@]1(C(=O)OC(C)(C)C)c1ccccc1)C
CIVHUN,CC(=O)Oc1ccc(cc1)/C=N/Nc1ccccc1N(=O)=O
CIVPOP,Oc1cccnc1N(=O)=O
CIVPOP01,Oc1cccnc1N(=O)=O
CIVTOQ10,O=C1Oc2c(cc(c(c2N(=O)=O)N(=O)=O)N(=O)=O)c2ccc(cc12)N(=O)=O
CIVTUW,O=C1Oc2cc(c(cc2c2ccc(cc12)N(=O)=O)N(=O)=O)N(=O)=O
CIVTUW01,O=C1Oc2cc(c(cc2c2ccc(cc12)N(=O)=O)N(=O)=O)N(=O)=O
CIVVEI10,CC(=O)Oc1cc(cc2C(=O)Nc3c(cc(cc3N(=O)=O)N(=O)=O)c12)N(=O)=O
CIWMAW01,Nc1nc(N)c(nc1N(=O)=O)N(=O)=O
CIWMEA10,O=N(=O)N1CC(C1)(N(=O)=O)N(=O)=O
CIWMOL,O=C(OCc1ccccc1)N1C=NC(=N1)N(=O)=O
CIWYEO,C=Cc1ccccc1/C=C/C=C/c1ccc(cc1)N(=O)=O
CIXCES,O=N(=O)c1ccc(cc1)[C@H]1Nc2ccccc2[C@@H]2[C@H]1CCCO2
CIXCES01,O=N(=O)c1ccc(cc1)[C@@H]1Nc2ccccc2[C@H]2[C@@H]1CCCO2
CIYKUR,O=N(=O)c1c2cccc1C[N@@]1CC[N@](CC1)Cc1cccc(c1N(=O)=O)C[N@]1CC[N@](Cc3c(c(C[N@@]4CC[N@@](C2)CC4)ccc3)N(=O)=O)CC1
CIYNAB,O=N(=O)c1ccc(cc1)c1c2ccccc2c(c2ccccc2)c2c(c3ccc(cc3)N(=O)=O)c3ccccc3c(c3ccccc3)c12
CIYZOZ,O=N(=O)C1=CC2=[N+]([O-])N(N=C2C(=C1)N(=O)=O)c1c(cc(cc1N(=O)=O)N(=O)=O)N(=O)=O
CIZMUT01,COc1ccc(cc1)C1=C(N=C(N1)c1cccc(c1)N(=O)=O)c1ccc(OC)cc1
CIZQAE,CCOC(=O)C1=C(C)N(C=C[C@@H]1c1ccccc1N(=O)=O)c1ccccc1
CIZTUD,CN(C)C1=CC(=NN(c2ccccc2)C(=C1)c1ccccc1)c1cccc(c1)N(=O)=O
CIZVAL,CN(C)c1cc(nc(c1)c1cccc(c1)N(=O)=O)c1ccccc1
CIZVEP,CN(C)c1ccnc(c1)c1cccc(c1)N(=O)=O
CIZZOB,O=C(c1ccc(cc1)N(=O)=O)O[C@H]1[C@H]2CCCC3([C@@H]1[C@@]1(C2)CCCC21CCCC2)CCCC3
CIZZUH,O=C(c1ccc(cc1)N(=O)=O)O[C@@H]1CCC2([C@@]31C(=O)CC[C@]13CCCC31CCCC3)CCCC2
CLAVNT10,OC/C=C/1\O[C@@H]2N([C@@H]1C(=O)OCc1ccc(cc1)N(=O)=O)C(=O)C2
CMCNCB,COC(=O)[C@]1([C@@](CC1)(C1=CC=C(C=C1)[N+](=O)[O-])C(=O)OC)C1=CC=C(C=C1)[N+](=O)[O-]
CMDNFL,O=N(=O)c1ccc2c3ccc(cc3C(=C(C#N)C#N)c2c1)N(=O)=O
CMDNFL01,O=N(=O)c1ccc2c3ccc(cc3C(=C(C#N)C#N)c2c1)N(=O)=O
CMNFLU10,O=N(=O)c1cc2C(=C(C#N)C#N)c3cc(cc(c3c2c(c1)N(=O)=O)N(=O)=O)N(=O)=O
CNOXPA,N#CC1=C(C)N/C(=C\N(=O)=O)/C(=O)C1(C)C
CNOXPB,C(C)(=O)O\C(=C/[N+](=O)[O-])\C1(C(C(=NN1)C#N)(C)C)C#N
COBCEC,O=N(=O)c1ccc(cc1)[C@@H]1OCCOCCOCCO[C@H](OCCOCCOCCO1)c1ccc(cc1)N(=O)=O
COBCIG,O=N(=O)c1ccc(cc1)C1OCCOCCOCCO1
COCHAE,C[C@H]1CC[C@H](C1(C)C)CCOC(=O)c1cc(cc(c1)N(=O)=O)N(=O)=O
COCNBZ01,O=C(c1cc(cc(c1)N(=O)=O)N(=O)=O)O[C@H]1CCCCCC=C1
COCNBZ10,O=C(c1cc(cc(c1)N(=O)=O)N(=O)=O)O[C@H]1CCCCCC=C1
CODYAX,OC(=O)c1cc(/N=N/c2ccc(cc2)N(=O)=O)ccc1O
COFDUW10,OC(=O)c1cc(cc(c1)N(=O)=O)C(O)=O
COGDUZ,O=N(=O)C1=CC(=NN1/N=N/N1N=C(C=C1N(=O)=O)N(=O)=O)N(=O)=O
COGFUB,O=N(=O)C1=C(N=CN1/N=N/N1C=NC(=C1N(=O)=O)N(=O)=O)N(=O)=O
COGGAI,O=N(=O)C1=NN(C=N1)/N=N/N1C=NC(=N1)N(=O)=O
COGGEM,O=N(=O)C1=NC(=CN1/N=N/N1C=C(N=C1N(=O)=O)N(=O)=O)N(=O)=O
COGKOB,COC(=O)c1ccc2NC(=O)c3ccc(NC(=O)c4ccc(c(OCc5ccccc5)c4)N(=O)=O)c(OCCCCCCCCOc2c1)c3
COGKUH,CCOC(=O)C1=CC[C@]2([C@@H]1N(C(=O)c1ccccc1)c1c2cccc1)N(=O)=O
COGMOB,O=N(=O)C[C@@H]([C@@H]1O[C@@H](OC[C@H]1O)c1ccccc1)O
COGMUH,CCO[C@H]1O[C@@H]2CO[C@H](O[C@H]2[C@@H]([C@H]1N(=O)=O)O)c1ccccc1
COGPIZ,CN(c1ccc(cc1)/C=N/c1ccc(cc1O)N(=O)=O)C
COHTIE,C[C@H]([C@@H]([C@@H]([C@@H]([C@@H]([C@@H]([C@@H]([C@@H]([C@@H](c1ccc(cc1)c1ccccc1)C)C)C)C)C)C)C)C)[C@H](OC(=O)c1ccc(cc1)N(=O)=O)C
COHTOK,C[C@H]([C@H]([C@@H]([C@H]([C@@H]([C@H]([C@@H]([C@H]([C@@H](c1ccc(cc1)c1ccccc1)C)C)C)C)C)C)C)C)[C@@H](OC(=O)c1ccc(cc1)N(=O)=O)C
COHYEE,COC(=O)[C@@]12/C(=N\Nc3ccc(cc3N(=O)=O)N(=O)=O)/CCC[C@@H]1C2=C=C
COJJAN,CCOC(=O)C[C@@H]([C@H](NC(=O)OC(C)(C)C)CC(C)C)N(=O)=O
COJXIK,CN1C=C(N=C1/C=C/c1ccccc1)N(=O)=O
COJXOQ,O[C@@H](c1ccccc1)CC1=NC=C(N1C)N(=O)=O
COJXUW,O[C@H](c1ccccc1)CC1=NC(=CN1C)N(=O)=O
COJYAD,CN1C(=NC=C1N(=O)=O)/C=C/c1ccccc1
COKQOJ,COC(=O)N1[C@H]2CC(=O)C[C@@H]1c1c(C2)c(ccc1)N(=O)=O
COLBIO,O=C(c1cc(cc(c1)N(=O)=O)N(=O)=O)O[C@H]1C[C@]23[C@]4(C1=CCC[C@@]4(C1(C43CC4)CCC1)C)CCC2
COLNOI,CC(=O)[C@H]1C(=O)C[C@@]([C@H]([C@@H]1c1ccc(cc1)N(=O)=O)C(=O)C)(C)O
COLRED,COC(=O)C1(CC[C@@H]1c1ccc(cc1)N(=O)=O)C(=O)OC
COLXUW,O=N(=O)[C@]1(C)C(=C(C)[C@@]([C@@](C1=O)(C)N(=O)=O)(C)N(=O)=O)C
COLYAD,O=N(=O)[C@@]1(C)C(=C(C)[C@]([C@@](C1=O)(C)N(=O)=O)(C)N(=O)=O)C
COLYEH,O=N(=O)[C@@]1(C)C(=C(C)[C@@]([C@](C1=O)(C)N(=O)=O)(C)N(=O)=O)C
COLYIL,CC1=C(C)[C@@](C)(N(=O)=O)[C@]([C@](C1=O)(C)N(=O)=O)(C)N(=O)=O
COLYOR,CC1=C(C)[C@](C)(N(=O)=O)[C@]([C@](C1=O)(C)N(=O)=O)(C)N(=O)=O
COLYUX,CC1=C(C)[C@@](C)(N(=O)=O)[C@@](C(=O)[C@]1(C)O)(C)N(=O)=O
COLZAE,O=N(=O)OCC1=C(C)[C@](C)(N(=O)=O)C(=O)[C@@]([C@@]1(C)N(=O)=O)(C)N(=O)=O
COMDIT,O=C(c1cc(cc(c1)N(=O)=O)N(=O)=O)O[C@@H](c1ccccc1)C1CC1
COMDIT01,O=C(c1cc(cc(c1)N(=O)=O)N(=O)=O)O[C@H](c1ccccc1)C1CC1
COMFER,O=N(=O)c1ccc(cc1)/C(=C/Nc1ccccc1)/C=N/c1ccccc1
COMGAO,O=N(=O)c1ccc2c3ccccc3c2c1
COMGEQ,CC1=C(Oc2ccc3ccccc3c12)N(=O)=O
COMGUG,O=C1N(C(=O)c2ccccc12)c1ccccc1N(=O)=O
COMLOF,CCOC(=O)/C(=C(\N)/C)/[C@H]([C@@H]([C@H]([C@@H]([C@H](OC(=O)C)COC(=O)C)OC(=O)C)OC(=O)C)OC(=O)C)CN(=O)=O
COMNBZ,COC(=O)c1ccc(Oc2ccccc2)c(c1)N(=O)=O
CONFET,CCOC(=O)C1=C(C)NC2=C([C@@H]1c1ccccc1N(=O)=O)C(=O)CC(C2)(C)C
CONXIN,CCCNc1ncc(cc1C#N)N(=O)=O
COPSEI,COC(=O)[C@@H]1C[C@@H](CN1C(=O)OC(C)(C)C)OC(=O)c1ccc(cc1)N(=O)=O
COPSIM,COC(=O)[C@H]1NC[C@H](C1)OC(=O)c1ccc(cc1)N(=O)=O
COPSUY,COC(=O)[C@@H]1C[C@@H](CN1C(=O)C(C)(C)C)OC(=O)c1ccc(cc1)N(=O)=O
COPTAF,COC(=O)[C@@H]1C[C@@H](CN1C(=O)C(C)C)OC(=O)c1ccc(cc1)N(=O)=O
COPTEJ,COC(=O)[C@@H]1C[C@@H](CN1C(=O)C)OC(=O)c1ccc(cc1)N(=O)=O
COPTOT,O=CN1C[C@H](C[C@H]1C(=O)OC)OC(=O)c1ccc(cc1)N(=O)=O
COQVAF,N#C/C(=C\c1ccccc1OC)/N(=O)=O
COSJOK,O=CC1=C[C@@H]2[C@H](Oc3c([C@H]2[C@H]([C@@H]1c1ccccc1)N(=O)=O)cccc3)c1ccccc1
COTHUQ,O=C1CC[C@@H]2[C@]31N(CCO2)c1c(C3=O)cc(cc1)N(=O)=O
COTKUS,Cc1cc(c(N)cc1N(=O)=O)N(=O)=O
COTLAZ,Cc1cc(N)c(c(c1)N(=O)=O)N(=O)=O
COTLED,Cc1cc(cc(c1N)N(=O)=O)N(=O)=O
COTLIH,Cc1ccc(c(c1N)N(=O)=O)N(=O)=O
COTLON,Cc1ccc(c(N)c1N(=O)=O)N(=O)=O
COTLUT,CNc1c(cc(C)cc1N(=O)=O)N(=O)=O
COTMAA,CC(C)=NNc1c(ccc(C)c1N(=O)=O)N(=O)=O
COTZOD,CC#Cc1ccc(cc1)N(=O)=O
COVJOO,O[C@@H](c1ccccc1)[C@@H]1O[C@H]1c1ccc(cc1)N(=O)=O
COVJUU,COc1ccc(cc1OC)C(=O)[C@@H]1O[C@H]1c1ccc(cc1)N(=O)=O
COVKAB,O=C(c1ccccc1)[C@@H]1O[C@H]1c1ccc(cc1)N(=O)=O
COVSIQ,O=N(=O)c1ccc(OCCCOc2ccc(cc2)N(=O)=O)cc1
COVWIT,O=N(=O)[C@H]1[C@@H](C=C([C@]1(C)N1CCOCC1)N1CCOCC1)c1ccccc1
COWHON,COC(=O)[C@@H]1ON=C([C@H]1c1ccccc1)[C@H](c1ccccc1)OC(=O)c1ccc(cc1)N(=O)=O
COWMAE,CCO[C@]12OC3=CC=CC=C[C@H]3CC1=C(C(=O)N2C(C)(C)C)Cc1ccc(cc1)N(=O)=O
COWNUX,CN1[C@@H]2CCCC[C@@H]2CO[C@H]1c1ccc(cc1)N(=O)=O
COWPEJ,O=N(=O)[C@@]1(C)[C@@H](c2ccccc2)[C@H]2[C@@](C1=O)(CCC2)N1CCCCC1
COWTAJ,CCOC(C1=CC2=C(c3c(/C(C2=O)=N/Nc4c(N(=O)=O)cc(N(=O)=O)cc4)nc(C(OC)=O)cc3C(OC)=O)N1)=O
COWXUI,OC(=O)c1cc(O)cc(O)c1N(=O)=O
COWYET,OC(=O)c1cc(O)c(c(O)c1)N(=O)=O
COXMIL,O=N(=O)[C@@H]1[C@@H](O)c2c([C@H]1O)cccc2
COXMIL01,O=N(=O)[C@@H]1[C@@H](O)c2c([C@H]1O)cccc2
COXVAN,CC(c1cccc(c1/N=C(\c1ccccc1)/Nc1ccc(cn1)N(=O)=O)C(C)C)C
COXXEU,CCOC(=O)[C@]1(CC[C@]([C@@H]([C@H]1c1ccccc1)N(=O)=O)(C)O)N(=O)=O
COXXIW,OC[C@H]([C@@H](c1ccc(cc1)N(=O)=O)O)N
COXXIY,CCOC(=O)[C@@]1(CC[C@]([C@@H]([C@H]1c1ccccc1)N(=O)=O)(C)O)N(=O)=O
COXXOD,O=N(=O)C1=NN(CC#N)N=N1
COXXOE,CCOC(=O)O[C@@]1(C)CC[C@H]([C@@H]([C@H]1N(=O)=O)c1ccccc1)N(=O)=O
COXXUK,CCOC(=O)[C@@]([C@H](c1ccccc1)CN(=O)=O)(N(=O)=O)C
COYLAF,O=N(=O)C(CNC1=NON=C1NCC(N(=O)=O)(N(=O)=O)N(=O)=O)(N(=O)=O)N(=O)=O
COYLAF01,O=N(=O)C(CNC1=NON=C1NCC(N(=O)=O)(N(=O)=O)N(=O)=O)(N(=O)=O)N(=O)=O
COYLAF02,O=N(=O)C(CNC1=NON=C1NCC(N(=O)=O)(N(=O)=O)N(=O)=O)(N(=O)=O)N(=O)=O
COYLAF03,O=N(=O)C(CNC1=NON=C1NCC(N(=O)=O)(N(=O)=O)N(=O)=O)(N(=O)=O)N(=O)=O
COYPOW,Cc1cccc(n1)/C=N/c1c(cc(cc1C(C)C)[C@H](c1cc(C(C)C)c(c(c1)C(C)C)/N=C/c1cccc(n1)C)c1ccc(cc1)N(=O)=O)C(C)C
COZNOX,COc1ccc(cc1)C(=O)C[C@@H](N1C=Cc2c1cccc2N(=O)=O)C
COZQIT,O=C(c1ccccc1)/C=C(/c1ccc(cc1)N(=O)=O)\NCc1ccccc1
COZYIB,CC(=O)C1=C(C)N(C)[C@H]([C@@H]([C@@H]1c1ccccc1)N(=O)=O)c1ccccc1
CUBHEO,COc1ccc(cc1)N1C(=O)c2cccc(c2C1=O)N(=O)=O
CUBKAN,COc1ccc(cc1)N1C(=O)c2ccc(cc2C1=O)N(=O)=O
CUBNES,O=C1c2ccccc2c2ccc(cc12)N(=O)=O
CUBNES01,O=C1c2ccccc2c2ccc(cc12)N(=O)=O
CUCDOT,O=C(OCc1c(N(=O)=O)cccc1)O[C@@H](C)[C@H]2C(N3[C@@H]2[C@@H](COC3(C)C)C)=O
CUCLES,O=N(=O)c1ccc2OC3=NC(=C(N3Cc2c1)c1ccccc1)c1ccccc1
CUCNET,O=N(C(C)(C)[C@@H]1[C@@H]2[C@@]1(N(=O)=O)CCC2)=O
CUCQEY,COc1ccc2c(c1)N[C@@H]([C@H]([C@@H]2C1=CNc2c1cccc2)N(=O)=O)c1ccccc1OC
CUDPEW,Oc1ccncc1C(N(=O)=O)(N(=O)=O)N(=O)=O
CUDSAX,O=N(=O)c1ccc(cc1)/N=N/c1ccc(cc1)Nc1ccccc1
CUDSEB,CCN(c1ccc(cc1)/N=N/c1ccc(cc1)N(=O)=O)CC
CUDYEH,CCOC(=O)CCN1C=C(C(=O)NC1=O)N(=O)=O
CUDYIL,COC(=O)CCN1C=C(C(=O)NC1=O)N(=O)=O
CUFHAO,O=C(c1ccc(cc1)N(=O)=O)O/C(=C/1\COC\C1=C/c1ccccc1)/c1ccccc1
CUFVEE,O=N(c1ccc(N2N=N[C@@]3(C[C@@H]4C[C@H]3C=C4)[C@H]2N5CCOCC5)cc1)=O
CUFZIM,O=N(=O)[C@]12[C@@]3(N(=O)=O)[C@]4([C@@]2([C@]2([C@@]1([C@@]3([C@@]42N(=O)=O)N(=O)=O)N(=O)=O)N(=O)=O)C)N(=O)=O
CUGCOW,O=N(=O)[C@]12[C@]3(N(=O)=O)[C@@H]4[C@@]1(N(=O)=O)[C@@]1([C@]2([C@]3([C@]41N(=O)=O)N(=O)=O)N(=O)=O)N(=O)=O
CUGDIR,O=N(=O)[C@]12[C@@]3(N(=O)=O)[C@]4([C@@]2([C@]2([C@@]1([C@@]3([C@@]42N(=O)=O)N(=O)=O)N(=O)=O)N(=O)=O)N(=O)=O)N(=O)=O
CUGLOF,O=N(=O)C1(N(=O)=O)[C@@H]2[C@@H]3[C@@H]4[C@H]1[C@@]1([C@H]2[C@H]3[C@@H]1C4)N(=O)=O
CUGSOM,CN1c2ccccc2N(Cc2ccc(cc2)N(=O)=O)c2ccccc12
CUHCIT,CC[C@@H](C(=O)OC)NC(=O)c1cccc(c1)N(=O)=O
CUHQOO,O=N(=O)c1cc(ccc1N/N=C/1\CC[C@H]2[C@@H](C1)/C(=C/c1ccccc1)/CO2)N(=O)=O
CUHZEM,O=C1N(/N=C/c2ccc(cc2)N(=O)=O)CNc2c1cccc2
CUKCAM01,OC(=O)c1cc(cc(c1)N(=O)=O)N(=O)=O
CUKCAM02,OC(=O)c1cc(cc(c1)N(=O)=O)N(=O)=O
CUKCAM03,OC(=O)c1cc(cc(c1)N(=O)=O)N(=O)=O
CUKCAM04,OC(=O)c1cc(cc(c1)N(=O)=O)N(=O)=O
CUKCAM10,OC(=O)c1cc(cc(c1)N(=O)=O)N(=O)=O
CUKCAM11,OC(=O)c1cc(cc(c1)N(=O)=O)N(=O)=O
CUKCAM12,OC(=O)c1cc(cc(c1)N(=O)=O)N(=O)=O
CUKCAM13,OC(=O)c1cc(cc(c1)N(=O)=O)N(=O)=O
CUKCAM14,OC(=O)c1cc(cc(c1)N(=O)=O)N(=O)=O
CUKCAM15,OC(=O)c1cc(cc(c1)N(=O)=O)N(=O)=O
CUKCAM16,OC(=O)c1cc(cc(c1)N(=O)=O)N(=O)=O
CUKCAM17,OC(=O)c1cc(cc(c1)N(=O)=O)N(=O)=O
CUKCAM18,OC(=O)c1cc(cc(c1)N(=O)=O)N(=O)=O
CUKCAM19,OC(=O)c1cc(cc(c1)N(=O)=O)N(=O)=O
CUKCAM20,OC(=O)c1cc(cc(c1)N(=O)=O)N(=O)=O
CUKCAM21,OC(=O)c1cc(cc(c1)N(=O)=O)N(=O)=O
CUKCAM22,OC(=O)c1cc(cc(c1)N(=O)=O)N(=O)=O
CUKCAM23,OC(=O)c1cc(cc(c1)N(=O)=O)N(=O)=O
CUKCAM24,OC(=O)c1cc(cc(c1)N(=O)=O)N(=O)=O
CUKCAM25,OC(=O)c1cc(cc(c1)N(=O)=O)N(=O)=O
CUKCAM26,OC(=O)c1cc(cc(c1)N(=O)=O)N(=O)=O
CUKDOC,O=N(=O)c1cccc(NCNc2cccc(c2)N(=O)=O)c1
CUKDOC01,O=N(=O)c1cccc(NCNc2cccc(c2)N(=O)=O)c1
CUKGOH,Cc1ccc(cc1)c1cc(cc(n1)c1ccc(C)cc1)c1ccc(cc1)N(=O)=O
CUKRUW,O=N(=O)c1ccc(cc1)C1=NC=C2OC(=NN12)C1CCC1
CUKSEH,COC([C@H](Cc1ccc(N(=O)=O)cc1)/[N+]([O-])=C(c2ccccc2)\c3ccccc3)=O
CUKSIK,O=N(=O)C1=CN(N=C1)[C@]12C[C@@H]3C[C@H](C1)C[C@](C2)(C3)O
CUKZIU,O=N(=O)c1ccc(cc1)C1=Nc2c3ccccc3c3ccccc3c2N1c1ccccc1
CUMLEE,NC1=NON=C1Nc1c(cc(cc1N(=O)=O)N(=O)=O)N(=O)=O
CUMLUU,NC1=NON=C1Nc1ccc(cc1N(=O)=O)N(=O)=O
CUMQEI,CC1=NN(C(=C1/N=N/c1ccccc1N(=O)=O)N)c1ccccc1
CUNCOE,N#CC1(C#N)[C@@H]([C@H]1c1ccccc1)c1ccc(cc1)N(=O)=O
CUNGAT,CN/C=C/N(=O)=O
CUNNOQ,Cc1ccc(cc1)N[C@H](/C(=N/Nc1ccc(cc1C)N(=O)=O)/C(C)C)c1ccccc1
CUNTAG,O=N(=O)C1=Cc2ccc3ccccc3c2O1
CUNTOU,CC(=O)/C(=N/Nc1ccccc1N(=O)=O)/C
CUNTUA,C/C(=N\Nc1ccccc1N(=O)=O)/C(=N/Nc1ccccc1N(=O)=O)/C
CUNVAI,CC(=O)/C(=N/Nc1ccc(cc1N(=O)=O)N(=O)=O)/C
CUNWEN,CC1(C)OC(=O)C(=NNc2ccc(cc2N(=O)=O)N(=O)=O)C(=O)O1
CUPBEV,CC[C@H]([C@@H](c1ccccc1)Nc1ccc(cc1)C)N(=O)=O
CUPKUV,COc1ccc(CN2C(=CC(=O)c3cc(ccc23)N(=O)=O)c2ccc(C)cc2)cc1
CUPLAC,O=C1C=C(N(CCCc2ccccc2)c2ccc(cc12)N(=O)=O)c1ccccc1
CUPLIK,Cc1ccc(cc1)C1=CC(=O)c2c(N1[C@@H](c1ccccc1)C)ccc(c2)N(=O)=O
CUPPIO,NC(=O)[C@H](c1ccccc1)/N=C/c1ccc(cc1)N(=O)=O
CUPQEL,NC(=O)[C@H](c1ccccc1)/N=C/c1cccc(c1)N(=O)=O
CUPSAJ,NC(=O)[C@H](c1ccccc1)/N=C/c1ccccc1N(=O)=O
CUPTAK,O=C1N(C)c2ccccc2C2=C1[C@@H](C=C(O2)c1ccccc1)c1cccc(c1)N(=O)=O
CUQTOX,CCOC(=O)C1=NOC(=C1/C(=N/Nc1ccc(cc1N(=O)=O)N(=O)=O)/C)C
CUQXAN,CCCC[C@]1(COC(=O)c2cc(cc(c2)N(=O)=O)N(=O)=O)C=C[C@@]2(C1)O[C@@H]([C@H](O2)C)C
CURCOK,CNc1ccc(cn1)N(=O)=O
CURCUQ,CNc1cccnc1N(=O)=O
CURDAX,CNc1ccc(nc1)N(=O)=O
CURFIF,O=C1CCC[C@]21CO[C@H](C2)c1ccc(cc1)N(=O)=O
CURFOL,O=C1CCCC[C@]21CO[C@H](C2)c1ccc(cc1)N(=O)=O
CURLIL,COc1cc(ccc1/N=N/c1ccc(cc1)N(C)C)N(=O)=O
CURNIO,N#C/C(=C\c1cccc(c1)N(=O)=O)/C(=O)NCC1=CC=CO1
CURSEP,O=N(=O)c1ccc(cc1)/C=N/c1ccc(cc1)Nc1ccccc1
CURSIT,O=N(=O)c1cc(ccc1/C=N/c1ccc(cc1)Nc1ccccc1)N(=O)=O
CURSOZ,CCN(c1ccc(cc1)/N=C/c1ccc(cc1)N(=O)=O)CC
CUSKAD,CC([C@H]1OC(=O)C(=C1c1ccc(cc1)N(=O)=O)C)C
CUTDED,Oc1ccc(cc1/N=N/c1ccc(cc1)Oc1ccc(cc1)N(=O)=O)c1ccccc1
CUTKOT,O=C(NCc1ccccc1N(=O)=O)Nc1cccc2ccccc12
CUTWIX,O=N(=O)[C@H]1C(=C[C@@](C(=O)[C@]1(C)N(=O)=O)(C)N(=O)=O)C(C)(C)C
CUTWOD,O=N(=O)[C@H]1C(=C[C@](C(=O)[C@@]1(C)N(=O)=O)(C)N(=O)=O)C(C)(C)C
CUTWUJ,O=N(=O)[C@H]1C(=C[C@@](C(=O)[C@@]1(C)N(=O)=O)(C)N(=O)=O)C(C)(C)C
CUTXAQ,O=N(=O)[C@H]1C(=C[C@@](C(=O)[C@@]1(C)O)(C)N(=O)=O)C(C)(C)C
CUTXUL,CC[C@@H]([C@H](N1C(=O)c2c(C1=O)cccc2)CN(=O)=O)C=O
CUTYAS,O=C[C@@H]([C@@H](N1C(=O)c2c(C1=O)cccc2)CN(=O)=O)Cc1ccccc1
CUVPIU,CC(C)(C)OC(=O)c1cc2cc(cc(c2cc1O)N(=O)=O)N(=O)=O
CUVPOA,CCOC(=O)c1cc2cc(cc(c2cc1O)N(=O)=O)N(=O)=O
CUVQUI,O=N(=O)C1=NN(C(=N1)C1=NNC=N1)C(N(=O)=O)(N(=O)=O)N(=O)=O
CUVRET,O=N(=O)C1=NN(C(=N1)C1=NN(C=N1)C(N(=O)=O)(N(=O)=O)N(=O)=O)C(N(=O)=O)(N(=O)=O)N(=O)=O
CUVXOG,O=N(=O)C(CC(N(=O)=O)(N(=O)=O)N(=O)=O)CC(N(=O)=O)(N(=O)=O)N(=O)=O
CUWGEI,O=CC1=CC=CN([C@@H]1c1cccc(c1)N(=O)=O)c1ccc(cc1)OC
CUWMUF,O/N=C(\N1C=C(N=C1C)N(=O)=O)/c1ccc(cc1)C
CUWNAM,CCc1ccc(cc1)/C(=N/O)/N1C=C(N=C1C)N(=O)=O
CUWRAP,COC(=O)C1=C2NCC[C@H]([C@@H]2CC1)c1cc(OC)c(cc1N(=O)=O)OC
CUWTAR,O=N(=O)c1ccc(cc1)[C@H]1OCC[C@@H]2[C@H]1[C@@H](c1ccccc1)c1c2cccc1
CUWWAV,O=C(C1=NOC(=C1N(=O)=O)N)OC[C@]12C[C@H]3C[C@@H](C2)C[C@@H](C1)C3
CUXNOY,Oc1c2COCCOCCOCCOCCOCc1cc(c2)N(=O)=O
CUXSIY,CC(=O)N1C(=O)/C(=C/C2=CN(c3c2c(ccc3)N(=O)=O)C(=O)OC(C)(C)C)/NC(=O)[C@@H]1Cc1ccccc1
CUYJUE,COCCCNC(=O)c1cc(c2ccc[nH+]c2c1[O-])N(=O)=O
CUYKAL,COCCCNC(=O)c1cc(c2CCCNc2c1O)N(=O)=O
CUYKEP,COCCCN1COc2c(cc(c3CCCN(C)c23)N(=O)=O)C1=O
CUYKOW,O=C1CCOC(=O)CCCCCC[C@@H](CC1)N(=O)=O
CUYKUC,OC(=O)CCCC[C@@]1(CCC(=O)O1)N(=O)=O
CUYSAT,N#C[C@@H](c1cccc2c1cccc2)NC(=O)c1ccc(cc1)N(=O)=O
CUYSIB,N#C[C@H](c1cccc2c1cccc2)NC(=O)c1cc(cc(c1)N(=O)=O)N(=O)=O
CUZDEG,Nc1c(cccc1N(=O)=O)N(=O)=O
CUZMOZ,CN1C=CC(=N1)N(=O)=O
CUZMUF,CN1C=C(C=N1)N(=O)=O
CUZWAW,C[C@H](C1=CC[C@@H]2[C@H]1C2(C)C)OC(=O)c1ccc(cc1)N(=O)=O
CUZWEZ,CN(C)Nc1c(cc(cc1N(=O)=O)N(=O)=O)N(=O)=O
CUZXAX,CO[C@@H]1O[C@H]2C[C@@H]1[C@@H](C2)N(=O)=O
CUZYIG,O=C(c1cc(cc(c1)N(=O)=O)N(=O)=O)OC[C@@H]([C@]12CCCC[C@@H]2C1)CCc1ccccc1
DABQEF,O=N(=O)c1cccc(c1)[C@H]1C2=C(C[C@H](CC2=O)c2ccccc2)O[C@@]2([C@@H]1C(=O)C[C@@H](C2)c1ccccc1)O
DABRIK,O=C(Nc1ccc(cc1)N(=O)=O)Oc1ccccc1
DABTEI,COc1ccc(cc1)C1=C(C=O)N2C=C(C=CC2=N1)N(=O)=O
DABYIS,COCCCN1C(=O)[C@H]2[C@@H](C1=O)[C@@](N[C@H]2c1ccccc1N(=O)=O)(Cc1ccccc1)C(=O)OC
DACKAW,COC1(OC)[C@H]2C[C@@H]([C@@H](C1=O)C=C2/C=C/N(=O)=O)c1cc(OC)ccc1OC
DACMIF,COC(=O)C(C)(C)C(=O)C(C)(C)C(=O)c1ccc(cc1)N(=O)=O
DACNCP,CC(O)=C1C=C(C=C1C(C)=O)N(=O)=O
DACPUS,O=N(=O)c1cc(ccc1N/N=C/1\CCC[C@]2([C@]1(C)CCC2)O)N(=O)=O
DACVEK,O=C1Oc2ccccc2C2=C1N[C@@H]1[C@@H]([C@H]2c2ccc(cc2)N(=O)=O)COc2c1cccc2
DACWUB,CC(=O)N[C@@H]1C(=C[C@@H]([C@H]([C@@H]1N(=O)=O)c1ccccc1)C)C
DACYEL,Nc1c(c(N)c(c(C(O)=O)c1N(=O)=O)N(=O)=O)N(=O)=O
DACYUC,Cc1cc(cc(C)n1)N(=O)=O
DACZIT,O=N(=O)C[C@@H](c1ccccc1)CC(=O)c1ccccn1
DADBAM,CC[C@H]([C@H](c1ccccc1)C[C@@H]1O[C@@H]([C@H](O1)C)C)N(=O)=O
DADQIJ,CN(c1ccc(cc1)/C=N/Nc1ccc(cc1N(=O)=O)N(=O)=O)C
DADSIN,O=C([C@H]1[C@H](N1c1ccccc1OC(C)(C)C)c1ccc(cc1)N(=O)=O)OC(C)(C)C
DADYEO,O=C([C@H](C1=C(C)Nc2c1cccc2)[C@@H](N(=O)=O)C)OC(C)(C)C
DADYIS,O=C([C@@H]([C@@H](N(=O)=O)C)C1=CC=CN1)OC(C)(C)C
DAFBOB,O=N(=O)/C=C/1\CCCN1C
DAFFUP,O=N(=O)C1=NO[N+](=C1C1=NN=C(O1)N=NC1=NN=C(O1)C1=[N+]([O-])ON=C1N(=O)=O)[O-]
DAFGAS,O=N(=O)C1(N(=O)=O)[C@@H]2[C@@H]3[C@@H]4[C@H]1[C@@H]1[C@H]2[C@H]3[C@H]4C1(N(=O)=O)N(=O)=O
DAFHEY,CC(C)(C)OC(=O)C1=C(OCc2ccccc2)C(=O)NC(=N1)c1cccc(c1)N(=O)=O
DAFPUV,NC1=NON=C1N(=O)=O
DAFPUV01,NC1=NON=C1N(=O)=O
DAFVEP,O=N(=O)NC1=NN/C(=N\N(=O)=O)/C2=C1NC(=N2)N(=O)=O
DAFWAI,O=N(=O)[C@]12[C@H]3C[C@H]4[C@]2(N(=O)=O)[C@H]2C[C@@H]1[C@H]1[C@@H]3[C@@H]4[C@@H]21
DAFWIQ,C[C@H]1C=C[C@@H]2[C@@H]([C@H]1N(=O)=O)CC[C@@H]2OCc1ccccc1
DAGKUS,CC[C@]([C@@H](c1ccccc1)CN(=O)=O)(/C=N/Nc1ccc(cc1N(=O)=O)N(=O)=O)C
DAGREJ,O=N(=O)C[C@@H](C(=O)N1C(=O)O[C@@H]2[C@@]31CC[C@H](C3(C)C)C2)O
DAGROT,O=N(=O)[C@H]([C@H](C(=O)N1C(=O)O[C@H]2[C@]31CC[C@@H](C3(C)C)C2)O)c1ccccc1
DAHLAZ,O=N(=O)c1ccc(cc1)N/N=C/c1ccccc1
DAHLAZ01,O=N(=O)c1ccc(cc1)N/N=C/c1ccccc1
DAJJEF,N#C[C@]1(CC=C[C@H]1c1ccccc1)COC(=O)c1ccc(cc1)N(=O)=O
DAJKUW,CC(=O)O[C@H]1C[C@@H]2[C@H](O[C@@H]1COC(=O)C)OC(=N[C@@H]2c1cccc(c1)N(=O)=O)c1ccccc1
DAJXUH,OC(=O)c1cc(ccc1N(=O)=O)N(=O)=O
DAKCIC,CCOC(=O)C1=Nc2ccc(cc2N1O)N(=O)=O
DAKDEB,CC1=[N+]([O-])ON=C1C1=NO[N+](=C1N(=O)=O)[O-]
DAKHAB,O=N(=O)C1=[N+]([O-])ON=C1C1=[N+]([O-])ON=C1c1ccccc1
DAKHIJ,Cc1ccc2N(Cc3cc(cc(c3OCc3ccc(cc3)N(=O)=O)C(C)(C)C)C(C)(C)C)Cc3cc(C)ccc3N(Cc3cc(cc(c3OCc3ccc(cc3)N(=O)=O)C(C)(C)C)C(C)(C)C)Cc2c1
DAKKOS,OCC1(CO)C[C@@H]1C1=C(C)CC[C@H]1C(Oc1ccc(cc1)N(=O)=O)(C)C
DAKNIN,C[C@@H]1CC[C@H]([C@@H](C1)OC(=O)OC[C@@H]1C[C@@H]1[C@@H]1C[C@H]1COC(=O)c1cc(cc(c1)N(=O)=O)N(=O)=O)C(C)C
DALHAA,CC(C)NC(=O)N(C(C)C)c1c(cc(cc1N(=O)=O)N(=O)=O)N(=O)=O
DALWOD,CCOC(=O)[C@@H]1C(=O)NC(=O)[C@@H]([C@H]1c1cc(ccc1O)N(=O)=O)C(=O)OCC
DAMPCX,CC(=O)C1=C(O)C[C@]([C@@H]([C@H]1c1ccc(cc1)N(=O)=O)C(=O)C)(C)O
DANKEJ,CN1CCOCCOCCOCCOc2cc(ccc12)N(=O)=O
DAPHEI,O=C(OC(C1CC1)C1CC1)c1ccc(cc1)N(=O)=O
DAPHOS,O=C(OCC1CC1)c1cc(cc(c1)N(=O)=O)N(=O)=O
DAPHUY,O=C(OCC1CC1)c1ccc(cc1)N(=O)=O
DAPJAG,O=N(=O)c1ccc(OCC2CC2)cc1
DAPJEK,O=C(OC(C1CC1)C1CC1)c1ccc(cc1N(=O)=O)N(=O)=O
DAPJOU,O=N(=O)c1cc(c(OCC2CC2)c(c1)N(=O)=O)N(=O)=O
DAPPAO,CN(CN(C1=NON=C1N(=O)=O)N(=O)=O)N(=O)=O
DAPPES,O=N(=O)N(CN(C1=NON=C1N(=O)=O)N(=O)=O)CN(C1=NON=C1N(=O)=O)N(=O)=O
DAQWEZ,O=C(NCCN(CCNC(=O)Nc1cccc(c1)N(=O)=O)CCNC(=O)Nc1cccc(c1)N(=O)=O)Nc1cccc(c1)N(=O)=O
DARGAF,O=N(=O)c1cc(c(Oc2ccccc2)c(c1)N(=O)=O)N(=O)=O
DARGEJ,Cc1cccc(C)c1Oc1c(cc(cc1N(=O)=O)N(=O)=O)N(=O)=O
DARGIN,O=N(=O)c1cc(c(Oc2c(cccc2N(=O)=O)N(=O)=O)c(c1)N(=O)=O)N(=O)=O
DARQUJ,O=C1C[C@@H](N1c1ccc(cc1)N(=O)=O)c1ccccc1
DARRAQ,O=C1C[C@H](N1c1ccc(cc1N(=O)=O)N(=O)=O)c1ccccc1
DARWAX,O=C(c1ccccn1)c1ccc(cc1N(=O)=O)N(=O)=O
DARWEB,O=C(c1ccncc1)c1ccc(cc1)N(=O)=O
DARYUQ,CN1c2ccc(cc2C([C@]21C=Cc1c(O2)cccc1)(C)C)N(=O)=O
DARYUQ01,CN1c2ccc(cc2C([C@]21C=Cc1c(O2)cccc1)(C)C)N(=O)=O
DASQET,CC([C@H]1CC[C@H](/C(=C\c2ccc(cc2)N(=O)=O)/C1=O)C)C
DASRUL,O=N(=O)c1cc(/C=N/CC/N=C/c2cc(cc(c2O)C(C)(C)C)N(=O)=O)c(c(c1)C(C)(C)C)O
DASTUO,CCC[NH2+]Cc1cc(ccc1[O-])N(=O)=O
DATFOW,C=C[C@H]1CC([C@H]2[C@]1(N(=O)=O)N(C(=O)c1ccccc1)c1c2cccc1)(C#N)C#N
DATGAJ,C=C[C@@H]1CC([C@@H]2[C@@]1(N(=O)=O)c1ccccc1N2C(=O)c1ccccc1)(C#N)C#N
DATGEL,Cc1ccc(c(N)c1C)N(=O)=O
DATGEN,O=C(c1ccc(cc1)N(=O)=O)O[C@@H]1C[C@@]23[C@](C1)(CCC1(C3)OCCO1)[C@H](CC2)OC(=O)c1ccc(cc1)N(=O)=O
DATLAO,O=C[C@]1(C)CCCC([C@H]1CN(=O)=O)(C)C
DATLEP,O=C(c1cc(cc(c1)N(=O)=O)N(=O)=O)O[C@H]1C=C[C@@]23[C@@]1(CCCC2)C=CC=C3
DATMEQ,CCC1=C(c2ccccc2)C(=C([C@]21O[C@@H](N=C2c1ccccc1)c1ccc(cc1)N(=O)=O)c1ccccc1)c1ccccc1
DATMIU,O=C(c1ccc(cc1)N(=O)=O)O[C@H]1CCC[C@@H]2[C@@]1(C)CCCC2(C)C
DATNBZ,Nc1c(cc(c(N)c1N(=O)=O)N(=O)=O)N(=O)=O
DATNBZ01,Nc1c(cc(c(N)c1N(=O)=O)N(=O)=O)N(=O)=O
DAVCOS,CC(C1=C[C@](C)(Oc2c(C)cc(cc2C)C(C)(C)C)C(=O)[C@@]([C@H]1N(=O)=O)(C)O)(C)C
DAVHAJ,COc1cc2CCc3cc(CCc(c1)c2OC)cc(c3)N(=O)=O
DAVJAN,O=N(c1c(/C=C/C(N2N=[N+]([O-])c3ccccc32)=O)cccc1)=O
DAVKET,CCN1C(=C/C(=C(\c2ccc(cc2)N(=O)=O)/C#N)/C=C1C)C
DAVQOH,O=C1c2cc(cc(C#N)c2c2c(cc(cc12)N(=O)=O)C#N)N(=O)=O
DAVSOL,OCc1ccc(OCc2ccccc2N(=O)=O)c(O)c1
DAVSUR,CCOC(=O)C(Cc1ccc(OCc2ccccc2N(=O)=O)c(OC(=O)OC(C)(C)C)c1)(NC(C)=O)C(=O)OCC
DAVWAB,CCC1=C2/C=C/3\N=C(C(=C3CC)CC)/C(=C/3\N/C(=C\C4=N/C(=C(\C(=C1CC)N2)/N(=O)=O)/C(=C4CC)CC)/C(=C3CC)CC)/N(=O)=O
DAVWEF,CCC1=C(CC)/C/2=C/C3=N/C(=C(/N(=O)=O)\C4=C(C(=C(/C(=C/5\N=C(/C=C/1\N2)C(=C5CC)CC)/N(=O)=O)N4)CC)CC)/C(=C3CC)CC
DAVWOP,CCC1=C(CC)/C/2=C(\N(=O)=O)/C3=N/C(=C(/N(=O)=O)\C4=C(C(=C(/C(=C/5\N=C(/C=C/1\N2)C(=C5CC)CC)/N(=O)=O)N4)CC)CC)/C(=C3CC)CC
DAVXAZ,O=N(=O)C1=C(C)[C@@](C)(N(=O)=O)C(=O)[C@@]([C@]1(C)N(=O)=O)(C)N(=O)=O
DAVXED,O=N(=O)C1=C(C)[C@](C)(N(=O)=O)C(=O)[C@@]([C@]1(C)N(=O)=O)(C)N(=O)=O
DAVXIH,O=N(=O)C1=C(C)[C@](C)(O)C(=O)[C@@]([C@@]1(C)N(=O)=O)(C)N(=O)=O
DAVXON,O=N(=O)C1=C(C)[C@@](C)(N(=O)=O)C(=O)[C@@]([C@@]1(C)N(=O)=O)(C)O
DAVXUT,O=N(=O)C1=C(C)[C@](C)(N(=O)=O)C(=O)[C@@]([C@@]1(C)N(=O)=O)(C)O
DAVYAA,O=N(=O)C1=C(C)[C@]([C@]([C@@]1(C)N(=O)=O)(O)C(=O)C)(C)O
DAWNAQ,O=N(=O)[C@H]1[C@](C)(C=C(C(=O)[C@]1(C)N(=O)=O)C(C)(C)C)N(=O)=O
DAWNEU,O=N(=O)[C@H]1[C@@](C)(C=C(C(=O)[C@]1(C)N(=O)=O)C(C)(C)C)N(=O)=O
DAWNIY,O=N(=O)[C@H]1C(=C[C@](C(=O)[C@]1(C)N(=O)=O)(N(=O)=O)C(C)(C)C)C(C)(C)C
DAWNOE,O=N(=O)[C@H]1C(=C[C@@](C(=O)[C@@]1(C)N(=O)=O)(N(=O)=O)C(C)(C)C)C(C)(C)C
DAWNUK,O=N(=O)[C@H]1C(=C[C@](C(=O)[C@@]1(C)N(=O)=O)(N(=O)=O)C(C)(C)C)C(C)(C)C
DAWPAS,O=N(=O)[C@H]1C(=C[C@@](C(=O)[C@]1(C)N(=O)=O)(O)C(C)(C)C)C(C)(C)C
DAWPEW,O=N(=O)[C@H]1C(=C[C@@](C(=O)[C@@]1(C)N(=O)=O)(O)C(C)(C)C)C(C)(C)C
DAWPIA,O=N(=O)[C@H]1C(=C[C@](C(=O)[C@@]1(C)O)(N(=O)=O)C(C)(C)C)C(C)(C)C
DAWYEI,C#C[C@H](c1ccccc1)O[C@H]1Cc2ccccc2C[C@H]1OC(=O)c1cc(cc(c1)N(=O)=O)N(=O)=O
DAXJIW,CC([C@@H](C1=C(C)C[C@H]2[C@@H]1C2(C)C)OC(=O)c1ccc(cc1)N(=O)=O)C
DAXMUL,O[C@H]1[C@H](OC[C@H]([C@@H]1O)O)Nc1ccc(cc1)N(=O)=O
DAXREC,O=C1C(=C(C2=Cc3c(N12)cccc3)C)[C@H](c1ccc(cc1)N(=O)=O)O
DAYHIX,CC(C)(C)N1N=C(C=C1C1=CC=CO1)C(=O)Nc1ccc(cc1)N(=O)=O
DAYPUP,O=N(=O)c1ccccc1/C=N/CC/N=C/c1ccccc1N(=O)=O
DAYPUP01,O=N(=O)c1ccccc1/C=N/CC/N=C/c1ccccc1N(=O)=O
DAYSIG,O=N(=O)c1cc(ccc1N/N=C/c1cccc(c1)OCc1ccccc1)N(=O)=O
DAYTON,CCCOc1cc(/C=N/Nc2ccc(cc2)N(=O)=O)ccc1OC
DAYVAC,C[C@H]1CN(C(=O)N1c1cccc(c1)N(=O)=O)c1ccccc1
DAYVIK,C[C@H]1CN(C(=O)N1c1cccc(c1)N1C[C@@H](N(C1=O)c1cccc(c1)N(=O)=O)C)c1ccccc1
DAYWIK,O=N(=O)c1cc(ccc1N/N=C/c1ccccc1OCCOc1ccccc1N(=O)=O)N(=O)=O
DAYYIO,N#C[C@]1(C(=O)NCc2ccccc2)[C@H]([C@@H]1c1ccccc1)c1ccc(cc1)N(=O)=O
DAYYUY,O=N(=O)/C=C/c1c2OCCc2cc2c1CCO2
DAZGUJ,CCN(c1ccc(cc1)/C=C/C(=O)/C=C/c1ccc(cc1)N(=O)=O)CC
DBNCPD10,OC(c1ccccc1)=C1C=C(C=C1C(=O)c1ccccc1)N(=O)=O
DEBPAE,COC(=O)[C@H](C/C(=C\c1ccc(cc1)N(=O)=O)/C(=O)OC)/N=C/c1ccc2c(c1)cccc2
DECCOG,CCN(c1cc(O)c(cc1/N=N/c1ccc(cc1)N(=O)=O)C1=Nc2c(O1)cccc2)CC
DEDNUX,OCCN1C=NC(=N1)N(=O)=O
DEDYIX,O=N(=O)C[C@H]1c2ccccc2OC(=O)[C@]1(Cc1ccccc1)NC(=O)c1ccccc1
DEFWUH,CCOC(=O)c1cc(cc2C(c3cc(cc(c3c12)N(=O)=O)N(=O)=O)=C(C#N)C#N)N(=O)=O
DEGCEY,COc1ccc(cc1)/C=C/C(=O)c1ccc(cc1)N(=O)=O
DEGLEH,O=N(=O)c1ccc2N(CCN3CCCCC3)C=Nc2c1
DEJWEU,CCOC(=O)/C(=C(\O)/C)/c1ccc(cc1N(=O)=O)N(=O)=O
DEJWIY,CCOC(=O)/C(=C(\O)/C)/c1c(cc(cc1N(=O)=O)N(=O)=O)N(=O)=O
DEKLAJ,O=C(c1ccc(cc1)N(=O)=O)OC[C@@H]1/C(=N/OC(=O)c2ccc(cc2)N(=O)=O)/[C@H]2C=C[C@@H]1N(O2)C(=O)OCc1ccccc1
DEKYIC,COc1cc(O)c(cc1N(=O)=O)C(C)=O
DEKYIC01,COc1cc(O)c(cc1N(=O)=O)C(C)=O
DEKYOI,CC(=O)c1cc(c(O)cc1O)N(=O)=O
DEKYUO,CC(=O)c1cc(cc(c1O)N(=O)=O)N(=O)=O
DEKZAV,CC(=O)c1cc(c(O)c(c1O)N(=O)=O)N(=O)=O
DEKZEZ,CC(=O)c1c(O)c(cc(c1O)N(=O)=O)N(=O)=O
DEKZID,CC(=O)c1c(O)c(c(O)c(c1O)N(=O)=O)N(=O)=O
DELPEQ,CC(C)=NNc1ccccc1N(=O)=O
DELPEQ01,CC(C)=NNc1ccccc1N(=O)=O
DELQIV,O=N(=O)c1ccc(OCCOc2ccc(cc2)N(=O)=O)cc1
DELXEX,O=N(=O)c1cc(ccc1N/N=C/1\[C@H]2C[C@H]3[C@H]4[C@@H]1[C@@H]2[C@@H]3C=C4)N(=O)=O
DELXOH,O=C(c1cc(cc(c1)N(=O)=O)N(=O)=O)O[C@@H]1[C@@H]2[C@@H]3C=C[C@@H]4[C@H]1[C@H]2C[C@H]34
DELZAV,O=C1[C@](C)(O)[C@H](N(=O)=O)C(=C[C@]1(O)c1ccccc1)N(=O)=O
DELZEZ,O=N(=O)C1=C[C@@](O)(c2ccccc2)C(=O)[C@@]([C@@H]1N(=O)=O)(C)N(=O)=O
DEMJIP,O=N(=O)/C=C/C1=CN(c2c1cccc2)Cc1ccccc1
DEMMIR,O=N[C@]1(C)CC[C@@H]2[C@@H](C(=C)CC[C@H]1N(=O)=O)CC2(C)C
DEMMOX,C=C1CC[C@@H](N(=O)=O)[C@](CC[C@@H]2[C@@H]1CC2(C)C)(C)N(=O)=O
DEMNIS,O=N(=O)[C@@]1(C)C=C(C)[C@]([C@@](C1=O)(C)N(=O)=O)(C)N(=O)=O
DEMNOY,CC1=C[C@@](C)(N(=O)=O)[C@]([C@](C1=O)(C)N(=O)=O)(C)N(=O)=O
DEMNUE,O=N(=O)[C@@H]1C(=C[C@@](C(=O)C1(C)C)(C)N(=O)=O)C
DEMPAM,CC1=C[C@@](C)(N(=O)=O)[C@@H](C(C1=O)(C)C)N(=O)=O
DEMPEQ,O=N(=O)[C@@H]1C(=C[C@@](C(=O)C1(C)C)(C)O)C
DEMPIU,O=N(=O)[C@]1(C)C=C(C)[C@]([C@](C1=O)(C)O)(C)N(=O)=O
DEMPOA,COC(=O)[C@H]1C(=O)CC[C@@]2([C@]1(O)CCCC2)N(=O)=O
DEMPUG,C[C@@H]1CC[C@@]2(N(=O)=O)[C@](O)(CCCC2)O1
DEMRAO,O=C1CC[C@@]2([C@@](C1)(O)CCCCC2)N(=O)=O
DEMRES,O=N(=O)[C@@H]1CCCCC(=C(C1)C(=O)C)O
DEMRIW,COC(=O)[C@H]1CCC[C@@H](CCC1=O)N(=O)=O
DEMROC,CC(=O)/C/1=C(\O)/CCCCC[C@H](C1)N(=O)=O
DEMRUI,CC(=O)/C/1=C(\O)/CCCCCC[C@H](C1)N(=O)=O
DEMSAP,O=C(/C/1=C(\O)/CCCCC[C@H](CCC1=O)N(=O)=O)OCc1ccccc1
DEMSOD,COCOc1cc(cc(c1)N(=O)=O)N(=O)=O
DENCAA,COc1ccc(cc1)C1=NN=C(OC1)c1ccccc1N(=O)=O
DEQPUN,CC1=Nc2ccccc2CN=C1c1cccc(c1)N(=O)=O
DERGAJ,CCOC(=O)[C@H]1[C@@H](C)C[C@@H]([C@H]2[C@@H]1CCC2)OC(=O)c1cc(cc(c1)N(=O)=O)N(=O)=O
DERGIR,CCOC(=O)[C@H]1[C@@H](C)C/C(=N\Nc2ccc(cc2N(=O)=O)N(=O)=O)/[C@@H]2[C@@H]1CCCC2
DERHEQ,O=C1CCNC(=O)[C@@H](N(CCCCN1)C(=O)Cc1ccc(cc1)N(=O)=O)C(C)(C)C
DESCOW,COC(=O)[C@@]([C@H](c1ccccc1)CN(=O)=O)(Cc1ccccc1)NCc1ccccc1
DESJOA,O=N(=O)C([C@@H]1c2ccccc2[C@](c2c1cccc2)(N(=O)=O)c1ccccc1)(N(=O)=O)N(=O)=O
DETDOV,O=N(=O)C1=Cc2c3CCCCc3ccc2O1
DETYUW,O=C(c1ccc(cc1)N(=O)=O)O[C@@]1(C)C[C@@]2([C@@]31O[C@@]3(C)[C@@H]1[C@H](C2)O1)C
DEVJUM,O=C(C1=NN=C(O1)C(N(=O)=O)(N(=O)=O)N(=O)=O)C1=NN=C(O1)C(N(=O)=O)(N(=O)=O)N(=O)=O
DEVROL,O=C1OC(=O)c2c(/C/1=C(\c1ccc(cc1)N(=O)=O)/O)cccc2
DEVRUR,CC[C@H]([C@@H]1OC(=O)c2c1cccc2)N(=O)=O
DEVWOR,O=C1NCCc2ccc3c(cccc3N(=O)=O)c12
DEVWUX,O=C1NCCc2ccc3cccc(c3c12)N(=O)=O
DEWBOW,O[C@H]1Nc2ccc(cc2C(=O)N2[C@H]1CCC2)N(=O)=O
DEWYUZ,O=C(c1ccc(cc1)N(=O)=O)O[C@@H]1CCCC[C@]1(C)c1ccccc1
DEXFET,CCCCC[C@@H]([C@H]1[C@@H]2C=C(C)CC[C@@H]2CN1C(=O)c1ccc(cc1)N(=O)=O)O
DEXJAU,O=C1Cc2cc(ccc2N1)N(=O)=O
DEXVAE,O=C(COc1ccc(cc1)N(=O)=O)NCc1ccccc1
DEXVUY,O=C1COc2ccc(cc2N1Cc1ccccc1)N(=O)=O
DEYNED,O=N(=O)c1cc2[C@H]3C[C@@](Oc2c2c1cccc2)(Oc1c3cccc1)c1ccccc1
DEYRUV,C/C(=N\c1cc(C)cc(c1)C)/c1ccc(cc1)N(=O)=O
DEYYOX,O=C1C[C@H]2[C@@H](O1)[C@H]([C@H](N2[C@H](c1ccccc1)C)COC(=O)c1ccc(cc1)N(=O)=O)OC(=O)c1ccc(cc1)N(=O)=O
DEZRAD,O=C1CC(=NN1c1cccc(c1)N(=O)=O)c1ccccc1
DEZRAD01,O=C1CC(=NN1c1cccc(c1)N(=O)=O)c1ccccc1
DEZTAD,O=C(CNc1ccccc1)c1ccc(cc1)N(=O)=O
DEZVOT,CC(=O)CCc1c(C)c(OC(C)=O)c(C)c(C)c1OC(=O)c1ccc(cc1)N(=O)=O
DIBFEA,Cc1cccc(C)c1C(=O)Nc1c(C)cc(cc1C)N(=O)=O
DIBFOK,Cc1cc(cc(C)c1NC(=O)c1c(C)cc(cc1C)N(=O)=O)N(=O)=O
DIBFUQ,Cc1cc(cc(C)c1NC(=O)c1c2ccccc2cc2ccccc12)N(=O)=O
DIBGIF,CN(C(=O)c1c(C)cc(cc1C)N(=O)=O)c1c(C)cccc1C
DIBLUY,NC1=NN=C(O1)C1=NON=C1N(=O)=O
DIBQUA,Cc1ccc(cc1)[C@H]1C(=NO[C@]21N(Cc1c(C2=O)cccc1)c1ccccc1)c1ccc(cc1)N(=O)=O
DIBSAL,O=N(=O)C1=NON=C1C1=NN=C(O1)/N=N/C1=NN=C(O1)C1=NON=C1N(=O)=O
DICBOI,O=C(OC(C)(C)C)N[C@H]([C@@H](c1ccc(cn1)N(=O)=O)Cc1ccccc1)c1ccccc1
DICBUO,CCC[C@@H]([C@H](c1ccccc1)N)C1=Nc2c(O1)cc(cc2)N(=O)=O
DICDUO,O=C(c1cc(cc(c1)N(=O)=O)N(=O)=O)O[C@@H]1CC[C@@]2(OC1)CCCCO2
DICJIJ,N#C[C@](N([C@H]1COC(O[C@H]1c1ccccc1)(C)C)C)(C(=O)OC(C)(C)C)[C@H](CN(=O)=O)COCc1ccccc1
DICPAJ,O=N(=O)c1ccc2Oc3ccccc3C(=Cc2c1)c1ccccc1
DICREN,O=C(OC(C)(C)C)NN[C@@]1(CCC/C/1=N\Nc1ccc(cc1)N(=O)=O)C(=O)OC(C)(C)C
DICREN01,O=C(OC(C)(C)C)NN[C@]1(CCC/C/1=N\Nc1ccc(cc1)N(=O)=O)C(=O)OC(C)(C)C
DIDHIJ,CC(C)(C)N1CC(CO)(C1)N(=O)=O
DIDLAE,O=C1[C@H]2C=C[C@H]([C@@H]1[C@@H]1[C@H]2COCOC1)c1ccccc1N(=O)=O
DIDNIQ,O=N(=O)c1cc(c(c(c1)N(=O)=O)c1c(cc(c(c2c(cc(cc2N(=O)=O)N(=O)=O)N(=O)=O)c1N(=O)=O)N(=O)=O)N(=O)=O)N(=O)=O
DIDNOU,O=N(=O)c1ccccc1c1ccccc1c1ccccc1N(=O)=O
DIDNUA,O=N(=O)c1cccc(c1)c1ccccc1c1cccc(c1)N(=O)=O
DIDWIY,OCC/N=C/c1cc(ccc1O)N(=O)=O
DIFGEF,O=C1[C@H]2C=C[C@H]([C@@H]1[C@H]1[C@@H]2COCOC1)c1ccccc1N(=O)=O
DIFPUF,O=N(=O)c1ccc(N2C=C3C=CC=CC3=N2)c(c1)N(=O)=O
DIFPUF01,O=N(=O)c1ccc(N2C=C3C=CC=CC3=N2)c(c1)N(=O)=O
DIFQEQ,O=N(=O)c1ccc(N2N=Cc3ccccc23)c(c1)N(=O)=O
DIFQUF,OC[C@]([C@H](c1ccc(cc1)N(=O)=O)O)(c1ccccc1)C
DIFRAM,O=C(c1ccc(cc1)N(=O)=O)OC[C@]([C@@H](OC(=O)c1ccc(cc1)N(=O)=O)CCc1ccccc1)(c1ccccc1)C
DIGQAO,CN(c1ccc(cc1)/C=C/[C@@]12OCCN1c1c(C2(C)C)cc(cc1)N(=O)=O)C
DIGYAU,CC(=O)C1=CN2[C@@]3([C@H](C1)CCCC3)CC[C@@H]2COC(=O)c1ccc(cc1)N(=O)=O
DIHNOY,C/C(=N\Oc1ccc(cc1)N(=O)=O)/c1ccccc1
DIHWEZ,N#CC1=C(OC(=C1/C(=C(\c1ccccc1)/O)/C(=O)N)c1ccc(cc1)N(=O)=O)c1ccccc1
DIHXIE,O=N(=O)c1ccc(cc1)[C@H]1CC(=C(CC21C(=O)c1c(C2=O)cccc1)c1ccccc1)c1ccccc1
DIJJUE,COc1cc(/C=C/c2ccc(cc2)OCc2ccc(cc2)N(=O)=O)cc(c1)OC
DIJNAM,O[C@@H](C1=CC[C@]2(C1=O)C[C@@H]1C[C@H]2C=C1)c1ccc(cc1)N(=O)=O
DIJNIU,C[C@H]1[C@](C)(CC[C@]1(C#N)C(=O)C(C)(C)C)OC(=O)c1ccc(cc1)N(=O)=O
DIJNUG,C=CC[C@]1(CC[C@]([C@@H]1C)(C)OC(=O)c1ccc(cc1)N(=O)=O)C#N
DIJPAO,C[C@H]1[C@](C)(CC[C@@]1(C)C#N)OC(=O)c1ccc(cc1)N(=O)=O
DIJSIA,O[C@H]([C@@]1(OCCOC1=O)c1ccccc1)c1ccc(cc1)N(=O)=O
DIKSIA,COC(=O)c1ccc(N2N=C(C=C2N)c2ccccc2)c(c1)N(=O)=O
DIKSOG,COC(=O)c1ccc(NC2=NNC(=C2)c2ccccc2)c(c1)N(=O)=O
DIKXEB,OCC(N(=O)=O)(N(=O)=O)N(=O)=O
DILFUZ,O=N(=O)N(CCN(CC(N(=O)=O)(N(=O)=O)N(=O)=O)N(=O)=O)CC(N(=O)=O)(N(=O)=O)N(=O)=O
DIMNAN,CN(C)c1ccc(cc1)N(=O)=O
DIMNAN01,CN(C)c1ccc(cc1)N(=O)=O
DIMNAN02,CN(C)c1ccc(cc1)N(=O)=O
DIMNAN03,CN(C)c1ccc(cc1)N(=O)=O
DIMNAN04,CN(C)c1ccc(cc1)N(=O)=O
DIMNAN05,CN(C)c1ccc(cc1)N(=O)=O
DINFOV01,O=N(=O)c1cc(cc(c1)N(=O)=O)C#N
DINXUW,O=C1CC(C)(C)CC2=C1[C@@H](C1=CNc3c1cc(cc3)N(=O)=O)c1c(O2)cccc1
DINYUX,O=C(NCCN(CCNC(=O)Nc1ccccc1N(=O)=O)C(=O)Nc1ccccc1N(=O)=O)Nc1ccccc1N(=O)=O
DIPGEQ,C=CCOC(=O)/C(=C/C1=C(C)C=C(N1)C)/c1ccccc1N(=O)=O
DIPHOC,CO[C@@H]1N(C)C(=O)NC=C1N(=O)=O
DIPHUI,O=C1NC=C([C@@H](N1C)N1CCCC1)N(=O)=O
DIPNIC,O=N(=O)[C@H]1CC[C@@H]([C@]2([C@@H]1c1ccccc1)C(=NN(C2=O)c1ccccc1)C)C
DIPNOI,O=N(=O)[C@@H]1CC[C@@]2([C@@]3([C@H]1c1ccccc1)C(=NN(C3=O)c1ccccc1)C)OC2
DISKIA,CCCOc1cc(ccc1NC(=O)c1ccc(c(OCc2ccccc2)c1)N(=O)=O)C(=O)Nc1ccc(cc1OC(C)C)C(=O)OC
DISYIP,CCN(CC)c1ccc2C=C(C(=O)Nc3ccc(cc3)N(=O)=O)C(=O)Oc2c1
DIWFEU,Nc1ccccc1c1ccc(cc1)N(=O)=O
DIWHIB,O=C(OCC(N(=O)=O)(N(=O)=O)N(=O)=O)OCC(N(=O)=O)(N(=O)=O)N(=O)=O
DIWKAW,CC1=NN(C(=C1)N)C(=O)c1ccccc1N(=O)=O
DIWKAX,O=N(=O)c1ccccc1/C=N/c1ccc2c3c1ccc1c3c(cc2)ccc1
DIWKEB,O=N(=O)c1ccc(cc1)N1COCN(COC1)c1ccc(cc1)N(=O)=O
DIWNED,CC1=NN(c2ccccc2)c2nc(N)c(C#N)c(c3ccc(cc3)N(=O)=O)c12
DIWNUT,O=C(OCc1cccc(COC(=O)Oc2ccc(cc2)N(=O)=O)c1)Oc1ccc(cc1)N(=O)=O
DIWPEF,CC(C)(CCC(C)(C)OC(=O)Oc1ccc(cc1)N(=O)=O)OC(=O)Oc1ccc(cc1)N(=O)=O
DIWSUY,CCCC(=O)Nc1cc(c(cc1C)C(=O)OC)N(=O)=O
DIWWEL,CN(C)c1cccc2cccc(c12)N(=O)=O
DIWWEL01,CN(C)c1cccc2cccc(c12)N(=O)=O
DIWWEL02,CN(C)c1cccc2cccc(c12)N(=O)=O
DIWXIS,C=C[C@H]([C@H]1N(CCc2c1cccc2)C(=O)c1ccc(cc1)N(=O)=O)c1ccccc1
DIWYUE,O=C1N(Cc2ccccc2)[C@@H](c2c1cc(cc2)N(=O)=O)NCc1ccccc1
DIXBAO,O=C(Nc1ccc(cc1)N(=O)=O)c1ccc2ccccc2n1
DIXBAP,OC[C@@H](N1C(=C(N=C1c1ccccc1N(=O)=O)c1ccccc1)c1ccccc1)Cc1ccccc1
DIXDUJ,CC(=O)Nc1ccccc1N(=O)=O
DIXDUJ01,CC(=O)Nc1ccccc1N(=O)=O
DIZREL,Cc1ccc(cc1)C1=C(N(C(=O)c2ccccc12)c1cccc2cccnc12)c1ccc(cc1)N(=O)=O
DLARPY,CO[C@H]1OC[C@@H]([C@]([C@H]1OC(=O)C)(C)N(=O)=O)OC(=O)C
DMNPPO,O=C1C[C@](C(=O)N1C)(C)c1ccccc1N(=O)=O
DMNPYO,Cc1c([N+]([O-])=O)c(C)c[n+]([O-])c1
DMNPYO01,Cc1c([N+]([O-])=O)c(C)c[n+]([O-])c1
DNBENZ10,O=N(=O)c1cccc(c1)N(=O)=O
DNBENZ11,O=N(=O)c1cccc(c1)N(=O)=O
DNBENZ12,O=N(=O)c1cccc(c1)N(=O)=O
DNBENZ13,O=N(=O)c1cccc(c1)N(=O)=O
DNBENZ14,O=N(=O)c1cccc(c1)N(=O)=O
DNBENZ15,O=N(=O)c1cccc(c1)N(=O)=O
DNBOIM,O=N(/N=C1C[C@]2(N(=O)=O)C(C)(C)[C@]\1(CC2)C)=O
DNBZFX,O=N(=O)C1=CC2=[N+]([O-])ON=C2C(=C1)N(=O)=O
DNBZFX01,O=N(C1=CC2=[N+](ON=C2C(N(=O)=O)=C1)[O-])=O
DNBZIL,O=C(c1ccc(cc1)N(=O)=O)C(=O)c1ccc(cc1)N(=O)=O
DNBZIL01,O=C(c1ccc(cc1)N(=O)=O)C(=O)c1ccc(cc1)N(=O)=O
DNBZPY,O=N(=O)c1ccc(Cc2ccccn2)c(c1)N(=O)=O
DNBZPY01,O=N(=O)c1ccc(Cc2ccccn2)c(c1)N(=O)=O
DNBZPY02,O=N(=O)c1ccc(Cc2ccccn2)c(c1)N(=O)=O
DNBZPY03,O=N(=O)c1ccc(Cc2ccccn2)c(c1)N(=O)=O
DNCOOC,O=N(=O)C1=CC=CC=C(C=C1)N(=O)=O
DNEIBA,NC(=O)c1cc(N2CC2)c(cc1N(=O)=O)N(=O)=O
DNITBZ,O=N(=O)c1ccc(cc1)N(=O)=O
DNITBZ02,O=N(=O)c1ccc(cc1)N(=O)=O
DNITBZ03,O=N(=O)c1ccc(cc1)N(=O)=O
DNITBZ11,O=N(=O)c1ccc(cc1)N(=O)=O
DNITBZ12,O=N(=O)c1ccc(cc1)N(=O)=O
DNITBZ13,O=N(=O)c1ccc(cc1)N(=O)=O
DNITPY,O=N(=O)c1cncc(c1)N(=O)=O
DNNAPH,O=N(=O)c1cccc2c1cccc2N(=O)=O
DNOPHL,Oc1ccc(cc1N(=O)=O)N(=O)=O
DNOPHL01,Oc1ccc(cc1N(=O)=O)N(=O)=O
DNOPHL02,Oc1ccc(cc1N(=O)=O)N(=O)=O
DNOPHL03,Oc1ccc(cc1N(=O)=O)N(=O)=O
DNPBUB,CC(C)(C)c1cc(c(Oc2ccc(cc2N(=O)=O)N(=O)=O)c(c1)C(C)(C)C)C(C)(C)C
DNPETY,C=C(c1ccc(cc1)N(=O)=O)c1ccc(cc1)N(=O)=O
DNPHOL,Oc1c(cccc1N(=O)=O)N(=O)=O
DNPHOL02,Oc1c(cccc1N(=O)=O)N(=O)=O
DNPIMZ,CC(C)C1=NC(=CN1N(=O)=O)N(=O)=O
DNTANT,O=N(=O)c1c2ccccc2c(c2ccccc12)N(=O)=O
DNTDPH,O=N(=O)c1ccc(cc1)c1ccc(cc1)N(=O)=O
DNTDPH01,O=N(=O)c1ccc(cc1)c1ccc(cc1)N(=O)=O
DNTNAP01,O=N(=O)c1cccc2cccc(c12)N(=O)=O
DNTNAP02,O=N(=O)c1cccc2cccc(c12)N(=O)=O
DNTNAP10,O=N(=O)c1cccc2cccc(c12)N(=O)=O
DOBZOM,CC1=C[C@H](CC2OCCO2)[C@@]2([C@H](C1)N(CCC2=O)C(=O)OC(C)(C)C)N(=O)=O
DOCKIP,COC(=O)C1=C(N(C)Cc2ccccc2)N(C(=O)C(=C1)c1ccccc1)c1ccc(cc1)N(=O)=O
DOCRUK,O=C(c1ccc(cc1)N(=O)=O)N/C=C(\C(=O)NC(C)(C)C)/C
DODKIQ,O=C(OCCCCOC(=O)c1ccc(cc1)N(=O)=O)c1ccc(cc1)N(=O)=O
DODPAP,O=C1c2ccccc2CC[C@@H]1c1ccc(c2c1cccc2)N(=O)=O
DOFCUW,O=C1c2ccccc2CC[C@]1(O)c1ccc(cc1)N(=O)=O
DOHCOS,Cc1c(c(C)c(c(c1N(=O)=O)C(C)(C)C)N(=O)=O)N(=O)=O
DOHCOS01,Cc1c(c(C)c(c(c1N(=O)=O)C(C)(C)C)N(=O)=O)N(=O)=O
DOHCOS10,Cc1c(c(C)c(c(c1N(=O)=O)C(C)(C)C)N(=O)=O)N(=O)=O
DOHCUY,Cc1c(C)c(c(c(c1C)N(=O)=O)C(C)(C)C)N(=O)=O
DOHCUY01,Cc1c(C)c(c(c(c1C)N(=O)=O)C(C)(C)C)N(=O)=O
DOHCUY10,Cc1c(C)c(c(c(c1C)N(=O)=O)C(C)(C)C)N(=O)=O
DOHFEL,O=N(=O)[C@H]1[C@@H](C[C@]2(O[C@@H]1c1ccccc1N2)C)C1=CC=CO1
DOHGIS,CCCCCCCCCCN1c2ccc(cc2c2cc(ccc12)N(=O)=O)N(=O)=O
DOJHAM,CC(C)N(O)C(=O)c1cc(cc(c1)N(=O)=O)N(=O)=O
DOJHUG,COCO[C@@H]1CC[C@H]([C@H]([C@@H]1OC(=O)c1ccc(cc1)N(=O)=O)O)O
DOKDIT,O=N(=O)c1cc2/C=N/CC[N@@]3CC/N=C/c4cc(/C=N/CC[N@](CC/N=C/c(c1)c2)CC/N=C/c1cc(/C=N/CC3)cc(c1)N(=O)=O)cc(c4)N(=O)=O
DOKLUL,CC(=O)O[C@@H]1C[C@H](OC(=O)c2ccc(cc2)N(=O)=O)[C@@H]([C@H]([C@@H]1OC(=O)C)OC(=O)C)OC(=O)c1ccc(cc1)N(=O)=O
DOKNIC,CCCCCCC1(CCCCCC)c2cc(ccc2c2ccc(cc12)C(=O)Cc1ccc(cc1)N(=O)=O)C#Cc1ccc(cc1)N(Cc1ccccc1)Cc1ccccc1
DOKRUQ,O=N(C1=C[C@](N(=O)=O)(C([C@@](C)(O)[C@H]1N(=O)=O)=O)C)=O
DOKSAX,O=N(C1=C[C@](O)(C([C@@](C)(O)[C@H]1N(=O)=O)=O)C)=O
DOKSIG,CC(=O)N/N=C(/c1ccc(cc1)N(=O)=O)\C
DOKVUV,CCOC(=O)c1ccc(Nc2ccccc2)c(c1)N(=O)=O
DOKVUV01,CCOC(=O)c1ccc(Nc2ccccc2)c(c1)N(=O)=O
DOKYEH,O=N(=O)c1ccccc1NN=C(c1ccccc1)c1ccccc1
DOKYIL,O=N(=O)c1ccc(NN=C(c2ccccc2)c2ccccc2)cc1
DOKZIN,CNC(=O)OCCN1C(=NC=C1N(=O)=O)C
DOMJAS,CCOC(=O)N1c2ccccc2[C@]2([C@@H]1N[C@](C2)(C(=O)OC)c1cc(C)ccc1N(=O)=O)C(=O)OC(C)C
DOPLOL,NC(=O)c1cc(c(N)c(c1)N(=O)=O)N(=O)=O
DOPLOL01,NC(=O)c1cc(c(N)c(c1)N(=O)=O)N(=O)=O
DOPLOL02,NC(=O)c1cc(c(N)c(c1)N(=O)=O)N(=O)=O
DOPLOL03,NC(=O)c1cc(c(N)c(c1)N(=O)=O)N(=O)=O
DOPLOL04,NC(=O)c1cc(c(N)c(c1)N(=O)=O)N(=O)=O
DOPLOL05,NC(=O)c1cc(c(N)c(c1)N(=O)=O)N(=O)=O
DOPZOZ,CN1C=CN(/C/1=N\N=N\c1cccc(c1)N(=O)=O)C
DORJAW,COc1cc(cc2CN3CN(Cc4cc(cc(OC)c34)N(=O)=O)c12)N(=O)=O
DORJEA,Cc1ccc(c2CN3CN(Cc4c(ccc(C)c34)N(=O)=O)c12)N(=O)=O
DORJIE,C[C@H](c1ccccc1)C[C@@](C#N)(COC(=O)c1ccc(cc1)N(=O)=O)C
DORJOK,N#C[C@@](C[C@H](c1cccc2c1cccc2)C)(COC(=O)c1ccc(cc1)N(=O)=O)C
DORKEA,O=N(=O)c1cc(ccc1N/N=C/1\CCCC=C2[C@@]1(C)CCC2)N(=O)=O
DORKOL,O=C([C@@H]1CCCN1)Nc1cc(cc(c1)N(=O)=O)N(=O)=O
DORMED,CCOC(=O)C[C@@H]1O[C@@H]2CCCC[C@H]2C[C@H]1OC(=O)c1cc(cc(c1)N(=O)=O)N(=O)=O
DORYOA,NN1N=C(C(=C1N(=O)=O)N1N=C(C(=C1N(=O)=O)N)N(=O)=O)N(=O)=O
DORYUF,O=C(c1ccc(cc1)N(=O)=O)OC[C@@H]1[C@@H]2C=CC=C[C@H](/C/1=C\c1ccccc1)C2
DOSFEX,OCC[C@H]([C@H](C(=C)c1ccccc1)N(=O)=O)c1ccc(cc1)N(=O)=O
DOSKUU,O=N(=O)c1ccccc1C=C(C#N)C#N
DOTQOT,CCOC(COc1cc(ccc1N)N(=O)=O)OCC
DOTROU,COC(=O)c1cccc(C(=O)OC)c1Oc1c(cccc1N(=O)=O)N(=O)=O
DOTVIS,OCC[C@@H]([C@H](C(=C)c1ccccc1)N(=O)=O)c1ccc(cc1)N(=O)=O
DOVCIB,Cc1ccc(cc1)/C=C/c1c(N(=O)=O)c(/C=C/c2ccc(cc2)C)c(cc1N(=O)=O)N(=O)=O
DOWDEB,NN1N=C(OC1=[NH2+])[C-](N(=O)=O)N(=O)=O
DOWGUR,C[C@@H](C(C)(C)C)[C@@H]1ON=C(C1)c1ccc(cc1)N(=O)=O
DOWJAB,CC(=O)N[C@H](c1ccccc1N(=O)=O)C
DOWQEN,CNc1ccccc1N(=O)=O
DOWQIR,CNc1cccc(c1)N(=O)=O
DOWTER,NC1=[NH+]N=C(O1)[C-](N(=O)=O)N(=O)=O
DOXGIH,CCOC(=O)C(=[N+]=[N-])c1ccccc1N(=O)=O
DOXGON,CC(C)(C)OC(=O)C(=[N+]=[N-])c1ccc(cc1)N(=O)=O
DOXGUT,CC(C)N(C(C)C)C(=O)C(=[N+]=[N-])c1ccc(cc1)N(=O)=O
DOXTIW,C=CCNC(=O)N1C[C@@H]2C[C@H](C1)C1=CC=C(C(=O)N1C2)N(=O)=O
DOXVIX,O=C([C@H]1[C@H]2C[C@@]3(N1c1ccccc1C3(C)C)Oc1c2c2ccc(cc2cc1)N(=O)=O)NCc1ccccc1
DOYCID,NC1=C(C=C(C2=NO[N+](=C12)[O-])N(=O)=O)N(=O)=O
DOYGAB,COc1ccc2c(c1)ccc(c2)/C(=C\N(=O)=O)/ON1C(C)(C)CCCC1(C)C
DOYGEF,N#Cc1ccc(cc1)/C(=C\N(=O)=O)/ON1C(C)(C)CCCC1(C)C
DOYLAG,CN1C=C(C(=O)C(=O)c2ccc(cc2)N(=O)=O)c2ccccc12
DOZHIL,CC(=CCC[C@@]1(C)OC2=C([C@]3([C@@H]1COc1c3cc(cc1)N(=O)=O)C)C(=NN2c1ccccc1)C)C
DOZMIQ,CC1(C)CCCC(N1O/C(=C/N(=O)=O)/c1ccccc1)(C)C
DOZPAL,COC(=O)c1cnc2cccc(c2c1)N(=O)=O
DOZTIY,O=N(=O)c1ccc(Oc2ccc(cc2N(=O)=O)N(=O)=O)c(c1)N(=O)=O
DOZTOE,O=N(=O)c1cc(c(Oc2c(cc(cc2N(=O)=O)N(=O)=O)N(=O)=O)c(c1)N(=O)=O)N(=O)=O
DUBGEP,O=N(=O)c1ccc(cc1)[C@@H]1OCC=C(C1)c1ccccc1
DUBZAE,O=C1[C@@H]2[C@H]3C=C[C@@H]([C@@H]2C(=O)N1c1ccc(cc1)N(=O)=O)O3
DUBZEI,O=C1[C@@H]2[C@H]3CC[C@@H]([C@@H]2C(=O)N1c1ccc(cc1)N(=O)=O)O3
DUCLEU,CCC1(CC)C2=CC=C(N2)[C@](C)(C2=CC=C(N2)C(C2=CC=C(C(C3=CC=C1N3)(C)C)N2)(CC)CC)c1ccc(cc1)N(=O)=O
DUCLIY,CCC1(CC)C2=CC=C(N2)[C@](C)(C2=CC=C(N2)C(C2=CC=C(C3(C4=CC=C1N4)CCCCC3)N2)(CC)CC)c1ccc(cc1)N(=O)=O
DUCRIE,O=N(=O)c1cc(ccc1N1[C@@H]2C[C@H]3[C@H]([C@@H]1CCC3)C(=C2)C(C)(C)C)N(=O)=O
DUCRUQ,COC(=O)c1cc(OC)c(OC)c(OC)c1N(=O)=O
DUCRUQ01,COC(=O)c1cc(OC)c(OC)c(OC)c1N(=O)=O
DUCTUR,O=N(=O)c1ccc(cc1)/C=N/OCCCO/N=C/c1ccc(cc1)N(=O)=O
DUCVUT,CC1=NN([C@H](C1)C1=CC=CO1)c1cccc(c1)N(=O)=O
DUCXEF,CC/C(=N/Nc1ccccc1N(=O)=O)/C
DUDBUA,CCOC(=O)C(=Cc1ccccc1N(=O)=O)C(=O)OCC
DUDHOB,CC(C)(C)OC(=O)C1=CN(N=N1)c1ccc(cn1)N(=O)=O
DUDNOH,CCOC(=O)C1=CN(N=N1)c1ccc(cn1)N(=O)=O
DUDZIL,Nc1ccc(cc1C(=O)c1ccccc1)N(=O)=O
DUDZIL01,Nc1ccc(cc1C(=O)c1ccccc1)N(=O)=O
DUDZIL02,Nc1ccc(cc1C(=O)c1ccccc1)N(=O)=O
DUDZIL03,Nc1ccc(cc1C(=O)c1ccccc1)N(=O)=O
DUDZIL04,Nc1ccc(cc1C(=O)c1ccccc1)N(=O)=O
DUDZIL07,Nc1ccc(cc1C(=O)c1ccccc1)N(=O)=O
DUDZIL08,Nc1ccc(cc1C(=O)c1ccccc1)N(=O)=O
DUDZIL09,Nc1ccc(cc1C(=O)c1ccccc1)N(=O)=O
DUFKIY,CO[C@]12O[C@H](C(=O)N1c1ccc(cc1)N(=O)=O)[C@@]1(c3c2cccc3)O[C@]2(O[C@@H]1C(=O)c1c2cccc1)OC
DUGDOB,Nc1c(c(O)cc(O)c1N(=O)=O)N(=O)=O
DUGHAR,O=N(=O)c1ccc(cc1)C#CC=C(c1ccccc1)c1ccccc1
DUGXAE,CC(=O)O[C@H]1[C@H](OC[C@H]([C@H]1OC(=O)C)OC(=O)C)Nc1cc(C)c(cc1N(=O)=O)C
DUGXOS,CC(=O)OC[C@H]1O[C@@H]([C@H]2[C@@H]1OC(O2)(C)C)Nc1cc(C)c(cc1N(=O)=O)C
DUHJAT,COc1ccc(cc1)C1=C[C@@]([C@H]([C@@H]1N(=O)=O)c1ccccc1)(C#N)C(=O)N
DUHPEB,O=N(c1c(C2=C[C@](O)([C@H](N(=O)=O)[C@@](N(=O)=O)(c3ccccc3)C2=O)C)cccc1)=O
DUHPIF,O=N(=O)[C@H]1[C@@](C)(O)C=C(C(=O)[C@]1(N(=O)=O)c1ccccc1)c1ccccc1
DUHPOL,O=N(=O)[C@@H]1[C@@](C)(C=C(C(=O)[C@@]1(N(=O)=O)c1ccccc1)c1ccccc1)N(=O)=O
DUHPOM,O=N(=O)[C@@H]1[C@](C)(C=C(C(=O)[C@@]1(N(=O)=O)c1ccccc1)c1ccccc1)N(=O)=O
DUHPUR,O=N(=O)[C@@H]1[C@@](O)(c2ccccc2)C(=O)C(=C[C@@]1(C)N(=O)=O)c1ccccc1
DUHRAZ,O=N(=O)C1=C[C@@](O)(c2ccccc2)C(=O)[C@@]([C@@H]1N(=O)=O)(O)c1ccccc1
DUHXIO,CCCCCCCCCCCCOc1ccc(cc1)N(=O)=O
DUHYAH,Cc1ccccc1C(=O)Oc1ccc(cc1)N(=O)=O
DUJBUG,Oc1ccc(cc1C=O)N(=O)=O
DUJBUG01,Oc1ccc(cc1C=O)N(=O)=O
DUJGOF,O=C1CC(C)(C)CC2=C1[C@H](c1ccc(cc1)N(=O)=O)c1c(O2)ccc2c1cccc2
DUJMAW,CN1CCO[C@]2([C@@H]1OCCN2C)c1ccc(cc1)N(=O)=O
DUJQOP,NC(=O)c1cc(ccc1O)N(=O)=O
DUJSIL,COc1ccccc1C(=O)N/N=C/c1ccc(cc1)N(=O)=O
DUJTOR,COC(=O)[C@]1(/N=N/c2ccc(cc2N(=O)=O)N(=O)=O)C(=C(C(=C1C(=O)OC)C(=O)OC)C(=O)OC)C(=O)OC
DUKLAX,O=N(=O)c1ccc(N2CC(C2)(N(=O)=O)N(=O)=O)c(c1)N(=O)=O
DUMKII,O=C(NCc1ccc2ccc3cccc4ccc1c2c34)Nc1ccc(cc1)N(=O)=O
DUMQUA,CC(=O)C[C@@H]1[C@H]2CCCCC2=C(C1=O)c1ccccc1OC(=O)c1cc(cc(c1)N(=O)=O)N(=O)=O
DUMSAG,COC(=O)c1cc(cc(c1C)N(=O)=O)N(=O)=O
DUMVOZ,CC1=CC(=C2N1c1ccccc1C=C2c1ccc(cc1)N(=O)=O)C
DUNQOT,CCOC(=O)/C(=N/OC)/C(=O)c1ccc(cc1)N(=O)=O
DUNXIU,CCOC(=O)C1=NN(c2ccc(cc2)N(=O)=O)C(=NN1c1ccc(cc1)N(=O)=O)C(=O)OCC
DUPHIF,CN(C)C(=CN(=O)=O)N(C)C
DUPHOL,CC(CCC(O)=O)(N(=O)=O)N(=O)=O
DUPJAA,CC(C)(C)c1cc2C=C(C(=O)Oc2c(c1)C(C)(C)C)c1ccc(cc1)N(=O)=O
DUPJAZ,C[C@H](c1ccccc1)Oc1ccc(cc1)N(=O)=O
DUPJED,COc1ccc(cc1)[C@@H](Oc1ccc(cc1)N(=O)=O)C
DUPJII,CCCCC(=O)Oc1ccc(O)c(c1)N(=O)=O
DUPJUU,CCCC/C=N/Nc1ccc(cc1N(=O)=O)N(=O)=O
DUPJUV,O=N(=O)CC1=NN=C(O1)c1ccccc1
DUPLIK,CC(C)(C)OC(=O)C(C)(C)C(=O)c1ccc(cc1)N(=O)=O
DUPTOZ,CN(/C=C(\C(=O)c1ccccc1)/N(=O)=O)C
DUQREN,OC(=O)c1ccc(NC(=O)c2ccc(cc2)N(=O)=O)cc1
DUQRIS,CCCCOc1ccc(cc1OC)/C=C(/c1ccc(cc1)N(=O)=O)\C#N
DUSCAY,CCOC(=O)C1=C[C@@](OC1=O)(C)[C@@H](c1ccccc1)CN(=O)=O
DUSCEA,O=C1C=CC(=C/C/1=C/Nc1cccc2c1nccc2)N(=O)=O
DUSGEE,Oc1c(C=O)cccc1N(=O)=O
DUSNUB,O=N(=O)c1ccccc1/C=N/Nc1ccccc1
DUSNUB01,O=N(=O)c1ccccc1/C=N/Nc1ccccc1
DUSWIA,Cc1ccc(c(c1)/C=N/c1cccc(c1C)N(=O)=O)O
DUSZEZ,O=C(c1ccc(cc1)N(C)C)/C=C/c1cccc(c1)N(=O)=O
DUSZID,O=C(c1cccc(c1)N(=O)=O)/C=C/c1cccc(c1)N(C)C
DUSZOJ,O=C(c1cccc(c1)N(=O)=O)/C=C/c1ccccc1
DUTBUQ,OC[C@@H](C(=O)N/N=C/c1ccccc1N(=O)=O)NC(=O)OCc1ccccc1
DUTQAL,O=N(=O)c1cc(ccc1N/N=C/1\CCCc2c1cccc2)N(=O)=O
DUTQOZ,O=C([O-])c1cc(cc(c1)N(=O)=O)c1cc[nH+]cc1
DUTRIT01,O=C1C[C@H](Oc2c1cccc2)c1ccc(cc1)N(=O)=O
DUTWAR,O=C1CC(C)(C)CC2=C1[C@H](c1cccc(c1)N(=O)=O)C1=C(O2)CC(CC1=O)(C)C
DUVFEH,CC(=O)N1c2ccccc2N2C(=O)c3cc(ccc3N=C12)N(=O)=O
DUVMAI,O=C1c2ccccc2C(=O)C1=Cc1ccccc1N(=O)=O
DUVVAS,COC(=O)C1(CC(=C)[C@@]2([C@H]1CCCC2)N(=O)=O)C(=O)OC
DUVVEW,COC(=O)C1(CC(=C)[C@@]([C@@H]1c1ccccc1)(C)N(=O)=O)C(=O)OC
DUVVIA,COC(=O)C1(CC(=C)[C@@]([C@@H]1C)(C)N(=O)=O)C(=O)OC
DUVVOG,COC(=O)C1(CC(=C)[C@]([C@H]1[C@@H]1COC(N1C(=O)OC(C)(C)C)(C)C)(C)N(=O)=O)C(=O)OC
DUWCOQ,Oc1c(/C=N/c2ccc(cc2)N(=O)=O)c(cc(c1O)C(C)(C)C)C(C)(C)C
DUWRIW,OC[C@H]1OC(=C[C@H]([C@@H]1O)O)N(=O)=O
DUWRIZ,O=C(C1=CC=C(O1)C)/C=C/c1ccc(cc1)N(=O)=O
DUWWIB,CC1(CCCN2c3ccccc3c3ccccc23)c2cc(ccc2c2ccc(cc12)N(=O)=O)N(=O)=O
DUWXIE,O=N(=O)c1ccc(cc1)/C=C/c1ccc(cc1)/C=C/c1ccc(cc1)C(=C(c1ccccc1)c1ccccc1)c1ccccc1
DUWXOK,O=N(=O)c1ccc(cc1)/C=C/c1ccc(cc1)C(=C(c1ccccc1)c1ccccc1)c1ccccc1
DUXCEF,O=C(N1c2ccc(cc2N=C1c1ccccc1)N(=O)=O)c1ccccc1
DUXDEH,O=N(=O)c1ccc(OCC#CC#CN2c3ccccc3c3ccccc23)cc1
DUXDEH01,O=N(=O)c1ccc(OCC#CC#CN2c3ccccc3c3ccccc23)cc1
DUXDEI,O=N(=O)c1cc(cc(c1/C=N\N=C(\N1N=Cc2c1cc(cc2N(=O)=O)N(=O)=O)/N)N(=O)=O)N(=O)=O
DUXDIM,O=N(=O)c1cc(cc(c1N/N=C/c1c(cc(cc1N(=O)=O)N(=O)=O)N(=O)=O)N(=O)=O)N(=O)=O
DUXSIY,CO/N=C(\c1ccc(cc1)N(=O)=O)/C#N
DUYCUY,N#CCCN(c1ccc(cc1)/N=N/c1ccc(cc1)N(=O)=O)CC
DUYREU,O=N(=O)[C@@H]1[C@H]2[C@H]3[C@H]4[C@@H]1[C@H]1[C@@H]2[C@H]2[C@@H]3[C@@H]4[C@@H]1C2(N(=O)=O)N(=O)=O
DUYRIY,O=N(=O)C1(N(=O)=O)[C@@H]2[C@@H]3[C@@H]4[C@H]1[C@@H]1[C@H]2[C@@H]2[C@H]3[C@H]4[C@H]1C2(N(=O)=O)N(=O)=O
DUYSUL,COC(C1=C(NC(C)=C(C(OC(C)C)=O)[C@@H]1c2cc(N(=O)=O)ccc2)C#N)=O
DUZFEK,CCOC(=O)N(CC)N1C(=O)N(N=C1c1ccc(cc1)N(=O)=O)c1ccccc1
DUZFOU,O=C(OCc1ccccc1)N(Cc1ccccc1)N1C(=O)N(N=C1c1ccc(cc1)N(=O)=O)c1ccccc1
DUZPIX,C=C[C@]1(C)[C@@H](C)[C@H]([C@@]2([C@H]1CCC2)C)OC(=O)c1cc(cc(c1)N(=O)=O)N(=O)=O
DUZQIB,O=C(c1cccc(c1)N(C)C)/C=C/c1ccc(cc1)N(=O)=O
DUZQIB01,O=C(c1cccc(c1)N(C)C)/C=C/c1ccc(cc1)N(=O)=O
DUZQIB02,O=C(c1cccc(c1)N(C)C)/C=C/c1ccc(cc1)N(=O)=O
DUZQIB03,O=C(c1cccc(c1)N(C)C)/C=C/c1ccc(cc1)N(=O)=O
DUZQOH01,O=C(c1cccc(c1)N(C)C)/C=C/c1cccc(c1)N(=O)=O
DUZQOH02,O=C(c1cccc(c1)N(C)C)/C=C/c1cccc(c1)N(=O)=O
DUZQOH03,O=C(c1cccc(c1)N(C)C)/C=C/c1cccc(c1)N(=O)=O
DUZQOH04,O=C(c1cccc(c1)N(C)C)/C=C/c1cccc(c1)N(=O)=O
DUZQOH05,O=C(c1cccc(c1)N(C)C)/C=C/c1cccc(c1)N(=O)=O
EAFWEN,CC(=C)[C@@H]1[C@H](C#CCCCCC2=C(C=C1O2)C)OC(=O)c1ccc(cc1)N(=O)=O
EBADAO,O=C(N1CCC[C@@H]1[C@@H]1C[C@]2(O1)CC[C@@H]1[C@]2(C)CC[C@H]2[C@H]1CCc1c2ccc(c1)OCc1ccccc1)c1cc(cc(c1)N(=O)=O)N(=O)=O
EBATOQ,O=C1N(c2ccccc2)C(=O)[C@@H]2[C@H]1C/C(=N\Nc1ccc(cc1N(=O)=O)N(=O)=O)/[C@@H]1[C@@H]2CCCC1
EBEWOA,O=C1OC(=O)c2cc3c(cccc3N(=O)=O)cc12
EBIPEO,CCCCNc1cc2Nc3ccccc3N(C)c2cc1N(=O)=O
EBIVET,CCOC(=O)[C@@]1(CC[C@]([C@@H]([C@H]1c1ccccc1OC)N(=O)=O)(C)O)N(=O)=O
EBOJUD,O=C(C1=C(OC(=O)/C/1=N\Nc1ccc(cc1N(=O)=O)N(=O)=O)c1ccccc1)c1ccccc1
EBORIA,O=C(NCCCCNC(=O)N(Cc1ccccc1)Cc1ccc(cc1)N(=O)=O)N(Cc1ccccc1)Cc1ccc(cc1)N(=O)=O
EBOTEY,O=C(NCCNC(=O)N(Cc1ccccc1)Cc1ccc(cc1)N(=O)=O)N(Cc1ccccc1)Cc1ccc(cc1)N(=O)=O
EBOZED,O=N(=O)c1cc(ccc1N/N=C(\C(=O)c1ccccc1)/c1ccccc1)N(=O)=O
EBURUR,O=N(=O)c1ccccc1C(=O)N1c2ccccc2C([C@H]1O)(C)C
EBUVUS,COC(=O)C1(CC(=C)C(=C(C1)/C=N/Nc1ccc(cc1N(=O)=O)N(=O)=O)C)C(=O)OC
ECAFOF,COc1cc2c(cc1OC)C[C@@H]1N([C@H]2CN(C1=O)[C@H](c1ccccc1N(=O)=O)C(=O)NC(C)(C)C)C
ECECIA,C=CCCO[C@]12C=C[C@@](O2)(CC(=O)C1)COC(=O)c1ccc(cc1)N(=O)=O
ECEMII,CC[C@H]1CC[C@@H]([C@@H]1C(=O)OC)OC(=O)c1cc(cc(c1)N(=O)=O)N(=O)=O
ECEREL,CC(C)(C)OC(=O)C(c1ccc(cc1N(=O)=O)N(=O)=O)c1ccc(cc1N(=O)=O)N(=O)=O
ECIJUV,CCOC(=O)[C@]1(C#N)N(C)CC[C@]([C@H]1CC(=O)C)(C)N(=O)=O
ECINAH,COC(=O)c1cc(C(=O)c2ccccc2N(=O)=O)c2c3ccccc3OC(=O)c2c1O
ECINEL,COc1ccc(c(O)c1)c1c(cc(c(O)c1c1ccccc1)c1ccccc1)C(=O)c1ccccc1N(=O)=O
ECIQAK,Oc1ccccc1C(=O)c1cc(c(O)c(c2ccccc2)c1c1ccc(cc1)N(=O)=O)c1ccccc1
ECUPIE,O=C1CCCCN1/C=C(/c1ccccc1)\C[C@H](c1ccc(cc1)N(=O)=O)O
ECUXUW,O=N(=O)C1CC(C1)(N(=O)=O)N(=O)=O
ECUYOR,CO/C=C\1/C(=O)NC(=C([C@@H]1c1ccccc1N(=O)=O)C(=O)OC)C
ECUYUX,COC(=O)c1c(C)nc2Oc3ccccc3N=Cc2c1c1ccccc1N(=O)=O
EDAMOO,CCCN/C=C(/c1ccc(cc1)C)\N(=O)=O
EDASOR,N#Cc1ccccc1/N=N/Nc1ccccc1N(=O)=O
EDAWIP,N/C=C\N(=O)=O
EDAYIR,CCOC(=O)C1=C(Nc2ccccc2)N=C2C=CC(=CN12)N(=O)=O
EDEPOT,O=C1C[C@@H](O[C@@H](C1)c1ccccc1)c1ccc(cc1)N(=O)=O
EDETOX,O=C1CC[C@@H]2C(=C1)CC[C@H]1[C@H]2CC[C@@]2([C@@H]1CC[C@H]2OC(=O)c1ccc(cc1)N(=O)=O)C
EDEWUA,CCC(=O)N1C[C@@H]2CC[C@H](C1)N2C/C=C/c1ccc(cc1)N(=O)=O
EDIMOV,O=C1N(C(=O)c2ccccc12)c1cccc2cccc(c12)N(=O)=O
EDOREW,O=N(=O)c1cc2NN=Nc2c(c1N=[N+]=[N-])N(=O)=O
EDOVAU,CCOC1=Nc2c(O[C@@]31N(C)c1c(C3(C)C)cc(cc1)N(=O)=O)ccc1c2cccc1
EDUHAN01,N=C1OC2(CCCCC2)Nc2ccc(cc12)N(=O)=O
EDUNOJ,CC(C)c1cc(cc(C(C)C)c1O)N(=O)=O
EDUYIM,CCOC(=O)C1=NN([C@]2(N1c1ccccc1N1[C@](C2)(c2ccccc2)N(N=C1c1ccc(cc1)C)c1ccccc1)C)c1ccc(cc1)N(=O)=O
EFADOG,O=C([C@@H]1[C@H](c2cccc(c2)N(=O)=O)[C@H]([C@H]1c1cccc(c1)N(=O)=O)C(=O)c1ccccc1)c1ccccc1
EFAKAX,CO[C@]1(C)O[C@H](C(=O)O[C@@]1(C)OC)[C@@H]1CCOC(=O)[C@H]1[C@H](c1ccccc1)CN(=O)=O
EFAKUR,CO[C@]1(C)O[C@H](C(=O)O[C@@]1(C)OC)[C@H]1[C@@H](C(=O)Oc2c1cccc2)[C@H]1CCCC[C@H]1N(=O)=O
EFATOW,C=CCN1N=Cc2ccc(cc12)N(=O)=O
EFAXAN,NC1=C(N=NC2=NC(=NN12)C#N)N(=O)=O
EFAXIS,CC([C@@H]1CC[C@@H](CC1)Oc1c(cc(cc1N(=O)=O)N(=O)=O)N(=O)=O)(C)C
EFAXOY,CC([C@@H]1CC[C@H](CC1)Oc1c(cc(cc1N(=O)=O)N(=O)=O)N(=O)=O)(C)C
EFICEC,N#C[C@]12CCC[C@@]([C@H]2CC[C@@H]1C(=C)C)(C)OC(=O)c1ccc(cc1)N(=O)=O
EFIFOP,COc1ccccc1NC(=O)COc1ccccc1NC(=O)COc1ccccc1NC(=O)COc1ccccc1NC(=O)[C@H](Oc1ccccc1N(=O)=O)C
EFNBZE,O=C(c1cccc(c1)N(=O)=O)/C=C(/C1=C(C=C(O1)c1ccccc1)c1ccccc1)\c1ccccc1
EFOFOV,O=N(=O)c1ccc(Nc2c(cc(c3cccnc23)N(=O)=O)N(=O)=O)cc1
EFUCUG,CCOC(=O)/C(=N\Nc1ccc(cc1)N(=O)=O)/c1ccc(cc1)N(C)C
EFUDAN,CCOC(=O)/C(=N\Nc1ccccc1)/c1ccc(cc1)N(=O)=O
EFUMIE,CCOC(=O)/C(=N\Nc1ccc(cc1)N(=O)=O)/c1ccccc1
EFUPUR,N#C[C@@]12CCC[C@@]([C@H]2CC[C@@H]1C(=C)C)(C)OC(=O)c1ccc(cc1)N(=O)=O
EGAFIC,COC(=O)[C@H]1[C@H]2CC=C[C@H]2ON1C(=O)c1cc(cc(c1)N(=O)=O)N(=O)=O
EGAGAV,CCOC(=O)C1(N[C@@H]([C@@H]([C@H]1c1ccccc1)N(=O)=O)c1ccccc1)C(=O)OCC
EGAJAA,O=N(=O)/C(=C/c1cccc2c1cccc2)/C(=O)c1ccccc1
EGAMEF,O=C([C@]1(C)CC(C)(C)Nc2c(N1)cc(cc2)N(=O)=O)NC(C)(C)C
EGAQEL,O/N=C(/N(C)C)\Cc1cccc(c1)N(=O)=O
EGAZIX,COC(=O)c1ccc(c(N)c1c1ccc(OC)cc1)c1ccc(cc1)N(=O)=O
EGEHAA,O=N(=O)OCC(CON(=O)=O)(N(=O)=O)C(CON(=O)=O)(CON(=O)=O)N(=O)=O
EGEQUC,COc1cc(cc(OC)c1OC)N1C=CN=C1c1ccc(cc1)N(=O)=O
EGIVUM,CCCN1C(=O)N(CCC)C2=C(NC(=C2O)c2ccc(cc2)N(=O)=O)C1=O
EGORAW,O=C1O[C@]2(C[C@@H]1Nc1cccc(c1)N(=O)=O)OCC(C2)(C)C
EGOREA,O=C1O[C@]2([C@@H]([C@@H]1Nc1cccc(c1)N(=O)=O)CCC(O2)(C)C)C
EGORIE,Cc1ccc(cc1)[C@]12OC(=O)[C@H]([C@H]1CCN2C(=O)OC(C)(C)C)Nc1cccc(c1)N(=O)=O
EGOTOK,C=CC[C@@]1(/C=N/Nc2ccc(cc2N(=O)=O)N(=O)=O)CO[C@]([C@@](O1)(C)OC)(C)OC
EGUQIG,O=C1N2CC[C@H]2C[C@H]1[C@H](c1ccc(cc1)N(=O)=O)O
EGUQOM,O=C1N2CC[C@H]2C[C@H]1[C@@H](c1ccc(cc1)N(=O)=O)O
EGUQUS,O=C1N2CC[C@H]2C[C@@H]1[C@@H](c1ccc(cc1)N(=O)=O)O
EGURIH,OC(=O)[C@@H]1CC[C@@H]1NC(=O)c1cc(cc(c1)N(=O)=O)N(=O)=O
EGUZIQ,COc1ccccc1/C=N/NC(=O)c1ccccc1N(=O)=O
EHAJON,N#C[C@@]1(C)CCCC[C@H]1N(=O)=O
EHAKEF,O=N(=O)c1ccccc1C1=CC=C(N1)C(c1ccccc1)=C1C=CC(=N1)c1ccccc1N(=O)=O
EHAPAH,O=C1C=CC(=C/C/1=C/Nc1cc(ccc1O)N(=O)=O)C
EHAQIP,O=N(=O)[C@@H]1[C@H](C=C2[C@H]([C@H]1c1ccccc1)C[C@@H]1[C@H](C2)C(=O)N(C1=O)C)N1CCOCC1
EHAQUB,O=N(=O)[C@@H]1[C@H](CC2=CC[C@H]3[C@@H]([C@@H]2[C@H]1N1CCOCC1)C(=O)N(C3=O)C)c1ccccc1
EHECAV,CO[C@@H]1CC[C@@](CC1)(C#N)OC(=O)c1ccc(cc1)N(=O)=O
EHECEZ,N#C[C@@]1(CC[C@@H](CC1)OC(=O)C)OC(=O)c1ccc(cc1)N(=O)=O
EHEMIP,COC(=O)[C@H]1CC=C2[C@@H]3[C@@H]1CN([C@@H]3[C@H]([C@@H](C2)c1ccccc1)N(=O)=O)Cc1ccccc1
EHETUG,O=N(=O)c1ccc(cc1)c1nnc(nn1)c1ccc(cc1)N(=O)=O
EHEVAO,O=N(=O)c1cccc(c1)c1nnc(nn1)c1cccc(c1)N(=O)=O
EHEZIA,[O-]C(C[NH+](CC(O)=O)Cc1ccc(N(=O)=O)cc1)=O
EHIMUF,OOC(=O)c1cc(cc(c1)N(=O)=O)N(=O)=O
EHIXEB,CCOC(=O)[C@@H]1CCc2c3[C@H]1c1ccc(cc1Cc3cc1c2cccc1)N(=O)=O
EHOMIY,O=N(=O)c1ccccc1/C=N/OCCCCO/N=C/c1ccccc1N(=O)=O
EHUPEE,C[C@H]1C=CC[C@@](C1)(COC(=O)c1cc(cc(c1)N(=O)=O)N(=O)=O)c1ccccc1
EHUWIP,O=N(=O)C1=C(N2CCC3=C(Nc4ccccc34)C2=C1c1ccccc1)c1ccccc1
EIMTNB,O=N(=O)c1cc(c(N2CC2)c(c1)N(=O)=O)N(=O)=O
EJEGOP,O=N(=O)C1=NON=C1OC1=NON=C1C#N
EJEJOS,O=N(=O)c1cccc2nc(c3ccccn3)c(nc12)c1ccccn1
EJEPUE,O=N(=O)c1ccc(cc1)N/N=N/c1ccc(cc1)N(=O)=O
EJEXUO,O=N(=O)C1=CC=C(N2C1=NN=N2)/N=C(/N1CCOCC1)\C1CCCC1
EJEYID,CN1C=NC(=C1/N=C(/N1CCCCC1)\C)N(=O)=O
EJOGAO,O=N(=O)C1=NON=C1N(=O)=O
EJOXAC,CN/C(=C\1/C=C(C)C=C(C1=O)N(=O)=O)/C
EJUCEU,CO/N=C(/c1ccc(nc1)Oc1ccc(cc1)N(=O)=O)\CN1C=NC=N1
EKAGUU,O=N(=O)c1ccc(cc1)C1=NO[C@]2([C@@H]1C[C@H]1C[C@@H]2C1(C)C)[C@H](O[C@@H]([C@]12ON=C([C@H]1C[C@H]1C[C@@H]2C1(C)C)c1ccc(cc1)N(=O)=O)O)O
EKAHAB,O=N(=O)c1ccc(cc1)C1=NO[C@]2([C@@H]1C[C@H]1C[C@@H]2C1(C)C)C
EKAHEF,O=N(=O)c1ccc(cc1)C1=NO[C@@]2([C@H]1C[C@@H]1C[C@H]2C1(C)C)C
EKAHIJ,O=N(=O)c1ccc(cc1)C1=NO[C@]2(N1O[C@H]1[C@@H]2CCCC1)c1ccc(cc1)N(=O)=O
EKAHOP,O=N(=O)c1ccc(cc1)C1=NO[C@H]2[C@@H]1CCC2
EKAJAD,O=N(=O)c1ccc(cc1)C1=NO[C@H]2[C@@H]1Cc1c2cccc1
EKAMIO,CCOC(=O)c1ccc(cc1)C/C=C\[C@H]([C@H](c1ccc(cc1)N(=O)=O)O)c1ccccc1
EKAQOY,O=N(=O)c1cc(nc(c1)N1C=CC=N1)N1C=CC=N1
EKAVUJ,CC[C@@H]([C@H]([C@@H](C(=O)N(OC)C)C)OC(=O)c1cc(cc(c1)N(=O)=O)N(=O)=O)c1ccccc1
EKAWAQ,CON(C(=O)[C@H]([C@@H]([C@@H](c1ccccc1)CC(C)C)OC(=O)c1cc(cc(c1)N(=O)=O)N(=O)=O)C)C
EKEMEM,O=C1CCCN1C(=O)COc1ccc(cc1)N(=O)=O
EKUMOM,O=N(=O)C1(CCCCC1)/N=N/c1ccc(cc1N(=O)=O)N(=O)=O
EKUWEN,CCOC(=O)C1=C(OC(=C1c1ccc(cc1)N(=O)=O)c1ccccc1)c1ccccc1
ELEJUB,O[C@H]([C@@H](C)[NH+]=CC1=C(C=CC(=C1)[N+](=O)[O-])[O-])C1=CC=CC=C1
ELEJUB01,C[C@H]([C@H](c1ccccc1)O)N/C=C\1/C=C(C=CC1=O)N(=O)=O
ELIGEN,O=N(=O)OCN1N=C(C2=C1C(=NN2CON(=O)=O)N(=O)=O)N(=O)=O
ELIGEN01,O=N(=O)OCN1N=C(C2=C1C(=NN2CON(=O)=O)N(=O)=O)N(=O)=O
ELIGUD,O=N(=O)OCN1N=C(N=C1C1=NC(=NN1CON(=O)=O)N(=O)=O)N(=O)=O
ELIHUC,CC(OC(=O)C1=C(C)NC2=C([C@@H]1c1cccc(c1)N(=O)=O)C(=O)NC2=O)C
ELOVAD,O=C(c1ccccc1N(=O)=O)/C=C/c1ccccc1OCCOc1ccccc1/C=C/C(=O)c1ccccc1N(=O)=O
ELOVEH,O=C(c1ccccc1N(=O)=O)/C=C/c1ccccc1OCCOCCOCCOc1ccccc1/C=C/C(=O)c1ccccc1N(=O)=O
ELOXOS,O=C1NC=C(C=C1)N(=O)=O
ELOZUB,CC1=C(N(N=C1N(=O)=O)c1ccc(cc1N(=O)=O)N(=O)=O)N(=O)=O
ELUBIW,CC1=NC(=C(N1CC(=O)c1ccccc1)N(=O)=O)Nc1ccccc1
ELUDOF,COc1ccc(cc1)/C=C(\C(=O)c1ccccc1)/N(=O)=O
ELUMUV,N#C[C@]1(CCCc2c1nc1CCCCc1c2)/N=N/c1ccccc1N(=O)=O
ELUQEK,CCCCO[C@]12CCC=C3[C@@H]2[C@@H]([C@H](C=C1)OC(=O)c1ccc(cc1)N(=O)=O)C3
ELUWUE,COC(=O)c1ccccc1C#Cc1c(NC(=O)c2ccccc2)cccc1NC(=O)c1ccc(cc1)N(=O)=O
EMATUK,COc1cccc2c1N(C=C2)[C@H](CC(=O)c1ccccc1)CN(=O)=O
EMAWUL,CC(=O)c1cc(/N=N/c2ccc(cc2)N(=O)=O)ccc1O
EMAZUO,O=N(=O)c1cccc2c1NN=C2N(=O)=O
EMEDOQ,O=C1Oc2ccccc2C(=C1N(=O)=O)Nc1cccc2ccccc12
EMEDUW,O=C1Oc2ccccc2C(=C1N(=O)=O)Nc1ccccc1
EMEXAW,COc1ccc(CN2C=Nc3cc(c(nc23)c2ccccc2O)N(=O)=O)cc1
EMIGOY,C/C=C(\C1=CC[C@]2(C1=CCC[C@@H]2C)COC(=O)c1ccc(cc1)N(=O)=O)/C
EMITUS,COC([C@H]1[C@@H](OC(c2ccc(N(=O)=O)cc2)=O)CCC=C[C@@H]1c3ccccc3)=O
EMIVIF,CCOC(=O)C1=C(N)Oc2c([C@@H]1c1cccc(c1)N(=O)=O)ccc1c2nccc1
EMIVIF01,CCOC(=O)C1=C(N)Oc2c([C@@H]1c1cccc(c1)N(=O)=O)ccc1c2nccc1
EMOLEZ,CC1(C)CC(=O)C2=C(C1)N(N=N2)c1ccc(cc1)N(=O)=O
EMOMOL,O=C1CN(C(=O)CN1c1ccc(cc1)N(=O)=O)c1ccc(cc1)N(=O)=O
EMOPIG,COc1ccc(c(C=O)c1OCc1ccccc1)N(=O)=O
EMOYIO,COc1ccc(c(c1)[C@@]1(C)CCN(C1=O)C)N(=O)=O
EMUDAU,O=CN1C=C[C@H](C=C1)CN(=O)=O
EMUDIA,CN(C)C1(CCOC(=O)c2cc(cc(c2)N(=O)=O)N(=O)=O)COC1
EMUDOG,CC(C)(C)c1ccc(cc1)C1(CCOC(=O)c2cc(cc(c2)N(=O)=O)N(=O)=O)COC1
EMUJII,CCCCC(=C=C)C[C@@]1(Cc2cccc(c2)N(=O)=O)C(=NN(C1=O)c1ccccc1)C
EMULEE,O=N(=O)c1ccc2c3ccc(cc3C(CC#C)(CC#C)c2c1)N(=O)=O
ENAKOU,Cc1ccc(cc1)c1cc(cc(c1O)c1ccc(C)cc1)N(=O)=O
ENAKUA,Cc1cccc(c1)c1cc(cc(c1O)c1cccc(C)c1)N(=O)=O
ENALAH,Cc1ccccc1c1cc(cc(c1O)c1ccccc1C)N(=O)=O
ENBILO,CCC1=C(CC)/C(=C/C2=C(CC)C(=C(N2)/C(=C\2/NC(=O)C(=C2CC)CC)/N(=O)=O)CC)/N=C1/C=C/1\NC(=O)C(=C1CC)CC
ENBILO10,CCC1=C(CC)/C(=C/C2=C(CC)C(=C(N2)/C(=C\2/NC(=O)C(=C2CC)CC)/N(=O)=O)CC)/N=C1/C=C/1\NC(=O)C(=C1CC)CC
ENIGIT,O=C([C@H]1N(C[C@@H]2[C@@]31C=C[C@H](O3)C2)c1ccccc1N(=O)=O)NC1CCCCC1
ENIMUM,C=C=C[C@](C(COC(=O)c1cc(cc(c1)N(=O)=O)N(=O)=O)(C)C)(c1ccc2c(c1)cccc2)C1CC1
ENINIB,C=C=C[C@](c1ccc2c(c1)cccc2)([C@H](COC(=O)c1cc(cc(c1)N(=O)=O)N(=O)=O)C)C
ENIZEG,CN(c1ccc(cc1)/C=C/1\OC(=O)c2c1ccc(c2)N(=O)=O)C
ENPROP,CCOC(=O)[C@H]([C@@H](c1ccc(cc1)N(=O)=O)ON(=O)=O)N(=O)=O
ENUCEW,O=N(=O)c1ccc(cc1)/C=N/Nc1cc(nc(c1)c1ccccn1)c1ccccn1
ENUHIF,O=C(C1=Nc2c(N1)cccc2)/C=C/c1cccc(c1)N(=O)=O
ENUMUX,Cc1ccc(CN2C=C(N=C2C)N(=O)=O)cc1
ENUNAE,COc1cc(C=O)c(cc1OC)C1=C(N=C(C)N1CCCc1ccccc1)N(=O)=O
ENUNEI,CCCCN1C(=NC(=C1c1cc(OC)c(OC)cc1C=O)N(=O)=O)C
ENUNIM,CC1=NC(=C2N1CCc1ccccc21)N(=O)=O
ENUNOS,O=N(=O)C1=C(N(CCc2ccccc2)C=N1)c1ccc(cc1)C#N
ENUNUY,O=N(=O)c1cccc(c1)C1=C(N=CN1CCc1ccccc1)N(=O)=O
ENUPEK,CC1=NC(=C(N1CCc1ccccc1)c1ccccc1C=O)N(=O)=O
ENVFUR,CN(/C=C/C1=CC=C(O1)N(=O)=O)C
ENVFUR01,CN(/C=C/C1=CC=C(O1)N(=O)=O)C
EPANAM,CC1=CC(=O)C(=C/C/1=N\NC(=O)c1ccc(cc1)N(=O)=O)C(C)C
EPATAR,CN1C(=O)N[C@H](C2=C1C=NNC2=O)c1cccc(c1)N(=O)=O
EPEPUN,O=N(=O)c1cnc(N2C=C(C(=N2)C2=NN=NN2)N(=O)=O)c(c1)N(=O)=O
EPIDEP,COc1cc(/C=C/c2ccc(cc2)N(=O)=O)ccc1OC
EPIVOR,Cc1ccc(CCNc2nc3c4ccccc4C(=O)c3cc2N(=O)=O)cc1
EPNBCH10,C[C@@H](OC(=O)c1ccc(cc1)N(=O)=O)/C=C/[C@@]12O[C@@H](CC1(C)C)C[C@@]2(C)O
EPOREJ,CN1N=C(C)C(=C1N1N=C(C=C1c1ccccc1)c1ccccc1)N(=O)=O
EQAJAK,N#C/C(=C\c1cc(OC)c(cc1OC)/C=C(/c1cccc(c1)N(=O)=O)\C#N)/c1cccc(c1)N(=O)=O
EQAJAK01,N#C/C(=C\c1cc(OC)c(cc1OC)/C=C(/c1cccc(c1)N(=O)=O)\C#N)/c1cccc(c1)N(=O)=O
EQASOG,CN1N=C(c2ccccc2)c2cc(ccc12)N(=O)=O
EQAWEA,CCOC(=O)/C(=N/Nc1ccccc1N(=O)=O)/C
EQAXEC,CCN1N=C(C(=C1[O-])[N+]#N)N(=O)=O
EQEBIN,CC1=CC(C)(C)Nc2ccc(cc12)N(=O)=O
EQETUQ,O=N(=O)[C@H]1[C@@H](C[C@@]2(N(C1=O)CCN2)c1ccccc1)c1ccccc1
EQIKOF,C[C@]1(OC1)[C@H]1CC(=NN1c1ccccc1)c1ccc(cc1)N(=O)=O
EQIKUL,C[C@@]1(OC1)[C@H]1CC(=NN1c1ccccc1)c1ccc(cc1)N(=O)=O
EQIXOS,CON(OC)C(=O)Nc1ccc(cc1)N(=O)=O
EQOCET,COC(=O)[C@@H]1C[C@@]2([C@H](N1C(=O)C)Nc1c2cc(cc1)N(=O)=O)N(=O)=O
EQUJAE,O=C([C@]1(CCC[C@@H](C1)c1ccc(cc1)N(=O)=O)NC(=O)c1ccccn1)NC(C)(C)C
EQUMEK,O=C1N(c2ccc(cc2)N(=O)=O)C(=O)[C@H]2[C@@H]1[C@@]1(c3ccccc3)c3c([C@@]2(C1=O)c1ccccc1)c1ccccc1c1c3cccc1
EQUSUE,O=N(=O)[C@H]1[C@H](C[C@@]([C@@H]([C@H]1c1ccccc1)C(=O)c1ccccc1)(O)c1ccccc1)c1ccccc1
EQUTAL,O=N(=O)[C@H]1[C@@H](C[C@@]([C@H]([C@@H]1c1ccccc1)C(=O)C)(C)O)c1ccccc1
EQUTUI,O[C@H]1OC[C@@H]([C@H]2[C@H]1[C@H](Oc1c2cccc1)c1ccc(cc1)C)N(=O)=O
ERAWEB,CN1C=C(c2c1cccc2N(=O)=O)[C@@H]1[C@@H]2O[C@@H]3[C@H]1[C@@H]3C2
ERAZEF,Cc1cc(cc(C)c1O)N(=O)=O
ERETAW,NC(C1=[N+](ON=C1N2N=C(N(=O)=O)C(C(N)=O)=[N+]2[O-])[O-])=O
ERGDPH,CC([C@H](/C=C/[C@H]([C@H]1CC[C@@H]2[C@]1(C)CC[C@H]1C2=CC[C@@H]2[C@]1(C)CC/C(=N\Nc1ccc(cc1N(=O)=O)N(=O)=O)/C2)C)C)C
ERIKIB,C[C@@H]1CCO[C@H]2[C@@H]1C/C(=N\Nc1ccc(cc1N(=O)=O)N(=O)=O)/CO2
ERILOI,CCN(CC)c1ccc(cc1)C1=C(O)C(=O)c2cc(ccc2O1)N(=O)=O
ERISED,CCOC(=O)[C@@]1(CC[C@@H](CC1)OC)OC(=O)c1ccc(cc1)N(=O)=O
ERIWIL,CC1=C(C(=CC(=O)N1)C)N(=O)=O
ERIXAF,C[C@@]1(OC[C@]2(CO1)CO[C@@](OC2)(C)c1ccc(cc1)N(=O)=O)c1ccc(cc1)N(=O)=O
EROFEX,Nc1cccc(c1N)N(=O)=O
EROFUN,C=CCN1C(=O)N(c2c1ccc1c2C(=O)c2c(C1=O)cccc2)C[C@@H]1ON=C(C1)c1ccc(cc1)N(=O)=O
EROHUP,COc1ccc(C=O)cc1OCc1ccc(cc1)N(=O)=O
EROLON,CCN(c1ccc(cc1)[C@@H]1C(=C(NC)Oc2c1cccc2)N(=O)=O)CC
EROVOX,N#CC1=C(N)OC2=C([C@@H]1c1cccc(c1)N(=O)=O)C(=NN2c1ccccc1)C
EROXEP,O=N(=O)C[C@@H](c1ccc(cc1)C(C)(C)C)CC(=O)c1ccc(cc1)C(C)(C)C
EROYIU,O=CC1=CC=CN1Cc1ccccc1N(=O)=O
ERSTNA,COc1c2C=CC(C)(C)Oc2c(CCCOC(=O)c2cc(cc(c2)N(=O)=O)N(=O)=O)c2OC(C)(C)C=Cc12
ERSTNB,COc1c2C=CC(C)(C)Oc2c(CCCOC(=O)c2ccc(cc2)N(=O)=O)c2OC(C)(C)C=Cc12
ERSTNC,COc1c2CCC(C)(C)Oc2c(CCCOC(=O)c2cc(cc(c2)N(=O)=O)N(=O)=O)c2OC(C)(C)CCc12
ERSTND,COc1c(CCCOC(=O)c2cc(cc(c2)N(=O)=O)N(=O)=O)c2OC(C)(C)C=Cc2c2OC(C)(C)C=Cc12
ERUDAX,COC(=O)Nc1ccc(cc1)N(=O)=O
ERUGEE,O=C(Nc1ccc(cn1)N(=O)=O)C1=Nc2ccccc2c2ccccc2N1
ERUSUH,Oc1cccc2-c3c(N[C@@H](c12)c1cccc(c1)N(=O)=O)cccc3
ESAMUI,N#CC1=C(N)Oc2c([C@H]1[C@H]1C(=O)Nc3c1cccc3)cc(cc2)N(=O)=O
ESANIX,Oc1ccc(cc1/C=N/c1ccc(c(c1)C)C)N(=O)=O
ESAXIH,COC(=O)C1=COC(=C1C(=O)OC)c1ccccc1N(=O)=O
ESAYAY,C[C@@H](N1C(=O)[C@@H]2[C@@](C1=O)(C)[C@@H]1O[C@H]2CC1)c1ccc(cc1)N(=O)=O
ESEBUA,COC(=O)/C/1=C/2\C=C[C@](O2)(OC)[C@H](CCC/C=C/CCC1=O)OC(=O)c1cc(cc(c1)N(=O)=O)N(=O)=O
ESECAH,COC(=O)[C@@]12[C@@H](CC[C@@H]1[C@@H]1[C@@]32C=C[C@@](O3)(OC)[C@H](CCC1)OC(=O)c1cc(cc(c1)N(=O)=O)N(=O)=O)OC(=O)c1cc(cc(c1)N(=O)=O)N(=O)=O
ESECEL,COC(/C1=C2C=C[C@@](OC)([C@@H](OC(c3cc(N(=O)=O)cc(N(=O)=O)c3)=O)CCC/C=C/CCC1=O)O\2)=O
ESEQEA,CC1=C(OC(=O)c2ccc(cc2)N(=O)=O)[C@@H]2[C@@]3(C1)CCCC3=Cc1c2cccc1
ESEQIE,O=C(c1ccc(cc1)N(=O)=O)OC1=C(C)C[C@]23[C@@H]1c1c(C=C3CCC2)c2ccccc2c2c1cccc2
ESEQOK,O=C(c1ccc(cc1)N(=O)=O)OC1=C2CCCC[C@H]2[C@]23[C@@H]1c1ccccc1C=C3CCC2
ESIRIJ,O=N(=O)c1cccc2NCc12
ESIRUV,O=C(N1Cc2c1cccc2c1cccc(c1)N(=O)=O)c1ccccn1
ESOLAB,O=N(=O)c1ccccc1[C@@H]1O[C@H]1c1ccccc1N(=O)=O
ESOMOO,CC(=C[C@@H]1C[C@@H](c2c1c(OC(=O)c1ccc(cc1)N(=O)=O)c(C)cc2)C)C
ESUHEH,CCOc1nc(nc2N(N=Cc12)c1ccccc1)c1ccccc1N(=O)=O
ESUMIR,O=C(c1ccccc1)Nc1ccccc1N1C2=C(c3c1cccc3)CC(N[C@@H]2c1ccc(cc1)N(=O)=O)(C)C
ETAGIQ,O=N(=O)c1cc(ccc1C(=O)/C=C/1\Nc2c(C1=O)ccc(c2)C(C)(C)C)C(C)(C)C
ETAHIR,Cc1ccc(cc1)[C@H]1N(c2ccccc2)C(=O)C2=C(/C/1=C/c1ccccc1N(=O)=O)OCC2
ETAVOK,COC1=N[C@H](CC(=O)C)N=C([C@@]1(Cc1ccccc1)N(=O)=O)OC
ETEGUI,N#CC1=CC=C([C@]21C(=O)N(c1c2cccc1)C)C(=O)c1cc(ccc1O)N(=O)=O
ETELOG,COc1ccc(cc1)C1=C(N2C=CC=CC2=N1)c1ccc(cc1)N(=O)=O
ETIBIS,CCCC1=Cc2ccc(cc2N1)N(=O)=O
ETICEP,O=C1CCCC=C1[C@H](c1ccc(cc1)N(=O)=O)O
ETIRAC,C=CC[C@@]1(C(OC)=O)N(CC[C@@]1(c2c(N(=O)=O)cccc2)COCOC)CC=C
ETIXIO,O[C@@H]1[C@H](OCc2ccccc2)OC[C@]([C@H]1O)(O)CN(=O)=O
ETNIBZ01,CCOC(=O)c1cc(cc(c1)N(=O)=O)N(=O)=O
ETOGOJ,CC(=O)c1ccc(cc1)N/N=N/c1ccc(cc1)N(=O)=O
ETOMOP,OC(=O)c1ccccc1Oc1ccc(cc1)N(=O)=O
ETONUY,CCOC(=O)C1=CN(C=C([C@@H]1c1ccccc1)C)c1ccc(cc1)N(=O)=O
ETUTIY,O=N(=O)c1cccc(c1)N1Cc2c(cccc2N(=O)=O)N=C1
EVACOU,CCOC(=O)/C(=N/Nc1ccc(cc1)N(=O)=O)/N1C(=Nc2c1cccc2)C
EVAGIS,O=C(c1ccccc1)C(=NNc1ccc(cc1)N(=O)=O)C(=O)c1ccccc1
EVAJOD,O=N(=O)C[C@@]1(CCC(=O)O1)c1ccccc1
EVALOD,N#C[C@H](c1cccc(c1)N(=O)=O)CC(=O)c1ccccc1
EVECEQ,O=C1N2CCCCC2=Nc2ccc(cc12)N(=O)=O
EVETUV,CCN1c2ccc(cc2-c2c1cccc2)/N=C/c1cccc(c1)N(=O)=O
EVETUV01,CCN1c2ccc(cc2-c2c1cccc2)/N=C/c1cccc(c1)N(=O)=O
EVEXAE,COc1ccc(cc1)C(=O)/C=C(/c1cccc(c1)N(=O)=O)\O
EVEXAE01,COc1ccc(cc1)C(=O)/C=C(/c1cccc(c1)N(=O)=O)\O
EVEXAE02,COc1ccc(cc1)C(=O)/C=C(/c1cccc(c1)N(=O)=O)\O
EVEZEK,CCCCc1cc(C)cc(c1c1ccc(cc1)/C(=N/Nc1ccc(cc1N(=O)=O)N(=O)=O)/C)CO
EVINOM,O=C1C=Cc2c(/C/1=C/Nc1ccc(cc1)N(=O)=O)cccc2
EVINOM01,O=C1C=Cc2c(/C/1=C/Nc1ccc(cc1)N(=O)=O)cccc2
EVINOM02,[N+](=O)([O-])C1=CC=C(C=C1)\[NH+]=C\C1=C(C=CC2=CC=CC=C12)[O-]
EVINOM03,O=N(=O)c1ccc([NH+]=Cc2c([O-])ccc3ccccc23)cc1
EVIWEM,OC(=O)[C@@H](N1C(=O)c2c(C1=O)cccc2N(=O)=O)CC1=CNc2c1cccc2
EVIXEM,CC(=O)NC1=NC(=NN1)N(=O)=O
EVIYEN,COc1cc2c(cc1N(=O)=O)C[C@H]1[C@@H]2C1
EVOPIO,OC[C@H]1O[C@H](C[C@@H]1O)N1N=CC2=C1C=CC=C2N(=O)=O
EVOQAI,Cc1cccc(c1)N(OC(=O)Cc1ccccc1N(=O)=O)C(=O)c1ccccc1
EVULAK01,CCCCNc1c2cccc3C(=O)N(CCCC)C(=O)c(cc1N(=O)=O)c23
EVULOW,Cc1ccc(cc1)C(c1ccc(C)cc1)=C(N(=O)=O)N(=O)=O
EVULUC,COc1ccc(cc1)C(c1ccc(OC)cc1)=C(N(=O)=O)N(=O)=O
EVUMIR,O=N(=O)c1ccc(cc1)C(c1ccccc1)=C(N(=O)=O)N(=O)=O
EVUZOM,COC(=O)c1ccc(cc1)C#Cc1ccc(cc1N(=O)=O)c1ccc(cc1)C(=O)OC
EWACEK,O=N(=O)c1ccc2N3CN(Cc2c1)c1ccc2N4CN(Cc2c1C3)c1ccc(cc1C4)N(=O)=O
EWEFAP,COc1ccc(cc1)C(C([C@@H](c1ccccc1)OC(=O)c1cc(cc(c1)N(=O)=O)N(=O)=O)(C)C)(C)C
EWEFOC,CCCC/C(=C\c1ccccc1)/C(=C)OC(=O)c1ccc(cc1)N(=O)=O
EWEHIY,C=CCN1C=CC(=O)C[C@@H]1[C@H](OC(=O)c1ccc(cc1)N(=O)=O)C
EWENOM,N#CC1(C#N)[C@@H](c2ccccc2)[C@H](N(=O)=O)[C@H]([C@H]([C@]21CCCC(=O)C2)C)c1ccccc1
EWEVIM,Nc1cc(ccc1C(O)=O)N(=O)=O
EWEVIM01,Nc1cc(ccc1C(O)=O)N(=O)=O
EWEVIM02,Nc1cc(ccc1C(O)=O)N(=O)=O
EWIFEV,C[C@]12[N@@]3CC[N@]4[C@]2(C)[N@](CC[N@@]1C[C@@H](C3)Cc1ccc(cc1)N(=O)=O)CCC4
EWIFIZ,O=N(=O)c1ccc(cc1)C[C@@H]1C[N@@]2CC[N@@]3[C@H]4[C@@H]2[N@](C1)CC[N@]4CCC3
EWILAZ,Nc1cc(ccc1N(=O)=O)N1CCOCC1
EWIWOY,O=N(=O)c1ccc(Nc2ccccc2c2ccccn2)cc1
EWIXUD,CCOC(=O)C1=C(OC=C1)c1ccc(cc1)N(=O)=O
EWOFUR,C=C/C=C(/[C@@H](C(=O)c1ccccc1)O)\c1ccc(cc1)N(=O)=O
EWUCEE,COc1cc(OC)c(cc1OC)N(=O)=O
EWUFAD,CC(=O)N1[C@@H](CC(=O)c2c1cc1OCOc1c2)c1ccc(cc1)N(=O)=O
EWUKAI,Nc1ccc(c(c1)C(O)=O)N(=O)=O
EXADIQ,O=N(=O)c1ccc(cc1)[C@]12OCC[N@@]2CCO1
EXAHUH,CC1=CC(=O)[C@]2([C@@H]1CCCC2)OC(=O)c1cc(cc(c1)N(=O)=O)N(=O)=O
EXAJIX,Cc1cc2CCCc2cc1OC(=O)c1cc(cc(c1)N(=O)=O)N(=O)=O
EXAKOD,C=CC[C@]12C[C@H](CN2C(=O)[C@H](N=C1OC)C(C)C)OC(=O)c1ccc(cc1)N(=O)=O
EXEHEX,CC1(C)[NH+]=C(N(O)C1(C)C)c1cc(cc(c1[O-])N(=O)=O)N(=O)=O
EXEHIB,CC1(C)NC(=[NH+]C1(C)C)c1cc(cc(c1[O-])N(=O)=O)N(=O)=O
EXELAW,COC(=O)[C@@H]1Cc2ccccc2[C@]2([C@@H]1CCCC2)OC(=O)c1ccc(cc1)N(=O)=O
EXEPEF,C[C@H]([C@H](C1=C(Nc2c1cccc2)c1ccccc1)c1ccccc1)N(=O)=O
EXEPIG,CC1=CC2=C(C(=O)O1)[C@H](c1ccc(cc1)N(=O)=O)C1=C(O2)C=C(OC1=O)C
EXEPIJ,C[C@@H]([C@@H](C1=C(Nc2c1cccc2)c1ccccc1)c1ccccc1)N(=O)=O
EXEPOP,C[C@@H]([C@H](C1=C(Nc2c1cccc2)c1ccccc1)c1ccccc1)N(=O)=O
EXEPUV,C[C@H]([C@@H](C1=C(Nc2c1cccc2)c1ccccc1)c1ccccc1)N(=O)=O
EXETEI,COC(=O)CC1=NN2C=CC=C(C2=NC1=O)N(=O)=O
EXEYUD,COC(=O)[C@H]1Cc2ccccc2[C@@]2([C@H]1CCC2)OC(=O)c1ccc(cc1)N(=O)=O
EXOBDO01,O=C(c1cc(cc(c1)N(=O)=O)N(=O)=O)O[C@H]1C[C@H]2C[C@@H]1[C@H]1[C@@H]2[C@H]2C[C@@H]1CC2
EXOPOZ,COc1ccc(cc1)N=Nc1ccc(O)c(c1)[N+]([O-])=Nc1ccccc1N(=O)=O
EXOQEO,Oc1ccc(Nc2ncccc2N(=O)=O)cc1
EXOYAT,O=C(Cc1ccccc1)C[C@@H]1CCC[C@@H]1N(=O)=O
EYALAS,CC(c1ccc2c(c1)CC[C@@H]1[C@]2(C)CCC[C@@]1(C)C/N=C/c1cc(ccc1O)N(=O)=O)C
EYEFOE,COc1ccc(c(c1)O)/C=N/c1cc(N(=O)=O)c(cc1N)N(=O)=O
EYIFEZ,CCCCNC1=CC=C(C2=NON=C12)N(=O)=O
EYIFOK,CCOC(=O)[C@@]([C@@H](c1ccccc1)O)(CC(N(=O)=O)(C)C)C
EYIHUS,O=N(=O)C(CNC1=NON=C1C1=NON=C1NCC(N(=O)=O)(N(=O)=O)N(=O)=O)(N(=O)=O)N(=O)=O
EYILIK,O=N(=O)c1ccccc1Nc1ccc2ccc3ccc4ccc5ccc6ccccc6c5c4c3c2c1
EYOGAB,CC1=CC[C@@]2([C@@]1(C)CCC2)C#CCOC(=O)c1ccc(cc1)N(=O)=O
EYOGAC,O1CCN(CC1)CC\[NH+]=C\C1=C(C=CC(=C1)[N+](=O)[O-])[O-]
EYOMUD,O=C(Oc1ccc2ccccc2c1c1cccc2ccc3cccnc3c12)c1cc(cc(c1)N(=O)=O)N(=O)=O
EYOVIX,COC1=C(C2=NON=C2C2=NON=C12)N(=O)=O
EYOZAT,CC(C)(C)c1cc(cc(c1O)N(=O)=O)N(=O)=O
EYUCUZ,O=C1OCC2=C1[C@@H](c1ccc(cc1)N(=O)=O)c1c(N2)ccc2c1nccn2
EYUFEJ,O=NN(CCCON(=O)=O)CN1C(=O)C(=O)c2cc(ccc12)N(=O)=O
EYUKER,CN(C(=O)OCc1ccc2ccccc2c1)c1ccc(cc1C)N(=O)=O
EYUKIV,CN(C(=O)OCc1ccc2ccccc2c1)c1ccc(cc1)N(=O)=O
EYUWON,CN(C(=O)OCc1ccc2ccccc2c1)c1c(C)cc(cc1C)N(=O)=O
EYUWUT,CN(C(=O)OCc1ccc2ccccc2c1)c1cccc(c1)N(=O)=O
EZAWUY,CC([C@H]1CCCO[C@@H]1COC(=O)c1ccc(cc1)N(=O)=O)C
EZAYAF,O=C(Nc1ccc(cc1)C#C)Nc1ccc(cc1)N(=O)=O
EZEFUL,COc1cc(/C=C/c2ccc(cc2)N(=O)=O)cc(c1OC)OC
EZEGAS,COc1cc(/N=C/c2ccc(cc2)N(=O)=O)cc(c1OC)OC
EZEGEW,COc1cc(/C=N/c2ccc(cc2)N(=O)=O)cc(c1OC)OC
EZESOS,CN(/C=C/C(=O)c1ccccc1N(=O)=O)C
EZESUY,O=N(=O)c1ccccc1C1=NNC=C1
EZETAF,COc1ccc(cc1)N1N=CC=C1c1ccccc1N(=O)=O
EZICUM,CCCc1ccc(cc1)/N=C/c1cc(ccc1O)N(=O)=O
EZOGOS,CCOC(=O)/C(=C/Nc1ccc(cc1)N(=O)=O)/C(=O)Nc1cc(OC)ccc1OC
EZUHAL,CCOC(=O)C1(N=C([C@H]2[C@@H]1C(=CN([C@H]2OC)Cc1ccccc1)N(=O)=O)c1ccccc1O)C(=O)OCC
EZUJAL,O=C([C@H]1N[C@H]([C@@H]([C@H]1c1ccccc1)N(=O)=O)c1ccccc1)c1ccccc1
EZUJOZ,CCOC(=O)C1(N[C@H](C(=C1)C(=O)C)c1ccc(cc1)N(=O)=O)C(=O)OCC
EZUMAO,COc1c(OC)cc(cc1OC)[C@H]1C[C@H]2C(=O)N(C(=O)[C@H]2C2=C1c1cc(ccc1N2)N(=O)=O)Cc1ccccc1
EZUVOM,COCCOCCOCCOC(=O)c1ccc(NC(=O)c2ccc(c(c2)C2OCCO2)N(=O)=O)c(c1)C1OCCO1
FABDOB,CN1CCC[C@@H]2[C@@H]1CCC[C@H]2OC(=O)c1cc(cc(c1)N(=O)=O)N(=O)=O
FABFIA,O=C1OC(=C/C/1=N\Nc1ccccc1N(=O)=O)c1ccccc1
FABHUL,CN1C(=C(C(=C1N(=O)=O)N(=O)=O)N(=O)=O)N(=O)=O
FABHUL01,CN1C(=C(C(=C1N(=O)=O)N(=O)=O)N(=O)=O)N(=O)=O
FABJAW,Cc1c(C)c(c2ccccc2)c(c(N)c1C#N)N(=O)=O
FABRAD,CC(/N=C/c1cc(ccc1O)N(=O)=O)C
FABROP10,O=N(=O)c1cc(c(NN2c3ccccc3c3ccccc23)c(c1)N(=O)=O)N(=O)=O
FABROP11,O=N(=O)c1cc(c(NN2c3ccccc3c3ccccc23)c(c1)N(=O)=O)N(=O)=O
FABTAF,O=N(=O)[C@H]([C@@H]1ON(Cc2ccccc2)[C@@H]([C@@H]2[C@H]1OC(O2)(C)C)C)C
FACPOO,CC(=O)OC[C@H]1O[C@@H](N(=O)=O)[C@@H]([C@H]([C@@H]1OC(=O)C)OC(=O)C)OC(=O)C
FACPUU,CC(=O)O[C@@H]1[C@@H](COC(=O)C)O[C@@H]([C@@H]([C@H]1OC(=O)C)NC(=O)C)N(=O)=O
FACRAC,CC(=O)OC[C@H]([C@@H]1O[C@H]([C@@H]([C@H]1OC(=O)C)OC(=O)C)N(=O)=O)OC(=O)C
FACREG,OC[C@H]1O[C@H]([C@@H]([C@@H]1O)O)N(=O)=O
FACSEH,O=C(c1ccc(cc1)N(=O)=O)OCCC[C@H]1CC[C@@H]([C@@]2(O1)CCCCO2)OCc1ccccc1
FACYAK,O=C(Nc1ccccc1)c1ccccc1N(=O)=O
FACYOA,COc1ccc(cc1)/C(=C/1\CCC\C1=N/Nc1ccc(cc1N(=O)=O)N(=O)=O)/Cc1ccc(cc1)OC
FACZAN,Cc1ccc(cc1)/C(=C/1\CCC\C1=N/Nc1ccc(cc1N(=O)=O)N(=O)=O)/Cc1ccc(cc1)C
FADGOG,COc1ccc(cc1)[C@H](OC(=O)c1cc(cc(c1)N(=O)=O)N(=O)=O)C
FADGUM,O=C(c1cc(cc(c1)N(=O)=O)N(=O)=O)O[C@@H](c1ccccc1)C
FADHAW,O=N(=O)c1cc(ccc1N/N=C/1\C[C@H](C\C1=C(/c1ccccc1)\Cc1ccccc1)c1ccccc1)N(=O)=O
FADHEA,CCC/C(=C/1\CCC\C1=N/Nc1ccc(cc1N(=O)=O)N(=O)=O)/CC
FADJAY,O=N(=O)c1cc(ccc1N/N=C/1\CCC[C@H]1/C(=C/c1ccccc1)/c1ccccc1)N(=O)=O
FADKIF,CN1CCC(=C/C/1=N\c1ccc(cc1)N(=O)=O)c1ccccc1
FADQIO,N#C/C=C(/c1ccccc1)\OC(=O)c1cccc(c1N(=O)=O)C
FADTOW,CC(C)(C)C(=O)N1N=Cc2ccc(cc12)N(=O)=O
FADZIX,O=C(Oc1ccc(cc1)N(=O)=O)C#C
FAFCOE,O=C(c1cc(cc(c1)N(=O)=O)N(=O)=O)O[C@@]12CCC[C@]3([C@]2(CC1)CCC3)C
FAFCOE10,O=C(c1cc(cc(c1)N(=O)=O)N(=O)=O)O[C@@]12CCC[C@]3([C@]2(CC1)CCC3)C
FAFSEK,CN1c2ccc3c(c2C([C@@]21C=Cc1c(O2)ccc(c1)N(=O)=O)(C)C)cccc3
FAFVOY,O=C([C@]1(C[C@H]2C[C@@H]1C=C2)N(=O)=O)c1ccccc1
FAGLEG,O=N(=O)/C(=N/OC1CCCCC1)/N(Cc1ccc2c(c1)cccc2)Cc1ccc2c(c1)cccc2
FAGWAO,COC(=O)C1=C(N(CN(C1)c1ccc(C)c(c1)N(=O)=O)C1=Cc2ccccc2OC1=O)C(=O)OC
FAGWEP,O=C1CCC[C@H](C1)[C@@H](N(=O)=O)CC1OCCO1
FAHJON,COC(=O)[C@@]1(N=C(C(C1(C#N)C#N)(C#N)C#N)C(C)C)c1ccc(cc1)N(=O)=O
FAHJON10,COC(=O)[C@@]1(N=C(C(C1(C#N)C#N)(C#N)C#N)C(C)C)c1ccc(cc1)N(=O)=O
FAHKII,O=N(=O)C[C@H]([C@@H]1CCO[C@@H](O1)c1ccccc1)O
FAHLAB,O=N(=O)[C@@H]([C@@H](C(C)C)O)[C@@H]1CCO[C@@H](O1)c1ccccc1
FAHPEJ,O=N(=O)[C@H]([C@@H](C(C)C)O)[C@@H]1CCO[C@@H](O1)c1ccccc1
FAHYAS,COc1ccc(cc1)N1C=C(C=C1c1ccc(cc1)N(=O)=O)c1ccc(OC)cc1
FAHYIA,COc1ccc(cc1)C1=CN(c2ccccc2)C(=C1)c1ccc(cc1)N(=O)=O
FAHZUJ,COc1ccc(cc1)C1=C(N=C(N1)c1ccc(cc1)N(=O)=O)c1ccc(OC)cc1
FAJHIH,OC1C2CC3C1C3(C2)N(=O)=O
FAJYIY,CN(C)c1ccc(cc1)C(=C)c1ccc(cc1)N(=O)=O
FAKVOC,CN(C)c1ccc(Nc2ccc(cn2)N(=O)=O)cc1
FAKVUI,O=N(=O)c1ccc(Nc2ccccc2)nc1
FAKVUI01,O=N(=O)c1ccc(Nc2ccccc2)nc1
FAKWET,O=N(=O)c1ccc(Nc2ccc(cn2)N(=O)=O)cc1
FALHUW,COc1c(ccc(c1OC)OC)[C@@H]1C[C@@H]2O[C@@H]2C[C@H]1N(=O)=O
FALKEM,CC(CNC1=C(N(=O)=O)C(=O)C(=C([C@@H]1C(C)(C)C)C(C)(C)C)O)C
FALLAJ,C=CCNC1=C(N(=O)=O)C(=O)C(=C([C@@H]1C(C)(C)C)C(C)(C)C)O
FALMIS,O=N(=O)C1=C(N)[C@H]([C@@H](C(=O)C1=O)C(C)(C)C)C(C)(C)C
FAMFUU,C[C@@H](OC(c1ccccc1)(c2ccccc2)c3ccccc3)c4ccc(N(=O)=O)cc4
FAMJEL,CCCC[C@@]([C@@H](C/C(=N/Nc1ccc(cc1N(=O)=O)N(=O)=O)/C)C)(/C=C/CCc1cccc(c1)OC)C
FANDUW,O=N(=O)c1ccc(cc1)[C@H]1CN=N[C@]21[C@H](Oc1c(C2=O)cccc1)c1ccccc1
FANTIX,CC(=O)c1c(C)c(c(c(c1C)N(=O)=O)C(C)(C)C)N(=O)=O
FANTIX01,CC(=O)c1c(C)c(c(c(c1C)N(=O)=O)C(C)(C)C)N(=O)=O
FAQMER,COc1ccc(c(c1)O)C(=O)C[C@H](c1cccc(c1)N(=O)=O)O
FAQRAQ,O=N(=O)c1ccc(Nc2c3ccccc3nc(Nc3ccccc3)c2N(=O)=O)cc1
FARKAK,O=C(c1ccc(cc1)N(=O)=O)Oc1ccc(cc1)/C=C\C/C=C\c1ccc(cc1)OC(=O)c1ccc(cc1)N(=O)=O
FARNAO,COC(=O)C1=CC[C@@H](C[C@H]1COC(=O)c1cc(cc(c1)N(=O)=O)N(=O)=O)OC(=O)[C@@H](c1ccccc1)OC
FASCIM,C[C@@H]1CC[C@H]([C@@H](C1)OC(=O)C(=C)[C@@H](c1ccc(cc1)N(=O)=O)[C@@H]1C=CC(=O)O1)C(c1ccccc1)(C)C
FASDEJ,CCOC(=O)C1=C(C)N(C(=C([C@H]1c1cccc(c1)N(=O)=O)C(=O)OCC)C)c1ccccc1
FASGAH,O=C1c2ccccc2c2cc(cc3c2c1c1ccccc1c3N(=O)=O)N(=O)=O
FASJUF,O=C1O[C@H]2[C@](/C/1=C/c1ccccc1N(=O)=O)(C)OC(O2)(C)C
FASNOF,COc1ccc(nc1)C1(CCCCC1)CNC(=O)[C@](CC1=CNc2c1cccc2)(NC(=O)Nc1ccc(cc1)N(=O)=O)C
FASPOE,CCOC(=O)[C@@]12CCC[C@H]([C@H]2C/C=N/Nc2ccc(cc2N(=O)=O)N(=O)=O)C(=CC1)C
FASRUP,O=C(c1ccc(cc1)N(=O)=O)/C=C/c1ccccc1C
FASTUQ,CCN(c1nc(N/N=C/c2ccc(cc2)N(=O)=O)nc(n1)N(CC)CC)CC
FASWON,CCN(c1ccccc1)c1ccc(cc1N(=O)=O)N(=O)=O
FATBEI,O=C1C=Cc2c(/C/1=C/Nc1cccc(c1)N(=O)=O)cccc2
FATSIF,N#CC1=C(c2ccc(cc2)N(=O)=O)/C(=N/c2ccc(cc2)N(C)C)/O[C@@]1(C)C(=O)C
FATYUW,CONC(=O)c1ccc(cc1)N(=O)=O
FATZAD,CON(OC(C)=O)C(=O)c1ccc(cc1)N(=O)=O
FAVCOW,Nc1ccccc1/C(=N/Nc1ccccc1N(=O)=O)/C
FAVCUC,Nc1ccccc1/C(=N/Nc1cccc(c1)N(=O)=O)/C
FAVDAJ,Nc1ccccc1/C(=N/Nc1ccc(cc1)N(=O)=O)/C
FAVVII,C[C@H]1[C@@H]2CC[C@H](N([C@H]2CCC1)C(=O)C1=CC=C(C=C1)[N+](=O)[O-])CCC
FAWGAN,O=C1OC[C@]2([C@@H](C1)[C@@H]([C@H]2c1ccccc1)c1ccccc1)N(=O)=O
FAWWIJ,CN(C)c1ccc(c(C)c1N(=O)=O)N(=O)=O
FAYCAJ,O=N(=O)N1CN(CC(C1)(N(=O)=O)N(=O)=O)N(=O)=O
FAYPEB,CCC[C@@H]1CC[C@H]2[C@H](N1C(=O)c1ccc(cc1)N(=O)=O)CCC[C@@H]2C
FAYPED,C=CC[C@@]([C@@H](OCc1ccccc1)C)(OC(=O)c1cc(cc(c1)N(=O)=O)N(=O)=O)C
FAYXOU,COCCOCCOCCOc1cc(nc2c1cccc2N(=O)=O)C(=O)Nc1cccc2c(OCCOCCOCCOC)cc(nc12)C(=O)OC
FAYZOX,CN1C[C@@H]2[C@@](C1)(N(=O)=O)C(=N[C@@H]1[C@]2(CN(C1)C)N(=O)=O)Oc1ccccc1
FAZFOE,CC(=O)c1cc(c2ccccc2c1C(=O)c1ccccc1)N(=O)=O
FAZGAR,CC1=NOc2c1cc(c1ccccc21)N(=O)=O
FAZLEX,CCCCCCOc1ccc(cc1)C#Cc1ccc(cc1NC(=O)CCC)N(=O)=O
FEBBIZ,O=C1CC[C@@H]([C@@H]([C@H]2[C@H]1OC(O2)(C)C)O)N(=O)=O
FEBGIF,O=C([C@@H](NC(=O)OC(C)(C)C)CCCN(=O)=O)OC(C)(C)C
FEBJOM,O=N(=O)C[C@H]([C@@H]1CCCCC1=O)c1ccccc1
FEBJOM01,O=N(=O)C[C@H]([C@@H]1CCCCC1=O)c1ccccc1
FEBJUS,COC(=O)[C@H]1C[C@@H](O)C[C@H]([C@@H]1N(=O)=O)O[C@@H]1O[C@H](COC(=O)C)[C@H]([C@@H]([C@H]1OC(=O)C)OC(=O)C)OC(=O)C
FEBKAZ,COC(=O)/C=C/N(=O)=O
FEBQOV,C#CCOCCC[C@@H](C(=O)N[C@H](C(=O)OC)CC(C)C)NC(=O)[C@@H](NC(=O)C(NC(=O)[C@@H](NC(=O)[C@@H](NC(=O)[C@@H](NC(=O)OC(C)(C)C)CC(C)C)CCCN(=O)=O)CC(C)C)(C)C)CC(C)C
FECJEE,Cc1ccc2N=C(N(c3ccc(cc3)N(=O)=O)c2c1)c1ccccc1
FECLUV,CCOC(=O)[C@@]1(CCCCC1=O)[C@@H](c1ccccc1)CN(=O)=O
FECMEG,CC(C[C@H]([C@@]1(CCOC1=O)C(=O)C)CN(=O)=O)C
FEDREM,O=N(=O)c1ccc(cc1)[C@H]1Nc2ccccc2[C@H]2[C@@H]1CCCO2
FEDZAQ,O=N(=O)C1=NN(C=C1C1=NN(N=N1)C12CC3CC(CC(C3)C1)C2)C12CC3CC(CC(C3)C1)C2
FEFHUW,CN1C=NC(=C1N(=O)=O)C1=CON=C1c1ccccc1
FEFPEM,O=N(=O)c1ccc(Oc2ccccc2)cc1
FEFPEM01,O=N(=O)c1ccc(Oc2ccccc2)cc1
FEFPEM02,O=N(=O)c1ccc(Oc2ccccc2)cc1
FEFXUM,NC1=NON=C1C1=NON=C1C1=NON=C1N(=O)=O
FEGFIG,CO[C@@]12O[C@@](N=C1c1ccc(cc1)N(=O)=O)([C@H]1[C@@H]2C(=O)N(C1=O)C)C
FEGGEG,O=C1O[C@@]2(N3[C@H]1[C@@H]1[C@H]2[C@@H](CC1)c1c3c(C)ccc1)c1ccc(cc1)N(=O)=O
FEGPAJ,CC(C)(C)c1cc2Cc3cc(cc(Cc4cc(cc(Cc5cc(cc(Cc(c1)c2OCCCN1C(=O)c2ccccc2C1=O)c5OCC=C)N(=O)=O)c4OCCCN1C(=O)c2ccccc2C1=O)C(C)(C)C)c3OCC=C)N(=O)=O
FEGTIU,O=C(c1ccc(cc1)N(=O)=O)O/N=C/1\CC[C@@H](CC1)c1ccccc1
FEHFAC,CCOC(=O)C/C(=C(\c1ccc(cc1)OC)/Nc1cc2-c3ccccc3Nc2c(c1c1ccccc1)C(=O)OC)/N(=O)=O
FEJQAM,CC(=C)[C@@H]1CC[C@@](CC1)(O)CCCOC(=O)c1cc(cc(c1)N(=O)=O)N(=O)=O
FEKDOQ,O=N(=O)C[C@H]1N(CCc2c1cccc2)C(=O)C
FEKFAE,O=N(=O)[C@@H]([C@@H]1N(CCc2c1cccc2)C(=O)C)C
FEKHOU,O=C(C[C@@H](CC(=O)c1ccccc1)CN(=O)=O)NCc1ccccc1
FEKHUA,CCOC(=O)[C@]1(CCCC1=O)[C@@H](CN(=O)=O)C#Cc1ccccc1
FEKVOG,Nc1c(c(N)c(c(c2c(c(N)c(c(N)c2N(=O)=O)N(=O)=O)N(=O)=O)c1N(=O)=O)N(=O)=O)N(=O)=O
FELDUW,Nc1cc(c(cc1N)N(=O)=O)N(=O)=O
FELROD,O=N(=O)c1ccc(cc1)[C@]12OO[C@@](O1)(C)CC(O2)(C(C)(C)C)C(C)(C)C
FELTUO,O=C(OOC(=O)c1cc(cc(c1)N(=O)=O)N(=O)=O)c1cc(cc(c1)N(=O)=O)N(=O)=O
FELVAW,O=C(OOC(=O)c1cccc(c1)N(=O)=O)c1cccc(c1)N(=O)=O
FEMGUZ,O=C1c2cccc3ccc(c(c4ccc5ccccc5c14)c23)N(=O)=O
FEMREV,COc1cc(ccc1O)[C@@H]1[C@@H](C(=O)Oc2ccc(cc2)N(=O)=O)[C@H]([C@@H]1c1ccc(c(c1)OC)O)C(=O)Oc1ccc(cc1)N(=O)=O
FEMSOH,CCOC(=O)C1=C(C)OC(=C([C@H]1c1ccc(cc1)N(=O)=O)C#N)N
FEMVEY,[N+](=O)([O-])C(C)(C)/[N+](=[N+](/C(C)([N+](=O)[O-])C)\[O-])/[O-]
FENDEH,O=C1N2CCCCCN2c2ccc(cc12)N(=O)=O
FENPET,O=C(Nc1ccc(cc1N(=O)=O)N(=O)=O)c1ccc(cc1)C(=O)Nc1ccc(cc1N(=O)=O)N(=O)=O
FENPIX,O=C(Nc1ccc(cc1N(=O)=O)N(=O)=O)c1ccc(cc1)N(=O)=O
FENPIX01,O=C(Nc1ccc(cc1N(=O)=O)N(=O)=O)c1ccc(cc1)N(=O)=O
FENQEV,C=CCOC(=O)/C=C/c1cc(cc(c1)N(=O)=O)N(=O)=O
FENZUW,CN1CC2=C(C1)C(=C(C1=CC=CN1Cc1ccccc1)C1=NON=C21)N(=O)=O
FEPFIP,OC[C@@H]1CCCN1C(=O)c1cc(ccc1NC)N(=O)=O
FEPGAI,CO[C@@H]1O[C@H](COC(c2ccc(N(=O)=O)cc2)=O)[C@@H](OC(c3ccc(N(=O)=O)cc3)=O)C1
FEPJIT,O=N(=O)c1cccc(COCc2cccc(c2)N(=O)=O)c1
FEPMOD,COC(=O)[C@]1(CCCCC1=O)[C@H](c1ccccc1)CN(=O)=O
FEPMUJ,COC(=O)[C@]1(CCc2c(C1=O)cccc2)[C@H](c1ccccc1)CN(=O)=O
FEPXUV,CCOC(=O)C1=C/C(=N\c2c(C)cccc2C)/C([C@]21c1cc(ccc1N(C2=O)C)N(=O)=O)(C#N)C#N
FEPYEG,CN1C=C2C(=C(C=C(C2=C1)N(=O)=O)N(=O)=O)C
FEQCAH,O=C(c1ccccc1)C[C@@H]1[C@@H](C(=O)c2ccccc2)[C@@H](c2c1cccc2)[C@H](N(=O)=O)C
FEQCEL,O=C(c1ccccc1)C[C@H]1[C@H](C(=O)c2ccccc2)[C@H](c2c1cccc2)[C@H](N(=O)=O)C
FEQMAR,COC(=O)C1=C2C=C(O[C@]2([C@H](C=C1)c1ccccc1)C)c1ccc(cc1)N(=O)=O
FESNEW,COc1ccc(cc1N(=O)=O)N(=O)=O
FESNEW01,COc1ccc(cc1N(=O)=O)N(=O)=O
FESNEW02,COc1ccc(cc1N(=O)=O)N(=O)=O
FESNEW15,COc1ccc(cc1N(=O)=O)N(=O)=O
FESNEW16,COc1ccc(cc1N(=O)=O)N(=O)=O
FESNEW17,COc1ccc(cc1N(=O)=O)N(=O)=O
FESNEW18,COc1ccc(cc1N(=O)=O)N(=O)=O
FESNEW19,COc1ccc(cc1N(=O)=O)N(=O)=O
FESNEW20,COc1ccc(cc1N(=O)=O)N(=O)=O
FESNEW21,COc1ccc(cc1N(=O)=O)N(=O)=O
FESNIA,COc1c(cccc1N(=O)=O)N(=O)=O
FESNIA01,COc1c(cccc1N(=O)=O)N(=O)=O
FESPEY,O=N(=O)C1=Cc2cc3ccccc3cc2O1
FESPIF,CCCNC1=C(N(=O)=O)[C@H](c2c(N1c1ccccc1)nc1ccccc1c2)CC(=O)c1ccccc1
FESQAX,CCOC(=O)[C@H]1CC[C@@]2([C@@H](C1)C(=O)CC[C@H]2N(=O)=O)O
FESQEB,CCOC(=O)[C@@H]1CC[C@@]2([C@@H](C1)C(=O)CC[C@H]2N(=O)=O)O
FETRAY,COc1ccc(cc1)C(=O)[C@@H](Oc1ccc(nc1N(=O)=O)C)C
FETZOT,N#C[C@H]1[C@H](C)[C@H]2Cc3c(C[C@H]2O[N@]1C1CCCCC1)cccc3N(=O)=O
FEVXIN,C[C@H](C(=O)O[C@H]1C[C@H](C=C2C=C[C@@H]([C@@H]([C@@H]12)CC[C@H]1C[C@H](CC(O1)=O)OC(C1=CC=C(C=C1)[N+](=O)[O-])=O)C)C)CC
FEVZOV,O=C(c1cc(cc(c1)N(=O)=O)N(=O)=O)O[C@H]1[C@@H]2C=C[C@@]31CC[C@@H]1[C@@]3(C2)C1
FEXBUF,Cc1cc(cc[n+]1[O-])N(=O)=O
FEXBUF01,Cc1cc(cc[n+]1[O-])N(=O)=O
FEXKAW,C=C[C@H]([C@@](C(=O)OC)(/C(=N/Nc1ccc(cc1N(=O)=O)N(=O)=O)/C)O)C
FEYMEC,O=N(=O)c1c(N=[N+]=[N-])c(c(N=[N+]=[N-])c(c1N=[N+]=[N-])N(=O)=O)N(=O)=O
FEZKOL,O=C(c1cc(cc(c1)N(=O)=O)N(=O)=O)OC[C@@H]1[C@H]2COCC2=C[C@@H]2[C@@]([C@@H]3[C@@H]1O3)(O)CCC2
FEZZIU,Cc1cc2Oc3cc(Oc4cc(C)cc(Oc5cc(Oc(c1)c2)c(cc5N(=O)=O)N(=O)=O)c4)c(cc3N(=O)=O)N(=O)=O
FEZZUG,COc1ccc(cc1)CO[C@@]([C@@H](c1ccc(cc1)N(=O)=O)Nc1ccc(cc1)OC)(c1ccccc1)C(=O)O
FIBBAU,COC(=O)[C@]([C@H](c1ccc(cc1N(=O)=O)N(=O)=O)O)(c1ccccc1)OCc1ccccc1
FIBLIL,O=C(N1CCCCO1)c1ccc(cc1)N(=O)=O
FIBYUN,O[C@H](c1ccc(cc1)N(=O)=O)[C@@H]1OCC[C@H]([C@H]1O)O
FICDOK,COC1=C(N=CN1C)N(=O)=O
FICDOK01,COC1=C(N=CN1C)N(=O)=O
FICFAB,COC(=O)C1=C(C)[C@H](C[C@H]1[C@@](CC=C)(O)C)OC(=O)c1ccc(cc1)N(=O)=O
FICGUU,CC(=O)Nc1c(C)ccc(c1C)N(=O)=O
FICHAB,CC(=O)Nc1c(C)cc(cc1C)N(=O)=O
FIDCIF,O=N(=O)c1cccnc1OCc1ccccc1
FIDCOM,O=N(=O)[C@@]12[C@@H](Oc3c([C@H]2[C@]2([N@@]4[C@@H]1CCCC4)C(=O)Nc1c2cccc1)cccc3)c1ccccc1
FIDHIL,CC1=NC=C(N1CCOc1cccc(C#N)c1C#N)N(=O)=O
FIDKIM,CC1=C2C(=O)CC(C[C@H]2C(=C(N1)C)N(=O)=O)(C)C
FIFLIP,O=C1c2cccc3cccc(c23)c2c3ccccc3c(cc12)N(=O)=O
FIFPOZ,COc1ccc(cc1)[C@H](N1C(=O)c2c(C1=O)cccc2)[C@@H]([C@H](COC(=O)c1ccc(cc1)N(=O)=O)O)O
FIFRAN,O=N(=O)c1ccccn1
FIFSOF,Cc1ccc(cc1)[C@H]1C(=C([C@@H]([C@@H]1[C@H](c1ccc(cc1)N(=O)=O)O)O)C)c1ccccc1
FIGNIS,COC1=N[C@@H](C(C)C)C(=N[C@@H]1[C@@H](c1ccc2c(c1)OCO2)CN(=O)=O)OC
FIGZUQ,CCC1(CC)C(=O)N(Cc2ccc(cc2)N(=O)=O)C(=O)N(Cc2ccc(cc2)N(=O)=O)C1=O
FIHLAK,Cc1ccc(c(C)c1N(=O)=O)N(=O)=O
FIHLEO,COc1ccc(cc1)/C=C/c1c(cccc1N(=O)=O)N(=O)=O
FIHLIS,Cc1cc(C)cc(c1)N(=O)=O
FIHLOY,Cc1cccc(c1N(=O)=O)N(=O)=O
FIHLUE,Cc1ccc(c(c1)N(=O)=O)N(=O)=O
FIHMAL,COc1cccc(c1N(=O)=O)N(=O)=O
FIHMEP,COc1ccc(c(C)c1)N(=O)=O
FIHMEP01,COc1ccc(c(C)c1)N(=O)=O
FIHMIT,COc1cc(c(cc1OC)N(=O)=O)N(=O)=O
FIHMOZ,COC(=O)c1ccc(c(c1)N(=O)=O)N(=O)=O
FIJFAF,CCOC(=O)C1=C(C)NC(=C([C@@H]1c1ccccc1N(=O)=O)C#N)C
FIJFEJ,COC(=O)C1=C(C)NC(=C([C@H]1/C=C/c1ccccc1N(=O)=O)C(=O)OC)C
FIJHAH,O=C1c2cc(cc(c2c2c1cc(cc2N(=O)=O)N(=O)=O)N(=O)=O)N(=O)=O
FIJHAH01,O=C1c2cc(cc(c2c2c1cc(cc2N(=O)=O)N(=O)=O)N(=O)=O)N(=O)=O
FIJHAH02,O=C1c2cc(cc(c2c2c1cc(cc2N(=O)=O)N(=O)=O)N(=O)=O)N(=O)=O
FIJHAH03,O=C1c2cc(cc(c2c2c1cc(cc2N(=O)=O)N(=O)=O)N(=O)=O)N(=O)=O
FIJPIZ,CC(OC(=O)C(=O)[C@H]1[C@@H]([C@H]1c1ccccc1)N(=O)=O)C
FIJPUL,O=N(=O)c1cc(ccc1N/N=C/1\CCc2c([C@]1(C)CCCc1ccccc1)cccc2)N(=O)=O
FIJQOG,CC(CCC[C@H]([C@H]1CC[C@@H]2[C@]1(C)CC[C@H]1[C@H]2C=CC2=C/C(=N/Nc3ccc(cc3N(=O)=O)N(=O)=O)/CC[C@]12C)C)C
FIJQUM,CC(CCC[C@H]([C@H]1CC[C@@H]2[C@]1(C)CC[C@H]1[C@H]2/C(=N/Nc2ccccc2N(=O)=O)/C=C2[C@]1(C)CCC=C2)C)C
FIJREX,CC(CCC[C@H]([C@H]1CC[C@@H]2[C@]1(C)CC[C@H]1[C@H]2CC(=O)C2=C/C(=N/Nc3ccccc3N(=O)=O)/CC[C@]12C)C)C
FIKSOK,C[C@@H](OC(=O)c1ccc(cc1)N(=O)=O)C/C=C\[C@H](C(C)(C)C)OC(=O)c1ccc(cc1)N(=O)=O
FIKWED,COc1cc(OC)ccc1[C@H]1[N@@]2CCC[N@@]2[C@H]([C@@H]1N(=O)=O)C1=CC=CO1
FIKXAY,COC(=O)[C@@]12[C@H]3C[C@H]4[C@@H]1[C@]1([C@]2(N(=O)=O)[C@H]([C@@H]3[C@@H]41)OC)N(=O)=O
FILGOY,O[C@H](c1ccc(cc1)N(=O)=O)CC(=O)C[C@@H](c1ccc(cc1)N(=O)=O)O
FINBIP,CC(N(=O)=O)(N(=O)=O)N(=O)=O
FINBOV,O=N(=O)C(CC#CCC(N(=O)=O)(N(=O)=O)N(=O)=O)(N(=O)=O)N(=O)=O
FINFUE,Cc1ccc(nc1)C(N(=O)=O)(N(=O)=O)N(=O)=O
FINGOZ,CC(=O)/C(=C/c1ccccc1N(=O)=O)/C(=O)OC(C)(C)C
FINJIW,CC1=NN(C2=C1[C@@H](c1cccc(c1)N(=O)=O)C1=C(N2)CC(CC1=O)(C)C)c1ccccc1
FINMAQ,OC(=O)c1cc(ccc1c1ccc(cc1N(=O)=O)N(=O)=O)N(=O)=O
FINMEU,OC(=O)c1cc(cc(c1c1c(cc(cc1N(=O)=O)N(=O)=O)C(O)=O)N(=O)=O)N(=O)=O
FINMEU01,OC(=O)c1cc(cc(c1c1c(cc(cc1N(=O)=O)N(=O)=O)C(O)=O)N(=O)=O)N(=O)=O
FINNIA,Oc1ccc(cc1/C=N/N1CCOCC1)N(=O)=O
FINVEG,O=N(=O)C1=CC=C(O1)c1ncncc1Nc1ccccc1
FINVIK,COc1cc(Nc2cncnc2C2=CC=C(O2)N(=O)=O)cc(OC)c1OC
FIPBOY,COc1ccc2c(c1)C(=O)[C@@](CC2)(C/C=C/c1ccccc1)N(=O)=O
FIPNUP,COc1ccc2c(c1)C[C@@H](O[C@@H]2c1cccc(c1)N(=O)=O)C
FIPROO,O=C1[C@@H]2OC[C@@H](O2)C/C/1=C\c1ccc(cc1)N(=O)=O
FIQMUP,Cc1ncc2COC(C)(C)OCc2c1Oc1ccc(cc1N(=O)=O)N(=O)=O
FIQSIJ,COc1ccc(CN2C=C(CNC(=O)C3=CC=C(O3)N(=O)=O)N=N2)cc1N(=O)=O
FIQTUV,COc1ccc(cc1)[C@H]([C@@H](N([C@H]1CCC[C@@]2(O1)C[C@@H]1C([C@@]2(C)CC1)(C)C)C(=O)OCc1ccccc1)C(=O)N(C)C)CN(=O)=O
FITGUK,CC1=NC(=NO1)C(=O)NCCOC(=O)c1ccc(cc1)N(=O)=O
FITLUR,OC(=O)c1ccccc1NC(=O)c1ccc(cc1)N(=O)=O
FITPED,O=C1[C@@H]2C[C@@H]3C[C@H]1C[C@](C2)(C3)c1ccc(cc1)N(=O)=O
FIVNUV,N#CC(=C(c1ccc(cc1)N(=O)=O)[C@@H]([C@@H]1C=CC=CC=C1)[C@@H]1C=CC=CC=C1)C#N
FIVPAD,N#CC1(C#N)[C@H]2C=C(C=CC=C2C=C1c1ccc(cc1)N(=O)=O)c1ccc(cc1)N(=O)=O
FIVPOR,N#CC1(C#N)[C@@H]2C=CC=CC=C2C=C1c1ccc(cc1)N(=O)=O
FIVSEK,CCCC[C@H]1[C@H]([C@@H]1COC(=O)c1cc(cc(c1)N(=O)=O)N(=O)=O)[C@H](OC(=O)c1cc(cc(c1)N(=O)=O)N(=O)=O)C
FIWFUO,CN(CCNC(=O)[C@@H]1[C@@H](C[C@@H]1c1cccc(c1)N(=O)=O)c1cccc(c1)N(=O)=O)C
FIWGAV,O=C([C@@H]1[C@@H](C[C@@H]1c1cccc(c1)N(=O)=O)c1cccc(c1)N(=O)=O)Nc1cccc2c1nccc2
FIWHAW,C[C@H]([C@@H]1[C@H]([C@@H]1C(=O)C1CCCCC1)c1ccccc1)OC(=O)c1cc(cc(c1)N(=O)=O)N(=O)=O
FIWHEB,COC(OC)c1ccc(cn1)c1cc(cc(c1O)N(=O)=O)C(=O)OCc1ccccc1
FIWLEF,CC(C)CNc1ccc(cc1N(=O)=O)N(=O)=O
FIWLIJ,CC[C@H]([C@H](C(=O)OC)Nc1ccc(cc1N(=O)=O)N(=O)=O)C
FIWZIV,COc1c(cc(c2c1cccc2)OC)[C@H]([C@H]1O[C@H]2[C@@H]([C@H]1OCc1ccccc1)OC(O2)(C)C)CN(=O)=O
FIWZIW,CO[C@@H]1O[C@H]2[C@@H]([C@@H]1[C@H]([C@@H]2OCc1ccccc1)N(=O)=O)OCc1ccccc1
FIXHAV,O=N(=O)[C@]12CN(C[N@@](C2)CN(C1)Cc1ccccc1)Cc1ccccc1
FIXSIR,O=N(=O)C1=CNN=C1C(N(=O)=O)(N(=O)=O)N(=O)=O
FIYBEU,COC1=N[C@@H](C(C)C)C(=N[C@@H]1[C@H](c1cccc2c1cccc2)CN(=O)=O)OC
FIYCUL,COC1=N[C@@H](C(=N[C@H]1C(C)C)OC)[C@H](c1ccc(c(c1)OC)OC)CN(=O)=O
FIYKEG,COC(=O)C(NC(=O)/C=C/c1cccc(c1)N(=O)=O)(C)C
FIYWAO,O=N(=O)N1C=CC(=N1)C(N(=O)=O)(N(=O)=O)N(=O)=O
FIZCOG,O=C([C@@]12[C@H]3[C@]1(C(=O)c1ccccc1)c1c([C@]2(N(=O)=O)c2c3cccc2)cccc1)c1ccccc1
FIZFOL,CCOc1cc(/C=N/Nc2ccc(cc2N(=O)=O)N(=O)=O)ccc1O
FIZLAD,O=C1[C@@H](C)[C@@H](c2ccccc2)N(c2c1cc(cc2)N(=O)=O)Cc1ccccc1
FIZMIN,CCOC(=O)[C@@]1(O)[C@H](O)[C@@]2([C@H]([C@]31C(=O)N(c1c3cccc1)C)c1c(O2)cccc1)N(=O)=O
FOBMUF,O=C1N(c2ccccc2)C(=O)c2cc(ccc12)N(=O)=O
FOBNIU,O=C1CCC(=O)N1c1ccccc1N(=O)=O
FOBNOA,O=C1CCC(=O)N1c1cccc(c1)N(=O)=O
FOBZUS,O=N(=O)c1ccccc1C1=Nc2ccccc2N1
FOCCEI,CC(=O)Oc1cccc(C(=O)Nc2ccc(cc2)N(=O)=O)c1C
FOCFIN,O=C1CCC(=O)N1c1ccc(cc1)N(=O)=O
FOCXUR,O=N(=O)c1ccccc1[C@@H]1NCc2c(N1)cccc2
FOCXUR01,O=N(=O)c1ccccc1[C@H]1NCc2c(N1)cccc2
FODQIB,COCCOC(=O)C1=C(N)Oc2ccc(O)c(c3ccc(cc3)N(=O)=O)c12
FOFDUA,O=N(=O)c1ccc(OCC(COc2ccc(cc2)N(=O)=O)(COc2ccc(cc2)N(=O)=O)COc2ccc(cc2)N(=O)=O)cc1
FOGLUJ,COC(=O)c1c(C)nc(C)c(C(=O)OC)c1c1ccc(cc1)c1ncc(cn1)c1ncc(cn1)c1ccc(cc1)N(=O)=O
FOGYIK,Cc1ccc(cc1)/C=C/1\CCC/C(=C\c2ccc(cc2)N(=O)=O)/C1=O
FOHGUG,O=N(=O)[C@@]1(c2ccccc2)C(=O)N(c2c1cccc2)c1ccccc1
FOHHUG,OC(=O)C#Cc1ccc(cc1)N(=O)=O
FOHMIZ,O=N(=O)c1ccc(cc1)/C=N/[C@@H]1CCCC[C@H]1/N=C/c1ccc(cc1)N(=O)=O
FOHMUK,O=N(=O)[C@H]1C[C@@H]1N(=O)=O
FOKSAA,CN(C)c1nc(nc(N(C)C)c1c1ccc(cc1)N(=O)=O)c1cc(cc(c1)c1nc(N(C)C)c(c2ccc(cc2)N(=O)=O)c(n1)N(C)C)c1nc(N(C)C)c(c2ccc(cc2)N(=O)=O)c(n1)N(C)C
FOKTOO,O=C1N[C@@H](N[C@H]2[C@@H]1CCCC2)c1ccc(cc1)N(=O)=O
FOKTUU,O=C1N[C@H](N[C@H]2[C@@H]1CCCC2)c1ccc(cc1)N(=O)=O
FOKVEH,COc1ccc(cc1)c1nc(N(C)C)c(c2ccc(cc2)N(=O)=O)c(n1)N(C)C
FOKWUA,O=N(=O)c1ccc(cc1)[C@@H]1O/C(=C\c2ccccc2)/c2c1cccc2
FOKWUY,Cc1ccc(cc1)C(=O)C1(N(=O)=O)C(C)(C)c2ccccc2C1(C)C
FOLCAK,O=N(=O)c1cc(ccc1N/N=C/1\C[C@@H](C[C@H]2[C@]1(C)C2)c1ccccc1)N(=O)=O
FOLFAP,O=C1C=C[C@H]2[C@H](C1)CC[C@@]1([C@@H]2CCC[C@@H]1O)N(=O)=O
FOLGAQ,COc1ccc(cc1)[C@@H](c1ccc(c2c1cccc2)OC)[C@H](N(=O)=O)CC
FOLHEV,O=C1C=C[C@H]2[C@H](C1)CC[C@@]1([C@@H]2CC[C@]2([C@]1(O)CCC2=O)C)N(=O)=O
FOLNUQ,CCOC(=O)C1=C(C)NC(=C(C1C1=CN(N=C1C(=O)OC)c1ccc(cc1)N(=O)=O)C(=O)OCC)C
FOLQON,O=C1O[C@@H]2[C@@](C1)(C)Oc1c2c2c(cc1)cccc2N(=O)=O
FOLWOU,OC[C@H]1O[C@H](C[C@@H]1O)c1ccc(c(c1)OCCc1ccc(cc1)N(=O)=O)C1OCCCO1
FOMQEE,COc1c(N(=O)=O)c(cc(c1OC(=O)C)C)/C=C(/N(=O)=O)\C
FOMXIO,Nc1ccc(Cc2ccccn2)c(c1)N(=O)=O
FONCIU,COC(=O)C1=C(C(=C(N([C@@H]1C)C)C)C(=O)OC)c1ccccc1N(=O)=O
FONCOD,COc1cc([C@H](C2CCCCC2)OC(=O)C)c(cc1OC)N(=O)=O
FONYIR,O=C1O[C@H]2C(=N[C@H]1[C@@H](c1ccccc1)CN(=O)=O)[C@]1(C([C@@H]2CC1)(C)C)C
FONYOX,O=N(=O)C[C@@H](c1ccccc1C)[C@H]1N=C2[C@@H](OC1=O)[C@]1(C([C@@H]2CC1)(C)C)C
FONYUD,CC([C@@H]1[C@H]2N[C@@]3([C@H]1N(=O)=O)[C@@H](OC2=O)[C@]1(C([C@@H]3CC1)(C)C)C)C
FONYUF,Cc1ccc2c(c1)[C@@H]1CC(=C[C@@]1(O2)N(=O)=O)C(=O)OC(C)(C)C
FONZAK,O=N(=O)C[C@H]([C@H]1N=C2[C@@H](OC1=O)[C@]1(C([C@@H]2CC1)(C)C)C)c1ccccc1
FONZAM,CCOC(=O)C1=CC[C@]2([C@@H]1N(C(=O)OC(C)(C)C)c1c2c(ccc1)OCc1ccccc1)N(=O)=O
FONZEO,Cc1ccc(cc1)[C@@H]([C@H]1N=C2[C@@H](OC1=O)[C@]1(C([C@@H]2CC1)(C)C)C)CN(=O)=O
FOPZIV,COc1ccc(cc1)N[C@@H]1[C@@H](N(=O)=O)[C@H](O)[C@@H]2[C@H]([C@@H]1O)OC(O2)(C)C
FOQLAB,CC(C)(C(=O)OC(=O)C(C)(C)c1ccccc1N(=O)=O)c1ccccc1N(=O)=O
FOQLEE,CC1=NN(C(=C1/C=N/Nc1ccc(cc1N(=O)=O)N(=O)=O)N1C=CC=C1)c1ccccc1
FORMOQ,O=N(=O)C1=NO[N+](=C1C1=[N+]([O-])ON=C1N(=O)=O)[O-]
FORSAI,O=N(/N=[N+]([O-])/c1cc(N(=O)=O)c(C)c(N(=O)=O)c1)=O
FOSXIW,O=N(=O)[C@H]1[C@H](c2ccccc2)C(=CN2[C@]1(C)CCC2)Cc1ccccc1
FOSYES,CN(C)c1cccc(C)c1c1c(C)cccc1Nc1ccccc1N(=O)=O
FOTJAC,O=N(=O)c1ccc(c(c1)[C@@]1(O)[C@]2(C)CC[C@H](C1(C)C)C2)c1ccccc1[C@@]1(O)[C@]2(C)CC[C@H](C1(C)C)C2
FOVBOH,CCN(/C(=N/c1ccc(cc1)N(=O)=O)/C(=N\c1ccc(cc1)N(=O)=O)/N(CC)CC)CC
FOVNOT,CC(=O)/C(=N/Nc1ccccc1N(=O)=O)/C(=O)Nc1ccccc1
FOVRAK,O=N(=O)/C(=C\c1ccc2c(c1)CCO2)/C
FOVTIT,O=N(=O)[C@@H]1[C@@H]2[C@@]3([C@@H]4[C@H]1[C@@]1([C@]2([C@]3([C@@H]1C4(N(=O)=O)N(=O)=O)c1ccccc1)c1ccccc1)c1ccccc1)c1ccccc1
FOVVAO,OC(=O)c1cc(ccc1OCC=C)N(=O)=O
FOVWAR,CC1=NN(c2ccccc2)C(=C1N(=O)=O)Nc1ccccc1
FOVWIZ,Cc1ccc(NC2=C(C(=NN2c2ccccc2)C)N(=O)=O)cc1
FOVWUL,COc1cccc(NC2=C(C(=NN2c2ccccc2)C)N(=O)=O)c1
FOVXAP,O=N(=O)/C(=C/C1=CN(c2c1cccc2)C)/C
FOVXAS,COc1ccc(NC2=CC(=NN2C)c2ccccc2)c(c1)N(=O)=O
FOVXUM,O=N(=O)[C@@H]1COC2=C([C@H]1c1ccccc1)C(=O)N(c1c2cccc1)C
FOVYOE,COc1ccc(cn1)/N=C/c1ccc(cc1)N(=O)=O
FOVYOE11,COc1ccc(cn1)/N=C/c1ccc(cc1)N(=O)=O
FOVZIA,COC(=O)c1cccc(c1O)N(=O)=O
FOVZIZ,O=C1c2ccccc2c2cccc3c2c1c1ccccc1c3N(=O)=O
FOWREO,CC1=NN2C(=N1)NC=C([C@@H]2C1=CNc2c1cccc2)N(=O)=O
FOXCAY,CCOC(=O)/C(=C/c1cccc(c1)N(=O)=O)/C#N
FOXCAY01,CCOC(=O)/C(=C/c1cccc(c1)N(=O)=O)/C#N
FOXCEC,CCOC(=O)/C(=C/c1ccc(cc1)N(=O)=O)/C#N
FOXCUR,CC([C@@H]1[C@@H]2N[C@]3([C@@H]1N(=O)=O)[C@H](OC2=O)[C@@]1(C([C@H]3CC1)(C)C)C)C
FOXFIK,COC(=O)C(=O)[C@@]1(C(=O)OC)C(=NC(=Nc2c1cccc2)c1ccc(cc1)N(=O)=O)C
FOXLIO,O=N(=O)/C=C/c1cccc2c1cccc2
FOYNUC,O=N(=O)C1=Cc2ccc3CCCCc3c2O1
FOYPAK,CC1=C(Oc2c3CCCCc3ccc12)N(=O)=O
FOZQOC,C[C@H]1CC[C@]2(N1c1ccccc1/C/2=N\Nc1ccc(cc1N(=O)=O)N(=O)=O)c1ccccc1
FUBDUC,O=C1[C@H](C)[C@@H]2CC[C@]([C@@H]1c1ccccc1)(N2C(=O)c1ccc(cc1)N(=O)=O)C
FUBFOY,COC(=O)C1(C(=O)OC)[C@H]([C@@H]1c1ccc(cc1)N(=O)=O)N(=O)=O
FUBHAL,C[C@H]1COC(=O)CCCCCCC/C(=N\Nc2ccc(cc2N(=O)=O)N(=O)=O)/C1
FUBHUI,O=N(=O)c1cc[n+]([O-])c(c1)c1ccccn1
FUBYIL,COC(=O)c1c(O)ccc(c1c1ccccc1)N(=O)=O
FUCTOM,COc1ccc(NN=C(C(C)=O)C(=O)Nc2ccccc2OC)c(c1)N(=O)=O
FUCTUS,COc1ccccc1NC(=O)C(=NNc1ccc(cc1OC)N(=O)=O)C(C)=O
FUDGOA,CC(=O)OCC(=O)c1ccc(cc1)N(=O)=O
FUDVUV,[N+](=O)([O-])C1=CC=C(C=C1)N1[C@@H](CCC1)CO
FUDVUV02,OC[C@H]1CCCN1c1ccc(cc1)N(=O)=O
FUDVUV03,OC[C@H]1CCCN1c1ccc(cc1)N(=O)=O
FUDVUV11,OC[C@H]1CCCN1c1ccc(cc1)N(=O)=O
FUDZIN,NC(=O)COc1ccc(cc1)N(=O)=O
FUFQOP,O=C(c1ccc(cc1)N(=O)=O)N[C@H](C(=O)O)Cc1ccccc1
FUFSIK,CCOC1=NC(=NN1C)N(=O)=O
FUFWUZ,Oc1ccc(cc1)/C=C/N(=O)=O
FUFXAG,O=C1CCC[C@H]1[C@H](c1cccc(c1)N(=O)=O)O
FUFXOT,COc1ccc(cc1)/N=C(/N(c1c(cc(cc1N(=O)=O)N(=O)=O)N(=O)=O)c1ccc(cc1)OC)\c1ccccc1
FUFXOT01,COc1ccc(cc1)/N=C(/N(c1c(cc(cc1N(=O)=O)N(=O)=O)N(=O)=O)c1ccc(cc1)OC)\c1ccccc1
FUGLIE,CC(C)N1N=C(N=C1N(=O)=O)N(=O)=O
FUGREE,O=N(=O)c1ccc(cc1)[C@@H]1[C@H](O[C@@H]2[N@]1CCC2)c1ccc(cc1)N(=O)=O
FUGTIK,CCN(CC)c1ccc(c(c1)N(=O)=O)N(=O)=O
FUGTIK01,CCN(CC)c1ccc(c(c1)N(=O)=O)N(=O)=O
FUHSEG,N#C/C(=C\c1ccccc1)/N(=O)=O
FUHSIK,COC(=O)C1(C(=O)OC)N(c2ccccc2)[C@H]([C@H]([C@@H]1c1ccccc1)N(=O)=O)c1ccccc1
FUHSIL,CC(=O)Oc1cccc2c1nc(/C=C/c1ccccc1N(=O)=O)cc2
FUHSIL01,CC(=O)Oc1cccc2c1nc(/C=C/c1ccccc1N(=O)=O)cc2
FUHSOQ,COC(=O)C1(C(=O)OC)N(c2ccccc2)[C@H]([C@]([C@@H]1c1ccc(cc1)N(=O)=O)(N(=O)=O)C(=O)OC)c1ccccc1
FUHTAD,COC(=O)C1(C(=O)OC)N(c2ccccc2)[C@H]([C@]([C@@H]1c1ccc(cc1)N(=O)=O)(C(=O)C)N(=O)=O)c1ccccc1
FUHTEH,CCOC(=O)[C@@H]1N(c2ccccc2)[C@H]([C@H]([C@@H]1c1ccccc1)N(=O)=O)c1ccccc1
FUHTIL,CCOC(=O)[C@@H]1N(c2ccccc2)[C@H]([C@@H]([C@H]1c1ccccc1)N(=O)=O)c1ccccc1
FUHTOR,COC(=O)[C@@H]1N(c2ccccc2)[C@@H]([C@H]([C@H]1c1ccccc1)N(=O)=O)c1ccccc1
FUJCIX,CCO[C@@H]1C[C@@H]2CC[C@@H]3[C@@]2([C@@H](C1)OC(=O)c1cc(cc(c1)N(=O)=O)N(=O)=O)CCCC3
FUJCUJ,O=CC1=CC[C@H]([C@H]([C@@H]1c1ccccc1)N(=O)=O)c1ccccc1
FUJTUZ,O=N(=O)C1=CC(=NO1)N(=O)=O
FUJXEO,NNC(N)=C(N(=O)=O)N(=O)=O
FUJXEO01,NNC(N)=C(N(=O)=O)N(=O)=O
FULJEB,CC(=O)O[C@H]([C@H]([C@H](OC(=O)[C@@]12CC[C@](C2(C)C)(C(=O)O1)C)C)N(=O)=O)C
FULJIF,CC(=O)O[C@H]1CCC[C@H]([C@@H]1N(=O)=O)OC(=O)[C@@]12CC[C@](C2(C)C)(C(=O)O1)C
FULJOL,CC(=O)O[C@H]1CCC[C@H]([C@]1(C)N(=O)=O)OC(=O)[C@@]12CC[C@](C2(C)C)(C(=O)O1)C
FULKUS,O=N(=O)c1cccc2C=NNc12
FULKUS01,O=N(=O)c1cccc2C=NNc12
FULPAD,COC(=O)C1=C(C)NC(=C([C@@H]1c1ccccc1N(=O)=O)C(=O)OCC(C)C)C
FULPAD02,COC(=O)C1=C(C)NC(=C([C@@H]1c1ccccc1N(=O)=O)C(=O)OCC(C)C)C
FULPAD03,COC(=O)C1=C(C)NC(=C([C@@H]1c1ccccc1N(=O)=O)C(=O)OCC(C)C)C
FULPEH,COC(=O)C1=C(C)NC(=C([C@@H]1c1cccc(c1)N(=O)=O)C(=O)OCC(C)C)C
FULPEH01,COC(=O)C1=C(C)NC(=C([C@H]1c1cccc(c1)N(=O)=O)C(=O)OCC(C)C)C
FULPEH02,COC(=O)C1=C(C)NC(=C([C@H]1c1cccc(c1)N(=O)=O)C(=O)OCC(C)C)C
FULQAF,COC(=O)C/C(=N/Nc1ccc(cc1)N(=O)=O)/C
FULQIN,CCOC(=O)C/C(=N/Nc1ccc(cc1)N(=O)=O)/C
FULWEQ,CC(C)=NNC(N)=C(N(=O)=O)N(=O)=O
FULYEQ10,Cc1c(C)c(C)c(c(c1C)N(=O)=O)N(=O)=O
FUMBOE,CC(C)(OC(=O)c1ccc(cc1)N(=O)=O)c1ccccc1
FUMTOW,CC(OC(=O)C1=C(C)NC(=C([C@H]1C1=CC=CC2=NON=C12)N(=O)=O)C)C
FUPLEJ,O=N(=O)/C(=N/Nc1ccc(cc1)Oc1ccccc1)/N=N/c1ccc(cc1)Oc1ccccc1
FUPNIQ,CCOC(=O)[C@H]1[C@]2([C@]1(C(=O)OCC)c1cc3OCOc3cc1OC2)c1cccc(c1)N(=O)=O
FUPTAO,C=C[C@]1(C[C@H]1COC(=O)c1cc(cc(c1)N(=O)=O)N(=O)=O)c1ccc(cc1)c1ccccc1
FUQBOI,Nc1ccc(Oc2ccc(cc2)N(=O)=O)cc1
FUQBOI01,Nc1ccc(Oc2ccc(cc2)N(=O)=O)cc1
FUQFAY,O/N=C(/c1ccc(cc1)N(=O)=O)\C/C(=N\O)/c1ccccc1O
FUQFEC,CN1c2ccccc2N(C)C21N(N=NC2(C)C)c1ccccc1N(=O)=O
FUQMUC,O=C(c1ccccc1)C[C@H](c1ccc(cc1)N(=O)=O)Nc1ccccc1
FUQPOX,C=C[C@H](C(C)(C)C)[C@@H](c1ccc(cc1)N(=O)=O)O
FUQWIA,O=N(=O)C1=CC=C(Nc2ccccc2)C2=NON=C12
FUQXOH,CC1=CN2c3ncc(cc3Oc3c(C)cccc3C2=N1)N(=O)=O
FURALA10,O=C1O[C@@H](CN1/N=C/C1=CC=C(O1)N(=O)=O)CN1CCOCC1
FURBUP,O=N(=O)c1ccc2c(c1)ccc1c2C=C[C@]2(O1)N(c1ccccc1)c1c(C2(C)C)cccc1
FURJEH,O=N(=O)c1ccccc1N/N=C/1\CCCC/C(=N/Nc2ccccc2N(=O)=O)/CCCC1
FUSJAF,O=N(=O)C1=CC2=[N+]([O-])ON=C2C2=C1C=NN2c1ccccc1
FUSJEJ,CN1C(=CC2=C1C1=NO[N+](=C1C=C2N(=O)=O)[O-])c1ccccc1
FUSJOT,O=N(=O)C1=CC2=[N+]([O-])ON=C2C2=C1C(=NO2)C1OCCO1
FUSMOY,O=N(=O)c1ccc(cc1)C=C(N1CCCCC1)N1CCCCC1
FUSZEY,O=C1Nc2c(cccc2N(=O)=O)c2ccccc12
FUTQET,O=C1C=C(Oc2ccccc12)c1ccccc1N(=O)=O
FUVHIO,C[C@@H]1CC(=C(C[C@]1(C)COC(=O)c1cc(cc(c1)N(=O)=O)N(=O)=O)C)C
FUWGUA,O=N(=O)C[C@H](c1cc2OCOc2cc1OC(=O)[C@@]12CC[C@](C2(C)C)(C(=O)O1)C)c1ccccc1
FUWJAJ,O=C(Nc1ccccc1)Nc1ccc(cc1)N(=O)=O
FUWJAJ01,O=C(Nc1ccccc1)Nc1ccc(cc1)N(=O)=O
FUWKUE,O=N(=O)C[C@@H](CC(=O)c1ccccc1)/C=C/c1ccccc1
FUWREW,C/C(=N\Nc1ccc(cc1N(=O)=O)N(=O)=O)/C[C@@H]1OCO[C@H]1CCc1ccccc1
FUXBAC,CCOC(=O)c1cc(c2ccc(cc2)N(=O)=O)c(c(O)c1C)C(=O)OC
FUXNAN,CNc1ccc(cc1)N(=O)=O
FUXNAN01,CNc1ccc(cc1)N(=O)=O
FUXPEW,Cc1cc(C)c(c(c1)C)/N=C/1\c2cccc3c2c(\C1=N\c1c(C)cc(cc1C)C)ccc3N(=O)=O
FUXPUM,Cc1cc(C)c(c(c1)C)/N=C/1\C(=N\c2c(C)cc(cc2C)C)\c2c3c1cc(cc3ccc2)N(=O)=O
FUXTOJ,CC1=C(N2N(C(=O)c3ccccc3C2=O)c2ccccc12)c1ccc(cc1)N(=O)=O
FUXZIH,C[C@@H](c1ccccc1)Nc1ccc(cn1)N(=O)=O
FUXZIH01,C[C@@H](c1ccccc1)Nc1ccc(cn1)N(=O)=O
FUYDEL,CCOC(=O)C1=C(OC(=C([C@H]1c1ccc(cc1)N(=O)=O)C#N)N)C(=O)OCC
FUYHUC,COc1c(OC)ccc2c1[C@H](OC(=O)c1cc(cc(c1)N(=O)=O)N(=O)=O)C2
FUZFIS,COc1cc(C(C)C)c(OCC2=CC(=NO2)c2ccc(cc2)N(=O)=O)cc1C
FUZGEP,C[C@@H]1C[C@H](C[C@@H](O1)C)OC(=O)c1ccc(cc1)N(=O)=O
FUZGOZ,C[C@@H]1C[C@H](C[C@@H](O1)C)OC(=O)c1cc(cc(c1)N(=O)=O)N(=O)=O
FUZGUF,C[C@@H]1C[C@H](C[C@@H](O1)C)OC(=O)c1ccccc1N(=O)=O
FUZHEQ,C[C@@H]1C[C@H](C[C@@H](O1)C)Oc1ccc(cc1)N(=O)=O
FUZHIU,C[C@@H]1C[C@@H](C[C@@H](O1)C)Oc1ccc(cc1)N(=O)=O
FUZHUG,C[C@@H]1C[C@@H](C[C@@H](O1)C)OC(=O)c1ccc(cc1)N(=O)=O
FUZJAO,C[C@@H]1C[C@@H](C[C@@H](O1)C)OC(=O)c1cc(cc(c1)N(=O)=O)N(=O)=O
FUZRUP,O[C@@H]([C@]1(C)C(=C)[C@H]1C)c1cc2OCOc2cc1N(=O)=O
GABBES,N#CCC[C@@]1(CCC[C@H]1[C@@H](C1OCCCO1)C)N(=O)=O
GABBIW,N#CCC[C@@]1(CCC[C@H]1[C@H](C1OCCCO1)C)N(=O)=O
GABTEL,CCCCC1=Cc2ccc(cc2/C(=N/c2ccccc2)/O1)N(=O)=O
GACBER,O=N(=O)[C@@H]1C(=C1c1ccccc1)c1ccccc1
GACGAS,COC(=O)/C(=C(/c1ccc(cc1)N(=O)=O)\O)/C#N
GACGEZ,CC1=[N+]([O-])ON=C1C1=NN=C(O1)c1ccc(cc1)N(=O)=O
GACNOR,COc1ccc(CCNc2c(cc(cc2N(=O)=O)N(=O)=O)N(=O)=O)cc1OC
GACYOZ,CCOc1ncc(cc1N(=O)=O)N(=O)=O
GACYUF,O=N(=O)c1cnc(N2CCCCC2)c(c1)N(=O)=O
GADBAP,CC(=O)c1cc(ccc1O)N(=O)=O
GADBAP01,CC(=O)c1cc(ccc1O)N(=O)=O
GADCIA,CC(OC(=O)N(/C(=C\C1CCCCC1)/N(=O)=O)NC(=O)OC(C)C)C
GADFID,CN(/C=C/C1=C(N(=O)=O)N(C=N1)C)C
GADGOJ,O=C(NCCN(CCNC(=O)c1ccc(cc1)N(=O)=O)CCNC(=O)c1ccc(cc1)N(=O)=O)c1ccc(cc1)N(=O)=O
GADGUP,O=C(NCCN(CCNC(=O)c1ccccc1N(=O)=O)CCNC(=O)c1ccccc1N(=O)=O)c1ccccc1N(=O)=O
GADTUD,C[C@@H]1N(/N=C/c2ccc(cc2N(=O)=O)N(=O)=O)[C@H](CCC1(C)C)Cc1ccccc1
GADYAM,CCOc1cc(/C=C/C2=Cc3c(N2)cccc3)c(cc1OC)N(=O)=O
GAFFEC,Nc1ccccc1c1cccc(c2ccccn2)c1N(=O)=O
GAFNOQ,CC(O[C@@H]1C[C@@H]2C[C@H]1c3cc(N(=O)=O)ncc32)=O
GAFVAN,COC(=O)[C@@]1(CCC(=N1)c1ccccc1)[C@H](c1ccccc1)CN(=O)=O
GAFVER,O[C@@H]([C@@]1(C)CCC1=C)c1ccc(cc1)N(=O)=O
GAGHIG,C=C[C@H](C[C@@H](N(C(=O)c1cc(cc(c1)N(=O)=O)N(=O)=O)c1ccc(cc1)OC)c1ccccc1)C
GAGHOM,C=C[C@H](C[C@@H](N(C(=O)c1cc(cc(c1)N(=O)=O)N(=O)=O)c1ccc(cc1)OC)C1=CC=CO1)C
GAGHUS,C=C[C@@H](C[C@H](N(C(=O)c1cc(cc(c1)N(=O)=O)N(=O)=O)c1ccc(cc1)OC)C(C)C)C
GAGJAA,COc1ccc(cc1)N(C(=O)c1cc(cc(c1)N(=O)=O)N(=O)=O)[C@@H](C1=CC=CO1)C[C@@H](C(=C)C)C
GAGWIX,CCOC(=O)C([C@@H](c1ccccc1)CC(=O)c1ccc(cc1)N(=O)=O)(C(=O)OCC)OC(=O)C
GAHKAB02,CN(C)c1ccc(cc1NC(C)=O)N(=O)=O
GAHTUF01,C[C@@H]1CC[C@H]([C@@H](C1)OC(=O)C1=CC(=O)CCC1)C(c1ccc(cc1)N(=O)=O)(C)C
GAHVIX,C=CCOc1ccc(cc1N(=O)=O)C1=Nc2ccccc2N1
GAHYOD,N#C[C@@]1(c2ccccc2)[C@H](C1(C)C)c1cccc(c1)N(=O)=O
GAJHAE,O=C(c1ccccc1)C[C@@H](c1cccc(c1)N(=O)=O)N1C=NC=N1
GAJMEN,O=N(=O)N1CC([C@@H]1C)(N(=O)=O)N(=O)=O
GAJSAP,C=C[C@H]([C@H](C1CCCCC1)OC(=O)c1cc(cc(c1)N(=O)=O)N(=O)=O)C
GAKJOR,C[C@H]1CO[C@@H](C(C1)(C)C)OC(=O)c1ccc(cc1)N(=O)=O
GAKQEP,CCOc1ccc(cc1)N(=O)=O
GAKQOZ,O=C(c1ccccn1)N/N=C/c1ccccc1N(=O)=O
GAKVIZ,O[C@H](c1ccccc1N(=O)=O)NN1C=NN=C1
GAKVOF,O[C@H](c1cccc(c1)N(=O)=O)NN1C=NN=C1
GAKVUL,O[C@H](c1ccc(cc1)N(=O)=O)NN1C=NN=C1
GAKWAS,O[C@H](c1ccc(cc1N(=O)=O)N(=O)=O)NN1C=NN=C1
GAKWUM,O=N(=O)c1cc(ccc1/C=N/N1C=NN=C1)N(=O)=O
GAKXAT,O=N(=O)c1cccc(c1)/C=N/N1C=NN=C1
GALDAZ,O=N(=O)c1ccc(cc1)/C=N/CCC/N=C/c1ccc(cc1)N(=O)=O
GALGOS,O=N(=O)/C(=C/c1ccc(cc1)N(C)C)/C(=O)c1ccccc1
GALTIY,CCOC(=O)[C@H]([C@H]1CC[C@@H]([C@H]([C@@H]1N(=O)=O)c1ccc(cc1)OC)N(=O)=O)C
GALTOC,CC1=CC(=NO1)N=C1[N-][N+](=NC21CCCC2)c1ccc(cc1)N(=O)=O
GALTOC10,CC1=CC(=NO1)N=C1[N-][N+](=NC21CCCC2)c1ccc(cc1)N(=O)=O
GALTOE,CCOC(=O)C[C@@H]1CC[C@@H]([C@H]([C@]1(C)N(=O)=O)c1ccccc1)N(=O)=O
GALTUK,CCOC(=O)[C@@H]([C@H]1CC[C@@H]([C@H]([C@@H]1N(=O)=O)c1ccc(cc1)OC)N(=O)=O)C
GALYIE,O=N(=O)CC(CN(=O)=O)C1=CNc2ccccc12
GAMQAO,O=N(=O)c1cc(ccc1N/N=C(/c1ccccc1)\C[C@H](c1ccccc1)OOC(C)(C)C)N(=O)=O
GAMSEV,O=N(=O)C(CNc1nc(N=[N+]=[N-])nc(N=[N+]=[N-])n1)(N(=O)=O)N(=O)=O
GAMVUO,CC(C)c1cc(C)c2ccc(C)c(C(C)=O)c2c1N(=O)=O
GANTAT,O=N(=O)C1=C(NC2=NN3C=NN=C3N=N2)C(=NN1)N(=O)=O
GANTAT01,O=N(=O)C1=C(NC2=NN3C=NN=C3N=N2)C(=NN1)N(=O)=O
GAPHOW,O=C1Oc2ccccc2C(=C1[C@H](C1=C(O)c2c(OC1=O)cccc2)c1ccc(cc1)N(=O)=O)O
GAPHOW01,O=C1Oc2ccccc2C(=C1[C@H](C1=C(O)c2c(OC1=O)cccc2)c1ccc(cc1)N(=O)=O)O
GAPKIT,OC[C@]1(N(=O)=O)[C@H](c2ccc(cc2)C)[C@@H]2[N@]([C@@]31C(=O)Nc1c3cccc1)CCC2
GAPPUL,O=C1/C(=C\Oc2ccc(cc2)N(=O)=O)/CC[C@H]2N1C[C@@H]1CCC[N@@]3[C@@H]1[C@@H]2CCC3
GAQCUY,O=C(N1CCOCC1)c1cc(cc(c1N1CCOCC1)N(=O)=O)N(=O)=O
GAQDAG,O/N=C(/c1nc(nc(n1)OC)N1CCOCC1)\N(=O)=O
GAQMIV,O=C1C=NNc2c1cccc2N(=O)=O
GAQMOB,CN1C=C2C=CC=C(C2=N1)N(=O)=O
GAQXED,Nc1c(cccc1N(=O)=O)C(O)=O
GARBUY,Nc1ccc(cc1C(O)=O)N(=O)=O
GARCUZ,Cc1cc(O)ccc1N(=O)=O
GARWII,COc1ccc(cc1)/C(=C(\c1ccc(cc1)N(=O)=O)/C(=O)OC)/N
GARWOO,COC(=O)/C(=C(/C1CC1)\N)/c1ccc(cc1)N(=O)=O
GARXIG,CC1=CC(=C(C(=O)C(=C1)C)O/C(=N/c1ccc(cc1)N(=O)=O)/c1ccccc1)C
GASWII,CCOC(=O)NN1C(=O)N(C=C1C(=O)c1ccccc1)c1cccc(c1)N(=O)=O
GASZUX,Cc1ccc2c(c1)[C@@H]1[C@H]([C@@H](N2)c2ccc(cc2)N(=O)=O)CC(=O)N1c1ccccc1
GATDOX,O=N(=O)C1=NN(CN2N=C(C(=C2[O-])[N+]#N)N(=O)=O)C(=C1[N+]#N)[O-]
GATFEP,NC1=C(N(CN2N=C(C(=C2N(=O)=O)N)N(=O)=O)N=C1N(=O)=O)N(=O)=O
GATFUF,O=N(=O)C1=NN(CN2N=C(C(=C2N(=O)=O)N(=O)=O)N(=O)=O)C(=C1N(=O)=O)N(=O)=O
GATPEW,CN(c1ccccc1)/N=C/c1ccccc1N(=O)=O
GATXOR,C[C@@H]1O[C@H]2[C@@H](C1)[C@H]1O[C@@H]([C@@H]2OC(=O)c2ccc(cc2)N(=O)=O)[C@H](O1)COC(=O)c1ccc(cc1)N(=O)=O
GATXUX,C[C@@H]1O[C@H]2[C@@H](C1)[C@@H]1O[C@H]([C@@H]2OC(=O)c2ccc(cc2)N(=O)=O)[C@H](O1)COC(=O)c1ccc(cc1)N(=O)=O
GATYIK,O=C1Nc2ccc(cc2C=C1)N(=O)=O
GAVGIU,Oc1ccccc1/N=C/C=C/c1ccccc1N(=O)=O
GAVHIV,CCOC(=O)[C@@]12N3Cc4c(CN1C(=O)N1[C@]2(C(=O)OCC)N(C3=O)COC1)ccc(c4)N(=O)=O
GAVMEW,O=N(=O)[C@H]1[C@@H](CN([C@@]21C(=O)Nc1c2cccc1)C)c1ccc(cc1)C
GAVQIE,CC(=O)Nc1c(C)c(ccc1N(=O)=O)N(=O)=O
GAVVAB,O=N(=O)c1ccc(cc1)N/N=C/c1ccc(cc1)OCc1ccccc1
GAVXEH,CCOC(=O)C1=C(C)NC(=C([C@H]1C1=CC=C(O1)c1ccc(cc1)N(=O)=O)C(=O)OCC)C
GAVZUA,CC1(C)[C@@H]2[C@@]1(N(=O)=O)[C@H](OC2)c1ccccc1
GAWBOW,CCOc1cc(/C=N/Nc2ccc(cc2)N(=O)=O)ccc1O
GAWGUH,Cc1ccccc1/N=C/C=C/c1ccccc1N(=O)=O
GAWMIB,O=N(=O)c1cccc(c1)/C=N/CCCCCCCC/N=C/c1cccc(c1)N(=O)=O
GAWWAF,CCO[C@]1(C)C[C@@H]2[C@@](O1)(C)CC(=NN2c1ccc(cc1N(=O)=O)N(=O)=O)c1ccccc1
GAWWEJ,CC1(C)C=CN(N=C1c1ccccc1)c1ccc(cc1)N(=O)=O
GAWWUZ,COC(=O)c1cc2OCOc2cc1c1cc(CO)ccc1N(=O)=O
GAWXAG,COCc1ccc(c(c1)c1cc2OCOc2cc1C=O)N(=O)=O
GAXGOE,COC(=O)c1cnc(nc1C)c1ccc(cc1)N(=O)=O
GAXXEI,O=N(=O)c1ccc2-c3c([C@]4(c2c1)C(=O)OC(=O)[C@]14c2ccccc2-c2c1cc(cc2)N(=O)=O)cccc3
GAYMOL,O=C1N[N-]C(=C1[N+]#N)N(=O)=O
GAYMOL01,O=C1NN=C(C1=[N+]=[N-])N(=O)=O
GAYMOL02,O=C1N[N-]C(=C1[N+]#N)N(=O)=O
GAYMOL03,O=C1N[N-]C(=C1[N+]#N)N(=O)=O
GAYNUS,O=N(=O)C1=N[N-]C(=C1[N+]#N)N(=O)=O
GAYXIP,COC(=O)c1ccc(NC(=O)c2ccc(c(OCc3ccccc3)c2)N(=O)=O)c(OCc2ccccc2)c1
GAYXOV,COC(=O)c1ccc(NC(=O)c2ccc(c(OCc3ccc4ccccc4c3)c2)N(=O)=O)c(OCC(C)C)c1
GAYXUB,COC(=O)c1ccc(NC(=O)c2ccc(cc2OC(C)C)N(=O)=O)cc1OC(C)C
GAYYOW,COC(=O)c1cc(OC)c(NC(=O)c2cc(OC)c(cc2NC(C)=O)N(=O)=O)cc1NC(C)=O
GAYYUC,COC(=O)c1cc(OC)c(NC(=O)c2cc(OC)c(cc2NC(=O)C(C)C)N(=O)=O)cc1NC(C)=O
GAZBEQ,COC(=O)c1cnc(cc1C(=O)OC)c1ccccc1N(=O)=O
GAZFOE,O=N(=O)c1ccc(cc1)[C@@H](C1=CNc2c1cccc2)N[C@H]1O[C@@H](COC(=O)C(C)(C)C)[C@H]([C@H]([C@@H]1OC(=O)C(C)(C)C)OC(=O)C(C)(C)C)OC(=O)C(C)(C)C
GAZGAR,N#CCC(=O)N([C@H](C(=C=NC(C)(C)C)C(=O)OC)C(=O)OC)/N=C/c1cccc(c1)N(=O)=O
GAZHAT,O=N(=O)c1cc[n+]([O-])c(c1)c1ccccn1
GAZXAG,CC(=O)OC[C@@]1(OCc2ccccc2)OC[C@@H]([C@H]([C@H]1OC(=O)C)N(=O)=O)OC(=O)C
GAZXEK,O[C@H]1CO[C@@]2([C@@H]([C@]1(C)N(=O)=O)O)COC(O2)(C)C
GECCUM,O[C@@]1(C=CC2=NCC[C@@]2(C1)C)c1ccc(cc1)N(=O)=O
GECPEL,CCCCN1C=NN=C1Nc1cccc(c1)N(=O)=O
GECPIP,Cc1ccc(cc1C)N1C=NN=C1Nc1cccc(c1)N(=O)=O
GECTIU,CN(c1ccccc1)/N=C(/c1ccc(cc1)N(=O)=O)\C
GECZAR,CC1(C)CC(=O)C2=C(C1)N(C(=O)c1ccccc21)c1cccc(c1)N(=O)=O
GEDWIV,N#CC1=C(C#N)[C@@](C)(N(=O)=O)C(C(=O)[C@]1(C)N(=O)=O)(C)C
GEDWUH,N#CC1=C(C)[C@](C)(N(=O)=O)[C@@H](C(C1=O)(C)C)N(=O)=O
GEFGOP,O=N(=O)c1ccc(cc1)[C@H]1O[C@@H]2CO[C@H](C1)C2
GEFNAH,OC1=C(C(=O)Oc2ccccc12)N(=O)=O
GEFNAH01,OC1=C(C(=O)Oc2ccccc12)N(=O)=O
GEFYEX,COC[C@H]1O[C@H]([C@@H]([C@@H]1OC)OC)N1C=C(N(=O)=O)C(=O)N(C1=O)C
GEGFAA,Cc1ccc(cc1)C1=Cc2c(cccc2N(=O)=O)C(=O)O1
GEGGIL,O=N(=O)C[C@@H](C1=C(Nc2c1cccc2)c1ccccc1)c1ccccc1
GEGGOR,O=N(=O)C[C@H](C1=C(Nc2c1cccc2)c1ccccc1)c1ccccc1
GEHVOG,COC(=O)[C@]12CCC[C@@H]2[C@H](OC1=O)c1cccc(c1)N(=O)=O
GEJBON,O=C/C=N/Nc1ccccc1N(=O)=O
GEJKUB,O=N(=O)c1ccc(CNc2ccccc2)cc1
GEJLAI,O=N(=O)c1ccc(CCNc2ccccc2)cc1
GEJLEM,CN(CCc1ccc(cc1)N(=O)=O)c1ccc(C)cc1
GEJQET,O=C1c2ccccc2N=C(N1c1cccc2c1cccc2)/C=C/c1ccc(cc1)N(=O)=O
GEJTUL,Cc1ccc(cc1)/C=C/c1cc(N(=O)=O)c(c(c1N1CCCCC1)N(=O)=O)/C=C/c1ccc(cc1)C
GEJVAT,Cc1ccc(cc1)/C=C/c1cc(N(=O)=O)c(c(c1N(=O)=O)N(=O)=O)/C=C/c1ccc(cc1)C
GEKHEJ,OC(=O)COc1ccccc1N(=O)=O
GEKKEO,COC(=O)C(C(=O)OC)c1c(cc(cc1N(=O)=O)N(=O)=O)N(=O)=O
GEKKOY,O=N(=O)C1=CC2=NOC3(CCCCC3)[N+](=C2C=C1)[O-]
GEKKUE,O=N(=O)C1=CC2=[N+]([O-])C3(CCCCC3)N=C2C=C1
GEMFEJ,[N+](=O)([O-])C=1C(NC(N(C1)[C@H]1[C@@H](O)[C@H](O)[C@H](O1)CO)=O)=O
GEMSID,CCOC(=O)C1=C(c2c(N1)cccc2)[C@H](C1=C(Nc2c1cccc2)C(=O)OCC)c1ccc(cc1)N(=O)=O
GENXOM,CCCOc1c2Cc3cc(cc(Cc4cccc(Cc5cc(cc(Cc1ccc2)c5O)N(=O)=O)c4OCCC)c3O)N(=O)=O
GEPCAG,O=N(=O)c1ccc(Oc2ccc(Oc3ccc(cc3)N(=O)=O)cc2)cc1
GEPGOX,CC(C)N(C)c1ccc(c2ccccc12)N(=O)=O
GEPPUN,CCN(C(=O)COc1ccc(cc1)N(=O)=O)c1ccccc1
GEQGAN,O=N(=O)c1ccccc1N1c2ccccc2C2=C1c1ccccc1[C@@H]2C
GEQHOZ,CO/C(=N/C(=O)c1ccccc1)/Nc1ccccc1N(=O)=O
GEQQAU,O=N(=O)C[C@@H]1O[C@@H]2CO[C@H](O[C@H]2[C@H]2[C@@H]1O[C@@H](O2)c1ccccc1)c1ccccc1
GEQTUR,OC(=O)c1ccc(cc1C(=O)c1ccccc1)N(=O)=O
GEQVAZ,OC(=O)c1cc(ccc1C(=O)c1ccccc1)N(=O)=O
GERPOJ,OCCNc1cc(NCCO)c(cc1N(=O)=O)N(=O)=O
GERPOJ02,OCCNc1cc(NCCO)c(cc1N(=O)=O)N(=O)=O
GESBIP,O=N(=O)CCCCCCCCCCCCN(=O)=O
GESBIQ,C[C@H]1C[C@H]2O[C@](C1)(COCc1ccccc1)O[C@H]2/C=N/Nc1ccc(cc1N(=O)=O)N(=O)=O
GESFAO,O=C1N[C@@H](Nc2c1cccc2)c1ccccc1N(=O)=O
GESJUJ,C[C@H]1CC[C@]2([C@@](O1)(O)c1ccccc1CCC2)N(=O)=O
GESWUX,COc1ccc(cc1)/C=C/1\CCC/C(=C\c2ccc(cc2)N(=O)=O)/C1=O
GESYIN,CCOC(=O)C1=C2C=Cc3c(cccc3N(=O)=O)N2C2=C1CCCC2
GETFIU01,O=C1C(=C[C-](C=C1N(=O)=O)N(=O)=O)[N+]#N
GETGIV,CCN(CC)c1ccc(cc1)N(=O)=O
GETHET,O=C(c1ccc(cc1)N(=O)=O)OCC[C@]12OC[C@H]3[C@@H]([C@@]42C[C@@H]4C(C1)(C)C)C3
GETWAE,Oc1ccc(C=C2c3ccccc3C(=O)c3ccccc23)cc1N(=O)=O
GEVLEZ,COc1cc(C(=O)NCc2ccccc2)c(cc1OC)N(=O)=O
GEVSIM,COC(=O)C1=C(C)N[C@H](C(=C1)N(=O)=O)c1ccccc1
GEVSOS,COC(=O)/C(=C(\N)/C)/C=C/N(=O)=O
GEVYIP,COc1ccc(cc1)C1=C(OC(=O)N(C)N1C)c1ccc(cc1)N(=O)=O
GEWXUE,O=C1CC[C@@H]2[C@]1(C)CC[C@H]1[C@H]2CCc2c1ccc(c2N(=O)=O)O
GEXKUP,N/C(=N\c1ccc(cc1)N(=O)=O)/c1ccccc1
GEXQOS,O=C1CCCC/C/1=C\c1cccnc1N(=O)=O
GEYJAY,O=N(=O)c1ccc2c(c1)C=C[C@@]1(O2)N(C)c2c(C1(C)C)cc(cc2)N(=O)=O
GEYNON,O=C1OCOc2c1cc(cc2N(=O)=O)N(=O)=O
GEYPEF,O=N(=O)c1ccccc1CN(CCC1=CNc2ccccc12)Cc1ccccc1N(=O)=O
GEYREK,O=N(=O)C1=NN2CCCN3N=C(N=C3C2=N1)N(=O)=O
GEYWIQ,O=N(=O)c1ccc2OCOCc2c1
GEZBEV,N#C[C@]12[C@@H](OC[C@]2(C=C)c2ccccc2)Oc2c(C1=O)cc(cc2)N(=O)=O
GEZBIZ,N#C[C@@]12[C@H](OC[C@]2(C=C)c2ccccc2)Oc2c(C1=O)cc(cc2)N(=O)=O
GEZGAT,O=N(=O)O[C@H]1[C@H](N(=O)=O)[C@](C=C([C@@]1(C)N(=O)=O)N(=O)=O)(C(C)C)N(=O)=O
GEZKII,COc1ccc(cc1)N1C=CC(=C1c1ccc(cc1)N(=O)=O)C=O
GEZNAA,CC(=O)OC[C@H]([C@H]([C@@H]([C@@H]([C@@H]1C[C@@H]2C=C[C@@]1(N(=O)=O)[C@@H]1[C@H]2CC=C1)OC(=O)C)OC(=O)C)OC(=O)C)OC(=O)C
GEZVUF,OC[C@]12C=C[C@](O1)([C@H]1[C@@H]2C(=O)N(C1=O)Cc1ccccc1)N(=O)=O
GEZWAM,OC[C@@]12C=C[C@@](O1)([C@H]1[C@@H]2C(=O)N(C1=O)Cc1ccccc1)N(=O)=O
GIBTOC,O=N(=O)c1ccc2c3c(ccc(c13)N(=O)=O)c1c(nnc(c3ccccc3)c21)c1ccccc1
GIBVEU,O=N(=O)c1ccc(N2CCCC2)c2c(ccc(c12)N(=O)=O)N1CCCC1
GIBVOE,O=C1Nc2c3c(N1)c(ccc3ccc2N(=O)=O)N(=O)=O
GIBWEV,O=N(=O)c1ccc(N2CCCC2)c2c(cccc12)N1CCCC1
GIBZAV,O=C(Cc1ccccc1)N/N=C/c1ccccc1N(=O)=O
GICLAI,N#CC1=C(N)OC2=C([C@H]1c1ccc(cc1)N(=O)=O)C(=O)CC(C2)(C)C
GICQAN,NC1=NC(=NO1)C1=[N+]([O-])ON=C1N(=O)=O
GICQAN01,NC1=NC(=NO1)C1=[N+]([O-])ON=C1N(=O)=O
GIDDUV,CCOC(=O)NC1=NON=C1N(=O)=O
GIDFAD,NC(=O)NC1=NON=C1N(=O)=O
GIGLEN,N#CCCCC[C@]12[N@@](O[C@@H]3[C@H]2C(=O)N(C3=O)c2ccc(cc2)N(=O)=O)O[C@@H]2[C@H]1C(=O)N(C2=O)c1ccc(cc1)N(=O)=O
GIGLEN10,N#CCCCC[C@]12[N@@](O[C@@H]3[C@H]2C(=O)N(C3=O)c2ccc(cc2)N(=O)=O)O[C@@H]2[C@H]1C(=O)N(C2=O)c1ccc(cc1)N(=O)=O
GIGQUI,COc1c(c(OC)c(c(OC)c1N(=O)=O)N(=O)=O)N(=O)=O
GIGQUI01,COc1c(c(OC)c(c(OC)c1N(=O)=O)N(=O)=O)N(=O)=O
GIGSUK,O=N(=O)c1ccccc1/C=C\c1ccccc1
GIHFEI,O=C1c2cc(cc(C#N)c2c2c1cc(cc2N(=O)=O)N(=O)=O)N(=O)=O
GIHPOC,O=N(=O)[C@H]1CCCC[C@@H]1/N(=N(=O)/[C@H]1CCCC[C@@H]1N(=O)=O)=O
GIHPUI,O=N(=N(=O)\[C@@H](c1ccccc1)CN(=O)=O)/[C@H](c1ccccc1)CN(=O)=O
GIJBEJ,CC1=CN(C(=O)C(=O)c2ccc(cc2)N(=O)=O)c2ccccc12
GIJDAG,O[C@@H]1[C@@H](OC(=O)c2ccc(cc2)N(=O)=O)[C@H](OCc2ccccc2)[C@H]([C@@H]([C@H]1OCc1ccccc1)OCc1ccccc1)OCc1ccccc1
GIJMER,OC[C@H]1O[C@H]([C@@H]([C@@H]1O)O)Nc1ncnc(c1N(=O)=O)N
GIJPEW,CCC1=NN(N=N1)c1cc(ccc1OC1=Nc2ccccc2N1Cc1ccccc1)N(=O)=O
GIJROJ,COC(=O)[C@]([C@@H](N(=O)=O)C)(c1ccccc1)O
GIKDOW,O=N(=O)c1ccc(cc1)[N+]1=NOC(=N1)[O-]
GIKDUC,O=N(=O)c1cccc(c1)[N+]1=NOC(=N1)[O-]
GIKFUE,O=N(=O)c1cccc(c1)N=[N+]=[N-]
GIKGAL,O=N(=O)c1cc(cc(c1)N(=O)=O)N=[N+]=[N-]
GIKKIV,CCOC(=O)[C-]([n+]1ccccc1)c1c(cc(cc1N(=O)=O)N(=O)=O)N(=O)=O
GIKNOF,COC(=O)[C@]12CCC[C@]2(O)O[C@@](C1)(C)C#Cc1ccc(cc1)N(=O)=O
GIKNUL,COC(=O)[C@]12CCC[C@]2(O)O[C@](C1)(C)c1ccc(cc1)N(=O)=O
GILRUQ,COc1cc(OC)cc(c1/C=C(/N(=O)=O)\C)OC
GILSUS,COC(=O)c1ccc2c(c1)C(C)(C)[C@]1(N2C)C=Cc2c(O1)ccc(c2)N(=O)=O
GILYAD,COC(=O)[C@@]1(N=N[C@](C1)(Cc1ccccc1)C(=O)OC)[C@@H](c1ccc(cc1)N(=O)=O)OC(=O)OC(C)(C)C
GILYUV,O=N(=O)[C@@H]1[C@@H]2[C@@H]3[C@@H]4[C@H]1[C@@H]1[C@H]2[C@@H]2[C@H]3[C@H]4[C@H]1[C@H]2N(=O)=O
GILZOR,CC1(C)C2=CC=C(N2)[C@](C)(C2=CC=C(N2)C(C2=CC=C([C@](C3=CC=C1N3)(C)c1ccc(cc1)N(=O)=O)N2)(C)C)c1ccc(cc1)N(=O)=O
GIMBOT,O=N(=O)c1cc(cc(c1/C=C/c1c(cc(cc1N(=O)=O)N(=O)=O)N(=O)=O)N(=O)=O)N(=O)=O
GIMQUP,CC(C)=Cc1ccc2cccc(c2n1)N(=O)=O
GINKAQ,O=C([C@@H]1[C@@H](C21C(=O)c1c(C2=O)cccc1)c1cccc(c1)N(=O)=O)NN=C(c1ccccc1)c1ccccc1
GINMIA,Cc1ccc2cccc(OC(=O)c3ccccc3N(=O)=O)c2n1
GIPCOZ,Cc1ccccc1c1nc(ccc1N(=O)=O)c1ccccc1
GIPCUF,Cc1ccccc1c1ccc(c(n1)c1ccccc1)N(=O)=O
GIPKAU,O=C(CCCC(=O)Nc1ccccc1N(=O)=O)Nc1ccccc1N(=O)=O
GIPRUU,N#C/C(=C\c1ccc(cc1)N(=O)=O)/CN1C=Nc2c(C1=O)cccc2
GIPZEN,CC(=CCC[C@@H]([C@@H]1CC[C@H]2[C@H]3[C@H]1[C@H]1[C@H](COCc4ccccc4)[C@@H]4O[C@H]1C(=C[C@@H]4OC(=O)c1ccc(cc1)N(=O)=O)C[C@@H]3OC(O2)(C)C)C)C
GIQVEJ,O=N(=O)c1ccc2nc(cnc2c1)c1ccccc1
GIQVEJ01,O=N(=O)c1ccc2nc(cnc2c1)c1ccccc1
GIRKEY,O=C1C=C2[C@](O1)(COC(=O)c1cccc(c1)N(=O)=O)C[C@@H]1N2CCC1
GIRKIC,O=C1C=C2[C@@](O1)(C[C@@H]1N2CCC1)[C@H](OC(=O)c1cccc(c1)N(=O)=O)C
GIRVIN,O=C(Oc1ccc(cc1)N(=O)=O)O[C@@H]1CC[C@H](CC1)OC(=O)Oc1ccc(cc1)N(=O)=O
GISDIX,[O-]/[N+](c1ccccc1)=N\Nc2ccc(N(=O)=O)cc2
GISDIY,Nc1nc(nc(N)c1N(=O)=O)c1c(c(N)c(c(N)c1N(=O)=O)N(=O)=O)N(=O)=O
GISJAV,COc1cc(/C=N/Nc2ccc(cc2N(=O)=O)N(=O)=O)cc(c1OC)OC
GISQUW,Oc1ccc(cc1)C(=C)c1ccc(cc1)N(=O)=O
GISTAE,O=C(Nc1ccccc1)Oc1ccc(cc1)N(=O)=O
GISWEK,CN1c2ccc(cc2C([C@]21C=Nc1c(O2)ccc2c1cccc2)(C)C)N(=O)=O
GISXOW,O=C1NC=Nc2cc(ccc12)N(=O)=O
GITJEZ,C[C@H]1C[C@]2(ON=C([C@H]2c2ccccc2)c2ccc(cc2)N(=O)=O)C(=O)c2c1cccc2
GITKOL,O=CC[C@@H]1C=C(C[C@@H]([C@H]1N(=O)=O)c1ccc(cc1)C)c1ccccc1
GITRAD,O=C(c1ccc(cc1)N(=O)=O)OC1=C2CCCC[C@@H]2CCC[C@H]2[C@@H]1C2
GIVCUM,CCOC(=O)[C@H]1N[C@]([C@]2([C@@H]1c1ccccc1N(=O)=O)C(=O)N(c1c2cccc1)C(=O)OC(C)(C)C)(CC(=O)OC)C(=O)OC
GIVDAT,CCOC(=O)[C@H]1N[C@]([C@]2([C@@H]1c1cccc(c1)N(=O)=O)C(=O)N(c1c2cccc1)C(=O)OC(C)(C)C)(CC(=O)OC)C(=O)OC
GIVGEZ,CCOc1nc2CCCCCCc2c(c2cccc(c2)N(=O)=O)c1C#N
GIVHOJ,O=C1CC[C@@H]([C@H](N1)c1ccccc1)N(=O)=O
GIVJAX,O=N(=O)c1ccc(Cc2cnccn2)cc1
GIVSIQ,O=N(=O)/C=C/c1ccccc1c1c(ccc2c1cccc2)C(C)C
GIVXUE,Nc1ccc(cn1)N(=O)=O
GIWHOJ,O=N(=O)c1ccc(cc1)/C=C/C1=CC=CC=CC=C1
GIXJUU,O=N(=O)c1ccc(cc1)/N=N/c1ccc(cc1)N(Cc1ccccn1)Cc1ccccn1
GIXVAM,CCCC(O[C@H]1[C@H]2COC([C@@H]2[C@H](c3cc4nc5cc(N(=O)=O)ccc5nc4c(OC)c3)c6cc7c(OCO7)cc61)=O)=O
GIYLAE,O=N(=O)[C@H]1[C@@H](CC=C2[C@@H]1Nc1c2cccc1)c1ccccc1
GIYYAO,COC(=O)CCN(c1ccc(c(c1)NC(=O)C)/N=N/c1ccc(cc1)N(=O)=O)CCC(=O)OC
GIYYAO01,COC(=O)CCN(c1ccc(c(c1)NC(=O)C)/N=N/c1ccc(cc1)N(=O)=O)CCC(=O)OC
GIYZUJ,CC[C@H]([C@@H](c1ccccc1)[C@H](OC(=O)c1cc(cc(c1)N(=O)=O)N(=O)=O)COC(=O)c1cc(cc(c1)N(=O)=O)N(=O)=O)OC(=O)c1cc(cc(c1)N(=O)=O)N(=O)=O
GIZPOX,O=N(=O)c1cc(c(c(c1N(=O)=O)N(=O)=O)N(=O)=O)N(=O)=O
GIZQUC,CC(=O)C[C@@H]([C@@H](N(=O)=O)C)c1ccccc1
GIZSOX,O/N=C/1\CCCC1(N(=O)=O)N(=O)=O
GOCHAK,COc1cc2OCOc2cc1c1cc(OC)c2cc3OCOc3cc2c1N(=O)=O
GOCKAN,CCOC(=O)c1c(O)c2ccccc2c(c1c1ccccc1)N(=O)=O
GOCKER,Oc1c2ccccc2c(c(C2CC2)c1C(=O)c1ccccc1)N(=O)=O
GOCLEP,O=N(=O)c1ccc(cc1)c1c(cc2ccc(cc2c1c1ccccc1)N(=O)=O)c1ccccc1
GOCTUP,Oc1ccccc1/N=C/c1ccc(cc1)N(=O)=O
GODBAD,O=C[C@@H]1CCC(=C([C@H]1c1ccccc1N(=O)=O)C=O)C
GODDUZ,COC([C@H]([C@@H]([C@H](Cc1ccccc1)NC(=O)OC(C)(C)C)O)N(=O)=O)OC
GODNUI,O=N(=O)c1cccc2N=Nc3ccccc3c12
GODXAY,CC(=O)Oc1ccc2cc(ccc2c1c1c(OC(C)=O)ccc2cc(ccc12)N(=O)=O)N(=O)=O
GOFCUC,O=C(N1c2ccccc2[C@@]2(C1=O)C[C@@H]1[C@@H]([C@H]([C@@H]2c2cccc(c2)N(=O)=O)N(=O)=O)Oc2c(C1=O)cccc2)OC(C)(C)C
GOFNIA,Cc1cc2nc(C)c(nc2cc1C)C1=Nc2ccccc2N1C(=O)c1ccccc1N(=O)=O
GOGHOC,O=N(=O)C(=C1NCNC(N1)=C(N(=O)=O)N(=O)=O)N(=O)=O
GOGJAQ,O=N(=O)C(=C1NCN(CN1)CC(N(=O)=O)(N(=O)=O)N(=O)=O)N(=O)=O
GOGYEH,COC(=O)[C@@H]([C@H]1Cc2c([C@@H]1Oc1ccccc1)cccc2)N(=O)=O
GOHDEO,COC(=O)C([C@@H](Cc1ccc(cc1)C)CN(=O)=O)C(=O)OC
GOHFEQ,CCOC(=O)C[C@H]1[C@@H](CC[C@@]2([C@H]1CC[C@H]2OC(=O)c1ccc(cc1)N(=O)=O)C)OC(=O)C
GOHSEC,CCc1c(COC(=O)c2ccc(cc2N(=O)=O)N(=O)=O)c(CC)c(COC(=O)c2ccc(cc2N(=O)=O)N(=O)=O)c(CC)c1COC(=O)c1ccc(cc1N(=O)=O)N(=O)=O
GOJDOA,O[C@H]1Oc2ccccc2N([C@@H]1c1ccccc1)Cc1ccccc1N(=O)=O
GOJDOY,O=N(=O)/C(=C/C1=C(C)Nc2c1cccc2)/C
GOJDOY01,O=N(=O)/C(=C/C1=C(C)Nc2c1cccc2)/C
GOJDUE,O=N(=O)/C=C/C1=CNc2c1cccc2
GOJKEX,CC1(C)Cc2c(cccc2N(=O)=O)C1=O
GOJROM,Cc1ccc(cc1C(O)=O)N(=O)=O
GOJROM01,Cc1ccc(cc1C(O)=O)N(=O)=O
GOJROM02,Cc1ccc(cc1C(O)=O)N(=O)=O
GOJSIJ,O=N(=O)c1ccccc1Cc1ccccc1N(=O)=O
GOJWEJ,COC(=O)C[C@H]1C(=O)N(C(=O)[C@]1(/N=C/c1ccccc1N(=O)=O)Cc1ccccc1)c1ccccc1
GOJYEL,CCOC(=O)C1=C[C@H](C=C(C)C)[C@H]([C@H](C1)N(=O)=O)[C@H](C(C)C)NC(=O)C
GOKLEX,CCCC[C@@H](OC(=O)c1ccc(cc1)N(=O)=O)C[C@@H]1CCCC[C@@H]1OC(=O)c1ccc(cc1)N(=O)=O
GOKSIJ,Cc1c2OC(C)(C)CCc2c(c(O)c1N(=O)=O)c1c(O)c(c(C)c2OC(C)(C)CCc12)N(=O)=O
GOLHUN,COc1ccc(c(c1)OC)CN1O[C@@H]([C@H]1COC(=O)c1cc(cc(c1)N(=O)=O)N(=O)=O)C
GOLKOK,Cc1cccc(c1)/C(=N/Cc1ccc(cc1)N(=O)=O)/C(=O)NCc1ccccc1
GOLVAE,CC(C)(c1ccc2ncccc2c1C#N)N(=O)=O
GOLWEK,CC(Cc1ccc(cc1)[C@@H](C(=O)N/N=C(/c1ccc(cc1)N(=O)=O)\C)C)C
GOLYAH,C[C@@H]1C=C2C(=O)[C@H]3[C@@H]([C@H]2[C@@H](C1)N(=O)=O)[C@@H]1C[C@H]3C=C1
GOMFIY,COc1ccc2c(c1/C=N/NC(=O)c1ccccc1N(=O)=O)cccc2
GOMJOI,CO[C@@H]1O[C@H](COCc2ccccc2)[C@@H]([C@@H]([C@H]1CN(=O)=O)OCc1ccccc1)OCc1ccccc1
GORCOF,O=N(=O)c1ccc(cc1)/N=N/c1ccc2c1ccccc2
GORJAA,CCN(c1ccc2c(c1)Oc1c(C32N(/N=C/C=C/c2ccc(cc2)N(=O)=O)C(=O)c2c3cccc2)ccc(c1)N(CC)CC)CC
GORLUW,COc1cc(/C=C/c2nc3ccc(cc3c(c2C(=O)C)c2ccccc2)N(=O)=O)ccc1O
GORRUC,CCOC(=O)C[C@H]1[C@H](/C=C/C(=O)OC)[C@H]([C@H]([C@@H]1[C@]1(c2ccccc2)c2ccccc2N(C1=O)C(=O)OC(C)(C)C)N(=O)=O)c1ccccc1
GOTFOM,O=N(=O)c1cc(/C=N/c2ccccc2)ccc1O
GOTHUV,CC1(C)CC(=C(C(=O)COc2ccc(cc2)N(=O)=O)C(=O)C1)O
GOTJEH,NC1=C(N(N=C1N(=O)=O)C1=NN=C(N2N=C(C(=C2N(=O)=O)N)N(=O)=O)C1=[N+]=[N-])N(=O)=O
GOVKEH,CC1=CC(=O)N2N=C(N)C(=C2N1)N(=O)=O
GOVQOA,CNC1=C(N(=O)=O)[C@@]2(C3=C(O1)CC(C)(C)CC3=O)C(=O)N(c1c2cccc1)C
GOWKOU,CCOC(=O)/C(=C/Nc1cccc(c1)N(=O)=O)/C(=O)O
GOXDOO,O=N(=O)c1cc(ccc1C[C@@]12CCO[C@@]2(C)Nc2c1cccc2)N(=O)=O
GOXKAF,CC(=O)NN(C(=O)c1ccccc1O)c1ccc(cc1)N(=O)=O
GOXXOJ,O=N(=O)c1ccnc2N(Cc3ccccc3)C=Nc12
GOXXUP,O=N(=O)c1cc[n+]([O-])c2N(Cc3ccccc3)C=Nc12
GOYXOK,O=C(COCCOCCOCC#C)NCC1=CC=C(O1)N(=O)=O
GOYYAX,O=C(NOC(=O)c1ccc(cc1)N(=O)=O)c1ccccc1
GOYYUR,O=C(NOc1ccc(cc1)N(=O)=O)c1ccccc1
GOYZIG,C#CC[C@H](c1ccc(cc1)N(=O)=O)OC(=O)C
GOZFIM,CN1Cc2ccccc2N[C@H]1c1ccccc1N(=O)=O
GOZJAJ,CC1=NN(c2ccc(cc2)N(=O)=O)C(=N1)c1ccccc1
GUBPIF,NC1=C(C2=NN=NN2N=C1N=[N+]=[N-])N(=O)=O
GUBQEB,CCOC(=O)[C@H]1C(=O)OC([C@@H]1CN(=O)=O)(C)C
GUBZOS,CCOC(=O)[C@]1(N=C[C@@]2([C@H]1[C@H]1C=C[C@@H]2C1)N(=O)=O)[C@@H]1[C@H]2C=C[C@@H]([C@H]1N(=O)=O)C2
GUCLUL,O=C(c1ccc(cc1)N(=O)=O)NC(C(=O)NC(C(=O)NC(C(=O)NC(C(=O)N[C@](C(=O)OC(C)(C)C)(C(C)C)C)(C)C)(C)C)(C)C)(C)C
GUCMUN,O=N(=O)C[C@@]1(OC(=CC2=C1C(=O)N(C(=O)N2C)C)c1ccccc1)c1ccccc1
GUCNIC,C[C@@H]1C[C@H](O)[C@H]([C@]([C@H]1C(=O)c1ccccc1)(O)c1ccccc1)N(=O)=O
GUCQOM,CN(C)c1ccc(c(Nc2ccccc2)c1)N(=O)=O
GUCQUS,Nc1ccc(c(Nc2ccccc2)c1)N(=O)=O
GUCRED,O=N(=O)c1ccc(NCc2ccccc2)cc1Nc1ccccc1
GUDSED,O=N(=O)C[C@H]([C@@H]1CCOC1=O)[C@H]1COC(O1)(C)C
GUFBEO,COC(=O)[C@@H]([C@H](C1=CNc2c1cccc2)CN(=O)=O)C1=CNc2c1cccc2
GUFLUO,N#C/C(=N\Nc1ccccc1N(=O)=O)/C(=O)C
GUGKAX,O=C(Cc1ccccc1)c1ccccc1OC(=O)c1ccc(cc1)N(=O)=O
GUGTIO,O=N(=O)c1ccc(ON=C2CCCCC2)c(c1)N(=O)=O
GUGTIO01,O=N(=O)c1ccc(ON=C2CCCCC2)c(c1)N(=O)=O
GUGTOU,CC(C)=NOc1ccc(cc1N(=O)=O)N(=O)=O
GUGTOU01,CC(C)=NOc1ccc(cc1N(=O)=O)N(=O)=O
GUGWIP,COc1cc(c(cc1NC(=O)OC(C)(C)C)[C@@H](OC(=O)c1ccc(cc1)N(=O)=O)C)c1c(CO)cc(c(c1OC)OC)OC
GUHBER,O=N(=O)C[C@@H](c1ccccc1N(=O)=O)C1=C(O)C(=O)c2c(C1=O)cccc2
GUHCIW,O=N(=O)c1ccc(cc1)/C(=N/Nc1ccccc1)/N=N/c1ccccc1
GUHCOC,COc1ccc(cc1)/N=N/C(=N\Nc1ccccc1)/c1ccc(cc1)N(=O)=O
GUHDOC,C=CCc1cc(OC)c(c(c1)/N=N/c1ccc(cc1)N(=O)=O)OC(=O)c1ccccc1
GUJMEG,O=C(NC1CCCCC1)N(C1CCCCC1)c1c(cc(cc1N(=O)=O)N(=O)=O)N(=O)=O
GUKXOZ,O=C(N[C@H](C(=O)Nc1ccc(cc1)N(=O)=O)Cc1ccccc1)CNC(=O)/C(=C/c1ccccc1)/NC(=O)CNC(=O)OC(C)(C)C
GUKYOA,Cc1cc(N)c(cc1C)N(=O)=O
GULDOH,COc1ccccc1[C@@H]1C(=Cc2c([C@H]1N(=O)=O)cccc2)C=O
GULGAV,O=N(=O)C1=C(N=CN1)N(=O)=O
GULGAV01,O=N(=O)C1=C(N=CN1)N(=O)=O
GULWUI,O=N(=O)c1ccc(cc1)C1=C[C@@H]2[C@H]3[C@@H]2C=C[C@@H]1C=C3
GULXOD,O=N(=O)c1ccc(cc1)C1=C[C@@H]2[C@H]3[C@@H]2C=C[C@@H]1C(=C3)c1ccc(cc1)N(=O)=O
GULZUI,CC[C@@H](C(c1ccccc1)c1ccccc1)[C@H](OC(=O)c1cc(cc(c1)N(=O)=O)N(=O)=O)C
GUMFUR,CCCCc1ccc(cc1)C1=C(N=CN1Cc1ccccc1)N(=O)=O
GUMKOR,COC(=O)/C(=C/1\CCCN1)/N(=O)=O
GUMLEH,Cc1ccc(cc1)[C@@H]1[C@@H](C(=O)c2ccccc2)N2C(=C1N(=O)=O)C=Cc1c2c2ncccc2cc1
GUNKOQ,C[C@H]1CC[C@@H]([C@H](C1)OC(=O)C1=CC[C@@H]([C@H]1/C(=N/Nc1ccc(cc1N(=O)=O)N(=O)=O)/C=C/c1ccccc1)c1ccccc1)C(C)C
GUNTER,COc1ccc(cc1N1C(=O)[C@@H]2[C@H](C1=O)[C@H]1C[C@@H]2C=C1)N(=O)=O
GUPJAD,O=C(NCC#C)C1=CC=C(O1)N(=O)=O
GUPMIN,O=C(c1ccc(cc1)N(=O)=O)OCC1(COC(=O)c2ccc(cc2)N(=O)=O)[C@@H]2CC(C=C2C[C@H]1c1ccccc1)(C)C
GUPNAG,CC([C@H]1COC(=O)N1C(=O)[C@H]1C[C@@H]1N(=O)=O)C
GUQKIN,O=C1CCC[C@H]1[C@H](c1ccc(cc1)N(=O)=O)CC(=O)c1ccccc1
GUQMEK,O=CO[C@H](C1(CCCCC1)N(=O)=O)[C@@H]1[C@H]([C@@H]1NC(=O)OC)C(=O)OC
GURDAY,O=N(=O)C([C@]12[C@H]3[C@H]4[C@@H]2[C@H]2[C@@H]1[C@@H]3[C@@]42C(N(=O)=O)N(=O)=O)N(=O)=O
GURGOP,Oc1ccccc1C(=O)C1=CN2N=C(C=C2N=C1)c1ccc(cc1)N(=O)=O
GUSWIA,C[C@@H]1OCc2c(CO1)cnc(c2OC(=O)c1ccc(cc1)N(=O)=O)C
GUTNIS,OC(=O)c1cc(ccc1O)N(=O)=O
GUTNIS01,OC(=O)c1cc(ccc1O)N(=O)=O
GUTNIS02,OC(=O)c1cc(ccc1O)N(=O)=O
GUTYIF,O=N(=O)c1ccccc1C1=NN=C2N1N=Cc1ccccc21
GUTYUR,O=N(=O)c1cccc(c1)/C=N/N=C/1\NN=Cc2c1cccc2
GUTZAY,O=N(=O)c1cccc(c1)C1=NN=C2N1N=Cc1ccccc21
GUTZIG,O=N(=O)c1ccc(cc1)/C=N/N=C/1\NN=Cc2c1cccc2
GUTZOM,O=N(=O)c1ccc(cc1)C1=NN=C2N1N=Cc1ccccc21
GUVBAC,O=N(=O)c1ccc(cc1)/C=C/C1=NN=C2N1N=Cc1c2cccc1
GUVCUV,O=C(Nc1ccc(cc1)N(=O)=O)C1=C(c2ccccc2)C(=C(N1)C(=O)Nc1ccc(cc1)N(=O)=O)c1ccccc1
GUVDIK,O=C(Nc1cc(cc(c1)N(=O)=O)N(=O)=O)C1=C(c2ccccc2)C(=C(N1)C(=O)Nc1cc(cc(c1)N(=O)=O)N(=O)=O)c1ccccc1
GUVTAS,O=N(=O)C1=CN=C2N([C@H]1c1ccccc1)C[C@@H](O2)COc1ccccc1
GUVXED,O=N(=O)C1=CC=C(N2CCN(CC2)c2ccccn2)C2=NON=C12
GUVYAY,O=N(=O)c1ccc2c(c1)C[C@H]1N2CCCC1
GUWBIJ,CCOCN1C(=C(C(=O)OC(C)C)[C@@H](C(=C1C(=O)OC)C(=O)OC)c1cccc(c1)N(=O)=O)C
GUWQAR,Cc1ccc(cc1)N1Cc2ccccc2O[C@@H]1c1ccccc1N(=O)=O
GUWXON,COC(=O)c1ccc(O)c(c1)N(=O)=O
GUXKUI,Cc1cccc(c1)N[C@@H](c1ccc(cc1)N(=O)=O)CC(=O)c1ccccc1
GUXMUJ,CC(=O)N(CC(=O)N(CC(N)=O)c1ccccc1)c1ccc(O)c(c1)N(=O)=O
GUXNAP,O=C(c1cc(cc(c1)N(=O)=O)N(=O)=O)O[C@H]([C@H]1COC(O1)(C)C)C#CCOCc1ccccc1
GUXRIC,CC(C)(C)c1cc(c(O)c(c1)C(C)(C)C)c1cc(ccn1)N(=O)=O
GUYSIC,CCCCCCCCCCCCCCCCOC[C@@H]1CCCN1c1ccc(cc1)N(=O)=O
GUYSOI,CCCCCCCCCCCCCCCCCCO[C@@H]1CCN(C1)c1ccc(cc1)N(=O)=O
GUZJAO,COC(=O)C1=Cc2c(C#Cc3ccc(cc3)N(=O)=O)c(OC)c(OC)c(C#Cc3ccc(cc3)N(=O)=O)c2N1C
GUZKET,O=C(CN1C=CC=C(C1=O)N(=O)=O)Nc1ccccc1
GUZSAW,O=C1O[C@H]([C@]1(C)c1ccccc1)c1ccc(cc1)N(=O)=O
GUZSEA,O=C1O[C@@H](C1(c1ccccc1)c1ccccc1)c1ccc(cc1)N(=O)=O
GUZWEE,O=N(=O)[C@]12C[C@H]3[C@H]4[C@@H](C2)[C@H]2[C@@H](C1)[C@@H]3C[C@@](C4)(C2)N(=O)=O
GUZWII,O=N(=O)[C@]12C[C@H]3C[C@H]4[C@@H]2C[C@H]2C[C@@H]1[C@@H](C3)[C@@]4(C2)N(=O)=O
HABDUK,CC(C)(c1ccc(cc1)N(=O)=O)c1ccc(cc1)N(=O)=O
HABFAS,O=N(=O)c1ccc(NN=C(c2ccccn2)c2ccccn2)cc1
HABFAS01,O=N(=O)c1ccc(NN=C(c2ccccn2)c2ccccn2)cc1
HABFAS02,O=N(=O)c1ccc(NN=C(c2ccccn2)c2ccccn2)cc1
HABPIJ,COC(=O)C1=C(C)NC(=C([C@H]1c1cccc(c1)N(=O)=O)C(=O)OCCON(=O)=O)C
HABSUC,COC(=O)[C@@H](NC(=O)[C@@H]1CCCN1N(=O)=O)Cc1ccc(cc1)N(=O)=O
HABXOZ,O=C1CCCN1[C@@H]1C[C@@H](Nc2c1cccc2)c1ccc(cc1)N(=O)=O
HABXUD,O=N(=O)[C@@H]1C[C@@H](C[C@@]2([C@@]1(O)CCCC2)N(=O)=O)N(=O)=O
HABYIS,N#C[C@@]1(CCCCCCCCCCC1=O)[C@@H](C/C=N/Nc1ccc(cc1N(=O)=O)N(=O)=O)C
HABYUE,O=N(=O)[C@H]1CCCCCCC(=O)[C@H](CCC1)N(=O)=O
HABZIT,N#CCC[C@]1(CCCCCCC1=O)N(=O)=O
HABZOZ,CC(=O)CC[C@@]1(CCCCCC1=O)N(=O)=O
HABZUF,CC(=O)CC[C@@]1(CCCCCCCCCCC1=O)N(=O)=O
HACHUQ,O=N(=O)[C@@H]1[C@@H](Oc2c([C@H]1CC1=NC(C)(C)Cc3c1cccc3)cccc2)c1ccccc1
HACJIE,O=N(=N\c1ccccc1N(=O)=O)/c1ccccc1/N(=N/c1ccccc1N(=O)=O)=O
HACLEE,O=N(=O)C1=CC=C2N(C1=O)C[C@@H]1C[C@H]2CNC1
HACNEH,O=C1CC[C@H]2C(=O)[C@]1(C)CC[C@@H]2OC(=O)c1cc(cc(c1)N(=O)=O)N(=O)=O
HACPEG,COc1ccc(cc1)[C@@H](CC[C@H](C(C)C)OC(=O)c1cc(cc(c1)N(=O)=O)N(=O)=O)C
HACQIN,COC(=O)/C=C\[C@H]1C(=CC(=O)N([C@@H]1c1ccc(cc1)N(=O)=O)c1ccccc1)c1ccccc1
HACVAL,OC[C@@H]1N[C@@H]1c1ccc(cc1)N(=O)=O
HADCAT,O=N(=O)c1cc(/N=N/c2cc(cc(c2C)N(=O)=O)N(=O)=O)c(c(c1)N(=O)=O)C
HADCAT01,O=N(=O)c1cc(/N=N/c2cc(cc(c2C)N(=O)=O)N(=O)=O)c(c(c1)N(=O)=O)C
HADVAJ,CN(c1ccc(cc1)N(=O)=O)N(=O)=O
HADWAK,COC([C@]1(O)NC(=C([C@@H]([C@H]1C(=O)OC)c1cccc(c1)N(=O)=O)C(=O)OCCC#N)C)OC
HADWEO,COC([C@@]1(O)NC(=C([C@@H]([C@@H]1C(=O)OC)c1cccc(c1)N(=O)=O)C(=O)OCCC#N)C)OC
HAFKEG,O=N(=O)C(C1=NNC(=N1)/N=N/C1=NC(=NN1)C(N(=O)=O)N(=O)=O)N(=O)=O
HAGLUX,O=C1CCCC[C@@H]1[C@H]1CCCC[C@@H]1OC(=O)c1ccc(cc1)N(=O)=O
HAGMEI,O=C(c1ccc(cc1)N(=O)=O)O[C@H]1CCC[C@@H]1[C@@H]1CCCC[C@@H]1OC(=O)c1ccc(cc1)N(=O)=O
HAGMIM,O=C(c1cc(cc(c1)N(=O)=O)N(=O)=O)O[C@H]1CCC[C@@H]1[C@@H]1CCCCCC1=O
HAGSEP,CC1=NN(c2ccccc2)C2=C1C(=O)Oc1ccc(cc21)N(=O)=O
HAGYUK,O=N(=O)c1ccc(Oc2ccc3ccccc3c2c2c(Oc3ccc(cn3)N(=O)=O)ccc3ccccc23)nc1
HAGZUO,CCCOc1c2Cc3cc(cc(Cc4cccc(Cc5cccc(Cc1ccc2)c5OC(=O)c1ccccc1)c4OC(=O)c1ccccc1)c3O)N(=O)=O
HAHBEA,COc1ccc(cc1)[C@@H]1[C@@H](C)[C@@H](Nc2c1c(ccc2)N(=O)=O)c1ccccc1
HAHBIE,COc1ccc(cc1)[C@H]1[C@H](C)[C@H](Nc2c1ccc(c2)N(=O)=O)c1ccccc1
HAHRIU,NC1=C(C=CC2=[N+]([O-])C3(CCCCC3)N=C12)N(=O)=O
HAHXAT,C[C@@H]([C@H](N(c1ccccc1)C)C)OC(=O)c1cc(cc(c1)N(=O)=O)N(=O)=O
HAJZIE,CCCCC#C[C@@]1(O)CCCC[C@H]1OC(=O)c1cc(cc(c1)N(=O)=O)N(=O)=O
HAKHUY,O=C1Oc2ccccc2C(=C1[C@H](c1ccccc1N(=O)=O)C1=C(O)c2c(OC1=O)cccc2)O
HAKLUB,O=N(=O)c1cccc(c1)/C/1=C/2\C=CC(=N2)C(C)(C)C2=CC=C(N2)C(C2=CC=C(C(C3=CC=C1N3)(C)C)N2)(C)C
HALJUZ,CC(C)c1cc(C(C)C)c(c(c1)C(C)C)N(=O)=O
HALMEO,CC(=O)O[C@H]1[C@@H](OC[C@H]([C@@H]1OC(=O)C)OC(=O)C)Nc1ccccc1N(=O)=O
HALMEO01,CC(=O)O[C@H]1[C@@H](OC[C@H]([C@@H]1OC(=O)C)OC(=O)C)Nc1ccccc1N(=O)=O
HALMOY,CC(=O)O[C@H]1[C@@H](OC[C@H]([C@@H]1OC(=O)C)OC(=O)C)Nc1cccc(c1)N(=O)=O
HALMUE,CC(=O)O[C@H]1[C@@H](OC[C@H]([C@@H]1OC(=O)C)OC(=O)C)Nc1ccc(cc1)N(=O)=O
HALROB,CNC(=O)[C@H]1C(=O)C[C@@]([C@H]([C@@H]1c1cccc(c1)N(=O)=O)C(=O)NC)(C)O
HAMJEM,CCOC(=O)c1ccc(c(c1C)/C=C/Cc1ccccc1N(=O)=O)O
HAMTIZ,CC(=O)Nc1cc(c(cc1C)N(=O)=O)N(=O)=O
HAMTIZ01,CC(=O)Nc1cc(c(cc1C)N(=O)=O)N(=O)=O
HAMXIF,CN(/C(=N/C(=O)c1ccc(cc1)N(=O)=O)/C)C
HAMYAY,C/C(=C/1\N=C(OC1=O)c1ccccc1)/NC(=O)c1cccc(c1)N(=O)=O
HAMYIG,CN(/C=C/C(=C/1\N=C(OC1=O)c1ccccc1)/NC(=O)c1cccc(c1)N(=O)=O)C
HANCUW,COC(=O)C1=CN(c2ccc(cc2)C)C(=C([C@@H]1c1cccc(c1)N(=O)=O)C#N)N
HANDEH,CCOC(=O)C1=C(N)N(C=C([C@@H]1c1cccc(c1)N(=O)=O)C(=O)OC)c1ccc(cc1)C
HANFIP,COc1ccc(cc1)CN1C(=O)C(=O)[C@]2(C1=CC=CC=C2)c1cccc(c1)N(=O)=O
HANFOV,COc1ccc(cc1)CN1C(=O)C(=C([C@@]21C=CC(=C)C=C2)c1ccc(cc1)N(=O)=O)O
HANVAV,COC(=O)C1(CC=C([C@H]1C(=O)c1ccc(cc1)N(=O)=O)C)C(=O)OC
HAPCUZ,O=N(=O)c1ccc(cc1)C1=C(Nc2ccccc12)C1=CCCCC1
HAPYOO,Cc1ccc2Nc3cc(Oc4cc(Nc5cc(Oc1c2)c(cc5N(=O)=O)N(=O)=O)ccc4C)c(cc3N(=O)=O)N(=O)=O
HAPYUU,COC[C@@H]1C[C@H](CN1C(=O)[C@H]([C@@H](C(=C)C)CCCOC(=O)c1ccc(cc1)N(=O)=O)/C=C/c1cccc(c1)OC)OC(C)(C)C
HAQTAX,CCC[C@@H]1CC(=O)[C@H]2[C@@]31C(=O)CCC[C@@]3(O)[C@@H]([C@H]([C@@]12c2ccccc2N(C1=O)Cc1ccccc1)c1ccccc1)N(=O)=O
HARVUT,NC1=N/C(=C\c2ccc(cc2)N(=O)=O)/C(O1)(C)C
HASFEM,CN/C(=C(\N(=O)=O)/C#N)/N(C(=O)c1ccccc1)C
HASFUF,NC1=C(N(CN(=O)=O)N=C1N(=O)=O)N(=O)=O
HASGAM,O=N(=O)CN1N=C(C(=C1N(=O)=O)N(=O)=O)N(=O)=O
HASHAK,O=N(=O)[C@]12[C@@H]3[C@@H]4[C@H]1[C@@]1([C@H]2[C@]3([C@H]41)N(=O)=O)N(=O)=O
HASHEO,O=N(=O)[C@]12[C@H]3[C@]4([C@@H]2[C@]2([C@@H]1[C@@]3([C@@H]42)N(=O)=O)N(=O)=O)N(=O)=O
HAVMUM,COc1ccc(cc1)c1cc(c2ccccc2)c(C#N)c(c2ccccc2)c1N(=O)=O
HAWLUN,COc1ccc(cc1)/C=C(\C(=O)NCc1ccccc1)/N(=O)=O
HAWMAU,COc1ccc(cc1)/C=C(/C(=O)OC)\N(=O)=O
HAWMEY,CC(OC1=C(OC(C)C)C(=O)[C@@]2([C@H]1C[C@@]13C2=CC[C@@]3(C)[C@@H](CC1)C(C)C)OC(=O)c1ccc(cc1)N(=O)=O)C
HAWMOI,O=N(=O)c1ccc2c(c1)CN1[C@](O2)(C)C(c2c1cccc2)(C)C
HAWNAV,C=C1[C@]2(CC[C@@H](C1(C)C)C2)[C@H](OC(=O)c1cc(cc(c1)N(=O)=O)N(=O)=O)COCc1ccccc1
HAWSOO,Cc1ccc(C)c(c1N(=O)=O)N(=O)=O
HAXJOH,OC(=O)c1ccc(NC(=O)c2ccc(NC(=O)c3ccc(NC(=O)c4ccc(cc4)N(=O)=O)cc3)cc2)cc1
HAXVUX,CC1=C[C@@](C)(N(=O)=O)[C@@]([C@](C1=O)(C)N(=O)=O)(C)N(=O)=O
HAXWAE,CC1=C[C@@](C)(N(=O)=O)[C@@]([C@@](C1=O)(C)N(=O)=O)(C)N(=O)=O
HAXWEI,O=N(=O)[C@]1(C)C(=O)[C@@](C)(O)C=C([C@]1(C)N(=O)=O)C
HAYLUP,CCOC(=O)[C@@H]1[C@@H]2C=C[C@@H]3[C@H]1CC[C@H]([C@@H]3C2)OC(=O)c1cc(cc(c1)N(=O)=O)N(=O)=O
HAYYEM,O=N(=O)[C@]1(C)c2ccccc2[C@H](c2c1cccc2)C(N(=O)=O)(N(=O)=O)N(=O)=O
HAYZIR,CCCCOC(=O)c1cc(cc(c1)N(=O)=O)N(=O)=O
HAZFIA,O=N(=O)c1ccc(cc1)N1C=C(CNc2ccccc2OCc2ccccn2)N=N1
HAZZOX,CCOC1=NN(C(=O)[C@@]21O[C@@H]2c1ccccc1)c1ccc(cc1)N(=O)=O
HAZZUD,COC(=O)[C@@]1(O)C(=NN([C@H]1c1ccccc1)c1ccc(cc1)N(=O)=O)N1CCCC1
HDNBPP,O=N(=O)c1cc(cc2c1O[C@H]1OCCC[C@H]1C2)N(=O)=O
HEBBAR,COC([C@@]1(N(c2ccc(N(=O)=O)cc2)N=C(N3CCCC3)C1=O)c4ccccc4)=O
HEBCHN,C[C@H]([C@]12CCC[C@@H]2C1)OC(=O)c1cc(cc(c1)N(=O)=O)N(=O)=O
HEBJII,N#CC1=C2c3ccccc3CC[C@H]2[C@@H](C(=C1N)N(=O)=O)c1ccccc1
HECDIC,Cc1c(c(C)c(c(C)c1N(=O)=O)C(C)(C)C)N(=O)=O
HECFOK,CN1C(=CN=C1c1ccccc1)N(=O)=O
HECGAX,CN1C(=CN=C1c1ccc(N)cc1)N(=O)=O
HECMAD,OC(=O)CCCCCNC(=O)c1ccc(cc1)N(=O)=O
HEDFOO,O=N(=O)C1=C(c2ccccc2)c2ccccc2C1
HEDFUU,COC(=O)[C@@]1(N=CN2[C@H]1CC[C@H]2C)c1ccc(cc1)N(=O)=O
HEDMOT,CC(=O)CC/C(=C\c1ccccc1)/N(=O)=O
HEFDOO,CN(c1ccc(cc1)C#C/C=C/C#Cc1ccc(cc1)N(=O)=O)C
HEFFOQ,COc1ccc(cc1)C#C/C=C/C#Cc1ccc(cc1)N(=O)=O
HEGBON,O=C1OC(=N/C/1=C\C1=CC=CO1)c1ccc(cc1)N(=O)=O
HEGLEM,O=N(=O)OCN1N=NC(=N1)N(=O)=O
HEGRES,Cc1c[n+]([O-])c(cc1N(=O)=O)c1cccc(n1)c1cc(c(C)c[n+]1[O-])N(=O)=O
HEGSET,CC1(C)Cc2ccc(cc2C(=O)N1OC(=O)c1cc(ccc1CC(C)(C)N(=O)=O)N(=O)=O)N(=O)=O
HEHRIX,CC1(C)N(CCN1Nc1ccc(cc1N(=O)=O)N(=O)=O)Nc1ccc(cc1N(=O)=O)N(=O)=O
HEHROD,CC1(C)N(CCN2N(c3ccc(cc3N(=O)=O)N(=O)=O)C2(C)C)N1c1ccc(cc1N(=O)=O)N(=O)=O
HEHTUJ,CC1=NNC=C1N(=O)=O
HEHVAR,CC1=C(C=NN1)N(=O)=O
HEHWIA,O=N(=O)C1=CC=CC=C(C1)N(=O)=O
HEHXAV,O=N(=O)c1ccc(cc1)c1ccc2c(Nc3cc(ccc23)N(c2ccccc2)c2ccccc2)c1
HEHXEZ,CCCCN1c2cc(ccc2c2ccc(cc12)c1ccc(cc1)N(=O)=O)N(c1ccccc1)c1ccccc1
HEJLEQ,CC(c1ccc(cc1)N(=O)=O)=C(C(=O)c1ccccc1)C(=O)c1ccccc1
HEJMAM,CCO[C@@]12O[C@@]3(N=C1c1ccc(cc1)N(=O)=O)[C@@H]([C@H]2c1ccccc1)C(=O)N([C@@H]3C1CCCCC1)c1ccccc1
HEJMEQ,CCOC(=O)[C@H]1[C@@H]2C(=O)N([C@H]([C@@]32O[C@@]1(OCC)C(=N3)c1ccc(cc1)N(=O)=O)C(C)(C)C)c1ccc(cc1)OC
HEJMOB,C/C(=C(\C(=C)c1ccc(cc1)N(=O)=O)/C(=O)C)/O
HEJNAN,CCN(C(=O)[C@@H](NC(=O)c1ccc(cc1)N(=O)=O)CC(C)C)CC
HEJYEC,CC1=C(N2C(=O)c3ccc(cc3C(=C2c2ccccc12)c1ccccc1)N(=O)=O)c1ccccc1
HEJYIG,CCCC1=C(CCC)c2ccccc2C2=C(c3ccccc3)c3cc(ccc3C(=O)N12)N(=O)=O
HEKSEV,O=N(=O)c1cc(ccc1OCc1ccccc1)[C@H]1CO1
HEKSOI,O=C(c1ccccn1)N[C@@H]1CCCCCCCCCCCCC[C@H](C1)c1ccc(cc1)N(=O)=O
HEKTAV,O=C(c1ccccn1)N[C@H]1CCCCCCCCCCC[C@@H](C1)c1ccc(cc1)N(=O)=O
HEKTEZ,O=C(c1ccccn1)N[C@H]1CCCCCCCCCCCC[C@H](C1)c1ccc(cc1)N(=O)=O
HEKVIC,CC(=O)C(=CC1=CC=C(O1)c1cccc(c1)N(=O)=O)C(C)=O
HELLUI,O=N(=O)C(C1=N[N-]C(=N1)[N+]#N)(N(=O)=O)N(=O)=O
HELWAW,O=N(=O)c1ccc(cc1)[C@@H]1OC[C@H]2[C@@H](O1)CO[C@H](O2)c1ccc(cc1)N(=O)=O
HELZUW,O=N(=O)C1=CC2=NN(Cc3ccccc3)C=C2C=C1
HEMVAW,COc1cc([C@H](OC(=O)N2C(C)(C)CCCC2(C)C)C)c(cc1OC)N(=O)=O
HENCEJ,CCCCNc1cc(cc(C)[n+]1[O-])N(=O)=O
HENKAP,COc1ccc2c(c1)[C@]1(C(=O)N2)[C@@H](C2=CN(c3c2cccc3)C)[C@@H]([C@H]2[N@@]1[C@@H]1CCCC[C@@H]1C2)N(=O)=O
HENKIU,CC(=O)C(=NNc1ccc(cc1)N(=O)=O)C(C)=O
HENKIU01,CC(=O)C(=NNc1ccc(cc1)N(=O)=O)C(C)=O
HEPFIR,COC(NC(=O)CN(=O)=O)(OC)c1ccccc1
HEPFOX,O=C1C(C(c2ccccc21)=O)[C@@H]3N4N=CN=C4NC=C3N(=O)=O
HEPFUD,CC1=C(C(=O)N2N=CNC2=N1)N(=O)=O
HEPMEV,CNc1ccc(cc1)C(=O)Oc1cc(ON=[N+]([O-])N(C)C)c(cc1N(=O)=O)N(=O)=O
HEQJUI,CC1=C2C=CCCC2=C(O1)c1ccc(cc1)N(=O)=O
HEQYUZ,CN(C(=O)c1cnccn1)/N=C/c1cccc(c1)N(=O)=O
HERLIA,C=C1C[C@@]2(C[C@@]3(C)[C@H]2[C@](C)(CCC3)[C@H]1CC/C(C)=N/Nc4c(N(=O)=O)cc(N(=O)=O)cc4)O
HERXEK,Cc1ccc(O)c(CN2CCN(CC2)c2ccc(cc2)N(=O)=O)c1
HERXEK01,Cc1ccc(O)c(CN2CCN(CC2)c2ccc(cc2)N(=O)=O)c1
HESFAN,Cc1ccc(C)c(c1)c1ccc(cc1)N(=O)=O
HESJIZ,O=N(=O)[C@@H]1[C@H](CN([C@]21C(=O)Nc1c2cccc1)C)c1ccccc1
HESPIF,COc1cccc(C=O)c1OCCOc1ccc(cc1N(=O)=O)N(=O)=O
HESRUT,COc1cccc(c1OCc1ccccc1N(=O)=O)/C=N/NC(=O)c1ccncc1
HESVIK,CC1=C[C@H](N(=O)=O)[C@H](c2c1cccc2)C(N(=O)=O)(N(=O)=O)N(=O)=O
HESVUW,O=N(=O)[C@@]1(C)C=C[C@H](c2c1cccc2)C(N(=O)=O)(N(=O)=O)N(=O)=O
HESWAD,Cc1cccc2c1[C@@H](C=C[C@@H]2C(N(=O)=O)(N(=O)=O)N(=O)=O)N(=O)=O
HESYAG,CCCC1(CCC)c2cc(ccc2c2ccc(cc12)N(=O)=O)N(C)C
HESYEK,CCCC1(CCC)c2cc(ccc2c2ccc(cc12)N(=O)=O)N1CCCC1
HESYIO,CCCC1(CCC)c2cc(ccc2c2ccc(cc12)N(=O)=O)N1CCCCC1
HETYIP,C[C@H](N1[C@H](Nc2c(C1=O)cccc2)c1ccc(cc1)N(=O)=O)c1ccccc1
HETYOV,C[C@H](N1[C@@H](Nc2c(C1=O)cccc2)c1ccccc1N(=O)=O)c1ccccc1
HEVPIH,CC(=O)C(=CC1=CC=C(O1)c1ccccc1N(=O)=O)C(C)=O
HEVRUV,O=N(=O)C(N(=O)=O)N(=O)=O
HEVYEM,CCOC(=O)/C(=C\Nc1cccc(c1)N(=O)=O)/C(=O)c1ccccc1
HEVZEP,O=C(OC(C)(C)C)N[C@@H](C(=O)Nc1cccc(c1)N(=O)=O)C
HEVZIT,O=C(OC(C)(C)C)N[C@H](C(=O)Nc1cccc(c1)N(=O)=O)C
HEVZOZ,O=C([C@@H](NC(=O)C(C)(C)C)C)Nc1cccc(c1)N(=O)=O
HEWJAX,O=C1NC(=NO1)C(N(=O)=O)N(=O)=O
HEWWIQ,Cc1c(CC(O)=O)cccc1N(=O)=O
HEXCOF,CCOC(=O)[C@@]12Cc3cc4ccccc4nc3C[C@@H]2CC[C@](C1)(C)N(=O)=O
HEXDAS,CCOC(=O)[C@@]12CCC(=O)C=C2CC[C@](C1)(C)N(=O)=O
HEXQAD,CC(=O)[C@H]([C@@H](c1ccc(cc1)N(=O)=O)O)O
HEXQAD01,CC(=O)[C@@H]([C@H](c1ccc(cc1)N(=O)=O)O)O
HEXTIN,Cc1c(c(C)c(c(C)c1N(=O)=O)N(=O)=O)N(=O)=O
HEXTIN01,Cc1c(c(C)c(c(C)c1N(=O)=O)N(=O)=O)N(=O)=O
HEXTIN02,Cc1c(c(C)c(c(C)c1N(=O)=O)N(=O)=O)N(=O)=O
HEXXOY,COc1ccccc1NC(=O)c1cc(C)cc(NC(=O)c2cc(C)cc(c2OC)N(=O)=O)c1OC
HEXXUE,COc1ccccc1NC(=O)c1cc(C)cc(c1O)N(=O)=O
HEXYAL,COc1ccccc1NC(=O)c1cc(C)cc(NC(=O)c2cc(C)cc(c2O)N(=O)=O)c1OC
HEYHEY,O=N(=O)c1ccccc1Nc1cccc2cccc(Nc3ccccc3N(=O)=O)c12
HEYJIH,Oc1ccc(cc1)/N=C/C1=CC=C(O1)N(=O)=O
HEYLEF,Cc1cnc(nc1c1cccc(c1)N(=O)=O)c1ccccc1
HEYQOS,COc1nc(OC)nc(n1)C(CCC(=O)NCC1=CC=CO1)(N(=O)=O)N(=O)=O
HEYQUY,CN1N=NN2C(=O)N=C(N=C12)C(N(=O)=O)(N(=O)=O)N(=O)=O
HEZQIO,COC(=O)[C@@]1(C[C@H]2N(C1=O)CCCCC=C2)[C@H](C1(C=C)OCCO1)CN(=O)=O
HEZQOT,O=N(=O)c1ccc2NC=C(CC3=CNc4ccc(cc34)N(=O)=O)c2c1
HIBRIW,O=CC1=C(OC=C1)[C@H]([C@H](C(=C)N(=O)=O)c1ccccc1)c1ccccc1
HIBSIW,CO/N=C(/c1ccc(cc1NC1CCCCC1)N(=O)=O)\C
HIBWUK,CC(C)(C)c1cc(c(cc1N(=O)=O)N(=O)=O)C(C)(C)C
HIBXIZ,Cc1cc2O/C(=C\c3ccc(cc3)N(=O)=O)/C(=O)c2c(c1)C
HICDAY,COc1ccc(cc1O)/C=C/c1ccc(cc1)N(=O)=O
HICFAA,CCN(c1ccc2c(c1)Oc1c([C@@]32OC(=O)c2c3cccc2)cc(cc1)N(=O)=O)CC
HICNAL,Nc1c(cc(c2ccccc2)c(c2ccccc2)c1N(=O)=O)C#N
HIDQIW,CCOC(=O)C1=COC(=C1c1ccc(cc1)N(=O)=O)c1ccccc1
HIFFOU,Oc1c(cc(cc1C1=CC=C(N1)c1ccccc1)N(=O)=O)C1=CC=C(N1)c1ccccc1
HIFPUJ,O=C(C1=CN(c2ccc(cc2)N(=O)=O)[C@@](C/C/1=C\Cc1ccccc1)(C)c1ccccc1)c1ccccc1
HIFRAQ,O=C(NNc1ccccc1)c1ccc(cc1)N(=O)=O
HIFWOK,CC(C[C@@]1(C(=O)OC[C@@H]1c1ccc(cc1)N(=O)=O)c1ccccc1)C
HIFXIF,CO/N=C(/c1ccccc1)\c1ccc(cc1)N(=O)=O
HIFXOL,CO/N=C(\c1ccccc1)/c1ccc(cc1)N(=O)=O
HIFXUR,CO/N=C(\c1cccc(c1)N(=O)=O)/c1ccccc1
HIFYOK,COC[C@]12CCCN1c1ccc(cc1[C@H](C2(C#N)C#N)C)N(=O)=O
HIFYOM,CO/N=C(/c1cccc(c1)N(=O)=O)\c1ccccc1
HIGCUX,CC[C@@]1(c2ccccc2)C(=O)O[C@@H]1c1ccccc1N(=O)=O
HIHDEI,O=C(N1CCC[C@H]2[C@@H]1O[C@H](CC2)COC(=O)c1ccc(cc1)N(=O)=O)OC(C)(C)C
HIHHAH,CC(=O)c1cccc(c1)N(=O)=O
HIHHAH01,CC(=O)c1cccc(c1)N(=O)=O
HIHWAW,COC(=O)c1c(C)nc(C)c(C(=O)OC)c1c1cccc(c1)N(=O)=O
HIHWEA,CCOC(=O)C1=C(C)NC(=C([C@H]1c1cccc(c1)N(=O)=O)C(=O)OCC)C
HIHWEA01,CCOC(=O)C1=C(C)NC(=C([C@H]1c1cccc(c1)N(=O)=O)C(=O)OCC)C
HIHWIE,CCOC(=O)c1c(C)nc(C)c(C(=O)OCC)c1c1cccc(c1)N(=O)=O
HIHZUT,O=C1Nc2cc(c(cc2NC1=O)N(=O)=O)N(=O)=O
HIJBAD,O=C1Nc2cc(cc(c2NC1=O)N(=O)=O)N(=O)=O
HIJFOW,O=C(NCCN(CCNC(=O)Nc1ccc(cc1)N(=O)=O)CCNC(=O)Nc1ccc(cc1)N(=O)=O)Nc1ccc(cc1)N(=O)=O
HIKNUN,O=C(N1CCCCN2[C@@H]([C@@H]1CC2=O)O)OCc1ccc(cc1)N(=O)=O
HIKXAA,O=N(=O)c1ccc(cc1)C1=CN2C(=C1)C=CC=C2N1CCCCCC1
HIKXIL,C=CC[C@@]12CCCC[C@@H]1CC[C@H]2OC(=O)c1ccc(cc1)N(=O)=O
HILYEH,O=N(=O)c1cc(ccc1N/N=C(\c1ccccc1)/C)N(=O)=O
HIMSUS,COC(=O)C(/C(=C\c1ccc(cc1)N(=O)=O)/C=O)C(=O)OC
HIMWIJ,COc1cc(/C=C/c2ccc(cc2)N(=O)=O)ccc1O
HIMWIJ01,COc1cc(/C=C/c2ccc(cc2)N(=O)=O)ccc1O
HIMWIJ02,COc1cc(/C=C/c2ccc(cc2)N(=O)=O)ccc1O
HIMYOU,CCOC(=O)[C@H]([C@@H]([C@H](N(=O)=O)C)c1ccccc1)C#N
HIMYUA,CCOC(=O)[C@H]([C@@H]([C@@H](N(=O)=O)C)c1ccccc1)C#N
HINQAZ,O=N(=O)c1cccc2c1CN1c3ccccc3C([C@@]1(O2)C)(C)C
HIPSII,Cc1ccc(cc1)N1C[C@H]2[C@]3(C1)C=C[C@]([C@@H]2C)(O3)N(=O)=O
HIPSUU,Cc1ccc(cc1)N1C[C@@H]2[C@@]3(C1)C=C[C@@](C2(C)C)(O3)N(=O)=O
HIPXEL,O=N(=O)c1cccc(c1)[C@H]1[N@@]2CCCC[C@@H]2Oc2c1c1ccccc1cc2
HIQBIV,O=N(=O)C1=CNN=C1C1=NNC=C1N(=O)=O
HIQBOB,O=N(=O)N1C=C(C(=N1)C1=NN(C=C1N(=O)=O)N(=O)=O)N(=O)=O
HIQMID,O=C1CC(C)(C)CC2=C1[C@H](c1cccc(c1)N(=O)=O)C1=C(N2)CC(CC1=O)(C)C
HIQVEI,COC(=O)C1=C(C)NC(=O)C[C@H]1c1ccccc1N(=O)=O
HIRKOL,CO[C@H]1Oc2ccc(cc2[C@@H]([C@@H]1c1ccccc1)OC)N(=O)=O
HIRXAK,CN(c1ccc2c(c1)OC(=O)C1=C2O[C@](C)(NCc2ccccc2N(=O)=O)CC1(C)C)C
HIRXOX,CC(C)(C)OC(=O)OCCNc1ccc(cc1)N(=O)=O
HIRYAK,O=N(=O)c1ccccc1NCCOc1cccc(OCCNc2ccccc2N(=O)=O)c1
HISBIV,CCN(c1ccc(c(c1)O)/C=N/c1ccc(c(c1)N(=O)=O)C)CC
HISDIY,CCN(c1c(cc(cc1C(C)C)/C=C/c1ccc(cc1)N(=O)=O)C(C)C)CC
HISGAU,COc1ccc(cc1)C1=NNc2cc(ccc12)N(=O)=O
HISQIJ,O=C1C(C(=O)c2ccccc12)c1ccccc1N(=O)=O
HISRUW,CCC(CC)Nc1c(cc(C)c(C)c1N(=O)=O)N(=O)=O
HISRUW01,CCC(CC)Nc1c(cc(C)c(C)c1N(=O)=O)N(=O)=O
HITMUS,C/C(=C(\CN(=O)=O)/C)/CN(=O)=O
HITNED,CC=C=CC(/C=N/Nc1ccc(cc1N(=O)=O)N(=O)=O)(C)C
HITNED01,CC=C=CC(/C=N/Nc1ccc(cc1N(=O)=O)N(=O)=O)(C)C
HIVBAS,O/N=C/c1ccccc1N(=O)=O
HIVWIU,C=CC[C@@]1(C)O[C@@H](CC1=O)COC(=O)c1ccc(cc1)N(=O)=O
HIVXOA,O=N(=O)c1ccc2CCC3=C(Nc4ccccc34)c2c1
HIWNUZ,COC(=O)C1(C[C@@H]1c1ccc(cc1)N(=O)=O)C(=O)OC
HIWRIO,CCOC([C@H]([C@H]([C@@H]1CCO[C@@H](O1)c1ccccc1)O)N(=O)=O)OCC
HIWROU,O=N(=O)[C@@H]([C@@H]([C@@H]([C@@H]1COC(O1)(C)C)OCc1ccccc1)O)[C@@H]1CCO[C@@H](O1)c1ccccc1
HIWSUD,C=CC[C@@H]([C@@](COC(=O)c1cc(cc(c1)N(=O)=O)N(=O)=O)(CCC)O)OC(=O)c1cc(cc(c1)N(=O)=O)N(=O)=O
HIXBIB,N#C/C(=C(\c1ccc(cc1)C)/Nc1ccc(cc1)C)/N(=O)=O
HIXDOI,COC(=O)C1(CC2=Cc3c(C([C@@H]2C1)(C)C)cc(cc3)N(=O)=O)C(=O)OC
HIXLUX,CN(/C(=N/c1ccc(cc1)N(=O)=O)/N(c1ccccc1)C)C
HIXNAG,OC(=O)[C@@H]1C[C@]2(N(=O)=O)[C@H](O[C@H]1c1ccccc1)O[C@H]([C@H]([C@H]2OCc1ccccc1)OCc1ccccc1)COCc1ccccc1
HIYDIC,O=C(N(c1ccccc1N(=O)=O)C)/C=C/c1ccccc1
HIYDIC01,O=C(N(c1ccccc1N(=O)=O)C)/C=C/c1ccccc1
HIYDUR,COC(=O)[C@@]1(Cc2ccccc2NC1=O)[C@H](c1cccc(c1)N(=O)=O)NC(=O)OC(C)(C)C
HIYROX,CO[C@]1(C)O[C@H]2[C@@H](CO[C@@H]([C@@H]2O[C@@]1(C)OC)OCc1ccccc1)OC(=O)c1ccc(cc1)N(=O)=O
HIZBUQ,O=N(=O)c1ccc(NC(Nc2ccc(cc2)N(=O)=O)c2ccccn2)cc1
HIZGUU,O=C(c1ccc(cc1N(=O)=O)N(=O)=O)O[C@@H]1C[C@@H]2C[C@H]1CC2
HIZHAB,O=C(OCc1ccccc1)c1ccc(cc1N(=O)=O)N(=O)=O
HIZHEF,O=C(OCc1ccc(cc1)N(=O)=O)c1ccc(cc1)N(=O)=O
HIZHIJ,O=C(OCc1ccc(cc1)N(=O)=O)c1ccc(cc1N(=O)=O)N(=O)=O
HIZHOP,O=C(OCc1ccc(cc1)N(=O)=O)c1ccccc1N(=O)=O
HIZQEO,Cc1ccc(cc1)C1=NNc2cc(ccc12)N(=O)=O
HMNHKT,Cc1cc(cc(c1O)C(=O)C1CCCCC1)N(=O)=O
HMORBP,O=C([C@@H]1[C@@H](OC(=O)c2c1cccc2)c1ccc(cc1)N(=O)=O)N1CCOCC1
HMPNPR,COc1cc(ccc1O)/C=C(/N(=O)=O)\C
HNAFPY10,O[C@@H]1CO[C@H]([C@@H]([C@H]1N(=O)=O)O)C1=CC(=C(O1)C)C(=O)C
HNBZPP,O=N(=O)c1ccc2c(c1)C[C@H]1[C@@H](O2)OCCC1
HNFMNO,O=N(=O)C1=CC=C(O1)/C=C/1\CCc2c(C1=O)cccc2
HNIABZ11,O=N(=O)c1cc(cc(c1/N=N/c1c(cc(cc1N(=O)=O)N(=O)=O)N(=O)=O)N(=O)=O)N(=O)=O
HNIABZ20,O=N(=O)c1cc(cc(c1/N=N/c1c(cc(cc1N(=O)=O)N(=O)=O)N(=O)=O)N(=O)=O)N(=O)=O
HNIABZ21,O=N(=O)c1cc(cc(c1/N=N/c1c(cc(cc1N(=O)=O)N(=O)=O)N(=O)=O)N(=O)=O)N(=O)=O
HNIDPA01,O=N(=O)c1cc(c(Nc2c(cc(cc2N(=O)=O)N(=O)=O)N(=O)=O)c(c1)N(=O)=O)N(=O)=O
HNIDPA03,O=N(=O)c1cc(c(Nc2c(cc(cc2N(=O)=O)N(=O)=O)N(=O)=O)c(c1)N(=O)=O)N(=O)=O
HNIMOZ,O=N(=O)C1=CN=C2OCCN12
HNOBEN,O=N(=O)c1c(c(c(c(c1N(=O)=O)N(=O)=O)N(=O)=O)N(=O)=O)N(=O)=O
HOBGUC,COc1cc(C#C)cc2c1OC1=C(C2=O)[C@@H](CC[C@H]1OCc1ccccc1)OC(=O)c1cc(cc(c1)N(=O)=O)N(=O)=O
HOBRUN,O=C1c2ccccc2C(=O)C(=C1c1ccccc1N(=O)=O)c1ccccc1N(=O)=O
HOBRUO,O=C(Nc1cccc2cccnc12)C(CCN(=O)=O)=C=Cc1ccc(cc1)c1ccccc1
HOBSAU,O=C1N(Cc2ccccc2)C(=O)C(=C1c1ccccc1N(=O)=O)c1ccccc1N(=O)=O
HOBXEC,O=N(=O)c1ccccc1/N=N/N1CCN(CC1)/N=N/c1ccccc1N(=O)=O
HOBZEE,CN(CC(N(=O)=O)(N(=O)=O)N(=O)=O)N(=O)=O
HOCNAP,CCOC(=O)/C(=C(\c1ccc(cc1)N(=O)=O)/OC(=O)c1ccc(cc1)N(=O)=O)/CC(=C)C(=O)OCC
HOCVEA,O=C1C(=O)c2cc(ccc2c2c1cccc2N(=O)=O)N(=O)=O
HOCWAX,Cc1cc(C)nc(n1)N(=O)=O
HOCWEB,O=N(=O)c1ncc(cn1)c1ccccc1
HODKAN,CCC(CC)=NNc1ccc(cc1N(=O)=O)N(=O)=O
HODSEZ,O=N(=O)[C@]1(C)[C@@H](c2ccccc2)[C@H]2[N@@]([C@]31C(=O)Nc1c3cccc1)CCC2
HODTOK,CCC(Nc1c(cc(c(c1N(=O)=O)C)CN[C@H]1OC[C@@H]([C@H]([C@@H]1OC(=O)C)OC(=O)C)OC(=O)C)N(=O)=O)CC
HODWAZ,O=N(=O)C1=NC=CN1CCOCCOCCN1C=CN=C1N(=O)=O
HODYUW,CCOC(=O)/C=C/[C@H]1[C@H](C)Oc2c([C@@H]1CN(=O)=O)cccc2
HOFBIO,OC(=O)/C(=C/c1ccc(cc1)N(=O)=O)/C
HOFFIR,CC[C@@]1(CCC(=O)NC1=O)c1cccc(c1)N(=O)=O
HOFFIS,COC(=O)c1cc(cc(c1)N(=O)=O)C(=O)OC
HOFFOX,CC[C@@]1(CCC(=O)NC1=O)c1ccc(cc1N(=O)=O)N(=O)=O
HOFGEP,O=N(=O)[C@@H]1[C@@H]2CCC[N@@]2[C@]2([C@H]1c1ccccc1)C(=O)Nc1c2cc(cc1)N(=O)=O
HOFJES,CC(=C)C(=O)Oc1ccc(cc1)N(=O)=O
HOFNEW,O=C(CC1=CNc2c1cccc2)N/N=C/c1cc(ccc1O)N(=O)=O
HOFNEW01,O=C(CC1=CNc2c1cccc2)N/N=C/c1cc(ccc1O)N(=O)=O
HOFTAX,O=N(=O)c1ccc2c3-c4c([C@@H]5[C@H](c13)O5)cccc4[C@H]1[C@@H]2O1
HOGSED,O=C([C@H]1[C@@H](ON([C@@H]1c1ccc(cc1)N(=O)=O)c1ccccc1)c1ccccc1)/C=C/c1ccccc1
HOGZAF,O=C(c1cc(cc(c1)N(=O)=O)N(=O)=O)O[C@H]1[C@@]2(C)CC=CC[C@]31CC=C([C@H]3C=C2)C
HOHCIR,O=NN1[C@@H](CO[C@@H]1c1ccc(cc1)N(=O)=O)Cc1ccccc1
HOHDUE,Cc1c2Oc3cc(Oc4cccc(Oc5cc(Oc1ccc2)c(cc5N(=O)=O)N(=O)=O)c4C)c(cc3N(=O)=O)N(=O)=O
HOHMEW,CCN(c1ccc(c(c1)C)/N=N/c1ccc(cc1)N(=O)=O)CC
HOHMIA,CCN(c1ccc(cc1)/N=N/c1ccc(cc1C#N)N(=O)=O)CC
HOHVIL,O=C(NCCOCCOCCOCC#C)C1=CC=C(O1)N(=O)=O
HOJNAX,COc1c(O)ccc(c1N(=O)=O)/C=N/c1c(cccc1C(C)C)C(C)C
HOJTAD,O=C(c1ccc(cc1)N(=O)=O)OCC1=C([C@@H](COCc2ccccc2)O)N(N=N1)Cc1ccccc1
HOKLEA,CCN1C(=O)c2cccc3c(Oc4ccc(cc4)N(=O)=O)ccc(C1=O)c23
HOKNED,COC(=O)C1=CC(=NN1)N(=O)=O
HOLCET,CCOC(=O)[C@@]1(CCCC1=O)[C@@H]([C@H](N(=O)=O)C)c1ccccc1
HOLGUL,CC(=O)N(N(C(C)=O)C(=O)COc1ccc(cc1)N(=O)=O)C(C)=O
HOLJIC,O=N(=O)c1ccc(NN=C2CCCCCC2)c(c1)N(=O)=O
HOLJUQ,O=N(=O)c1ccc(cc1)/C=C/c1ccc(cc1)N1c2ccccc2-c2c1cccc2
HOLJUQ01,O=N(=O)c1ccc(cc1)/C=C/c1ccc(cc1)N1c2ccccc2-c2c1cccc2
HOLLAY,CCOC(=O)[C@@]1(CCCC1=O)[C@H](c1ccccc1N(=O)=O)CN(=O)=O
HOLLIG,CCOC(=O)[C@@]1(CCCC1=O)[C@H](c1ccc(cc1)N(=O)=O)CN(=O)=O
HOLLUS,COC(=O)[C@@]([C@H](c1ccccc1)CN(=O)=O)(C(=O)C)C
HOLMAZ,CCOC(=O)[C@@]1(CCCC1=O)[C@H](c1ccccc1)CN(=O)=O
HOLNAA,O=N(=O)C[C@H]([C@]1(CCCC1=O)C(=O)OC(C)C)c1ccccc1
HOLNEE,CCOC(=O)[C@@]1(CCC[C@H]1O)[C@H](c1ccccc1)CN(=O)=O
HOLSEJ,CC/C=C/1\C[C@H]([C@H]2[C@@H]1CCc1c2ccc(c1)C(=O)OC)N(=O)=O
HOMDAO,O=C(CN1C=CC=CC1=O)c1ccc(cc1)N(=O)=O
HOMFUN,O=N(=O)c1ccc(cc1)/C=C\c1ccc(cc1)N1c2ccccc2-c2c1cccc2
HOMFUN01,O=N(=O)c1ccc(cc1)/C=C\c1ccc(cc1)N1c2ccccc2-c2c1cccc2
HOMZUF,CC(=O)C[C@@H](c1ccc2c(c1)OCO2)CN(=O)=O
HONDAS,Nc1c2cccnc2c2ncccc2c1N(=O)=O
HONDUM,CC(C)(O)C#Cc1ccc(cc1)N(=O)=O
HONDUM01,CC(C)(O)C#Cc1ccc(cc1)N(=O)=O
HONFAS,O=N(=O)/C=C/c1ccccc1c1ccccc1N(C)C
HONHOJ,O=C(c1cccnc1)/C=C/c1ccc(cc1)N(=O)=O
HOPKON,CN1N=NN=C1N(=O)=O
HOPKUT,O=N(=O)C1=NNN=N1
HOPKUT01,O=N(=O)C1=NNN=N1
HOPLAA,CN1N=NC(=N1)N(=O)=O
HOPWUG,Nc1cc(ccc1N(=O)=O)N1CCN(CCCO)CC1
HOQVUF,O=N(=O)c1ccc(N2C=C(N=N2)c2ccccc2)c(c1)N(=O)=O
HOQZUK,CC(=O)OC[C@@H]1O[C@H](CC(=O)C[C@H](c2ccccc2N(=O)=O)O)[C@H]([C@@H]([C@H]1OC(=O)C)OC(=O)C)OC(=O)C
HOSCIC,O=N(=O)c1ccc(cc1)N1C(=C(C=C1c1ccccc1)c1ccccc1)Cc1ccccc1
HOSDOK,O=N(=O)c1ccc2c(c1)CC[C@@]1(O2)N(C)c2c(C1(C)C)cccc2
HOSPAG,COC(=O)c1nc(C(=O)OC)c(C(=O)OCc2cc(cc(c2)N(=O)=O)N(=O)=O)c(OC)c1OC
HOTDIG,OCCNc1n[n+]([O-])c(c(NCCO)c1N(=O)=O)N(=O)=O
HOTDOM,CN(c1n[n+]([O-])c(c(N(C)N(=O)=O)c1N(=O)=O)N(=O)=O)N(=O)=O
HOTDUS,CNc1n[n+]([O-])c(c(NC)c1N(=O)=O)N(=O)=O
HOTFAA,CN(C)c1n[n+]([O-])c(c(N(C)C)c1N(=O)=O)N(=O)=O
HOTFEC,Oc1c(cccc1N(=O)=O)C(=O)Nc1ccccc1
HOTJAB,O=C(c1cc(cc(c1)N(=O)=O)N(=O)=O)O/N=C/1\CC[C@@]23O[C@@]1(C[C@@H]2CCC3)C(=O)O[C@@H]1C[C@H]2C([C@]1(C)CC2)(C)C
HOWJEI,O=N(=O)[C@@H]1C[C@H](C[C@H](C21OCCO2)N(=O)=O)N(=O)=O
HOWSOD,O=C([C@@H]1C(=O)N([C@@]21C=CC(=O)C=C2)Cc1ccc(cc1)N(=O)=O)c1ccccc1
HOWZOK,CC[C@@H](C1=C(C=O)[C@@H](C=C(O1)c1ccc(cc1)N(=O)=O)c1ccccc1)c1ccccc1
HOXDIJ,COC(=O)C1=CN2C(=C1c1ccccc1N(=O)=O)[C@](C=C)(CCC2)CCC(=O)OC(C)(C)C
HOXDOP,COC(=O)C1=CN2C(=C1c1ccccc1N(=O)=O)[C@@](C=C)(CCC2)CCC(=O)OC(C)(C)C
HOXFAD,O=N(=O)C[C@@H](C1c2ccccc2N(c2c1cccc2)C)c1ccccc1
HOXGUY,O=C1CC[C@](O1)(Cc1ccc(cc1)N(=O)=O)c1ccccc1
HOXMOZ,Nc1ccc(cc1/N=C/C1=CC=CO1)N(=O)=O
HOXROC,O=C1OC[C@@H]2[C@H]([C@H]1OC(=O)c1ccc(cc1)N(=O)=O)O[C@@H](O2)c1ccccc1
HOYHAH,CON1C[C@H]2[C@@H](C1=O)[C@@H]2c1cccc(c1)N(=O)=O
HOYRES,COC(=O)[C@@H]1[C@H](CC=C(C21CC2)c1ccccc1)c1ccc(cc1)N(=O)=O
HOYSEV,O=N(=O)C(C1=NON=C1OC1=NON=C1C(N(=O)=O)N(=O)=O)N(=O)=O
HOYVUN,O=C1Nc2c(N1)cc(cc2)NC(=O)/C(=N\Nc1ccc(cc1)N(=O)=O)/C(=O)C
HOZBII,Oc1ccc(cc1)C(=O)N/N=C/c1ccc(cc1)N(=O)=O
HUCQOM,O=C(Nc1ccc(cc1)N(=O)=O)/C=C/c1ccccc1
HUCRAZ,CCCCNc1ccc(cc1N(=O)=O)C(=O)OCC
HUCZOV,CC1=NN([C@@H](C1)c1ccccc1)c1cccc(c1)N(=O)=O
HUDBOY,C/C(=N/Nc1ccccc1N(=O)=O)/C=C/C1=CC=CO1
HUDCAL,COc1cc(C=O)ccc1OCCCN1C=C(N=C1C)N(=O)=O
HUDCUF,CC1(C)OC(=O)C(=CNc2cccc(c2)N(=O)=O)C(=O)O1
HUDJEW,O=N(=O)c1ccc(cc1)/C=N/c1ccc(cc1)Oc1ccc(cc1)/N=C/c1ccc(cc1)N(=O)=O
HUDJEW01,O=N(=O)c1ccc(cc1)/C=N/c1ccc(cc1)Oc1ccc(cc1)/N=C/c1ccc(cc1)N(=O)=O
HUDKIB,O=N(=O)c1ccc(COc2cccc3cccnc23)cc1
HUDLOI,CC(C)NC(=O)c1cccc(C)c1N(=O)=O
HUFBAM,CCCCCCCOc1cc(c(OCCCCCCC)cc1N(=O)=O)N(=O)=O
HUFCOB,O=C(C1=C(C)ON=C1)N/N=C/c1cccc(c1)N(=O)=O
HUFFEU,O=C(N1CC(C1)(N(=O)=O)N(=O)=O)c1ccccc1
HUFKOJ,COC(=O)c1c(C)nc(C)c(C(=O)OCC(C)C)c1c1ccccc1N(=O)=O
HUFNON,CC1=NN2c3ccccc3C=CC2=C1N(=O)=O
HUFPOP,CN1c2ccccc2C2=C1N1N=C(C)C(=C1C=C2)N(=O)=O
HUFTAE,O=N(=O)c1ccc(cc1)C1=CC=C(O1)c1ccccc1
HUFYAJ,O=C(/C=C/c1ccc(cc1)N(=O)=O)NNC(=O)c1ccccc1
HUGSUX,COC(=O)C1(CN1Oc1ccc(cc1N(=O)=O)N(=O)=O)C(=O)OC
HUHBUI,COC(=O)[C@@H](C(=C=NC(C)(C)C)C(=O)OC)N(C(=O)CC(O)(C)C)/N=C/c1ccc(cc1)N(=O)=O
HUHCIY,OC1=C[C@H]2[C@](C)(OC/C2=C/c3cc(N(=O)=O)ccc3)C=C1
HUHTAF,O=C1OC(=Nc2ccccc12)c1ccccc1N(=O)=O
HUHYAK,O=C(C1CC1)c1cccc(c1)N(=O)=O
HUJMEF,COc1ccc(cc1)C(=O)[C@@]1(C[C@H]1c1ccccc1)N(=O)=O
HUJXIV,OCC[C@@H]1CCN2C(=NC(=C2)N(=O)=O)O1
HUJXOB,OCC[C@H]1CCN2C(=NC(=C2)N(=O)=O)O1
HULDEA,O=N(=O)c1cccc(c1)c1cc(Oc2ccccc2)nc(c1)c1ccccc1
HULDOI,CC([C@@H]1N(C(=O)OC1(c1ccccc1)c1ccccc1)C(=O)/C=C/N(=O)=O)C
HULFAX,O=C(/C(=N\N=C\c1ccc(cc1)N(=O)=O)/c1ccccc1)c1ccccc1
HULFOK,O=N(=O)C[C@@H](C(=O)N1C(=O)OC([C@@H]1C(C)C)(c1ccccc1)c1ccccc1)c1ccccc1
HULFUQ,O=N(=O)C[C@H](C(=O)O[C@@H]1C[C@H](C)CC[C@H]1C(c1ccccc1)(C)C)c1ccccc1
HULJON,O=N(=O)c1ccc(NN=C2CCCC2)cc1
HUMHEC,O=N(=O)c1cc(ccc1N/N=C(/c1ccccc1)\C)N(=O)=O
HUMKOP,CN1C[C@]2(C=CC(=O)[C@@](C1)([C@@H]2CC(=O)c1ccccc1)N(=O)=O)N(=O)=O
HUMSAJ,CC/C(=N\Nc1ccc(cc1N(=O)=O)N(=O)=O)/c1ccccc1
HUMSAM,O=N(=O)c1ccc(cc1)C1=C(N=NN1Cc1ccccc1)C#N
HUMXIX,O=C1OC(=N/C/1=C\c1ccc(cc1)N(C)C)c1cc(cc(c1)N(=O)=O)N(=O)=O
HUNGIG,CC1=NN(C(=O)/C/1=C(/c1ccccc1)\NNC(=O)c1ccc(cc1)N(=O)=O)c1ccccc1
HUNLUA,O=N(=O)c1c(ccc2c1ccc(N=C(c1ccccc1)c1ccccc1)c2N(=O)=O)N=C(c1ccccc1)c1ccccc1
HUPVIA,O=C(c1cccc(c1)N(=O)=O)/C=C/C1=CNc2c1cccc2
HUQLOU,COC(=O)[C@H]1[C@@H](CC(=O)[C@H]2[C@H]1[C@@H](OC(=O)C)C[C@@]1([C@@]2(O)CC[C@H]1COC(=O)c1ccc(cc1)N(=O)=O)C)[C@H]1CCC(=O)O1
HUQQEQ,CN1C(=O)N(C)C(=O)C(=Cc2cc(ccc2N2CCOCC2)N(=O)=O)C1=O
HUQQIU,O=C1NC(=O)[C@]2(C(=O)N1C)Cc1cc(ccc1N1[C@@H]2COCC1)N(=O)=O
HUQQOA,O=C1NC(=O)N(C(=O)/C/1=C/c1cc(ccc1N1CCOCC1)N(=O)=O)C(C)(C)C
HUQVIB,O=C(c1cc(cc(c1)N(=O)=O)N(=O)=O)O[C@@]12C/C(=C\c3ccccc3)/[C@@]2(C)Oc2c1cccc2
HURBUR,C/C(=C(\C(=O)C)/N=N/c1ccc(cc1)N(=O)=O)/N
HURBUR01,C/C(=C(\C(=O)C)/N=N/c1ccc(cc1)N(=O)=O)/N
HURHOS,O=C(Nc1cccc(c1)N(=O)=O)O[C@@H]([C@H]([C@H]1O[C@H]1OC(=O)N(C(C)C)C(C)C)C)[C@H]1COC(O1)(C)C
HURJOV,COc1cc(ccc1OC)[C@H](N(=O)=O)C[C@@H]1CC2(OCCO2)CCC1=O
HURNOA,COC(=O)c1c(cccc1N(=O)=O)N(=O)=O
HUSZEC,O=C1O/C(=C\c2ccc(cc2)N(=O)=O)/C=C1Cc1ccccc1
HUTHUB,Cc1ccc(c(c1)/C=N/Nc1ccc(cc1N(=O)=O)N(=O)=O)O
HUTKIR,COc1ccc(c2N(CC=Cc12)C(C)=O)N(=O)=O
HUTKOX,COc1cc2C=CCN(C(C)=O)c2c(c1)N(=O)=O
HUTPET,CCOC(=O)N(/C(=C\N1CCCCC1)/C1=C(N(=O)=O)C(=NO1)C)NC(=O)OCC
HUTPIX,CC(=O)/C(=C/N1CCCCC1)/C1=C(N(=O)=O)C(=NO1)C
HUVFEM,CCOC(=O)C/N=C/c1cc(ccc1O)N(=O)=O
HUWSIC,O=N(=O)c1ccc(cc1)C1=CC=C(O1)/C=N/N(c1ccccc1)c1ccccc1
HUXDIQ,COC(=O)CC[C@@]12[C@@H]3[C@H](CC[C@@]2(C)[C@@H](CN3C(=O)c2cc(cc(c2)N(=O)=O)N(=O)=O)C[C@H]2[C@H]1CCCC2=O)C(C)C
HUXKUH,O=C1C[C@H]2[C@](O1)(C)[C@]1([C@](O2)(C)CC[C@@H]1OC(=O)c1ccc(cc1)N(=O)=O)O
HUXXEE,COC(=O)C1=C(Nc2ccc(cc2)N(=O)=O)C[C@@H](N([C@H]1c1ccc(cc1)C)c1ccc(cc1)N(=O)=O)c1ccc(cc1)C
HUYGIT,COc1ccc(cc1)/C(=C/C=C/c1ccc(cc1)N(=O)=O)/C#N
HUYJES,O=N(=O)c1cc2N=C3C=CC=CN3c2cc1N(=O)=O
HUYMUK,O=N(=O)c1ccc(cc1)c1c(cc(cc1c1ccccc1)c1ccccc1)c1ccccc1
HUYWEF,O=N(=O)c1ccc(N2N=C(C=C2c2ccccc2)c2ccccc2)c(c1)N(=O)=O
HYCTDD,NCCN=Cc1cc(ccc1N1CCN(CC1)c1ccc(cc1C=NCCN)N(=O)=O)N(=O)=O
IBAMIK,CCCCN1c2ccccc2c2cc(ccc12)N(=O)=O
IBAPOR,CN1C[C@@]2(N(=O)=O)c3ccccc3C(=O)[C@@](C1)([C@@H]2CC(=O)C)N(=O)=O
IBAXAK,CCOC(=O)/C(=C(\N[C@@H](c1ccccc1)C)/C)/[C@@H](CN(=O)=O)C
IBIRUK,O=C(c1ccc(cc1)OCC(=O)c1ccccc1)/C=C/c1ccc(cc1)N(=O)=O
IBIVEX,CCO[C@@H]1OC=C2[C@H]3[C@H]1COC[C@H]3[C@@H]([C@@H](C2)N(=O)=O)c1ccccc1
IBIYIE,COc1cccc2c1C[C@@H]1O[C@H]2ON=C1N(=O)=O
IBIYOK,CCCCOc1c(OC)cc(c2c1C[C@@H]1O[C@H]2ON=C1N(=O)=O)N(=O)=O
IBIZOJ,O=N(=O)C1=NN(N=C1)c1ccccc1C#N
IBOGIS,COc1cc(C[C@H](C(=O)C)O)c(cc1OC)N(=O)=O
IBOGOY,O=N(=O)c1c2ccccc2ccc1c1ccccc1
IBOPEW,O=N(=O)c1cc(c(c2cc(c(cc2N(=O)=O)N(=O)=O)c2c(cc(cc2N(=O)=O)N(=O)=O)N(=O)=O)c(c1)N(=O)=O)N(=O)=O
IBORAV,COC(=O)C1=Cc2cc(ccc2OC1=O)N(=O)=O
IBOREZ,COC(=O)C(C)(C)NC(=O)C1=Cc2cc(ccc2OC1=O)N(=O)=O
IBORID,COC(=O)C(C)(C)NC(=O)C1=Cc2cc(NC(=O)C3=Cc4cc(ccc4OC3=O)N(=O)=O)ccc2OC1=O
IBOSAU,COc1ccc(cc1)C1=Nc2ccccc2N[C@@H](C1)c1ccc(cc1)N(=O)=O
IBOVEA,O=N(=O)c1ccc(cc1)N[C@H]1CCCC[C@@H]1Nc1ccc(cc1)N(=O)=O
IBOVIE,O=N(=O)c1ccc(cc1)N[C@@H]1CCCC[C@H]1Nc1ccc(cc1)N(=O)=O
IBUQAX,O=N(=O)c1ccc2-c3c([C@@]4(c2c1)C=CC=C4)cccc3
ICEBIF,O=N(=O)C1=C(N)N(N=C1N)[C@]1(C)C=C(C(=O)C(=C1)C(C)(C)C)C(C)(C)C
ICENUC,O=C1c2ccccc2C(=O)[C@@]2([C@@]1(C)C[C@](C)(OO2)c1ccc(cc1)N(=O)=O)O
ICEPEO,O=N(=O)c1ccccc1C(=O)C[C@]1(C)C(=O)C(=O)c2c(C1=O)cccc2
ICEPOY,O=N(=O)c1ccccc1[C@@H]1OO[C@@]2([C@@](C1)(C)C(=O)c1c(C2=O)cccc1)O
ICIQUK,COCCCCOc1ccc(cc1)/C=C/c1cc(OC)cc(c1/C=C/N(=O)=O)OC
ICIZAZ,CC1(C)COC(=N1)c1ccc(cc1O)N(=O)=O
ICOYAA,O=N(=O)c1cc2Cc3cc(cc4Cc5cc(cc6Cc7cc(cc(Cc(c1)c2OCCOCCOCCOCCOCCOc56)c7OCCOCCOCCOCCOCCOc34)N(=O)=O)N(=O)=O)N(=O)=O
ICUJOH,Nc1ccccc1/N=C/c1ccc(cc1)N(=O)=O
ICUKUQ,CCCCCCCC1=C2C(=O)N3C(=CC=C3c3ccc(cc3C)N(=O)=O)C(=C2C(=O)N2C1=CC=C2c1ccc(cc1C)N(=O)=O)CCCCCCC
ICULAX,CCCCCCCC1=C2C(=O)N3C(=CC=C3C(=C2C(=O)N2C(=CC=C12)c1cccc(c1)N(=O)=O)CCCCCCC)c1cccc(c1)N(=O)=O
ICULEB,CCCCCCCC1=C2C(=O)N3C(=CC=C3c3cccc4cccc(c34)N(=O)=O)C(=C2C(=O)N2C=CC=C12)CCCCCCC
ICUSUX,O=N(=O)C1=C(NN=C1C)C[C@@H]1N(CCc2c1cccc2)c1ccccc1
IDALOO,COC(=O)C1=C[C@@H](c2ccccc2)[C@H](C(=CN1c1ccc(cc1)N(=O)=O)C)c1ccccc1
IDEDUQ,C[C@@H]1CC[C@@H]([C@H](C1)OC(=O)c1cc(cc(c1)N(=O)=O)N(=O)=O)C(c1ccccc1)(C)C
IDEFAY,C[C@@H]1CC[C@H]([C@H](C1)OC(=O)c1cc(cc(c1)N(=O)=O)N(=O)=O)C(c1ccccc1)(C)C
IDEFEC,C[C@@H]1CC[C@@H]([C@@H](C1)OC(=O)c1cc(cc(c1)N(=O)=O)N(=O)=O)C(c1ccccc1)(C)C
IDEFOM,O=C(c1cc(cc(c1)N(=O)=O)N(=O)=O)OC[C@@]12CC[C@@H]3[C@@H]([C@](C2)(CC1)C)CC3(C)C
IDEHAD,CC1=C(C(=O)NC=C1)N(=O)=O
IDEHEH,CCOC(=O)CN1C=CC(=C(C1=O)N(=O)=O)C
IDENOX,O=N(=O)C(C1=NCN(CN1N(=O)=O)N(=O)=O)N(=O)=O
IDEYAR,Cc1cc(C)c(c(c1)C)N/C=C(/N(=O)=O)\C=N\c1c(C)cc(cc1C)C
IDEYAR01,Cc1cc(C)c(c(c1)C)N/C=C(/N(=O)=O)\C=N\c1c(C)cc(cc1C)C
IDIKEL,CC1=CC(=O)c2cc3OC(=C(c3cc2O1)N(=O)=O)C
IDITAR,NC(=O)c1c(cccc1N(=O)=O)C(O)=O
IDOGAL,O=N(=O)c1cc(ccc1N/N=C/c1c2ccccc2cc2c1cccc2)N(=O)=O
IDOHUF,C[C@H]1CC[C@@H]([C@@](C1)(/N=N/c1ccc(cc1N(=O)=O)N(=O)=O)N(=O)=O)C(C)C
IDOREZ,O=C(N1C[C@@H]2[C@H]([C@@H]1[C@H]1COC(O1)(C)C)OC(O2)(C)C)c1cccc(c1)NC(=O)c1cccc(c1)N(=O)=O
IDOTAX,O=C1C=CC(=O)N1c1cccc(c1)N(=O)=O
IDOTUS,Cc1ccc(cc1)C1=Nc2ccc(cc2O1)N(=O)=O
IDOWOO,COC(=O)C1=C(N)Oc2c([C@@H]1c1cccc(c1)N(=O)=O)c1ccccc1cc2
IDOXIJ,O=C(NNc1ccccc1)c1cc(cc(c1)N(=O)=O)N(=O)=O
IDULEZ,CCOC(=O)CN1C=CC=C(C1=O)N(=O)=O
IDUMEA,CCOC(=O)C1=C([C@@H](OC(=O)c2ccc(cc2)N(=O)=O)C)[C@H]2[C@@H]1[C@H]1C[C@@H]2c2c1c(ccc2OC(=O)C)OC(=O)C
IDUNEB,COc1ccc(cc1)C(=O)C[C@H](c1ccccc1N(=O)=O)O
IEFNPZ,COC(C1=C(C([C@@H]2OC[C@@H]3[C@H]2OC(C)(C)O3)=NN1c4ccc(N(=O)=O)cc4)C(OC)=O)=O
IFIFOS,COc1ccccc1/N=C/c1ccc(cc1)N(=O)=O
IFIJAL,C[C@H]1CCN([C@H]2[C@@H]1[C@H](c1ccc(cc1)N(=O)=O)C1=C(O2)CC(CC1=O)(C)C)Cc1ccc(cc1)N(=O)=O
IFIKUF,O=N(=O)c1ccc(cc1)c1ccccc1c1ccccc1c1ccccc1c1ccccc1c1ccc(cc1)N(=O)=O
IFOFOY,O=C1CC[C@@]23N1CCc1c([C@@H]3C[C@@H](C2)OC(=O)c2ccc(cc2)N(=O)=O)cc2c(c1)OCO2
IFOSII,COC(=O)C[C@H]1C(=O)N([C@@]1(C(=O)NCc1ccccc1)c1ccccn1)c1ccc(cc1)N(=O)=O
IFOSON,COC(=O)CN1C=C(N=C1C)N(=O)=O
IFOWAC,O=N(=O)c1cccc(c1)N1N=NC(=C1C1=C(N=NN1c1cccc(c1)N(=O)=O)c1ccccc1)c1ccccc1
IFUHAV,Cc1ccc(C(O)=O)c(c1)N(=O)=O
IFUNII,COc1ccc(cc1)[C@H]([C@@H](/C(=C/1\C(=O)N(c2c1cccc2)C(=O)OC)/CC)C)CN(=O)=O
IFUQAE,O=C(c1ccncc1)OCCN1c2ccccc2C([C@@]21C=Cc1c(O2)ccc(c1)N(=O)=O)(C)C
IFUVIP,Nc1ccc(OCCCOc2ccc(cc2)N(=O)=O)cc1
IFUXAL,COc1ccc(cc1)N1C(=C(C#N)c2ccccc12)Nc1ccc(cc1)N(=O)=O
IGABUO,O=C(c1ccc(cc1)N(=O)=O)O[C@@H]1CCCC[C@H]1OC(=O)c1ccc(cc1)N(=O)=O
IGACAV,COc1cc(/N=C/c2cccc(c2)N(=O)=O)ccc1OC
IGADIE,CCC(=O)Nc1ccc(Oc2ccc(cc2)N(=O)=O)cc1
IGAFOM,O=N(=O)c1ccc(cc1)[C@]1(C)CC(c2c1cccc2)(C)C
IGAFOM01,O=N(=O)c1ccc(cc1)[C@@]1(C)CC(c2c1cccc2)(C)C
IGAGON,O=N(=O)c1cc(ccc1/N=N/C(N(=O)=O)(C)C)N(=O)=O
IGAKIL,COC(=O)c1ccc(C(=O)OC)c(c1)N(=O)=O
IGAMOV,O=Cc1c2CC[C@@H](c2c(c(c1O)O)C)c1ccc(cc1)N(=O)=O
IGAPAH,O=N(=O)c1ccccc1CN1Cc2cccc(CN(Cc3ccccc3N(=O)=O)c3ccccc3OCCCOc3ccccc13)n2
IGAPEL,O=N(=O)c1ccc(CN2Cc3cccc(CN(Cc4ccc(cc4)N(=O)=O)c4ccccc4OCCCOc4ccccc24)n3)cc1
IGAQIR,CC1=C(/N=C/c2cccc(c2)OCc2ccc(cc2)N(=O)=O)C(=O)N(N1C)c1ccccc1
IGASAL,O=N(=O)c1ccc(NN=C2CCCC2)c(c1)N(=O)=O
IGAZEX,CCOC(=O)c1ccc(c2OC(=Cc12)c1ccccc1N(=O)=O)c1ccccc1
IGAZIB,C[C@@H]1C[C@H](C)O[C@](O1)(c1ccc(cc1)N(=O)=O)c1ccccc1
IGAZOH,C[C@@H]1C[C@H](C)O[C@@](O1)(c1ccc(cc1)N(=O)=O)c1ccccc1
IGEDIJ,C[C@@H]1C[C@H]2[C@H](N1C(=O)OC(C)(C)C)C=CCc1c(O2)cccc1N(=O)=O
IGEKOW,COC(=O)N1[C@H](C)C[C@H]2[C@H]1CC(=C)c1c(O2)cccc1N(=O)=O
IGEZAY,COc1ccc(NC(=O)c2ccccc2C(O)=O)c(c1)N(=O)=O
IGOTII,O=C[C@H]1C[C@@](CC[C@@]1(C)O)(N(=O)=O)C(=C)c1ccccc1
IGOTOO,CC(=O)[C@@H]1C[C@@](CC[C@]1(C)O)(N(=O)=O)C(=C)c1ccccc1
IGULAA,CO[C@]12O[C@H]([C@@]34[C@@H]2[C@@H](C[C@@H]1CC3)CCCC4)OC(=O)c1ccc(cc1)N(=O)=O
IGULII,COC(=O)[C@@]12CCCC[C@@H]3[C@H]2[C@H]3C(=O)[C@@H](CC1)OC(=O)c1ccc(cc1)N(=O)=O
IHAJEI,COC(=O)[C@@H]1N[C@@H]([C@H]([C@@H]1c1ccccc1)N(=O)=O)c1ccccc1
IHASES,OC(=O)/C(=C/c1ccccc1N(=O)=O)/c1ccccc1
IHATAO,O=N(=O)C[C@]1(NC(=O)OC(C)(C)C)c2ccccc2N(C1=O)Cc1ccccc1
IHEDEE,CC1(C)CC(=O)C(C(=O)C1)=C1Nc2ccc(cc2N1)N(=O)=O
IHESUJ,O=C(c1c(/N=N/c2ccccc2)cc(cc1N(=O)=O)N(=O)=O)Nc1ccccc1
IHETAQ,COc1ccccc1/N=N/c1cc(cc(c1C(=O)Nc1ccccc1OC)N(=O)=O)N(=O)=O
IHETEU,O=C(N(c1ccccc1)C)c1c(/N=N/c2ccccc2)cc(cc1N(=O)=O)N(=O)=O
IHIKIV,CC(C)N(=O)=O
IHIKIV01,CC(C)N(=O)=O
IHOGER,C[C@@H]([C@@H](c1ccccc1)CC#N)OC(=O)c1ccc(cc1)N(=O)=O
IHOGIV,N#C[C@@H]([C@H](c1ccccc1)OC(=O)c1ccc(cc1)N(=O)=O)[C@@H](c1ccccc1)[C@H](OC(=O)c1ccc(cc1)N(=O)=O)C
IHOVAF,O=C1/C(=C/c2ccc(cc2)N(=O)=O)/O[C@H]2N1CCc1c2cccc1
IHOVOS,CN(/C=N/c1ccc(cc1N/C(=C\1/CCOC1=O)/C)N(=O)=O)C
IHUBUK,O[C@H]1c2cc(ccc2C(=O)C21CCCCC2)N(=O)=O
IHUFUP,NN1C(=NC(=C1N(=O)=O)N(=O)=O)C1=NC(=C(N1N)N(=O)=O)N(=O)=O
IHUFUP01,NN1C(=NC(=C1N(=O)=O)N(=O)=O)C1=NC(=C(N1N)N(=O)=O)N(=O)=O
IHUFUP02,NN1C(=NC(=C1N(=O)=O)N(=O)=O)C1=NC(=C(N1N)N(=O)=O)N(=O)=O
IHUFUP04,NN1C(=NC(=C1N(=O)=O)N(=O)=O)C1=NC(=C(N1N)N(=O)=O)N(=O)=O
IHULIH,COC(=O)[C@@H](c1ccc(cc1)N(=O)=O)CC1=NC=CN1c1ccc(cc1)OC
IJESAR,CN1C(=NC(=C1N1CCOCC1)N(=O)=O)C
IJESUL,N#C/C(=C(/N(C)C)\N=C(\N(C)C)/C)/N(=O)=O
IJESUL01,N#C/C(=C(/N(C)C)\N=C(\N(C)C)/C)/N(=O)=O
IJIQEX,OCCN/C=C\1/C=C(C=CC1=O)N(=O)=O
IJIRAU,Cn1c2C=CC=C[n+]2c(c1[C-](C#N)C#N)N(=O)=O
IJISOM,COc1ccc(cc1)N1C(=C(C(=O)OC)[C@H](C2([C@H]1/C=C/c1ccccc1N(=O)=O)C(=O)OC(OC2=O)(C)C)c1ccc(cc1)OC)C(=O)OC
IJITOM,N#CC1=C(OC2=C(C(CC(C)(C)C2)=O)[C@@H]1c3cc(N(=O)=O)ccc3)N
IJIVAB,COc1ccc(cc1)N1C(=C(C(=O)OC)[C@@H](C2([C@H]1/C=C/c1ccccc1N(=O)=O)C(=O)OC(OC2=O)(C)C)c1ccc(cc1)OC)C(=O)OC
IJOYIP,CO[C@]12C[C@@H](c3ccccc3)[C@@H](C[C@@H]2[C@H]([C@H]2[N@@](O1)O[C@H]([C@@H]2N(=O)=O)c1ccccc1)c1ccccc1)N(=O)=O
IJUHIG,O=C1C[C@H]2NC(=O)[C@]3([C@@H](C1)[C@@]2(CN(C3)Cc1ccc(c(c1)C)C)N(=O)=O)N(=O)=O
IJUKEE,Oc1ccc(cc1)C(=O)N/N=C/c1ccc(c(c1)N(=O)=O)O
IJUKII,O=C(c1ccccc1O)N/N=C/c1ccc(c(c1)N(=O)=O)O
IJUKUT,COc1ccc(cc1)N1C(=O)[C@H]2[C@@H]1[C@@H](Oc1c2cc(cc1)N(=O)=O)c1ccccc1
IJUSIQ,OC(COc1ccccc1N(=O)=O)COc1ccccc1N(=O)=O
IJUTIS,O=C1[C@@H]2CCC[C@H]1[C@H](N[C@H]2c1cccc(c1)N(=O)=O)c1cccc(c1)N(=O)=O
IJUVEQ,O=N(=O)c1cccc(c1)[C@H]1N[C@@H](c2cccc(c2)N(=O)=O)[C@@]2(C(=O)[C@H]1CCC2)C
IJUXUH,CC(=O)N1N=C(C[C@H]1c1c2ccccc2cc2c1cccc2)c1ccc(cc1)N(=O)=O
IKABUS,Oc1ccc(cc1C1=Nc2ccccc2N1)N(=O)=O
IKABUS01,Oc1ccc(cc1C1=Nc2ccccc2N1)N(=O)=O
IKACIH,CC1(C)OC(=O)C(=CNc2ccc(cc2)N(=O)=O)C(=O)O1
IKAGIM,CCC(COc1ccc(cc1)N(=O)=O)(COc1ccc(cc1)N(=O)=O)COc1ccc(cc1)N(=O)=O
IKAKOV,Oc1ccc(c(c1)O)/C=N/NC(=O)c1ccc(cc1)N(=O)=O
IKAPUH,CC(=O)OC[C@@H]([C@@H](C1=C(O)C(=O)c2c(C1=O)cccc2)c1ccccc1)N(=O)=O
IKASUJ,CCOC(=O)Cc1cc(ccc1O)N(=O)=O
IKAXEY,CC(C)(C)OC(=O)COc1ccc(cc1)N(=O)=O
IKAYAV,COc1ccc(cc1)N1C(=O)[C@@H]([C@@H]1c1cccc(c1)N(=O)=O)Oc1ccccc1
IKEGIO,O=N(=O)C1=CN(CCNCc2ccccc2)[C@H]([C@@H]([C@@H]1c1ccccc1)N(=O)=O)c1ccccc1
IKIKUL,COC(=O)[C@@H]1C=C([C@@H]([C@H]1c1ccccc1)c1ccc2c(c1)cccc2)C1=C(N(=O)=O)C(=NO1)C
IKIMIY,CN(c1nc(N(C)N(=O)=O)c(nc1N(=O)=O)N(=O)=O)N(=O)=O
IKIMIY01,CN(c1nc(N(C)N(=O)=O)c(nc1N(=O)=O)N(=O)=O)N(=O)=O
IKIWAC,O=C1N(c2ccccc2)C(=O)N2N1[C@@H]1CC[C@H]2[C@]21C[C@H]2COC(=O)c1cc(cc(c1)N(=O)=O)N(=O)=O
IKUFUR,O=N(=O)c1cc2cccnc2c2ncccc12
IKUXIY,O=C1CCCN1CCCNc1ccc(cc1)N(=O)=O
IKUXOE,O=C1CCCCCN1CCCNc1ccc(cc1)N(=O)=O
ILADEF,CCOC(=O)/C(=C\C(=O)OCC)/C(=C/c1ccc(cc1)N(=O)=O)/C
ILEFUD,C[C@@]1(CC1(c1ccccc1)c1ccccc1)N(=O)=O
ILIDEM,CCOC(=O)[C@H]([C@H]([C@H]1O[C@H]([C@H]2[C@@H]1OC(O2)(C)C)OC)O)NC(=O)Nc1ccc(cc1)N(=O)=O
ILOFEW,CN(CN1C(=O)NN=C1N(=O)=O)N(=O)=O
ILOFOG,CN(CN1N=C(N=C1N(=O)=O)N(=O)=O)N(=O)=O
ILOFUM,CN(CN1N=C(N=C1N)N(=O)=O)N(=O)=O
ILOGAT,CN(CN1N=C(N=C1C1=NC(=NN1CN(C)N(=O)=O)N(=O)=O)N(=O)=O)N(=O)=O
ILOGEX,CN(CN1C=C(N=C1N(=O)=O)N(=O)=O)N(=O)=O
ILOGIB,CN(CN1C=NC(=C1N(=O)=O)N(=O)=O)N(=O)=O
ILOGOH,CN(CN1N=C(C=C1N(=O)=O)N(=O)=O)N(=O)=O
ILOGUN,CN(CN1C=C(C(=N1)N(=O)=O)N(=O)=O)N(=O)=O
ILOHAU,CN(CN1N=CC(=C1N1C=C(C(=N1)N(=O)=O)N(=O)=O)N(=O)=O)N(=O)=O
ILOHIC,CN(CN1N=C(C(=C1N(=O)=O)N)N(=O)=O)N(=O)=O
ILOQEH,CN1N=NC(=N1)c1ccc(cc1)N(=O)=O
IMEXUV,O=C(c1ccccc1)C1=C(NC2CCCCC2)OC(=C1C(=O)c1ccccc1)c1ccccc1N(=O)=O
IMEYEG,CC(C)(C)NC1=C(C(=O)c2ccccc2)C(=C(O1)c1ccccc1N(=O)=O)C(=O)c1ccccc1
IMEZEF,O=N(=O)c1ccc2c(c1)O[C@@H]1[C@]3(N2)Nc2ccc(cc2O[C@]3(O)CCC1)N(=O)=O
IMICUE,COc1ccc(c(N)c1)N(=O)=O
IMIDUF,O=N(=O)c1cccc(c1)c1nccc(n1)c1ccc2ccccc2c1
IMIREE,Cc1cccc(c1C(=O)OC(=O)c1c(C)cccc1N(=O)=O)N(=O)=O
IMOMEC,C/C(=C\[C@@]1(C)C=C(C)C=C([C@H]1c1ccc(cc1)N(=O)=O)C)/C=C/COC(=O)c1cc(cc(c1)N(=O)=O)N(=O)=O
IMOMIG,C/C=C(/C=C(/C=C(/C=C/COC(=O)c1cc(cc(c1)N(=O)=O)N(=O)=O)\C)\C)\C
IMPYRA,CC1=C/C(=N/c2ccc(cc2)N(=O)=O)/C=C(O1)C
IMUFOM,COc1ccccc1c1c2CN(C)CCc2c(C#N)c(N)c1N(=O)=O
IMUWIX,ON1N=NC(=N1)N(=O)=O
INAPAO,C[C@@H]1CC[C@H]([C@@H](C1)NC(=O)c1ccc(cc1)N(=O)=O)C(c1ccccc1)(C)C
INECIN,O=C(/C(=N\Nc1ccc(cc1)N(=O)=O)/c1ccccc1)c1ccccc1
INEFUD,Oc1ccc(cc1Cc1cc(ccc1O)N(=O)=O)N(=O)=O
INEKER,COC(=O)CN1C(=O)c2c([C@@]1(O)c1cccc(c1)N(=O)=O)cccc2
INEQIB,O=N(=O)c1cccc(c1)[C@H]1CN([C@@]2(C31C(=O)c1c(C3=O)cccc1)C(=O)Nc1c2cccc1)C
INEROI,COC(=O)[C@]1(N=NCC1=C)Cc1ccc(cc1)N(=O)=O
INEZIM,NN1N=NC(=C1N(=O)=O)N
INEZOS,NN1C(=C(N=C1N(=O)=O)N(=O)=O)N
INEZUY,NN1N=C(N)C(=N1)N(=O)=O
INIBAK,NN1N=NC(=C1N)N(=O)=O
INIFOC,C=CC[C@@]12[C@@H](CCO[C@@H]1c1ccccc1)CON2C(=O)CN(=O)=O
INODIY,OC(=O)c1ccccc1C(=O)Nc1ccccc1N(=O)=O
INODUK,OC(=O)c1ccccc1C(=O)Nc1ccc(cc1)N(=O)=O
INODUK01,OC(=O)c1ccccc1C(=O)Nc1ccc(cc1)N(=O)=O
INOLUU,O=N(=O)C1=C(N(Cc2ccccc2)N=N1)c1ccccc1
INUMIQ,CC(=O)NC1=CC(=O)c2c(cccc2N(=O)=O)C1=O
INUYOH,O=C(c1cc(cc(c1)N(=O)=O)N(=O)=O)O[C@@H]1CCCC[C@H]1[C@@H](c1ccccc1)C
IPAJUE,CCOC(=O)[C@]1(C)C=C(C)C=C([C@H]1c1ccc(cc1)N(=O)=O)C
IPAQAT,N#C[C@H]1C[C@@H]2[C@@]3(C)CCCC([C@@H]3CC[C@]2(c2c1c(N(=O)=O)c(OC)c(c2)OC)C)(C)C
IPAQEX,COc1cc2c(c(c1OC)N(=O)=O)[C@H](O)C[C@H]1[C@@]2(C)CC[C@@H]2[C@]1(C)CCCC2(C)C
IPATOJ,COc1ccc(c(c1)OC)/C=C/c1ccc(cc1)/C=C/c1ccc(cc1)N(=O)=O
IPCDNB,C[C@H](C(C)C)/C=C/[C@H]([C@H]1CC[C@@H]2[C@]1(C)CC[C@@H]1C2=CC=C2[C@]1(C)CC[C@@H](C2)OC(=O)c1cc(cc(c1)N(=O)=O)N(=O)=O)C
IPEZEJ,CCCCCCCCCCCCCCCCCCOc1ccccc1N1C=C(N=N1)c1cc(cc(n1)C1=CN(N=N1)c1ccccc1OCCCCCCCCCCCCCCCCCC)N(=O)=O
IPIKEZ,O=N(=O)c1ccc(CNCCN(CCNCc2ccc(cc2)N(=O)=O)CCNCc2ccc(cc2)N(=O)=O)cc1
IPITIM,O=N(=O)/N=C/1\NN=NN1CCN1C=NC(=N1)N(=O)=O
IPITOS,NC1=NN=NN1CCN1N=NC(=N1)N(=O)=O
IPITUY,NC1=NN=NN1CCN1N=C(N=[N+]=[N-])C(=C1N=[N+]=[N-])N(=O)=O
IPIWIN,O=N(=O)c1ccccc1N1CCCN(CC1)c1ccccc1N(=O)=O
IPIWOT,O=N(=O)c1ccccc1N1CCN(CC1)c1ccccc1N(=O)=O
IPOHAZ,O=C(c1cc(cc(c1)N(=O)=O)N(=O)=O)OC[C@H](c1ccccc1)COCc1ccccc1
IPOXAZ,CC(N1O[C@@H]1c1ccc(cc1)N(=O)=O)C
IPUMEN,O=C1CC(C)(C)CC2=C1[C@@H](c1ccccc1)[C@@H](O2)c1ccc(cc1)N(=O)=O
IPUMIR,O=C1CCCC2=C1[C@@H](/C=C/c1ccccc1)[C@@H](O2)c1ccc(cc1)N(=O)=O
IPUPOZ,O=N(=O)C1=CC(=CC2=[N+]([O-])ON=C12)C#N
IPUQEP,COc1cc(C)ccc1NC(=O)c1ccc(c(OC)c1OC)N(=O)=O
IPUWEW,OC[C@@H](C(=O)N/N=C/c1cccc(c1)N(=O)=O)NC(=O)OC(C)(C)C
IPUWOG,OC[C@@H](C(=O)N/N=C/c1ccccc1N(=O)=O)NC(=O)OC(C)(C)C
IPUZEZ,COc1ccc(cc1)[C@@H]1C2=C(O[C@H]1N(=O)=O)CCCC2=O
IQADOT,CCOc1cc(/C=N/Oc2ccc(cc2C)/C=N/Oc2ccc(cc2N(=O)=O)/C=N/OCc2ccccc2)ccc1O
IQAJAL,O=N(=O)c1cc(ccc1N/N=C/1\CCCC/C=C/C[C@@H]2[C@@H]1COC2)N(=O)=O
IQAVEB,O=N(=O)/C(=C/Nc1cc(cc(c1)C(C)(C)C)C(C)(C)C)/C=N/c1cc(cc(c1)C(C)(C)C)C(C)(C)C
IQAYIJ,COc1ccc(cc1)N[C@@H]([C@@H]([C@H](c1ccccc1)CC)N(=O)=O)c1ccccc1
IQAYOP,COc1ccc(cc1)N[C@H]([C@H]([C@@H](c1ccccc1)CC)N(=O)=O)c1ccc(cc1)C
IQAYUV,CC[C@H]([C@H]([C@@H](c1ccccc1)Nc1ccc(cc1)OC)N(=O)=O)C1=CC=CO1
IQAZAC,COc1ccc(cc1)N[C@@H]([C@@H]([C@H](c1ccc(cc1)OC)CC)N(=O)=O)c1ccccc1
IQAZEG,CCOC(=O)[C@H]([C@H]([C@@H](c1ccccc1)CC)N(=O)=O)Nc1ccc(cc1)OC
IQEMEX,CCOC(=O)/C=C(\c1ccccc1N(=O)=O)/c1ccc(cc1)OC
IQEPIE,CCOC(=O)/C(=C\1/C[C@H](C(/C1=N\c1c(C)cccc1C)(C#N)C#N)c1cccc(c1)N(=O)=O)/C
IQEZIO,N#CC1(C#N)[C@@H]2C=C(C=CC=C2C=C1c1ccccc1)c1ccc(cc1)N(=O)=O
IQIBUI,CCOC(=O)[C@](c1ccccc1)(c1ccc(cc1)N(=O)=O)NC
IQIKIC,N#Cc1ccc(c(c1)N(=O)=O)/C=C/N(C)C
IQIKOI,CN(/C=C/c1ccc2c(c1N(=O)=O)nccc2)C
IQIKUO,CN(/C=C/c1ccc(c(n1)/C=C/N(C)C)N(=O)=O)C
IQILAV,CN(/C=C/c1ccc2c(c1N(=O)=O)cccn2)C
IQOMIL,N#CC(=C1C[C@H](C2=CC=CO2)[C@H]([C@H](C1)C1=CC=CO1)N(=O)=O)C#N
IQOMOR,O=N(=O)[C@@H]1[C@@H](C[C@@]([C@H]([C@@H]1c1ccccc1)C(=O)C)(C)O)c1ccccc1
IQOMUX,O=N(=O)[C@H]1[C@H](C[C@]([C@@H]([C@H]1c1ccccc1)C(=O)C)(C)O)C1=CC=CO1
IQONEI,CC1=CC=C(O1)[C@@H]1C[C@@]2(C)O[C@@H]([C@H]1N(=O)=O)c1c(N2)cccc1
IQONOS,O=C(c1ccc(cc1)N(=O)=O)C[C@@]1(O)CO[C@@H]([C@@H]2[C@H]1O2)OCc1ccccc1
IQOPAG,COCO[C@@H]1C=C([C@]2([C@H]1OC)COCO2)C(=O)c1ccccc1N(=O)=O
IQOPIO,N#CC(=C(C[C@H](c1ccccc1)CN(=O)=O)C)C#N
IQOQUB,CO[C@H]1O[C@@H]2CO[C@H](O[C@H]2C=C1C(/C(=C/C=O)/c1ccc(cc1)N(=O)=O)(C#N)C#N)c1ccccc1
IQOROW,CO[C@@H]1CC(=C2[C@H](O1)CO[C@H](O2)c1ccccc1)CN(=O)=O
IQORUC,CO[C@H]1O[C@@H]2CO[C@H](O[C@H]2[C@@](C1)(CN(=O)=O)OC(=O)C)c1ccccc1
IQOSAJ,CO[C@H]1O[C@@H]2CO[C@H](O[C@H]2[C@](C1)(CN(=O)=O)OC(=O)C)c1ccccc1
IQOSEN,CO[C@@H]1C[C@H](CN(=O)=O)[C@H]2[C@H](O1)CO[C@H](O2)c1ccccc1
IQOVUI,CC1=CC(=O)C[C@H](C1)c1ccc(cc1)N(=O)=O
IQUDUW,Cc1cccc(c1)/N=C/c1cc(ccc1N1CCCCC1)N(=O)=O
IQUHUZ,CCOC(=O)CN1C=C2C=CC(=CC2=N1)N(=O)=O
IQUSAQ,COC(=O)Cc1ccc(cc1)N(=O)=O
IQUSUJ,CCOC(=O)C1=C(N)OC2=C([C@@H]1c1ccc(cc1)N(=O)=O)C(=O)Oc1c2cccc1
IQUTIY,COC(=O)[C@H]([C@@H]1CCC[C@H]1N(=O)=O)NC(=O)OCc1ccccc1
IQUTOE,O=C(c1ccc(cc1)N(=O)=O)O[C@H]1C[C@H]2[C@@H](C1)[C@]1(C)CC[C@H]([C@]31O[C@@H](C2)CC3)C(C)C
IQUWOH,Oc1cc(ccc1NC1=C(/N=C/c2ccccc2O)Oc2c1cccc2)N(=O)=O
IRAROL,COC(=O)C1(C=C[C@@H](C1)c1ccc(cc1)N(=O)=O)C(=O)OC
IREJEV,O=N(=O)[C@H]1[C@H](C2=CC=CO2)[C@@H]2OC(C)(C)O[C@H]3[C@@]2(O[C@@H]1[C@@H](N(=O)=O)[C@@H]3C1=CC=CO1)N1CCCC1
IREJIZ,O=N(=O)[C@@H]1[C@@H](C2=CC=CO2)[C@@H](O)[C@]2([C@@H]3[C@H]1OC(O3)(C)C)COC(O2)(C)C
IRENEY,O=C([C@@H]1C[C@H](CCN1C(=O)OC(C)(C)C)OC(=O)c1ccc(cc1)N(=O)=O)OC(C)(C)C
IREPIG,O=C(OCC(N(=O)=O)(N(=O)=O)N(=O)=O)C(=O)OCC(N(=O)=O)(N(=O)=O)N(=O)=O
IREPIG01,O=C(OCC(N(=O)=O)(N(=O)=O)N(=O)=O)C(=O)OCC(N(=O)=O)(N(=O)=O)N(=O)=O
IREPOM,O=C(OCC(N(=O)=O)(N(=O)=O)N(=O)=O)C(=O)N=[N+]=[N-]
IREPUS,O=C(NC(=O)OCC(N(=O)=O)(N(=O)=O)N(=O)=O)OCC(N(=O)=O)(N(=O)=O)N(=O)=O
IRIFOF,O=C1C[C@H]2[C@@H](O1)[C@H]1[C@@H]([C@H]2N(=O)=O)CC(=O)O1
IRODAX,COC(=O)c1c(nc2CCCCc2c1c1ccc(cc1)N(=O)=O)c1ccccc1
IRODID,OC1=C(C(=O)CC(C1)(C)C)[C@H](C1=C(O)CC(CC1=O)(C)C)c1ccc(cc1)N(=O)=O
IROFON,CC1=CC(=NN1c1ccc(cc1)N(=O)=O)c1ccccc1
IROHUU,N#C/C(=C\c1ccc2c(-c3ccccc3N2c2ccccc2)c1)/c1ccc(cc1)N(=O)=O
IROJUX,COC1=C(C(=NO1)c1ccccc1)[C@@H]([C@H]1CCc2c(C1=O)cccc2)c1ccc(cc1)N(=O)=O
IROWAQ,COC(=O)CCN1c2ccccc2C([C@]21C=Cc1c(O2)ccc(c1)N(=O)=O)(C)C
IROYIZ,O=C1Oc2ccccc2C2=C1[C@@H](c1ccccc1)[C@@H](/C(=C\c1ccccc1)/O2)N(=O)=O
IROYOE,COc1ccc(c(c1)[C@H]1[C@H](N(=O)=O)[C@H]2[N@@]([C@]31C(=O)Nc1c3cccc1)CCC2)OC
IROYUK,COc1ccc(cc1)[C@@H]1[C@@H](N(=O)=O)[C@H](N[C@@]21C(=O)Nc1c2cccc1)c1ccccc1
IROZAR,O=N(=O)[C@@H]1[C@@H](N[C@]2([C@H]1c1ccccc1)C(=O)Nc1c2cccc1)c1ccccc1
IROZIY,COCCOC(=O)C1=C(N)OC2=C([C@@H]1c1ccccc1N(=O)=O)C(=O)CCC2
IRUQIX,O=N(=O)CC1=NN/C(=N/N(=O)=O)/NC1=O
ISACIO,C[C@@H](c1ccccc1)NC(=O)c1ccc(cc1)N(=O)=O
ISACOU,C[C@H](c1ccccc1)NC(=O)c1ccc(cc1)N(=O)=O
ISAJAN,O=C(N=[N+]=[N-])c1ccccc1N(=O)=O
ISAJER,O=C(N=[N+]=[N-])c1ccc(cc1)N(=O)=O
ISAXUV01,Cc1c(N)cc(cc1N(=O)=O)N(=O)=O
ISAYAC,Cc1c(cc(N)cc1N(=O)=O)N(=O)=O
ISAYAC01,Cc1c(cc(N)cc1N(=O)=O)N(=O)=O
ISAYAC02,Cc1c(cc(N)cc1N(=O)=O)N(=O)=O
ISAYEG,Cc1c(NO)cc(cc1N(=O)=O)N(=O)=O
ISAYEG01,Cc1c(NO)cc(cc1N(=O)=O)N(=O)=O
ISIBEU,O=C(C[C@@H](c1ccccc1)CN(=O)=O)/C=N/N(c1ccccc1)c1ccccc1
ISICUJ,Cc1cc(ccc1NCc1ccccc1)N(=O)=O
ISICUJ01,Cc1cc(ccc1NCc1ccccc1)N(=O)=O
ISICUJ02,Cc1cc(ccc1NCc1ccccc1)N(=O)=O
ISICUJ03,Cc1cc(ccc1NCc1ccccc1)N(=O)=O
ISISUY,CO[C@H](C[C@@H]([C@H](COC(=O)c1ccc(cc1)N(=O)=O)C)OC)COC(=O)c1ccc(cc1)N(=O)=O
ISITAF,COC(=O)[C@]([C@@H](c1ccc(cc1)N(=O)=O)Nc1ccccc1)(c1ccccc1)Nc1ccccc1
ISOCID,O=C(c1ccccc1)C1=C(N(N=N1)c1ccc(cc1)N(=O)=O)c1ccccc1
ISOGOM,COC(=O)c1cc(c(cc1N(C)C)c1ccc(OC)cc1)N(=O)=O
ISONEL,O=N(=O)[C@@H]1CC[C@]([C@@]2([C@H]1c1ccccc1)C(=NN(C2=O)c1ccccc1)C)(C)O
ISOREO,CC(=C1[C@@H]2C[C@@H]2COc2c([C@H]1OC(=O)c1ccc(cc1)N(=O)=O)cccc2)C
ISPCHX,O=N(=O)C[C@@H]([C@H]1[C@@H](CC=C(C1=O)C)C(=C)C)C
ISUQES,CC1=NC(=C(C#N)N1c1ccccc1)N(=O)=O
ISUQES01,CC1=NC(=C(C#N)N1c1ccccc1)N(=O)=O
ISUTIZ,O=C(COc1ccccc1N(=O)=O)Nc1ccccc1
ISUXEA,O=N(=O)C[C@H](c1ccccn1)O
ISUXUQ,O=N(=O)[C@]([C@H](c1ccccn1)O)([C@@H](c1ccccn1)O)C
ITAFIT,O=C1CC(C)(C)CC2=C1[C@@H](c1ccccc1N(=O)=O)c1c(O2)ccc2c1cccc2
ITAKOE,Oc1ccc2c(c1[C@@H](c1cccc(c1)N(=O)=O)N1CCCCC1)cccc2
ITASIH,CC1=NN=C(N1N[C@H](c1ccccc1N(=O)=O)O)C
ITAYOT,O=C(COC(=O)c1ccc(cc1)N(=O)=O)C1=Cc2ccccc2O1
ITEMAX,CC(C)(C)c1cc(CNC2=C(C=C(C3=[N+]([O-])ON=C23)N(=O)=O)N(=O)=O)cc(c1O)C(C)(C)C
ITEPOM,CO[C@@H]1O[C@@H]2COC(O[C@H]2[C@H]2[C@H]1NC(=O)c1c(O2)ccc(c1)N(=O)=O)(C)C
ITICAR,Oc1ccc(cc1)CC/N=C/c1ccc(cc1)N(=O)=O
ITIKAY,CCOC(=O)/C(=N\Nc1ccc(cc1O)N(=O)=O)/C(=O)C
ITIKAY01,CCOC(=O)/C(=N\Nc1ccc(cc1O)N(=O)=O)/C(=O)C
ITINAA,O=N(=O)c1ccc(NN=C(CN=[N+]=[N-])CN=[N+]=[N-])c(c1)N(=O)=O
ITINEE,OC(=O)C1=CN(CC(CN2C=C(N=N2)C(O)=O)(N(=O)=O)N(=O)=O)N=N1
ITIXUE01,COC1=C(N=CN1)N(=O)=O
ITOSIU,CC(=O)[C@H]([C@@H](c1ccc(cc1)N(=O)=O)O)O
ITOXIA,Cc1ccc(cc1)C1=C2Nc3ccccc3CN2C(=C1N(=O)=O)c1ccccc1
ITOXOH,CC1(C)CC2(CC(C)(C)c3cc4Oc5cc(ccc5Oc4cc23)N(=O)=O)c2cc3Oc4ccc(cc4Oc3cc12)N(=O)=O
ITUXIE,Oc1ccc(cc1)/C=N/Nc1ccc(cc1)N(=O)=O
ITUYAA,O=N(=O)c1cc(ccc1O)C1=NN(N=N1)[C@]12C[C@H]3C[C@@H](C2)C[C@@H](C1)C3
IVAHAQ,O=N(=O)c1ccc(cc1)/C/1=C/2\C=CC(=N2)c2ccccc2C2=CC=C(N2)/C(=C/2\N=C(c3c(C4=CC=C1N4)cccc3)C=C2)/c1ccc(cc1)N(=O)=O
IVENUU,COc1ccc(cc1)[C@H](C1=C(C)N(c2c1cccc2)C)CN(=O)=O
IVEQIL,CCOC(=O)C1=N[C@H](O[C@@H]1c1ccc(cc1)N(=O)=O)C(C)C
IVEQOR,CCOC(=O)[C@@H]1N=C(O[C@H]1c1ccc(cc1)N(=O)=O)c1ccc(cc1)N(=O)=O
IVEREH,CC[NH+]=Cc1cc(ccc1[O-])N(=O)=O
IVEXEO,O=N(=O)c1ccc2-c3c(/C(=C/C(c4ccccc4)(c4ccccc4)c4ccccc4)/c2c1)cccc3
IVIDIB,COC(=O)C1=C(C)Oc2c([C@H]1CN(=O)=O)cccc2
IVIDUN,COC(=O)C1=C(C)Oc2c([C@@H]1CN(=O)=O)cccc2OC
IVINOR,COc1cc(OC)c2c(c1)C[C@@H]1[C@]2(C[C@H](CC1)OC(=O)c1ccc(cc1)N(=O)=O)c1ccccc1
IVINUX,COc1cc(OC)c2c(c1)C[C@@H]1[C@]2(C[C@@H](CC1)OC(=O)c1ccc(cc1)N(=O)=O)c1ccccc1
IVOQAN,O=C(CCN(CC(N(=O)=O)(N(=O)=O)N(=O)=O)N(=O)=O)N=[N+]=[N-]
IVUHUE,CC(Cc1ccccc1)(Cc1ccccc1)c1ccc(cc1N)N(=O)=O
IWABEP,COc1cc(ccc1OC)[C@@H]1[C@@H](N(=O)=O)[C@@H]2[N@]([C@]31c1ccccc1N(C3=O)C)CCC2
IWANUP,C[C@H]1N2C(=Nc3c1cccc3)[C@@]([C@H]2c1ccc(cc1)N(=O)=O)(C)c1ccccc1
IWAVOT,O=N(=O)C1=CC2=[N+]([O-])C3(CCCC3)[N+](=C2C=C1)[O-]
IWAVUZ,O=N(=O)C1=CC2=[N+]([O-])C3(CCCCC3)[N+](=C2C=C1)[O-]
IWEFIB,O=C(N1CC[C@@H]2[C@H](C1)CCN2C(=O)c1ccc(cc1)N(=O)=O)c1ccc(cc1)N(=O)=O
IWEFUO,CC1(C)CC2(CC(C)(C)c3cc(c(O)cc23)N(=O)=O)c2cc(O)c(cc12)N(=O)=O
IWELEB,COC(=O)/C(=C/C(=O)OC)/C(=O)c1cccc(c1)N(=O)=O
IWEXUF,CCCCCCCCNC(=O)NCCN(c1ccc(cc1)/N=N/c1ccc(cc1)N(=O)=O)CC
IWIGON,O=N(=O)[C@@H]1c2ccccc2C[N@@]2[C@]1(c1ccccc1)c1ccccc1CC2
IWIHAZ,O=C(Cc1ccc(cc1)N(=O)=O)c1ccc(cc1)N(=O)=O
IWILAC,COC(=O)C/C=C\1/Oc2c([C@H]1O)cc(cc2)N(=O)=O
IWIXET,C(C)(=O)C=1[C@@H]([C@@]2([C@H](CC1O)[C@]1([C@H](C(=C(C[C@H]1C1=[N+](ON=C12)[O-])O)C(C)=O)OCC)[N+](=O)[O-])[N+](=O)[O-])OCC
IWIXIX,C(C)(=O)C=1[C@@H]([C@]2([C@@H](CC1O)C1=[N+](ON=C1C1=[N+](ON=C12)[O-])[O-])[N+](=O)[O-])C1=CC=CC=C1
IWIXOD,C(C)(=O)C=1[C@H]([C@]2([C@@H](CC1O)C1=[N+](ON=C1C1=[N+](ON=C12)[O-])[O-])[N+](=O)[O-])C1=CC=CC=C1
IWONOY,CC(C)COC(=O)c1ccc(NC(=O)c2ccc(c(OCC(C)C)c2)N(=O)=O)c(OCC(C)C)c1
IWONUE,CC(C)COc1cc(ccc1NC(=O)c1ccc(c(OCC(C)C)c1)N(=O)=O)C(O)=O
IWOPAM,COC(=O)c1ccc(NC(=O)c2ccc(c(OC(C)C)c2)N(=O)=O)c(OC(C)C)c1
IWOPAM01,COC(=O)c1ccc(NC(=O)c2ccc(c(OC(C)C)c2)N(=O)=O)c(OC(C)C)c1
IWOPEQ,CCC(CC)COc1cc(ccc1NC(=O)c1ccc(c(OCC(CC)CC)c1)N(=O)=O)C(=O)OC
IWOPIU,CC(C)OC(=O)c1ccc(NC(=O)c2ccc(c(OC(C)C)c2)N(=O)=O)c(OC(C)C)c1
IWUXON,O=N(=O)c1cc2ON=C(C3OCCO3)c2c(c1)N(=O)=O
IXEWUD,N#C[C@H]1[C@@H]2C(=CC(=C[C@@]2([C@@H]1c1ccc(cc1)N(=O)=O)C)C)C
IXIJEG,COC(=O)[C@@](Cc1ccc(cc1)N(=O)=O)(C#CC(C)(C)C)O
IXINAF,COC(=O)/C(=C/C(=O)OC)/OC(=O)c1ccc(cc1)N(=O)=O
IXIZEW,Oc1ccccc1Nc1ncc(cc1N(=O)=O)N(=O)=O
IXIZIA,O=N(=O)c1cnc2Nc3ccccc3Oc2c1
IXOCOQ,O=N(=O)[C@]12CCC[C@H]1O[N@]1[C@@H]2[C@@H]2CCC[C@@H]2C1
IXOFIK,CC(OC[C@@H](OC(C)=O)[C@H](OC(C)=O)[C@H](OC(C)=O)[C@@H](OC(C)=O)C[C@@]1(N(=O)=O)CC[C@@](C)(O)[C@@H](C(C)=O)C1)=O
IXOGAD,O=N(=O)c1ccc(Oc2ccc(cc2)N(=O)=O)cc1
IXOGAD01,O=N(=O)c1ccc(Oc2ccc(cc2)N(=O)=O)cc1
IXOGAD02,O=N(=O)c1ccc(Oc2ccc(cc2)N(=O)=O)cc1
IXONAN,COc1cc(OC)ccc1[C@H]1[C@H](N(=O)=O)[C@H]2[N@@]([C@]31C(=O)Nc1c3cccc1)CCC2
IXOYUS,O=N(=O)c1ccccc1/N=C/1\CCC[C@H]2N1C[C@@H]1CCC[N@@]3[C@@H]1[C@@H]2CCC3
IXUCUB02,CCCCC1=C([C@@H]([N@@]2N1C(=O)CC2)c1ccc(cc1)N(=O)=O)C(=O)c1ccccc1
IXUMIA,O=C[C@@]([C@@H](c1ccc(cc1)C)CN(=O)=O)(c1ccccc1)C
IYAJAV,O=C1[C@@H]2CCC[N@@]2[C@H](N1c1ccc(cc1)N(=O)=O)c1ccc(cc1)N(=O)=O
IYAWEK,O/N=C(/C(=N/Nc1ccc(cc1N(=O)=O)N(=O)=O)/C)\C
IYAYIQ,COC(=O)C(=C)[C@@H](c1ccc(cc1)N(=O)=O)O
IYENOR,CC(OC(=O)C1(CC/C(=N\Nc2ccc(cc2N(=O)=O)N(=O)=O)/[C@@H]2[C@@H]1CCC2)C(=O)OC(C)C)C
IYENUX,CCOC(=O)[C@@]12C[C@@H]1/C(=N/Nc1ccc(cc1N(=O)=O)N(=O)=O)/[C@H]1[C@@H]2CCC1
IYEPAF,CCOC(=O)[C@]12C[C@H]1/C(=N\Nc1ccc(cc1N(=O)=O)N(=O)=O)/[C@H]1[C@@H]2CCC1
IYEPEJ,CC(OC(=O)C1(CC/C(=N\Nc2ccc(cc2N(=O)=O)N(=O)=O)/[C@H]2[C@@H]1CCC2)C(=O)OC(C)C)C
IYEXES,O=C1C=CC=C(N1c1ccccn1)/C=C/c1ccc(cc1)N(=O)=O
IYIBAT,COC(=O)[C@@H]1[C@@H]2C=C[C@H]([C@H]1C(=O)OC)[C@H]2OC(=O)c1cc(cc(c1)N(=O)=O)N(=O)=O
IYIGEE01,COC(=O)C1=C(C)NC2=C([C@H]1c1ccc(cc1)N(=O)=O)C(=O)CC(C2)(C)C
IYIHEF,COC(=O)C/C(=N\Nc1ccc(cc1N(=O)=O)N(=O)=O)/C(=O)CC(=O)OC
IYIYOF,COC(=O)[C@@H]([C@@H](C(C)C)O)Nc1ccc(cc1N(=O)=O)N(=O)=O
IYOHIP,O=C[C@@H]1[C@@H](c2ccccc2)[C@@H](N(=O)=O)[C@H]([C@@H]([C@]1(C)O)C(=O)C)c1ccccc1
IYOZEC,COC(=O)[C@@]1(C[C@H]2N(C1=O)C(OC2)(C)C)[C@H](C1=COC=C1)CN(=O)=O
IYUPUP,Cc1ccc(CC2=Nc3cc(ccc3N=C(C2)c2ccccc2)N(=O)=O)cc1
IYUSUT,O=N(=O)c1cc2Nc3ccccc3c2cc1c1ccccc1
IZALOK,OC(=O)Cc1cc(ccc1N(=O)=O)[C@H](C(=O)O)C
IZAREG,CC(=O)O/N=C/c1cccc(c1)N(=O)=O
IZEDUM,N/N=C/c1ccccc1N(=O)=O
IZEFAU,N/N=C/c1cccc(c1)N(=O)=O
IZEQUA,CN1C(=O)/C(=N\Nc2ccc(cc2)N(=O)=O)/C(=O)c2c1cccc2
IZIBUP,COC(=O)C([C@@H]([C@H](NC(=O)c1cc(cc(c1)N(=O)=O)N(=O)=O)C)C)C(=O)OC
IZIPOY,O/C(=C\c1nc2ccccc2nc1c1ccc(cc1)N(=O)=O)/c1ccc(cc1)C(C)(C)C
IZIPUD,Oc1ccc(cc1)/C(=N/Nc1ccc(cc1N(=O)=O)N(=O)=O)/C
IZISOB,O=C(c1ccccc1)C(=O)C1=C(N=C2C=CC=CN12)c1cccc(c1)N(=O)=O
IZOBIK,O=C1C=CC=C(O1)[C@@H](OC(=O)c1ccc(cc1)N(=O)=O)C
IZOMOZ,COC(=O)[C@H]1C(=CC(=C([C@@H]1c1ccccc1N(=O)=O)C(=O)OC)C)N1CCCCC1
IZONAM,CCOC(=O)C1=C(O)C=C([C@H]([C@@H]1c1ccccc1N(=O)=O)C(=O)OC)C
IZOTAV,COc1cccc(CN2c3cc(ccc3N=C2c2cccc(OC)n2)N(=O)=O)n1
IZUBOX,Cc1ccc(cc1)C(=O)/C=C(/C1=CN(c2c1cccc2)C)\c1ccc(cc1)N(=O)=O
IZUFEO,O=N(=O)C1=Cc2ccccc2NC1(c1ccccc1)c1ccccc1
IZUFIS,O=N(=O)c1cc2ccccc2nc1c1ccccc1
IZUFUE,CCc1nc2ccccc2cc1N(=O)=O
IZUGER,CCCCCCN(CCCCCC)c1ccc(cc1)C#Cc1c2cc3ccccc3cc2c(C#Cc2ccc(cc2)N(=O)=O)c2cc3ccccc3cc12
IZUTIJ,NC1=C(C(=[N+](O)C(=O)N1[O-])N)N(=O)=O
JABBIA,CC1=NON=C1C1=NN(N)C=C1N(=O)=O
JABBOG,CC1=NON=C1C1=C(C=NN1N)N(=O)=O
JABCAT,CC1=NON=C1C1=C(C(=NN1N)N(=O)=O)N(=O)=O
JABCEX,CC1=NON=C1C1=CC(=NN1N)N(=O)=O
JABHOM,O=CNCc1cc2OCOc2cc1N(=O)=O
JABZOF,O=N(=O)c1ccccc1/C=N/c1ccc2c(c1)cccc2
JACBEU,O=C(c1ccc(cc1)N(=O)=O)O[C@H]1C[C@]2(C)[C@H]3C[C@@H](C2=C)[C@@H](C(C1)(C)C)C3
JACKUU,O=C(c1cc(cc(c1)N(=O)=O)N(=O)=O)N[C@H]1CCC[C@H](N[C@@H]1c1ccccc1)Cc1ccccc1
JACTEQ,CN1CC(=C(C2=CC=C(O2)N(=O)=O)C21C(=O)c1ccccc1C2=O)C(=O)c1ccccc1
JACYOB,NC(=O)c1cccc(c1)N(=O)=O
JACYOB01,NC(=O)c1cccc(c1)N(=O)=O
JADDOI,CN(C)c1cc(ccc1Oc1ccc(cc1N(C)C)N(=O)=O)N(=O)=O
JADNIM,CC1(C)NC(=[NH+]C1(C)C)c1cc(ccc1[O-])N(=O)=O
JADRAI,CC(=O)O[C@@H](C(=O)N1CCc2c([C@@H]1c1ccccc1N(=O)=O)cccc2)c1ccccc1
JADXER,O=N([C@@H]1O[C@H]1[C@H]2OC(C)(O[C@@H]2[C@H]3COC(C)(O3)C)C)=O
JAFCAY,O=C(c1cc(cc(c1)N(=O)=O)N(=O)=O)O[C@@H]1C[C@@H](CC[C@@H]1OC(=O)c1cc(cc(c1)N(=O)=O)N(=O)=O)COC(=O)c1cc(cc(c1)N(=O)=O)N(=O)=O
JAGLIP,CC1=C(C)C(=O)N2C[C@@](O1)(OC(=C2C(=O)C)C)c1ccc(cc1)N(=O)=O
JAGMEM,O[C@@H]1CC[C@@H]([C@H]1N(=O)=O)O
JAGNOX,COc1ccc(c(c1)N(=O)=O)N[C@H](c1ccccc1)C[C@@H](c1ccc(cc1)N(=O)=O)O
JAGNOX01,COc1ccc(c(c1)N(=O)=O)N[C@H](c1ccccc1)C[C@@H](c1ccc(cc1)N(=O)=O)O
JAGNUD,COc1ccc(c(c1)N(=O)=O)N[C@@H](c1ccccc1)C[C@H](c1ccc(cc1)N(=O)=O)O
JAGNUD01,COc1ccc(c(c1)N(=O)=O)N[C@@H](c1ccccc1)C[C@H](c1ccc(cc1)N(=O)=O)O
JAGPAL,COc1ccc(c(c1)N(=O)=O)N[C@H](c1ccccc1)C[C@H](c1ccc(cc1)N(=O)=O)O
JAGXEX,O=N(=O)C[C@H]1[C@@H]2CC[C@@H](C2)C(=O)[C@H]1C
JAHPIR,O=N(=O)C1=CC=C(O1)/C=N/N1C=CC=N1
JAHRES,O=C(c1ccc(cc1)N(=O)=O)/C=C/c1ccc2c3c1ccc1c3c(cc2)ccc1
JAHROC,COC(=O)C1=C(Nc2ccc(cc2)C)C[C@H](N([C@H]1c1cccc(c1)N(=O)=O)c1ccc(cc1)C)c1cccc(c1)N(=O)=O
JAJBEB,O=N(=O)C1(N(=O)=O)[C@@H]2[C@@H]3[C@@H]4[C@H]1[C@@H]1[C@H]2C([C@H]3[C@H]4C1(N(=O)=O)N(=O)=O)(N(=O)=O)N(=O)=O
JAJSOF,Cc1cccc2ncc(nc12)c1ccccc1N(=O)=O
JAJTEW,O=N(=O)c1ccccc1c1cnc2cccnc2n1
JAKCOO,Cc1ccnc(c1N(=O)=O)/N=N/c1nccc(c1N(=O)=O)C
JAKQUI,COC(=O)[C@@H]1C[C@@]2([C@H](N1C(=O)c1cc(cc(c1)N(=O)=O)N(=O)=O)ON(c1c2cccc1)C)OC(=O)c1cc(cc(c1)N(=O)=O)N(=O)=O
JAKVAS,CCOC(=O)C(C(=O)OCC)CCCCCOc1ccc(cc1)/N=N/c1ccc(cc1)N(=O)=O
JAKVEW,CCOC(=O)C(C(=O)OCC)CCCCCCCOc1ccc(cc1)/N=N/c1ccc(cc1)N(=O)=O
JAKWEX,CCOC(=O)C(C(=O)OCC)CCCCCCCCCOc1ccc(cc1)/N=N/c1ccc(cc1)N(=O)=O
JALJOY,CCOC(=O)C1=CC(=CN1)N(=O)=O
JALJUE,CCOC(=O)C1=CC(=CN1CCCC#C)N(=O)=O
JALKAL,CC(C)CCN1C=C(C=C1C(=O)NCCCN(C)C)N(=O)=O
JALKEP,CN1C=C(C=C1C(=O)NC1=CN(CCCN=[N+]=[N-])C(=C1)C(=O)NCCN1CCOCC1)N(=O)=O
JALRIA,C[C@H]1CC[C@@H]2[N@@](C1)C[C@@H]1[C@H]([C@]2(C)O)CC[C@@H]2[C@H]1C[C@H]1[C@H]2CC(=O)[C@@H]2[C@]1(C)CC[C@@H](C2)OC(=O)Nc1ccccc1N(=O)=O
JAPJOZ,CC(=O)OC[C@H]([C@H]([C@@H]([C@@H]1CC(=C(C[C@H]1N(=O)=O)C)C)OC(=O)C)OC(=O)C)OC(=O)C
JAPKIU,NNc1c(cc(cc1N(=O)=O)N(=O)=O)N(=O)=O
JAPNEU,COC(=O)/C(=C/c1ccc(cc1)N(=O)=O)/CC(=O)OC
JAPPAR,CCN1CCO[C@@H](O1)c1ccc(cc1)N(=O)=O
JAPWON,O=N(=O)C[C@](OCC1=CC=CO1)(OCC1=CC=CO1)OCC1=CC=CO1
JAPXIK,O=N(=O)c1ccc(cc1)/C=C\C1=NN(CC1)c1ccccc1
JAPXOQ,O=N(=O)c1ccc(cc1)/C=C/C1=NN(CC1)c1ccccc1
JAQTOK,O=C1c2ccccc2c2nnc(cc12)c1ccccc1N(=O)=O
JAQVUV,CCN(c1c(cc(cc1N(=O)=O)N(=O)=O)N(=O)=O)N(=O)=O
JAQWUT,C=CC[C@@H]1C(=O)CC2([C@H]([C@@H]1C(=O)OC)N(=O)=O)OCCO2
JARLOD,CCN(CC)c1c(c(N(CC)CC)c(c(N(CC)CC)c1N(=O)=O)N(=O)=O)N(=O)=O
JASLEV,CC(=O)NC(N)=C(N(=O)=O)N(=O)=O
JATYEL,O=C/C=C/C1=C2CCCC2=C(O1)c1ccc(cc1)N(=O)=O
JATZEM,O=C(C1=C(CCC1)C1=CC=CO1)c1ccc(cc1)N(=O)=O
JAVCEO01,COc1ccc(cc1C)/C=C/c1ccc(cc1)N(=O)=O
JAVCEO02,COc1ccc(cc1C)/C=C/c1ccc(cc1)N(=O)=O
JAVCEO04,COc1ccc(cc1C)/C=C/c1ccc(cc1)N(=O)=O
JAWBUE,O=C1Oc2ccccc2C2=C1[C@@H](C[C@@](O2)(C)O)c1cccc(c1)N(=O)=O
JAWKIC,C[C@@]1(CN=NN1c1ccc(cc1)N(=O)=O)c1ccccc1
JAXFUM,CC(=O)N1N=Cc2ccc(cc12)N(=O)=O
JAXNAA,COc1cc(cc2c1OCO2)[C@@H](CN(=O)=O)CC(=O)C
JAXNEE,COc1cc(cc2c1OCO2)[C@@H]1CC(=O)C[C@H]([C@H]1N(=O)=O)O
JAXTAE,O=N(=O)c1cccc(c1)/C=N/N=C/c1cccc(c1)N(=O)=O
JAXTAE01,O=N(=O)c1cccc(c1)/C=N/N=C/c1cccc(c1)N(=O)=O
JAXTUY,CCOC(=O)[C@@]12N3Cc4c(CN1C(=O)N1[C@]2(C(=O)OCC)N(C3=O)COC1)c(ccc4OC)N(=O)=O
JAYDET,C(C1=CC=CC=C1)[C@@H](CO)N=CC1=C(C=CC(=C1)[N+](=O)[O-])O
JAYGEW,O=C(Nc1ccc(cc1)N(=O)=O)/C=C\C(=O)O
JAYNIH,O=C(/C=C/c1ccc(c(c1)O)O)OCC(N(=O)=O)(C)C
JAYZOB,CC(=O)ON(C(=O)c1ccc(cc1)N(=O)=O)c1ccccc1
JAZJUS,CC(=O)OCCC1=C(N(=O)=O)[C@@H](C2=C(O1)CCCC2=O)c1cccc2c1cccc2
JAZLAX,O=C/C=C/c1ccc(cc1)N(=O)=O
JEBYEU,CC#COC(=O)c1ccc(cc1)N(=O)=O
JECMAF,CC1=CC(=C(C(=O)C(=C1)C)O/C(=N\c1ccccc1)/c1ccc(cc1)N(=O)=O)C
JECSAO,C[C@H]1C[C@H]2[C@]3(C1)/C(=N/Nc1ccc(cc1N(=O)=O)N(=O)=O)/C[C@](C2)(C=C3C)C
JECVAO,O[C@H](CN1CC1)CN1C=CN=C1N(=O)=O
JECVES,O[C@H](CN1C[C@@H]1C)CN1C=CN=C1N(=O)=O
JECVOF,COC(=O)[C@]12[C@@H]3C(=O)N(C(=O)[C@@H]3[C@@H]([N@@]2[C@H]([C@@H]([C@H]1c1ccccc1)N(=O)=O)c1ccccc1)/C=C/c1ccccc1)C
JECYIC,COC(=O)[C@@H]1[C@H](c2ccccc2)[C@H]([C@@H]([N@]1[C@@H]1C=CC[C@H]2[C@@H]1C(=O)N(C2=O)c1ccccc1)c1ccccc1)N(=O)=O
JEDTIV,CC(=O)OC[C@H]([C@@H]([C@@H]([C@H]([C@H]([C@@H](N(=O)=O)C)OC(=O)C)OC(=O)C)OC(=O)C)OC(=O)C)OC(=O)C
JEDWIB,O=N(=O)C[C@@H]([C@@H](C(=O)[C@@H](OCc1ccccc1)C)C)c1ccccc1
JEDWOH,O=N(=O)C[C@H]([C@@H](C(=O)[C@@H](OCc1ccccc1)C)C)C1=CC=CO1
JEDXIC,Cc1cc2N=C3N(CCN4C=CC(=C34)N(=O)=O)c2cc1C
JEGTAT,O=C1CN(Cc2ccccc2)C(=O)[C@H](N1)CC1=C(Nc2c1cccc2)C(=O)c1ccccc1N(=O)=O
JEGTEX,COC(=O)[C@H]1CC2=C([C@H](N1)c1ccccc1N(=O)=O)Nc1c2cccc1
JEGZON,CC[C@@H]1OC(=O)[C@H](C)[C@@H](OC)[C@@H](C)C[C@H]([C@H](/C=C/[C@H]1C)OC(=O)c1ccc(cc1)N(=O)=O)C
JEHNUF,O=C(Oc1ccccn1)c1ccc(cc1)N(=O)=O
JEJWEA,O=N(=O)c1ccc(cc1)[C@@H]1C[C@@]2(ON1c1ccccc1)[C@H](ON=C2c1ccccc1)N1CCOCC1
JEKGIS,O=N(=O)[C@@H]1[C@H](CC(=O)c2ccccc2)c2c([C@H]1C(c1ccc(cc1)N(=O)=O)(C)C)cccc2
JEKHIR,CCOC(=O)[C@H](/C(=C\c1ccc(cc1)N(C)C)/N(=O)=O)O
JEKHOX,O=N(=O)/C(=C\C1=COC=C1)/C1(O)C(=O)c2c(C1=O)cccc2
JEKKUI,O=N(=O)c1cc(N(=O)=O)c(nc1/N=N/c1ccccc1)C
JEKWOM,CC(N([C@H]1COC(=N1)c1ccccc1)C(=O)Nc1ccc(cc1)N(=O)=O)C
JEKYUU,C[C@H]([C@H]1C[C@H]1[C@H]1COC(O1)(C)C)CCOC(=O)c1cc(cc(c1)N(=O)=O)N(=O)=O
JEKZOR,Cc1c(c(O)c(c(O)c1N(=O)=O)N(=O)=O)N(=O)=O
JELQEX,CCOC1=C(C(=O)Oc2ccccc12)N(=O)=O
JELTEC,O=N(=O)c1ccc(cc1)N1C=C(Cc2ccccc2)N=N1
JEMWII,COc1ccccc1C(c1ccccc1OC)=C(N(=O)=O)N(=O)=O
JENGUE,CCOC(=O)[C@H]1C(=NC(=C([C@@H]1c1cccc(c1)N(=O)=O)C(=O)OCC)C)OCC
JENHIT,COC(=O)C1=C(C)NC(=C([C@@]1(C)c1cccc(c1)N(=O)=O)C(=O)OC)C
JENZAG,O=N(=O)c1ccc2OC(=Nc2c1)c1ccccc1
JENZAG01,O=N(=O)c1ccc2OC(=Nc2c1)c1ccccc1
JEPBOV,C/C=C\1/C(=N/Nc2ccc(cc2N(=O)=O)N(=O)=O)/C[C@@H]2[C@@H]1[C@@H](CCC2=C)C(C)C
JEPBUB,C/C=C/1\[C@H](C[C@@H]2[C@@H]1[C@@H](CCC2=C)C(C)C)OC(=O)c1ccc(cc1)N(=O)=O
JEPJOE,COc1cc(/C=C\c2ccc(c(c2OC)N(=O)=O)OC)cc(c1OC)OC
JEQWEI,O=N(=O)c1ccc(CN2N=Nc3ccccc23)cc1
JERHET,OC[C@H]([C@H]([C@@H](CN(=O)=O)O)O)O
JERHIX,OC[C@H]([C@@H]([C@@H]([C@H](CN(=O)=O)O)O)O)O
JERHIY,COC(=O)C[C@H]1CCC[C@H]([C@H]1N(=O)=O)c1ccccc1
JERHOD,OC[C@@H]([C@@H]([C@H]([C@H](CN(=O)=O)O)O)O)O
JERHOE,O=N(=O)[C@@H]1[C@@H](CCC[C@@H]1c1ccccc1)C#Cc1ccccc1
JERHUJ,OC[C@@H]([C@@H]([C@H]([C@@H](CN(=O)=O)O)O)O)O
JERHUK,O=N(=O)[C@@]12O[C@@H]1CCC[C@@H]2c1ccccc1
JERJAS,COC(=O)CC[C@@]1(C=CCC[C@H]1c1ccc2c(c1)OCO2)N(=O)=O
JERJOF,CO[C@@H]1O[C@@H](C)[C@H]([C@]([C@@H]1O)(N(=O)=O)C(=O)OC)O
JERVUY,O=C1NC=C(C=C1N(=O)=O)N(=O)=O
JERVUY01,O=C1NC=C(C=C1N(=O)=O)N(=O)=O
JESHAR,COC(=O)C1(C(=O)OC)[C@@H]([C@H]1c1cccc2c1cccc2)N(=O)=O
JESJAT,O=C(OCC(N(=O)=O)(N(=O)=O)N(=O)=O)c1ccccc1
JESJIB,CC1=NON=C1C(=O)OCC(N(=O)=O)(N(=O)=O)N(=O)=O
JESVAF,OC(=O)Cc1cccc(c1)N(=O)=O
JESZEN,C[C@H](N1[C@@H](Nc2c(C1=O)cccc2)c1ccc(cc1)N(=O)=O)c1ccccc1
JETPOQ,CC(OC(=O)[C@@](c1ccccc1)(CN(=O)=O)O)C
JETRUY,O=N(c1c(N)c(N(=O)=O)c(N)n[n+]1[O-])=O
JETSAF,COc1c(N(=O)=O)[n+]([O-])nc(OC)c1N(=O)=O
JETSEJ,COc1cnnc(OC)c1N(=O)=O
JETYOZ,C[C@@H]1CC[C@H]([C@@](C1)(C)O)[C@H](COC(=O)c1ccc(cc1)N(=O)=O)C
JEXBEW,CC[C@@]([C@H](C(=C)OCc1ccccc1)C)(COC(=O)c1ccc(cc1)N(=O)=O)C#N
JEXKIG,Cc1cc(cc(C)c1C)c1ccc(cc1)N(=O)=O
JEXKOM,O=N(C1=C([C@@](C)(O)C(C)=C(c2ccccc2)C1=O)C)=O
JEXKUS,CCOC(=O)C1=C(C)NC(=C([C@@H]1c1cccc(c1)N(=O)=O)C(=O)OC)C
JEXKUS03,CCOC(=O)C1=C(C)NC(=C([C@@H]1c1cccc(c1)N(=O)=O)C(=O)OC)C
JEXNUY,COc1ccc(cc1)c1ccc(cc1N(=O)=O)c1ccc(O)cc1
JEXVEO,COC(=O)C1=Cc2c(cccc2N(=O)=O)C(=O)O1
JEYKAC,COC(=O)[C@]([C@@H](c1ccccc1)C=C)(NC(=O)c1ccc(cc1)N(=O)=O)C
JEYKEG,COC(=O)[C@]([C@H](c1ccccc1)C=C)(NC(=O)c1ccc(cc1)N(=O)=O)C
JICGOU,CCc1cc2c(Oc3ccccc23)cc1N(=O)=O
JICVAV,O=N(=O)c1ccc(cc1)CC1=CC2=C(O1)CCC[C@@H]2c1ccccc1
JIDBIH,O=N(=O)C1(CCCCC1)C1(CCCCC1)N(=O)=O
JIDBON,O=N(=O)C1(CCCCCC1)C1(CCCCCC1)N(=O)=O
JIDDEI,O=N(=O)C1=NN(C(=C1N(=O)=O)C1=C(C(=NN1C(N(=O)=O)(N(=O)=O)N(=O)=O)N(=O)=O)N(=O)=O)C(N(=O)=O)(N(=O)=O)N(=O)=O
JIDDEI01,O=N(=O)C1=NN(C(=C1N(=O)=O)C1=C(C(=NN1C(N(=O)=O)(N(=O)=O)N(=O)=O)N(=O)=O)N(=O)=O)C(N(=O)=O)(N(=O)=O)N(=O)=O
JIFLEP,C[NH+](C)Cc1cc(ccc1[O-])N(=O)=O
JIGBEG,OC[C@H]([C@@H]([C@@H]([C@H]([C@@H](CN(=O)=O)O)O)O)O)O
JIGBIK,OC[C@H]([C@H]([C@@H]([C@H]([C@@H](CN(=O)=O)O)O)O)O)O
JIGBUW,OC[C@H]([C@H]([C@@H]([C@H]([C@H](CN(=O)=O)O)O)O)O)O
JIGXAB,O=N(=O)c1ccc(cc1)C1=NN(N2CCN=C12)c1ccccc1
JIHVEB,O/N=C(/N(=O)=O)\C
JIJWOR,C=C1C[C@H]([C@@H]([C@@H]1N=C(c1ccccc1)c1ccccc1)c1ccc2c(c1)cccc2)N(=O)=O
JIKGAL,O=N(=O)c1ccc2c(c1)C=C([C@]1(O2)N(C)c2c(C1(C)C)cccc2)C
JIKNUP,Cc1c(cnc(NNc2ncc(c(C)c2N(=O)=O)N(=O)=O)c1N(=O)=O)N(=O)=O
JILKEU,N#C[C@]1(N(=O)=O)[C@H]2[C@@H]1[C@@H]1C[C@H]2C=C1
JILMUP,O=C1NCC[C@]1(N)c1ccccc1N(=O)=O
JILREE,COC(=O)C1=C(c2ccccc2)C(=CN1)C(=O)c1ccccc1OC(=O)c1ccc(cc1)N(=O)=O
JILXAG,COC(=O)[C@@]1(N[C@@H]([C@H]([C@@H]1N(=O)=O)c1ccccc1)c1ccccc1)c1ccccc1
JIMHET,O=C(OC1(CC1)C1(CC1)C1(CC1)C1(CC1)C1CC1)c1cc(cc(c1)N(=O)=O)N(=O)=O
JIMHIX,CC1(CC1)C1(CC1)C1(CC1)OC(=O)c1cc(cc(c1)N(=O)=O)N(=O)=O
JIMHOD,CC1(CC1)C1(CC1)OC(=O)c1cc(cc(c1)N(=O)=O)N(=O)=O
JIMTII,CO[C@H]1C[C@@H](OC(=O)[C@@]23CC[C@](C3(C)C)(C(=O)O2)C)C=C2[C@]1(CCC2)N(=O)=O
JIMTII10,CO[C@H]1C[C@@H](OC(=O)[C@@]23CC[C@](C3(C)C)(C(=O)O2)C)C=C2[C@]1(CCC2)N(=O)=O
JIMTOO,CO[C@@H]1C[C@H](OC(=O)[C@@]23CC[C@](C3(C)C)(C(=O)O2)C)C=C2[C@]1(CCC2)N(=O)=O
JIMTOO10,CO[C@@H]1C[C@H](OC(=O)[C@@]23CC[C@](C3(C)C)(C(=O)O2)C)C=C2[C@]1(CCC2)N(=O)=O
JIMYOT,CC(C)N(C1CCCCC1)c1ccc(cc1N(=O)=O)N(=O)=O
JINSEE,OC(=O)c1cc(ccc1c1ccc(cc1)N(=O)=O)N(=O)=O
JINSII,OC(=O)c1cc(ccc1c1ccccc1N(=O)=O)N(=O)=O
JINYEK,CN1N=NN(C(/C/1=N/c1ccc(cc1N(=O)=O)N(=O)=O)(C)C)C
JIPBAO,C[C@@H](c1cncc(n1)N1CCN(CC1)c1ccccn1)NC(=O)c1ccc(cc1)N(=O)=O
JIPNIF,O=CN(c1ccccc1)C2=C(N(=O)=O)C=C(N(=O)=O)C3=NO[N+]([O-])=C23
JIPQAB,O=C1O[N@]([C@@H](N1c1ccc(cc1)N(=O)=O)c1ccc(cc1)N(=O)=O)[C@H]1O[C@@H]([C@H]2[C@@H]1OC(O2)(C)C)[C@H]1COC(O1)(C)C
JIPSAF,O=N(=O)C1=NON=C1NC1=NN2C=NN=C2N=N1
JIQXIT,O=C1C[C@@H](c2ccc(cc2)N(=O)=O)[C@H]([C@@H](C1)c1ccccc1)C(=O)C
JIRTAG,O=N(=O)c1ccc(cc1)/C=C/N1c2ccccc2-c2c1cccc2
JIRTEK,O=N(=O)c1cccc(c1)/C=C/N1c2ccccc2-c2c1cccc2
JIRTUA,CN(c1ccccc1)C1=C(C(=O)NC(=N1)N)N(=O)=O
JIRZIW,O=C1CC[C@@]2([C@@H](C1)[C@H](COC(=O)c1ccc(cc1)N(=O)=O)[C@@H]1[C@H]2C1)C
JISJON,C=CC(=C)C[C@@H]([C@]12CCC[C@]2(CO)[C@@H]2C[C@H]1C=C2)OC(=O)c1cc(cc(c1)N(=O)=O)N(=O)=O
JITJOO,O=N(=O)N(CC(N(=O)=O)(N(=O)=O)N(=O)=O)c1nc(N=[N+]=[N-])nc(n1)N(CC(N(=O)=O)(N(=O)=O)N(=O)=O)N(=O)=O
JITJUU,O=N(=O)C(CNc1nc(NCC(N(=O)=O)(N(=O)=O)N(=O)=O)nc(N=[N+]=[N-])n1)(N(=O)=O)N(=O)=O
JITLUT,CC(N1CCCO[C@@H]1c1ccc(cc1)N(=O)=O)C
JITVUD,O=C(c1ccc(cc1)N(=O)=O)/C=C(/c1ccccc1)\O
JITWIS,O/C(=C\C(=O)c1c(C)cc(cc1C)C)/c1ccc(cc1)N(=O)=O
JITWOY,Cc1cc(C)c(c(c1)C)/C(=C/C(=O)c1cccc(c1)N(=O)=O)/O
JITWUE,Cc1cc(C)c(c(c1)C)/C(=C/C(=O)c1ccccc1N(=O)=O)/O
JITWUE01,Cc1cc(C)c(c(c1)C)/C(=C/C(=O)c1ccccc1N(=O)=O)/O
JITWUE02,Cc1cc(C)c(c(c1)C)/C(=C/C(=O)c1ccccc1N(=O)=O)/O
JITWUE03,Cc1cc(C)c(c(c1)C)/C(=C/C(=O)c1ccccc1N(=O)=O)/O
JITWUE04,Cc1cc(C)c(c(c1)C)/C(=C/C(=O)c1ccccc1N(=O)=O)/O
JITXAM,COc1c2c(CC[N@@]3[C@H]2[C@H](N(=O)=O)[C@@H]2[N@]3CCc3c2c(OC)c2c(c3)OCO2)cc2c1OCO2
JIVGIH,COc1ccc(cc1)CN1C=C[C@]2(C(=C1)N(=O)=O)CC(=O)C[C@H](C2)c1ccccc1
JIVJOQ,O=C(COC(=O)c1ccccc1N(=O)=O)c1ccc(cc1)c1ccccc1
JIVZET,CCOC(=O)C(c1ccc(cc1N(=O)=O)N(=O)=O)c1ccc(cc1N(=O)=O)N(=O)=O
JIXDID,O=C(c1ccc(cc1)N(=O)=O)Nc1ncc2c(c1)[C@H]1CC[C@@H]2C1
JIXVAO,Cc1ncc2COC(C)(C)OCc2c1OC(=O)c1ccc(cc1)N(=O)=O
JIYGIK,CC[C@@H]([C@H]1[C@H](OC(=O)C)[C@@H](OCc2ccccc2)[C@@H](C[C@@H]1N(=O)=O)OC(=O)C)C=O
JIYGOQ,CC[C@H]([C@H]1[C@H](OC(=O)C)[C@@H](OCc2ccccc2)[C@@H](C[C@@H]1N(=O)=O)OC(=O)C)C(=O)O
JIZJAD,CC(=O)C[C@@H]1C(=O)O[C@@H]([C@H]([C@@H]1OC(=O)c1cc(cc(c1)N(=O)=O)N(=O)=O)C)[C@H](COCc1ccccc1)C
JIZJIL,CN1C(=NC=C1N(=O)=O)C
JIZJIL01,CN1C(=NC=C1N(=O)=O)C
JOBCIP,CC(C)(C)OC(=O)c1ccc(nc1)c1ccc(cc1)N(=O)=O
JOBMES,CCOC(=O)C1(C[C@@H]([C@@H]([C@H]1C(=C)C)C)OC(=O)c1cc(cc(c1)N(=O)=O)N(=O)=O)C(=O)OCC
JOBSAX,O=N(=O)c1cccc(c1)/C=N/N=C/1\C[C@@H]2C([C@@]1(C)CC2)(C)C
JOCZAD,COc1nc(NCC2=CC=CO2)nc(n1)C(CCC(C)=O)(N(=O)=O)N(=O)=O
JODHOA,NC1=NN=NN1c1ccc(cc1)N(=O)=O
JODJUK,CCN1C(=O)N(CC)c2cc(ccc12)N(=O)=O
JODLUK,O=N(=O)c1ccc(NN=C2CCCCCCCCCCCC2)c(c1)N(=O)=O
JODROK,C[C@@H]1Cc2c(O1)c(ccc2)N(=O)=O
JODSEA,O=C(Cc1ccccc1)Nc1ccc(cc1)N(=O)=O
JOFGER,COc1cc2N(C=Nc2c(c1)N(=O)=O)C(C)C
JOFGUH,COc1cccc(c1)/C(=N/Nc1ccc(cc1)N(=O)=O)/C
JOFHES,OC[C@@]1(C)[C@@H](O)CC[C@]2([C@H]1CCC(=C)[C@@H]2C[C@@H](C1=CCOC1=O)CN(=O)=O)C
JOGGUH,[N+](=O)([O-])C=1C=C(CO[C@@H]2O[C@H](CC2)C)C=C(C1)[N+](=O)[O-]
JOGHAO,[N+](=O)([O-])C=1C=C(CO[C@@H]2O[C@@H](CC2)C)C=C(C1)[N+](=O)[O-]
JOGPED,O=C(c1ccc(cc1)N(=O)=O)/C=C/c1c2ccccc2cc2c1cccc2
JOHBUD,O=N(=O)[C@H]1[C@@H](C21CC2)N(=O)=O
JOHBUD01,O=N(=O)[C@H]1[C@@H](C21CC2)N(=O)=O
JOHJEX,CCOC(=O)[C@@H]1[C@@H](c2ccccc2)[C@H](N(=O)=O)[C@H](C([C@]1(C)O)(C#N)C#N)c1ccccc1
JOHMUQ,O=C1CC[C@]2([C@]1(C)C/C(=C\c1ccc(cc1)N(=O)=O)/c1c2cccc1)O
JOHXIQ,Oc1ccccc1C(=O)c1ccc(c2ccccc2O)c(c1)N(=O)=O
JOJNUU,O=N(=O)c1ccc(cc1)[C@H]1N=C(C=C(O1)c1cccc2c1cccc2)c1ccccc1
JOKCIX,O=C[C@H]1[C@H](O)[C@@H](ON2C(C)(C)CCCC2(C)C)[C@H]([C@H]([C@@H]1c1ccccc1)N(=O)=O)c1ccccc1
JOKCOD,O=C1C[C@@H](O[C@]2(C1)C(=O)Nc1c2cc(cc1)N(=O)=O)c1ccccc1
JOKLIG,CNC1=C(N(=O)=O)[C@@H](C2=C(O1)NN=C2C)c1ccc(cc1)C
JOKQOR,CC(=O)Nc1ccc(cc1N(=O)=O)C1=NN=NN1
JOKTOS,O=N(=O)c1cc(c(Oc2cccc3cccnc23)c(c1)N(=O)=O)N(=O)=O
JOKYOZ,O=N(=O)/C=C(/C1=C(/N=C(/N(C)C)\C)N(C(=O)N(C1=O)C)C)\c1ccccc1
JOLDIX,COc1ccc2c(c1)O[C@]([C@@](C2=O)(OC)Nc1ccc(cc1)C=O)(OC)c1ccc(cc1)N(=O)=O
JOLDOD,O=Cc1ccc(cc1)N[C@@]1(OC)C(=O)c2cc(OC)ccc2O[C@]1(OC)c1ccc(cc1)N(=O)=O
JOLNED,CN(/N=N/c1ccc(cc1)N(=O)=O)C
JOMCAS,CN1C=C2C(=N1)C=CC(=C2CC#N)N(=O)=O
JOMCEW,CN1N=Cc2c(ccc(CC#N)c12)N(=O)=O
JOMCIA,CN1C=C2C(=N1)C=CC(=C2N(=O)=O)CC#N
JOMCOG,CN1N=Cc2ccc(c(CC#N)c12)N(=O)=O
JOMCUM,CN1N=Cc2c(CC#N)c(ccc12)N(=O)=O
JOMSOW,O=C1C[C@@H](C)[C@]2(C(=C1)CC[C@H](C2)[C@]1(C)ON=C(C1)c1ccc(cc1)N(=O)=O)C
JONHEB,COC(=O)C1=C[C@@H](C[C@](O1)(O)C(=O)OC)c1ccc(cc1)N(=O)=O
JONPUZ,Cc1cccc(C(O)=O)c1N(=O)=O
JONQOU,COC(=O)c1cccc(C)c1c1ccc(NCc2cc(ccc2N)N(=O)=O)cc1
JONWIU,Cc1cc(c(C)cc1N(=O)=O)N(=O)=O
JOPNUX,O=N(=O)c1ccc2OCCNCCOCCNc2c1
JOPWUG,O=N(=O)C[C@@H]([C@@H]1N(C(=O)OC(C)(C)C)[C@H](N(C1=O)C)C(C)(C)C)C
JOPXUJ,Cc1cccc(C(=O)Oc2ccccc2)c1c1ccc2N3CN(Cc2c1)c1ccc(cc1C3)N(=O)=O
JOQSIR,O=N(=O)c1ccc(cc1)c1ccc(cc1)C#C
JORBUN,CC(C)(N(=O)=O)C(C)(N(=O)=O)N(=O)=O
JORCAU,CCC(N(=O)=O)(N(=O)=O)C(C)(C)N(=O)=O
JOSLUB,O[C@@H]1C[C@@H]2[N@](C1)[C@@]([C@H]([C@@H]2N(=O)=O)c1ccccc1)(C)C(=O)C
JOSMAI,O=N(=O)[C@H]1[C@@H](c2ccccc2)[C@H]2C(=O)[C@]1(O)CCC2
JOSTOD,CC(C)(C)OC(=O)C(=O)c1ccc(cc1)N(=O)=O
JOSTUJ,COC(=O)N1c2ccccc2[C@@]2([C@H]1O[C@]1([C@@H]2CC(=O)C=C1)C)N(=O)=O
JOTNOX,O=N(=O)C1=NN(CCN2N=C(C(=C2N(=O)=O)N(=O)=O)N(=O)=O)C(=C1N(=O)=O)N(=O)=O
JOTRUH,O=N(=O)C1=NN(CCN2N=C(C(=C2N=[N+]=[N-])N(=O)=O)N(=O)=O)C(=C1N(=O)=O)N=[N+]=[N-]
JOTVAS,O=C(c1ccc(cc1)N(=O)=O)N/N=C/c1cccc2c1cccc2
JOWMAM,C[C@H]1C(=O)NN(C(=O)N1Cc1ccc(cc1)N(=O)=O)Cc1ccccc1
JOWSEV,OC(=O)c1ccccc1/N=C/C1=CC=C(O1)c1ccccc1N(=O)=O
JOWSIZ,NC(=O)N/N=C/C1=CC=C(O1)c1ccccc1N(=O)=O
JOWWIB,NC1=NC(=NN1)N(=O)=O
JOXLAM,CCOC(=O)[C@@]12C(=O)O[C@H]([C@@H]1[C@H](c1ccc(cc1)N(=O)=O)N1O[C@H]2c2ccccc12)c1ccccc1
JOXNOB,CCOC(=O)C1=C(C)NC(=C([C@@H]1c1ccc(cc1)N(=O)=O)C#N)Nc1ccccc1
JOXTIZ,CCc1nc(N)nc(N)c1c1ccc(N(C)Cc2ccccc2)c(c1)N(=O)=O
JOYQUM,O=N(=O)C[C@@H]1CCC[C@@H]1COC(=O)[C@@]12CC[C@](C2(C)C)(C(=O)O1)C
JOYRAQ,C=CCN1C(=O)c2cccnc2N=C1c1ccc(cc1)N(=O)=O
JOZMUG,CC1=CC(=C(O1)/C(=N/Nc1ccc(cc1N(=O)=O)N(=O)=O)/C)c1ccccc1
JOZREX,O=N(=O)C1=CO[C@]2([C@@H]([C@H]1C1=CC=CO1)OC(OC2)(C)C)N1CCOCC1
JOZZAB,COC(=O)Cc1cc(ccc1C(=O)NC(C)(C)C)N(=O)=O
JUBCOY,O=N(=O)c1cccnc1c1ncccc1N(=O)=O
JUBDIT,O[C@@]1(C[C@H](N[C@H](C1)c1ccccc1)c1ccccc1)CN(=O)=O
JUBMEY,O=C1N2C(=CC(=C2C(=O)c2ccccc12)N(=O)=O)N(=O)=O
JUCSUY,O=C(COc1ccc(cc1)N(=O)=O)NN=C(c1ccccn1)c1ccccn1
JUCWOV,O=C1CC(C)(C)CC2=C1[C@@H](c1ccc(cc1)N(=O)=O)c1c(N2)cc2c(c1)OCO2
JUDHIC,N#C/C(=C\C=C\c1ccc(cc1)N(C)C)/c1c(ccc2c1C=NN2C)N(=O)=O
JUDHOI,CN1N=Cc2c1ccc(c2C1=Cc2ccccc2OC1=O)N(=O)=O
JUDPEF,CO[C@@H]1CC[C@@]2(CC1)NC(=O)[C@@](C2=O)(N(=O)=O)c1cc(C)ccc1C
JUDQOQ,CCOC(=O)/C(=N/Nc1ccc(cc1)N(=O)=O)/C1=Nc2c(N1)cccc2
JUFCIY,CO/N=C(\c1ccccc1COc1ccccc1C)/C(=O)N/N=C/c1ccc(cc1)N(=O)=O
JUFLAX,O=C(Oc1ccc2cccc3C=CC(=O)c1c23)c1ccc(cc1N(=O)=O)N(=O)=O
JUGKII,O=N(=O)c1cccc(c1C)/N=C/1\CCC[C@H]2N1C[C@@H]1CCC[N@@]3[C@@H]1[C@@H]2CCC3
JUGQAF,CCOC(=O)c1ncc(nc1c1ccc(cc1)N(=O)=O)c1ccc(C)cc1
JUGSOW,COc1ccc(cc1)/C=C/c1ccc(cc1)N(=O)=O
JUGSOW01,COc1ccc(cc1)/C=C/c1ccc(cc1)N(=O)=O
JUJLEI,COC(=O)/C(=C(/c1ccccc1)\NC(=O)C(=O)OC)/C(=O)c1ccc(cc1)N(=O)=O
JUKDEY,CC([C@H]1[C@@H]2CCC[C@@]2(C(=O)[C@@]1(C)N(=O)=O)N1CCCC1)C
JUKDIC,C[C@@H]1C[C@@H]2C(=O)[C@@](C1)(O)[C@@]1([C@H]2CCC1)N(=O)=O
JUKDUO,C[C@@H]1C[C@@H]2[C@@](C1)(N1CCOCC1)C(=O)[C@@]1([C@H]2CCC1)N(=O)=O
JUKLIK,O=N(=O)[C@@H]([C@@H](c1ccccc1)N(=O)=O)c1ccccc1
JUKLUW,C[C@]([C@](c1ccccc1)(N(=O)=O)C)(c1ccccc1)N(=O)=O
JUKMAD,C[C@@]([C@](c1ccccc1)(N(=O)=O)C)(c1ccccc1)N(=O)=O
JUKSIR,COc1ccc2C=C(Oc3cccc1c23)N(=O)=O
JULBEX,O=C(c1ccc(cc1)N(=O)=O)O[C@@H]1CC[C@@H](CC1)C(C)(C)C
JULBIB,O=C(c1ccc(cc1)N(=O)=O)O[C@@H]1CC[C@H](CC1)C(C)(C)C
JULGAY,COc1ccc(cc1)/C=C(/N(=O)=O)\C
JULGUS,C/C(=N\N=C(\c1ccccc1N(=O)=O)/C)/c1ccccc1N(=O)=O
JULHAZ,C/C(=N/N=C(/c1ccccc1N(=O)=O)\C)/c1ccccc1N(=O)=O
JULHED,O=N(=O)c1ccccc1/C=N/N=C/c1ccccc1N(=O)=O
JULHED01,O=N(=O)c1ccccc1/C=N/N=C/c1ccccc1N(=O)=O
JULHED02,O=N(=O)c1ccccc1/C=N/N=C/c1ccccc1N(=O)=O
JULPUE,CCOC(=O)C1=C(C)C2=C(CC1)N(N=N2)C(=C)COc1ccc(cc1)N(=O)=O
JULWAO20,O=N(=O)c1ccc(cc1)/N=N/C1(C)C(=O)c2c(C1=O)cccc2
JUMFAA,CC(=O)N1CC(C1)(N(=O)=O)N(=O)=O
JUMFAA01,CC(=O)N1CC(C1)(N(=O)=O)N(=O)=O
JUNBEB,NC1=C(N=NC2=C(C(=NN12)N(=O)=O)N(=O)=O)N(=O)=O
JUNGOO,COC(=O)[C@]12CCC/C(=C/COC(=O)c3ccc(cc3)N(=O)=O)/C2=CCCC1
JUPKEN,Cc1ccc(cc1)C(=O)C1=C2N=CC(=CC2=NO1)N(=O)=O
JUPKIR,O=N(=O)c1cnc(C#Cc2ccccc2)c(c1)N(=O)=O
JUPLAJ,CC(C)c1cc(c(C)c2ccc(C)cc12)N(=O)=O
JUPRIV,CN(C)c1c(cc(cc1N(=O)=O)N(=O)=O)N(=O)=O
JUPRIV01,CN(C)c1c(cc(cc1N(=O)=O)N(=O)=O)N(=O)=O
JUPROB,CNc1c(cc(cc1N(=O)=O)N(=O)=O)N(=O)=O
JUPSAO,Nc1c(c(O)c(c(O)c1N(=O)=O)N(=O)=O)N(=O)=O
JUPSES,COc1c(cc(c(N)c1N(=O)=O)N(=O)=O)N(=O)=O
JUQBEE,CC/C(=C(\[C@@H](c1ccccc1)CN(=O)=O)/N1[C@@H](COC1=O)Cc1ccccc1)/c1ccccc1
JUTDEJ,COC(=O)/C=C\1/N(CCCN(C)C)c2nc3cc(ccc3nc2N(C1=O)Cc1ccccc1)N(=O)=O
JUTGEK,O=N(=O)CCN(=O)=O
JUVMIW,O=N(=O)C1(C[C@@H]2C[C@H]1CC2(N(=O)=O)N(=O)=O)N(=O)=O
JUVMIW01,O=N(=O)C1(C[C@H]2C[C@@H]1CC2(N(=O)=O)N(=O)=O)N(=O)=O
JUVMOC,O=N(=O)C1(C[C@@H]2C[C@H]1CC2)N(=O)=O
JUVMUI,O=N(=O)C1(C[C@@H]2[C@H](C1)CC(C2)(N(=O)=O)N(=O)=O)N(=O)=O
JUVNAP,O=N(=O)C1(CCC(CC1)(N(=O)=O)N(=O)=O)N(=O)=O
JUVNUJ,O=C(C1=C(O[C@H]2N1C(=O)C2(C)C)C(C)(C)C)OCc1ccc(cc1)N(=O)=O
JUWNUN,CC1=NN(N=N1)c1ccc(cc1N(=O)=O)N(=O)=O
JUWPAV,CC1=NN=NN1c1ccc(cc1N(=O)=O)N(=O)=O
JUWQUN,CC[C@@H]1COC2=C([C@H](N(C(=O)N12)c1ccc(cc1)N(=O)=O)C)C(=O)Nc1ccc(cc1)N(=O)=O
JUWWON,COc1cc(cc2OCOc12)N(=O)=O
JUWXEG,O=C1CCCC2=C1C(=CO2)C1=CC=C(O1)N(=O)=O
JUXBOV,CONC(=O)Nc1ccc(cc1)N(=O)=O
JUYKEV,CN1C=CC(=C1)C1=C(C=C(C2=[N+]([O-])ON=C12)N(=O)=O)N(=O)=O
JUYRAZ,Cc1cc(C)c(c(c1)C)N1CC/C(=C/2\c3ccccc3N(C2=O)Cc2ccc(cc2)N(=O)=O)/C1
JUYZUB,CC=C=C1CO[C@]2([C@@H]1CC(=O)C=C2)c1ccc(cc1)N(=O)=O
KABDAS,O=C(OC(C)(C)C)/C=C\C[C@@]1(C)C[C@]21C=C/C(=N/Nc1ccc(cc1N(=O)=O)N(=O)=O)/C2
KABGIF,COc1cc(/C=N/Nc2ccc(cc2)N(=O)=O)ccc1OC(=O)C
KABHED,O=C1Oc2ccccc2C(=C1N(=O)=O)Cc1ccc2ccccc2n1
KABNEI,N#Cc1ccc(cc1)/C=C/c1c(cc(cc1N(=O)=O)N(=O)=O)N(=O)=O
KABNUY,COc1ccccc1N1CCN(CC1)CCN(C(=O)c1ccc(cc1)N(=O)=O)c1ccccn1
KABNUY01,COc1ccccc1N1CCN(CC1)CCN(C(=O)c1ccc(cc1)N(=O)=O)c1ccccn1
KABQAH,CCCNc1cc2c(cc1N(=O)=O)C(=O)C[C@@H]1[C@]2(C)CCC[C@@]1(C)C(=O)OC
KABTEP,O=C1Oc2ccccc2C2=C1[C@@H](c1ccccc1)[C@@H](/C(=C/c1ccccc1)/O2)N(=O)=O
KABTIT,O=C1Oc2ccccc2C2=C1[C@@H](c1ccccc1)[C@@H](/C(=C\c1ccccc1)/O2)N(=O)=O
KACGIH,CC(=O)Oc1ccc(c(c1)/C(=C\C=C(/c1ccccc1)\N1CCOCC1)/N(=O)=O)O
KACMAG,O=C1c2ccccc2N(c2ccccc2)C(=C1c1ccc(cc1)N(=O)=O)c1ccccc1
KACNAF,COc1cccc2C=C(Oc12)c1ccc(cc1)N(=O)=O
KACNEJ,COc1ccc2C=C(Oc2c1)c1ccc(cc1)N(=O)=O
KACNIN,COc1cc(/C=N/CC2=CC=CO2)ccc1OCc1ccc(cc1)N(=O)=O
KACSEN,O[C@H]1OC(=O)c2c(C1(C)C)ccc(c2)N(=O)=O
KADDUQ,O=C(c1cnccn1)N/N=C/c1ccccc1N(=O)=O
KADMIP,CCCN1C=C(N(=O)=O)[C@@H]2N[C@H]1C(=CN2CCC)N(=O)=O
KADMOV,O=N(=O)C1=CN[C@@H]2N([C@H]1N(Cc1ccccc1)C=C2N(=O)=O)Cc1ccccc1
KADZEU,Oc1ccccc1C(=O)Nc1ccc(cc1)N(=O)=O
KADZIY,Oc1ccccc1C(=O)Nc1ccc(cc1)N(=O)=O
KAFLUC,CCOC(=O)C([C@@H]([C@@H](N(=O)=O)C)c1ccccc1)C(=O)OCC
KAFQOX,O=N(c1cc(C)[n+]([O-])c(C)c1)=O
KAFXAU,O=N(=O)C1=NN(N=C1)/N=N/N1N=CC(=N1)N(=O)=O
KAFXAU01,O=N(=O)C1=NN(N=C1)/N=N/N1N=CC(=N1)N(=O)=O
KAFXEY,O=N(=O)C1=CN(N=N1)/N=N/N1N=NC(=C1)N(=O)=O
KAFXEY01,O=N(=O)C1=CN(N=N1)/N=N/N1N=NC(=C1)N(=O)=O
KAGDEB,CN/C(=C(/c1ccccc1)\N(=O)=O)/c1ccccc1
KAHHIM,O=N(=O)C1=C(C(=NN1)N(=O)=O)N(=O)=O
KAHHIM01,O=N(=O)C1=C(C(=NN1)N(=O)=O)N(=O)=O
KAHHIM02,O=N(=O)C1=C(C(=NN1)N(=O)=O)N(=O)=O
KAHHUY,NC1=C(C(=NN1)N(=O)=O)N(=O)=O
KAHKUZ,CC(=O)O[C@@H]1C(=O)C=CO[C@@H]1c1ccc(cc1)N(=O)=O
KAHMUC,CC(=O)OC[C@H]1O[C@@H](Oc2ccc(cc2)N(=O)=O)[C@@H]([C@H]([C@H]1OC(=O)C)OC(=O)C)OC(=O)C
KAHNAJ,CC(=O)OC[C@H]1O[C@@H](Oc2ccccc2N(=O)=O)[C@@H]([C@H]([C@@H]1OC(=O)C)OC(=O)C)OC(=O)C
KAHRUJ,CCC(=O)N1c2ccccc2c2cc(C)c(c3ccccc3)c(c12)N(=O)=O
KAHSAP,O=C(Nc1ccc(cc1)N(=O)=O)c1ccccn1
KAJFAD,CCNc1cc(cc[n+]1[O-])N(=O)=O
KAJFAD01,CCNc1cc(cc[n+]1[O-])N(=O)=O
KAJGAG,O=C(c1ccc(cc1)N(=O)=O)OC/C(=C(\C(=C(C)C)c1ccccc1)/C)/c1ccccc1
KAJSOD,O=N(=O)c1cc2C=C[C@]3(Oc2c2c1cccc2)OC(c1c3cccc1)(C)C
KAJVIC,CC([C@@H]1CC[C@H](C(=C)[C@H]1OC(=O)c1cc(cc(c1)N(=O)=O)N(=O)=O)C)C
KAKHEJ,Cc1cc2c(cc1OC(=O)c1ccc(cc1)N(=O)=O)[C@H](C)CCC[C@]1([C@@H]2O1)C
KAKJUB,CCOC(C1=C(N(NC(c2ccccc2)=O)[C@@](O)(c3ccc(N(=O)=O)cc3)[C@H]1C(OCC)=O)C)=O
KAKNAL,CCc1ccc(nc1)/C=C/c1ccc(cc1)N(=O)=O
KAKNEP,CCc1ccc(nc1)C[C@@H](c1ccc(cc1)N(=O)=O)O
KAKSAR,COc1ccc2c(c1N(=O)=O)ccc(c2)[C@@H](C(=O)O)C
KALKEO,O=C1OC[C@@H](N1)[C@@H](c1ccc(cc1)N(=O)=O)O
KALPEU,O=N(=O)[C@@]12C(=O)OC[C@H]2[C@@H]1c1ccccc1
KALQEU,COCO[C@H](C(=O)N(c1ccccc1C(C)(C)C)c1ccc(cc1)N(=O)=O)C
KALXOL,COC(=O)C1=C(C)NC(=C([C@H]1c1cccc(c1)N(=O)=O)C(=O)Nc1ccccc1C)C
KAMBAC,C=C[C@H]1CC[C@@]2([C@@]1(O)CCC2)COC(=O)c1ccc(cc1)N(=O)=O
KAMFAH,CC1=Nc2cc(ccc2NC1=O)N(=O)=O
KAMROH,CC(C)(C)OC(=O)NCCC(=O)Nc1cccc(c1)N(=O)=O
KAMTOI,O=N(=O)c1ccc(N2CCOCCOCCN(CCOCCOCC2)c2ccc(cc2N(=O)=O)N(=O)=O)c(c1)N(=O)=O
KANDOS,C[C@@H]1C/C(=N/Nc2ccc(cc2N(=O)=O)N(=O)=O)/CCC[C@@H]1OC(=O)c1ccccc1
KANMOB,O=N(=O)/C(=C/c1c2ccccc2cc2c1cccc2)/c1ccccc1
KANMUH,O=N(=O)/C(=C\c1c2ccccc2cc2c1cccc2)/c1ccccc1
KANWOL,O=N(=O)/C=C/c1ccccc1
KANWOL10,O=N(=O)/C=C/c1ccccc1
KAPCAF,CC1=C(C)c2cc(ccc2N1)N(=O)=O
KAPNUN,CN(CCO)C(=O)c1ccc(cc1)N(=O)=O
KAQNAR,O=N(=O)CC[C@H](C(=O)N1C(=O)OC([C@@H]1C(C)C)(c1ccccc1)c1ccccc1)C(C)C
KAQNIZ,O=N(=O)C[C@H](C(C)C)CC(=O)N1C(=O)OC([C@@H]1C(C)C)(c1ccccc1)c1ccccc1
KAQPEA,CCOC(=O)C1=C2CCCCN2N=C1c1ccc(cc1)N(=O)=O
KAQRIF,CC(OC(=O)[C@@](N(C(=O)OC(C)(C)C)NC(=O)OC(C)(C)C)(N(=O)=O)C)C
KAQWAA,C=CCC[C@H]([C@@H](NC(=O)OCc1ccccc1)CCCNC(=O)OC(C)(C)C)OC(=O)c1ccc(cc1)N(=O)=O
KAQXIL,O=C([C@@H]1[C@H]2[C@H]3C=C[C@@H]([C@H]2CN1c1ccccc1N(=O)=O)C3)NC(C)(C)C
KARJOC,O=N(=O)c1ccc2NCN=C(c3ccccc3)c2c1
KARKEV,CCOc1ccccc1NC1=C(C(=O)OCC)[C@H](N(C1)c1ccccc1OCC)c1cccc(c1)N(=O)=O
KASNEX,COC(=O)[C@]12C=C/C(=N/Nc3ccc(cc3N(=O)=O)N(=O)=O)/[C@H]3[C@@H]2[C@@H]([C@H](C1)C(C)C)C3
KASQEA,Cc1ccc(cc1)[C@@H]1[C@@H](N(=O)=O)[C@@H]([C@H](N1C)c1ccc(cc1)C)N(C(=O)C)C
KASVOR,O=N(=O)C(CN(CC(N(=O)=O)N(=O)=O)N(=O)=O)N(=O)=O
KATCIS,O=C(CCN1C=NC=N1)c1ccc(cc1)N(=O)=O
KATGAO,O=C(c1ccccc1)N/N=C/c1cc(ccc1O)N(=O)=O
KATGOC,CCCCCOc1c2Cc3cc(cc(Cc4cc(cc(Cc5cc(cc(Cc1cc(c2)N(=O)=O)c5OCCCCC)N(=O)=O)c4OCCCCC)N(=O)=O)c3OCCCCC)N(=O)=O
KATHOE,O=N(=O)c1cccc(c1)OCC1=C[C@H](C2=C[C@@H]3C[C@H]([C@H]12)C=C3)COc1cccc(c1)N(=O)=O
KATNID,Cc1ccc(cc1)/N=C/c1cccc(c1)N(=O)=O
KATNUP,O=N(=O)c1ccc(cc1)/C=N/[C@@H]1CCCC[C@H]1/N=C/c1ccc(cc1)N(=O)=O
KATZAJ,O=C1CCc2cc3CCCc3c(c12)N(=O)=O
KATZEN,O=C1CCc2c1cc1CCCc1c2N(=O)=O
KAVFUI,O=N(=O)N1C=NC(=C1)N(=O)=O
KAVFUI01,O=N(=O)N1C=NC(=C1)N(=O)=O
KAVYOY,O=N(=O)[C@@H]1[C@@H](CC(=C2[C@H]1CCOC2=O)O)c1ccc2c(c1)OCO2
KAWPUT,O=N(=O)c1ccc(cc1)/C=N/CCN1CCN([C@@H]1c1ccc(cc1)N(=O)=O)Cc1ccccn1
KAWQAD,COc1ccc(cc1)N1C(=CC(=C1c1ccc(cc1)N(=O)=O)C=O)C=O
KAWTEK,O=N(=O)C(C1=NN=C(O1)C(N(=O)=O)N(=O)=O)N(=O)=O
KAWTOR,OCc1cccc(c1)N(O)Cc1cccc(c1)N(=O)=O
KAXFIZ,CO[C@](C(C)(C)C)([C@H]1ON=C(C1)c1ccc(cc1)N(=O)=O)C
KAXLOK,COC[C@@H]1CCCN1/C=C(/N(=O)=O)\C
KAXLOL,Cc1cc(c(C)c(c1N(=O)=O)N(=O)=O)N(=O)=O
KAXMOM,CC(C)(C)c1cc2Cc3cc(cc(Cc4cc(cc(Cc5cc(cc(Cc(c1)c2OCC#N)c5OCC=C)N(=O)=O)c4OCC#N)C(C)(C)C)c3OCC=C)N(=O)=O
KAXMOM02,CC(C)(C)c1cc2Cc3cc(cc(Cc4cc(cc(Cc5cc(cc(Cc(c1)c2OCC#N)c5OCC=C)N(=O)=O)c4OCC#N)C(C)(C)C)c3OCC=C)N(=O)=O
KAYSUY,O=Cc1ccc(cc1)N(=O)=O
KAYSUY01,O=Cc1ccc(cc1)N(=O)=O
KAYTUZ,NCCNc1ccc(cc1)N(=O)=O
KAYVAH,O=N(=O)c1ccc(c(c1)N(=O)=O)n1cccn1
KAYVAH01,O=N(=O)c1ccc(N2C=CC=N2)c(c1)N(=O)=O
KAYWIR,CNC1=NC(=NO1)N(=O)=O
KAYWIR01,CNC1=NC(=NO1)N(=O)=O
KAZFAT,COc1nc(nc(n1)C(CCC(O)=O)(N(=O)=O)N(=O)=O)N1CCOCC1
KAZNEE,C/C=C/1\C(=N\Nc2ccc(cc2N(=O)=O)N(=O)=O)\C[C@@H]2[C@@H]1[C@@H](CCC2=C)C(C)C
KAZNUX,Cc1ccc(cc1)C(=C)[C@H]1CCCC[C@H]1[C@@H](c1ccccc1)OC(=O)c1ccc(cc1)N(=O)=O
KAZTAH,O=C(c1cccc(c1)N(=O)=O)c1cc(cc(c1)C(=O)c1cccc(c1)N(=O)=O)C(=O)c1cccc(c1)N(=O)=O
KAZVOZ,CO[C@@H](c1ccc(cc1)N(=O)=O)[C@H]1COC(=O)N1
KEBHIJ,C[C@H]([C@H]1N(Cc2ccccc2)C(=O)N([C@@H]1[C@H](OC(=O)c1ccc(cc1)N(=O)=O)C)Cc1ccccc1)OC(=O)c1ccc(cc1)N(=O)=O
KEBKIM,CCCC[C@@]12N(CCC3=C2Nc2c3cccc2)C(=O)CC[C@H]1C(=O)c1ccc(cc1)N(=O)=O
KEBTAO,OC[C@H]1CCN([C@@H]1c1cccc(c1)N(=O)=O)c1ccc(cc1)OC
KECCOM,C[C@@H]([C@@H]1C(=CC[C@@H]2[C@H]1C2(C)C)C)OC(=O)c1ccc(cc1)N(=O)=O
KECRUF,COc1ccc(O)c(c1)N(=O)=O
KECTAN,COC(=O)[C@@H]([C@H](C(=O)OC)O)Oc1c(cc(cc1N(=O)=O)N(=O)=O)N(=O)=O
KEDCUT,N#C[C@]12[C@H](CCC/C/1=N\Nc1ccc(cc1N(=O)=O)N(=O)=O)CCCC2=C
KEDGOR,O=C(c1ccc(cc1)N(=O)=O)O[C@@H]1CC[C@@H]2[C@H]1C(=O)c1c(O2)cccc1
KEDJUB,NC1=C(N(CC2=NN=NN2)N=C1N(=O)=O)N(=O)=O
KEDKAI,O=N(=O)C1=NN(CC2=NN=NN2)C(=C1N=[N+]=[N-])N(=O)=O
KEDPOB,O[C@@H]1C[C@H]([C@H]2[C@@H]1O[C@H](C2)N1C=C(C)C(=O)NC1=O)OC(=O)c1ccc(cc1)N(=O)=O
KEDVUK,O=N(=O)O[C@H]1[C@H](N(=O)=O)[C@@](C=C([C@@]1(C)N(=O)=O)N(=O)=O)(C(C)C)N(=O)=O
KEDWAR,O=N(=O)O[C@H]1[C@H](N(=O)=O)[C@](C=C([C@]1(C)N(=O)=O)N(=O)=O)(C(C)C)N(=O)=O
KEDWEV,O=N(=O)O[C@@H]1[C@@H](N(=O)=O)[C@@](C=C[C@]1(C)N(=O)=O)(C(C)C)N(=O)=O
KEDWIZ,O=N(=O)O[C@@H]1[C@@H](N(=O)=O)[C@@](O)(C=C([C@]1(C)N(=O)=O)N(=O)=O)C(C)C
KEDWOF,O=N(=O)O[C@H]1[C@H](N(=O)=O)C(=C[C@H]([C@@]1(C)N(=O)=O)O)C(C)C
KEDWUL,CC(=O)O[C@H]1[C@H](N(=O)=O)[C@](C=C([C@@]1(C)N(=O)=O)N(=O)=O)(C(C)C)N(=O)=O
KEDWUO,Nc1cc(C(O)=O)c(cc1C(O)=O)N(=O)=O
KEDXAS,CC(=O)O[C@H]1[C@H](N(=O)=O)[C@](O)(C=C([C@@]1(C)N(=O)=O)N(=O)=O)C(C)C
KEDXUP,CC1=C[C@@H](c2ccc(cc2)N(=O)=O)C2=C(O1)c1ccccc1OC2=O
KEDYEA,Cc1cc(C)c(Nc2c3cccc4C(=O)N(C(=O)c(cc2N(=O)=O)c34)c2c(C)cc(C)cc2C)c(C)c1
KEDYIE,CC(C)c1cccc(C(C)C)c1Nc1c2cccc3C(=O)N(C(=O)c(cc1N(=O)=O)c23)c1c(cccc1C(C)C)C(C)C
KEFGIN,COc1ccc(c(c1)OC)CN1N=C(C(=C1N)/N=N/c1ccc(cc1)OC(=O)OC(C)(C)C)NC(=O)c1ccc(cc1)N(=O)=O
KEFJUD,O=C(Nc1ccc(cc1C1=NCCO1)N(=O)=O)c1ccccc1
KEFLEM,Nc1ccc(cc1)c1ccc(cc1)N(=O)=O
KEFLEM01,Nc1ccc(cc1)c1ccc(cc1)N(=O)=O
KEFLEM02,Nc1ccc(cc1)c1ccc(cc1)N(=O)=O
KEFLEM03,Nc1ccc(cc1)c1ccc(cc1)N(=O)=O
KEFLEM04,Nc1ccc(cc1)c1ccc(cc1)N(=O)=O
KEFLEM05,Nc1ccc(cc1)c1ccc(cc1)N(=O)=O
KEFLEM06,Nc1ccc(cc1)c1ccc(cc1)N(=O)=O
KEFLEM07,Nc1ccc(cc1)c1ccc(cc1)N(=O)=O
KEFLEM08,Nc1ccc(cc1)c1ccc(cc1)N(=O)=O
KEFLEM09,Nc1ccc(cc1)c1ccc(cc1)N(=O)=O
KEFLOW,Nc1ccc(cc1)C#Cc1ccc(cc1)N(=O)=O
KEFLOW01,Nc1ccc(cc1)C#Cc1ccc(cc1)N(=O)=O
KEFLUC,Nc1ccc(cc1)C#CC#Cc1ccc(cc1)N(=O)=O
KEFMAJ,Nc1ccc(cc1)C#CC#CC#Cc1ccc(cc1)N(=O)=O
KEFTIY,O=N(=O)O[C@H]1[C@H](N(=O)=O)C(=C[C@@H]([C@@]1(C)N(=O)=O)N(=O)=O)C(C)C
KEFVIA,O=N(=O)c1ccc(cc1)[C@@H]1[C@H]2CC[C@@H]([C@@H]1c1ccccc1)C2
KEFXOL,COC(=O)C1=C[C@H](c2ccccc2)[C@H](OC1=O)C1=CC=C(O1)N(=O)=O
KEFYIG,O=C1C=C[C@]2(C=C1)OC(=O)C(=C2c1ccccc1)c1ccc(cc1)N(=O)=O
KEFYOK,Cc1cccc(c1N)N(=O)=O
KEFYOK01,Cc1cccc(c1N)N(=O)=O
KEFYOK02,Cc1cccc(c1N)N(=O)=O
KEFYOM,COC(=O)C1=CN2[C@H]3[C@@H]1CC[C@@]3(C=O)[C@@H](CC2)OC(=O)c1ccc(cc1)N(=O)=O
KEHXAY,[O-][n+]1nc2c(N(=O)=O)cc(N(=O)=O)cc2[n+]([O-])n1
KEJGIP,CCOC(=O)Nc1c(cc(cc1N(=O)=O)N(=O)=O)N(=O)=O
KEJMAQ,COC(=O)[C@H]1C[C@H]2[C@H]3N1C(=O)C=C(N3c1c2cccc1)c1ccc(cc1)OC(=O)c1ccc(cc1)N(=O)=O
KEJSOJ,O=N(=O)c1cccc(c1)/C=C/c1ccc2c(n1)cccc2
KEKRIC,CCOC(=O)[C@]12N3Cc4c(CN1C(=O)N1[C@@]2(C(=O)OCC)N(C3=O)Cc2c(C1)ccc(c2)N(=O)=O)ccc(c4)N(=O)=O
KEKSAV,CCOC(=O)[C@]12N3Cc4c(CN1C(=O)N1[C@@]2(C(=O)OCC)N(C3=O)Cc2c(C1)c(ccc2OC)N(=O)=O)c(OC)ccc4N(=O)=O
KEMFUE,OC(=O)CCN(c1ccc(cc1)/N=N/c1ccc(cc1)N(=O)=O)CCC(=O)O
KEMFUE01,OC(=O)CCN(CCC(O)=O)c1ccc(cc1)N=Nc1ccc(cc1)N(=O)=O
KEMLOG,C[C@H]1CC[C@](N1C(=O)c1ccc(cc1)N(=O)=O)(C(=O)OC(C)(C)C)c1ccccc1
KEMREZ,O=C(Nc1ccc(cc1)N(=O)=O)c1ccc(cc1)N(=O)=O
KENCEM,CC(=O)NCCC1=CNc2cccc(c12)N(=O)=O
KENFUH,O=N(=O)C(N1N=C(N=C1C1=NC(=NN1C(N(=O)=O)N(=O)=O)N(=O)=O)N(=O)=O)N(=O)=O
KENHIW,Cc1ccc(cc1)N1C(=C(C#N)C(=C1c1ccc(C)cc1)c1ccc(cc1)N(=O)=O)N
KENHOC,Cc1ccc(cc1)C1=C(c2ccc(cc2)N(=O)=O)C(=C(N)N1Cc1ccccc1)C#N
KENMIZ,N#CC1=C(C)[C@@](C)(N(=O)=O)[C@]([C@](C1=O)(C)O)(C)N(=O)=O
KENMOF,N#CC1=C(C)[C@@](C)(N(=O)=O)[C@]([C@](C1=O)(C)N(=O)=O)(C)N(=O)=O
KENMUL,N#CC1=C[C@](C)(N(=O)=O)[C@@H]([C@](C1=O)(C)O)N(=O)=O
KENVOQ,O=N(=O)c1ccc(c2ccccc12)c1ccc(c2ccccc12)N(=O)=O
KEPBUE,CCc1cc2OC(C)(C)Oc2cc1N(=O)=O
KEPGOB,C/C(=N\Nc1ccc(cc1N(=O)=O)N(=O)=O)/c1ccc(cc1)C1CC1
KEPHOD,CC(=O)OC[C@H]1O[C@@H](Nc2ccccc2N(=O)=O)[C@@H]([C@H]([C@@H]1OC(=O)C)OC(=O)C)OC(=O)C
KEPHUJ,CC(=O)OC[C@H]1O[C@@H](Nc2cccc(c2)N(=O)=O)[C@@H]([C@H]([C@@H]1OC(=O)C)OC(=O)C)OC(=O)C
KEPJAR,CC(=O)OC[C@H]1O[C@@H](Nc2ccc(cc2)N(=O)=O)[C@@H]([C@H]([C@@H]1OC(=O)C)OC(=O)C)OC(=O)C
KEPJEV,CC(=O)OC[C@H]1O[C@H]([C@@H]([C@H]([C@@H]1OC(=O)C)OC(=O)C)OC(=O)C)N(c1ccccc1N(=O)=O)C(=O)C
KEPJOF,CC(=O)OC[C@H]1O[C@H]([C@@H]([C@H]([C@@H]1OC(=O)C)OC(=O)C)OC(=O)C)N(c1ccc(cc1)N(=O)=O)C(=O)C
KEPVIK,O=N(=O)c1cc2cccc3c4ccccc4c(c23)c1N(=O)=O
KEPZOW,CCOC(=O)[C@]1(C)[C@@H](C)OC(=O)N1OC(=O)c1ccc(cc1)N(=O)=O
KEQFOD,O=N(=O)[C@H]([C@@]1(C)[C@@H](O)C(=Cc2c1cccc2)C)C
KEQWUZ,CC1=C(C(=O)OCc2ccccc2)[C@H](C(=C(N1)C)C(=O)OC(C)(C)C)c1cccc(c1)N(=O)=O
KEQXIP,CCN1CCNC1=C(N(=O)=O)N(=O)=O
KEQXOV,CCN(CC)C(N(CC)CC)=C(N(=O)=O)N(=O)=O
KERBAL,OC(=O)/C(=C/c1cc2OCOc2cc1N(=O)=O)/c1ccccc1
KERBOZ,O=C(/C=C/c1cccc(c1)N(=O)=O)O/N=C/c1ccc(cc1)N(C)C
KERJAV,O=N(=O)c1ccc(cc1)O/N=C/1\CC[C@@H]2O[C@H]1OC2
KERJEZ,O=C(c1cccc(c1)N(=O)=O)O/N=C/1\CC[C@@H]2O[C@H]1OC2
KERJOJ,O=C(c1ccc(cc1)N(=O)=O)O/N=C/1\CC[C@@H]2O[C@H]1OC2
KERJUP,O=C(c1cc(cc(c1)N(=O)=O)N(=O)=O)O/N=C/1\CC[C@@H]2O[C@H]1OC2
KERNUR,COC(=O)C=NNc1ccc(cc1)N(=O)=O
KERPII,Cc1c(cnc(N)c1N(=O)=O)N(=O)=O
KERPOO,Cc1cc(N)ncc1N(=O)=O
KERSIK,COc1cccc(c1OCCOc1ccc(cc1N(=O)=O)N(=O)=O)/C=N/Nc1ccc(cc1N(=O)=O)N(=O)=O
KERTAD,CC(C)N1C(=NC2=C(N=NN2c2ccccc2)C1=O)Oc1cccc(c1)N(=O)=O
KERTIL,COc1ccccc1C(=O)N/N=C/c1ccccc1OCCOc1ccccc1N(=O)=O
KERYIP,O=C(c1cc(cc(c1)N(=O)=O)N(=O)=O)O[C@@H]1C[C@@H]2[C@@H]3C[C@@H]4[C@H]1[C@@H]1[C@H]2[C@H]3[C@H]4C1
KESNEB,[O-]/[N+](C(C)(C)C)=C\c1c(N(=O)=O)cc(N(=O)=O)cc1
KESTEK,CCOC(=O)O[C@H](N1N=NN=C1C1=C(C=NN1C)c1ccc(cc1)N(=O)=O)C
KEVYAN,N#CC1(C#N)[C@@H](c2ccc(cc2)C#N)C(=C([C@@H]1c1ccccc1)N(=O)=O)NCCN1CCOCC1
KEWZUJ,CC[C@H]([C@@H](c1ccccc1)CN(=O)=O)C1OCCO1
KEXKED,O=N(=O)/C(=C(/c1ccccc1)\N1CCOCC1)/c1ccccc1
KEXKED01,O=N(=O)/C(=C(/c1ccccc1)\N1CCOCC1)/c1ccccc1
KEXTIQ,O=C1N(C=Cc2c1cccc2)c1ccc(cc1N1O[C@@H]2O[C@@H]([C@H]1c1c2cccc1)Nc1ccc(cc1N(=O)=O)N(=O)=O)N(=O)=O
KEYMIN,CN1N=CC(=C1/C(=C/c1ccccc1)/C#Cc1ccccc1)N(=O)=O
KEZMEK,CN1C(=NC=C1c1ccc(cc1)N(=O)=O)C
KEZSOZ,COc1cc(OC)cc(c1C[C@@H]1CCC[C@@H](C1)OC(=O)c1ccc(cc1)N(=O)=O)OC
KEZTAM,COc1cc(OC)cc(c1[C@H]1C[C@H](CC[C@@H]1C)OC(=O)c1ccc(cc1)N(=O)=O)OC
KEZVES,O=N(=O)c1cccc(c1)C1=CC2=C(O1)C(C[C@@H]2c1ccccc1)(c1ccccc1)c1ccccc1
KEZZIB,C=C[C@@H]1CO[C@@H]2[C@@]1(N(=O)=O)c1cc(ccc1N2C(=O)OC(C)(C)C)N(=O)=O
KIBFUZ,CC(=O)[C@H]1[C@H](c2ccc(cc2)N(=O)=O)[C@@H]2[N@](C31C(=O)c1c(C3=O)cccc1)CCC2
KIBGAG,CC(=O)[C@@H]1[C@@H](c2ccc(cc2)N(=O)=O)[C@H]2[N@@]([C@]31c1nc4ccccc4nc1-c1c3cccc1)CCC2
KIBGEK,CC(=O)[C@@H]1[C@H](CN([C@]21c1nc3ccccc3nc1-c1c2cccc1)C)c1ccc(cc1)N(=O)=O
KIBGIL,CC(C)(C)C(=O)Oc1ccc(cc1)N(=O)=O
KIBGIO,CC(C)(C)NC(=O)Nc1ccc(c[n+]1[O-])N(=O)=O
KIBGOU,CC(C)(C)NC(=O)Nc1ccc(cn1)N(=O)=O
KIBMIU,O=N(=O)C(/C(=N/C1=NN=NN1C)/N)(N(=O)=O)N(=O)=O
KIBPUJ,O=N(=O)c1ccccc1N1N=N[C@@H]2[C@H]1[C@@]1(C)C[C@H]3[C@@]2(O1)CN(C3=O)c1ccccc1
KIBRIZ,O=N(=O)C1=NON=C1C1=NC(=NO1)C1=NON=C1N(=O)=O
KIBRUL,O=N(=O)C1=NON=C1C1=NOC(=N1)C1=NC(=NO1)C1=NON=C1N(=O)=O
KIBSAS,NC1=NC(=NO1)C1=NON=C1N(=O)=O
KIBSAS01,NC1=NC(=NO1)C1=NON=C1N(=O)=O
KICCIK,COC(=O)CCC1(CCC(=O)OC)c2ccccc2c2ccc(cc12)N(=O)=O
KICVIE,N#C[C@]1(C=C([C@H]([C@@H]1c1ccccc1)N(=O)=O)c1ccccc1)C(=O)N
KICVUQ,N#C[C@]1(C=C([C@@H]([C@H]1c1ccc(cc1)OC)N(=O)=O)c1ccccc1)C(=O)N
KICWUR,N#C[C@]1(C=C([C@H]([C@@H]1c1ccc(cc1)OC)N(=O)=O)c1ccccc1)C(=O)N
KIFVAY,O=C[C@@H]([C@H]([C@H](N(=O)=O)C)c1ccccc1)C
KIFZUX,C/C(=N\N=C(\c1ccc(cc1)N(=O)=O)/C)/c1ccc(cc1)Oc1ccccc1
KIGSEZ,CC1=NN(C(=C1)C)c1ccccc1N(=O)=O
KIGZEG,COc1ccc(cc1)[C@H](NC(=O)[C@@]([C@H](c1ccccc1)CN(=O)=O)(c1ccccc1)O)C
KIHZUX,COC(=O)/C(=C\c1cccc(c1)N(=O)=O)/C(=O)C
KIHZUX01,COC(=O)/C(=C\c1cccc(c1)N(=O)=O)/C(=O)C
KIJCOY,O=N(=O)C(CN1N=NC(=C1C#N)C#N)(N(=O)=O)N(=O)=O
KIJCUE,O=N(=O)C(CCN1C=NN=N1)(N(=O)=O)N(=O)=O
KIJNIA,O=N(=O)O[C@H]1[C@H](N(=O)=O)[C@](C)(C=C[C@@]1(C)N(=O)=O)N(=O)=O
KIJNOG,O=N(=O)O[C@H]1[C@H](N(=O)=O)[C@@](C)(C=C[C@@]1(C)N(=O)=O)N(=O)=O
KIJNUM,O=N(=O)O[C@H]1[C@H](N(=O)=O)[C@](C)(C=C([C@@]1(C)N(=O)=O)N(=O)=O)N(=O)=O
KIKCEN,Cc1ccc(cc1)C(=O)/C=C/c1ccc(cc1)N(=O)=O
KIKCEN01,Cc1ccc(cc1)C(=O)/C=C/c1ccc(cc1)N(=O)=O
KIKGUG,CC[C@H]1[C@@H](C)C[C@H]2[C@@H]1[C@@H](C[C@H]1[C@@H]2CCC1(OC)OC)OC(=O)c1ccc(cc1)N(=O)=O
KIKKIZ,O=C1N[C@H]([C@H]1Oc1ccccc1)c1ccc(cc1)N(=O)=O
KIKLIZ,COc1ccc(c(OC)c1C(O)=O)N(=O)=O
KIKNAU,O=N(=O)c1ccc(cc1)/N=C/c1cc(cc(c1O)C(C)(C)C)C(C)(C)C
KIKNAU01,O=N(=O)c1ccc(cc1)/N=C/c1cc(cc(c1O)C(C)(C)C)C(C)(C)C
KIKNEY,CN1N=C(C)C(=C1NN)N(=O)=O
KIKQUR,O[C@H]([C@@H]1C[C@@H](C)CCC1=O)c1ccc(cc1)N(=O)=O
KIKRAY,O=C(N1[C@@H]2CCCC[C@H]2N(C1=O)C(=O)Oc1ccc(cc1)N(=O)=O)Oc1ccc(cc1)N(=O)=O
KILTAA,O=N(=O)C1(c2ccccc2c2ccccc12)C1(c2ccccc2c2ccccc12)N(=O)=O
KIMQEF,O=N(=O)c1ccc(Nc2cccc3cccnc23)nc1
KINCUF,COc1ccc2c(c1)C[C@@]1([C@@]2(c2ccc(cc2)OC)c2ccc(cc2C1)OC)c1ccc(cc1)N(=O)=O
KIPMEB,O=N(=O)c1cccc(c1)/N=C/c1cc(cc(c1O)C(C)(C)C)C(C)(C)C
KIPMEB01,O=N(=O)c1cccc(c1)/N=C/c1cc(cc(c1O)C(C)(C)C)C(C)(C)C
KIPMEB02,O=N(=O)c1cccc(c1)/N=C/c1cc(cc(c1O)C(C)(C)C)C(C)(C)C
KIPPOR,O=C(c1c2ccccc2cc2c1cccc2)/C=C/c1ccc(cc1)N(=O)=O
KIPPOR01,O=C(c1c2ccccc2cc2c1cccc2)/C=C/c1ccc(cc1)N(=O)=O
KIPPOR02,O=C(c1c2ccccc2cc2c1cccc2)/C=C/c1ccc(cc1)N(=O)=O
KIPPOR03,O=C(c1c2ccccc2cc2c1cccc2)/C=C/c1ccc(cc1)N(=O)=O
KIQNUW,O=N(=O)C1=NN(CN2N=C(C=C2N(=O)=O)N(=O)=O)C(=C1)N(=O)=O
KIQREJ,N#C[C@H](c1ccc(cc1N(=O)=O)N(=O)=O)C(=O)NC
KIQTEL,CN1Cc2c(C1)c(c(N(C)C)c1ncccc21)N(=O)=O
KIQYUH,O=N(=O)C1=CN(CN2C=C(C(=N2)N(=O)=O)N(=O)=O)N=C1N(=O)=O
KIRHIC,O=N(=O)c1ccc(cc1)c1cnc(CCCC#C)nc1
KIRHOI,O=N(=O)c1cnc(nc1)C(CCC#C)(C#N)C#N
KISBEW,O=C1NC=CN2C=C(N=C12)N(=O)=O
KITZOF,O=C1NC(C(=O)N1/N=C/c1ccc(cc1)N(=O)=O)(C)C
KIVFIE,CN(c1ccc(cc1)/C(=N/Nc1ccc(cc1)N(=O)=O)/N1N=CN=C1)C
KIVLIM,O=C(NC(=O)OCC(N(=O)=O)(N(=O)=O)N(=O)=O)NC(=O)OCC(N(=O)=O)(N(=O)=O)N(=O)=O
KIVVET,O=C1N(Cc2c1cccc2N(=O)=O)c1ccccc1
KIVYOD,O=C(N1c2ccccc2C([C@H]1c1c(O)ccc2c1cccc2)(C)C)c1cccc(c1)N(=O)=O
KIVZAQ,O=C(N1c2ccccc2C([C@@H]1c1c(O)ccc2c1cccc2)(C)C)c1cccc(c1)N(=O)=O
KIWLAG,COC(=O)Nc1ccc(OC)cc1N(=O)=O
KIWXOE,O=N(=O)c1ccc(NN=C2CCCCCCCCCCCCCC2)c(c1)N(=O)=O
KIXYAU,COC(=O)C([C@@H](c1ccc(cc1)N(=O)=O)C=C)C(=O)OC
KIYBOJ,CC(C)(C)CNc1c(c(NCC(C)(C)C)c(c(NCC(C)(C)C)c1N(=O)=O)N(=O)=O)N(=O)=O
KIYBUP,CC(C)(C)Nc1c(c(NC(C)(C)C)c(c(NC(C)(C)C)c1N(=O)=O)N(=O)=O)N(=O)=O
KIYTUK,OC(=O)[C@@H]1C[C@H]2[C@@H](C1)N(CCC2)C(=O)c1ccc(cc1)N(=O)=O
KIYVUM,O=N(=O)C[C@@H](CC(=O)[C@@]1(O)C[C@@H]2C([C@@]1(C)CC2)(C)C)CCc1ccccc1
KIZCUT,O=C(NN(=O)=O)OCC(N(=O)=O)(N(=O)=O)N(=O)=O
KIZDAA,NC(=O)OCC(N(=O)=O)(N(=O)=O)N(=O)=O
KIZLAG,O=N(=O)c1ccccc1[C@@H]1COCC[N@@]2CCOCCOCC[N@](CCO1)CCOCCOCC2
KIZLUD,COC(=O)/C=C(/c1ccc(cc1)N(=O)=O)\O
KIZVIZ,COc1ccc(cc1)N1C(=O)[C@@]2([C@@H]1[C@H]1COC(O1)(C)C)O[C@@H]2N(=O)=O
KOBLOF,O=C(C(C)(C)C)C1=C(C(C)C)[C@@H](C)Oc2c1cc(cc2)N(=O)=O
KOBQOH,CC(C[C@H](C(=O)O)NC(=O)c1cc(cc(c1)N(=O)=O)N(=O)=O)C
KODHUG,OC(=O)/C=C/c1cc(cc(c1)N(=O)=O)N(=O)=O
KODJAO,OC(=O)/C=C/c1ccc(cc1N(=O)=O)N(=O)=O
KODJAO10,OC(=O)/C=C/c1ccc(cc1N(=O)=O)N(=O)=O
KODYEK,O=C(Nc1ccc(cc1)N(=O)=O)Nc1ccccc1Oc1ccccc1Oc1ccccc1NC(=O)Nc1ccc(cc1)N(=O)=O
KOFDUF,OCCNC(=O)c1cc(cc(c1)N(=O)=O)N(=O)=O
KOFHAQ,CN1C=C[N+](=C1)[C-]1C(=CN=C1c1ccc(cc1)N(=O)=O)c1ccccc1
KOFKUM,O=N(=O)c1ccc(cc1)/C=C\c1cccc(c1)N(=O)=O
KOGJUO,O=N(=O)c1ccc2NCCOCCOCCOc2c1
KOGKAV,CCNc1ccc(cc1)N(=O)=O
KOGKEZ,COc1cc(ccc1N(C)C)N(=O)=O
KOGKOJ,CCNc1ccc(cc1OC)N(=O)=O
KOHBAM,CC(=O)Nc1ccc(cc1)N(=O)=O
KOHMEZ,O[C@@H]1C[C@@H]2C[C@H]1[C@](C)(N(=O)=O)C2
KOHPEF,O=C([C@@H](NC(=O)N(/N=C/c1ccccc1N(=O)=O)C)Cc1ccccc1)OC(C)(C)C
KOHPUT,O=Cc1cc2OCOc2cc1N(=O)=O
KOHQAA,COc1c(O)ccc(C=O)c1N(=O)=O
KOHQEE,COc1cc(C=O)c(c(OC)c1OC(C)=O)N(=O)=O
KOHQOO,O=C(NC1CCCCC1)N(C1CCCCC1)C(=O)c1ccc(cc1)N(=O)=O
KOHQOO01,O=C(NC1CCCCC1)N(C1CCCCC1)C(=O)c1ccc(cc1)N(=O)=O
KOJCUJ,O=C1N(CCCN2CCOCC2)[C@H]([C@H]1Oc1ccc2c(c1)cccc2)c1cccc(c1)N(=O)=O
KOKBET,Cc1c(N)cccc1N(=O)=O
KOKCOC,O=C1C=Cc2cccc3ccc(Oc4c(cc(cc4N(=O)=O)N(=O)=O)N(=O)=O)c1c23
KOKCOD,CCOC(=O)[C@H]1[C@H]2[C@@]1(C=Cc1c2cccn1)N(=O)=O
KOKDET,CCOC(=O)c1cc(cnc1NC1=NC(=NN1)C)N(=O)=O
KOLVIS,NC(=O)NNC(=O)c1ccc(cc1)N(=O)=O
KOMHAV,O=N(=O)C1=CNC=N1
KOMHAV01,O=N(=O)C1=CNC=N1
KOMSEL,CCOC(=O)C1=NOC(=C1/C(=N/Nc1ccc(cc1N(=O)=O)N(=O)=O)/C)COCc1ccc2c(c1)cccc2
KOMTAH,CC(C)(C)c1cc2Cc3cc(cc(Cc4cc(cc(Cc5cc(cc(Cc(c1)c2O)c5OC(=O)c1cc(cc(c1)N(=O)=O)N(=O)=O)C(C)(C)C)c4OC(=O)c1cc(cc(c1)N(=O)=O)N(=O)=O)C(C)(C)C)c3O)C(C)(C)C
KOMVEN,C#C[C@@H](OC(=O)c1ccc(cc1)N(=O)=O)C[C@H]1O[C@@H](O[C@H]2[C@@H]1O[C@H]1[C@@H]2OC(O1)(C)C)c1ccccc1
KOMWEQ,O=C1Nc2c(/C/1=C\c1ccc(cc1)N(=O)=O)cccc2
KONSEO,O=C(c1ccc(cc1)N(C)C)/C=C/1\Nc2c(C1(C)C)cc(cc2)N(=O)=O
KOPKOS,C=C/C(=C\c1ccc(cc1)c1ccccc1)/C1=Cc2c(N1c1ncccn1)cc(cc2)N(=O)=O
KOPLIM,CCC1=C(C)NC(=C1C)C(=O)c1ccc(cc1)N(=O)=O
KOPNAE,OC[C@@H]1C/C(=N/Nc2ccc(cc2N(=O)=O)N(=O)=O)/CC([C@H]1CC[C@@H](O)C)(C)C
KOPWAQ,O=C(NC(=O)c1ccccc1N(=O)=O)c1ccccc1N(=O)=O
KOPXEV,O=N(=O)c1ccc(N=C2ON=[N+]([N-]2)c2ccccc2)c(c1)N(=O)=O
KOPXIZ,O=N(=O)c1cccc(c1)[N+]1=NOC(=Nc2c(cc(cc2N(=O)=O)N(=O)=O)N(=O)=O)[N-]1
KOSBAY,C[C@H]1CCN([C@@]2(CC1)O[C@@H]1[C@H]([C@@H]2C)[C@@]2([C@@H](C1)[C@@H]1CC=C3[C@]([C@H]1CC2)(C)CC[C@@H](C3)OC(=O)c1ccccc1)C)C(=O)OCc1ccc(cc1)N(=O)=O
KOSXAU,COc1ccc(cc1)C(=O)C[C@@H]1C(=CNC=C1N(=O)=O)N(=O)=O
KOSYEZ,CN1C=C(N(=O)=O)[C@H](C(=C1)N(=O)=O)CC(=O)C1CC1
KOSYID,COC(=O)C1=CC(=CN[C@@H]1c1cc(C)c(c(c1)C)O)N(=O)=O
KOTFUU,O=C(c1ccc(cc1)N(=O)=O)O[C@@H]1[C@@H]2CC[C@H]1C=C2
KOTSIV,COc1cc(ccc1N)N(=O)=O
KOTWAT,CC1=NN(c2ccccc2)c2ncc(c(c3ccccc3)c12)N(=O)=O
KOTWEX,COc1ccc(cc1)c1c(cnc2N(N=C(C)c12)c1ccccc1)N(=O)=O
KOTWIB,Cc1ccc(nc1)c1c(cnc2N(N=C(C)c12)c1ccccc1)N(=O)=O
KOTWOH,CN1C(=O)N(C)c2ncc(c(c3cncnc3)c2C1=O)N(=O)=O
KOTXEY,CC(=O)c1cccc(c1)C1=C(C#N)c2cc(cnc2N1C(C)(C)C)N(=O)=O
KOTZEY,Oc1c2Cc3ccccc3OCCOCCOCCOCCOc3ccccc3Cc1cc(c2)N(=O)=O
KOVGIL,CN(C)C(N(C)C)=C(N(=O)=O)N(=O)=O
KOVGOR,CCCNC(NCCC)=C(N(=O)=O)N(=O)=O
KOVGUX,O=N(=O)C(=C(Nc1ccccc1)Nc1ccccc1)N(=O)=O
KOVHAE,O=N(=O)C(=C1NCCN1)N(=O)=O
KOVHAE01,O=N(=O)C(=C1NCCN1)N(=O)=O
KOVHIM,O=N(=O)C(=C1NCCCCN1)N(=O)=O
KOVHIM01,O=N(=O)C(=C1NCCCCN1)N(=O)=O
KOVPOD,C[C@@H](c1ccc2c(c1)cccc2)Nc1cc(NC(=O)c2ccccc2)c(cc1N(=O)=O)N(=O)=O
KOWRUJ,O=N(=O)[C@@H]1C=C[C@@H](c2c1cccc2)C(N(=O)=O)(N(=O)=O)N(=O)=O
KOWZAX,CCOC(=O)C(=Cc1ccc(cc1)N(=O)=O)C(=O)OCC
KOWZEB,COC(=O)c1cc(cc(c1c1c(cc(cc1N(=O)=O)N(=O)=O)C(=O)OC)N(=O)=O)N(=O)=O
KOXHUC,O=N(=O)C[C@@H]([C@@H](C(=O)C1=NC=CN1c1ccccc1)C)c1ccccc1
KOYDOU,CC(C)Oc1c(O)c(ccc1N(=O)=O)C(O)=O
KOYDUA,CC(C)Oc1c(OC(C)C)c(ccc1C(O)=O)N(=O)=O
KOYFEM,CC(C)OC(=O)c1ccc(NC(=O)c2cc(OC(C)C)c(NC(=O)c3ccc(cc3)N(=O)=O)cn2)c(OC(C)C)c1
KOYGAJ,COC(=O)c1ccc(NC(=O)c2ccc(c(OC)c2O)N(=O)=O)c(OC)c1
KOYLOZ,O=C1N(Cc2ccccc2)[C@@H]([C@@](/C/1=C\c1ccccc1)(C)N(=O)=O)c1ccccc1
KOYLUI,O[C@H]1[C@H](C=Cc2c1cccc2)c1ccc(cc1)N(=O)=O
KOYREY,COc1ccc(cc1)N1[C@@H]2C=C[C@]([C@@H]1c1ccc(cc1)N(=O)=O)([C@@H]1[C@H]2C(=O)N(C1=O)c1ccccc1)CO
KUBPAY,O=N(=O)N1CCN=C1C(N(=O)=O)(N(=O)=O)N(=O)=O
KUBPEC,O=N(=O)N1C[C@@]2(CN=C1C(N(=O)=O)(N(=O)=O)N(=O)=O)CN=C(N(C2)N(=O)=O)C(N(=O)=O)(N(=O)=O)N(=O)=O
KUBPIG,O=N(=O)N1CCNC1=C(N(=O)=O)N(=O)=O
KUBPOM,O=N(=O)N1CCCNC1=C(N(=O)=O)N(=O)=O
KUBPUS,O=N(=O)N1CCCCNC1=C(N(=O)=O)N(=O)=O
KUBVAH,CC1=C(NN=C1N(=O)=O)N(=O)=O
KUBVEL,O=N(=O)C1=C(CCC2=C(NN=C2N(=O)=O)N(=O)=O)C(=NN1)N(=O)=O
KUBVOV,O=N(=O)C1=C(CC2=C(NN=C2N(=O)=O)N(=O)=O)C(=NN1)N(=O)=O
KUCCIX,Oc1c2Oc3ccccc3c2ccc1N(=O)=O
KUCGOH,COc1ccc(cc1)[C@H]1[C@H](N(=O)=O)[C@H](c2ccc(cc2)OC)[C@@H]([C@H]([C@]21N=C(OC2=O)c1ccccc1)c1ccccc1)N(=O)=O
KUCGUN,COc1ccc(cc1)[C@H]1[C@H](N(=O)=O)[C@H](c2ccc(cc2)OC)[C@@H]([C@H]([C@]21N=C(OC2=O)c1ccccc1)c1ccc(cc1)C)N(=O)=O
KUCHAU,Cc1ccc(cc1)[C@H]1[C@H](N(=O)=O)[C@H](c2ccc(cc2)C)[C@@H]([C@H]([C@]21N=C(OC2=O)c1ccccc1)c1cccnc1)N(=O)=O
KUCLAX,CN1C(=NC=C1N(=O)=O)C1=C(NC(=[N+]1[O-])c1ccccc1)c1ccccc1
KUCMEC,CCOC(=O)[C@@]1(CC=C)c2ccccc2N([C@@]21C=Cc1c(O2)ccc(c1)N(=O)=O)C
KUCVUB,CCN(c1ccc2c(c1)Oc1c(C32N(/N=C/c2ccccc2N(=O)=O)C(=O)c2c3cccc2)ccc(c1)N(CC)CC)CC
KUDXAK,COc1cc(COC(C)=O)c(cc1OC)N(=O)=O
KUDXAK01,COc1cc(COC(C)=O)c(cc1OC)N(=O)=O
KUFLUU,COc1cccc(c1O)/C=N/c1cccc(c1)N(=O)=O
KUFLUU01,COc1cccc(c1O)/C=N/c1cccc(c1)N(=O)=O
KUFLUU02,COc1cccc(c1O)/C=N/c1cccc(c1)N(=O)=O
KUFMAZ,C=C[C@@H](CC1=CCC[C@H](C1)C(C)(C)C)OC(=O)c1ccc(cc1)N(=O)=O
KUFROT,O=N(=O)c1cc(cc(c1N[C@]12C[C@H]3C[C@@H](C2)C[C@@H](C1)C3)N(=O)=O)N(=O)=O
KUFVOZ,O=C1c2cccc3c2c([C@]21[N@]1CCCC[C@@H]1[C@@]1([C@H]2c2ccccc2O[C@H]1c1cccc2c1cccc2)N(=O)=O)ccc3
KUFWUF,CCOc1cc(N)c(cc1C(=O)N(Cc1ccccc1)Cc1ccccc1)N(=O)=O
KUFYOB,CCOC(=O)C1=C(C)C2=CC[C@H]([C@@H]([C@]2(CC1)O)N(=O)=O)c1ccccc1
KUFYUH,COC(=O)C1=C(C)C2=C[C@@H]3[C@H]([C@@H]([C@]2(CC1)O)N(=O)=O)C[C@H](CC3)C(=C)C
KUGQIP,CC1=NCC(=O)N(c2ccc(cc2)N(=O)=O)c2ccccc12
KUGSEM,O=N(=O)c1cccc(c1)C1=Cc2ccccc2N1c1ccccn1
KUGXOZ,O=C1CN(C[C@@H]2N1CCc1c2cccc1)C(=O)c1ccc(cc1)N(=O)=O
KUHCEW,Cc1ccc(cc1)/N=C/c1ccccc1N(=O)=O
KUHKAB,N#CC([C@@H]1C(=C(NC)Oc2c1cccc2)N(=O)=O)C#N
KUHKEF,CCOC(=O)[C@@H]([C@@H]1C(=C(NC)Oc2c1cccc2)N(=O)=O)C#N
KUKHOP,O=N(=O)C(C1=NN(COCN2N=NC(=N2)C(N(=O)=O)(N(=O)=O)N(=O)=O)N=N1)(N(=O)=O)N(=O)=O
KUKHUV,NC1=C(N(COCN2N=C(C(=C2N(=O)=O)N)N(=O)=O)N=C1N(=O)=O)N(=O)=O
KUKJEH,O=N(=O)C1=CN(COCN2C=C(C(=N2)N(=O)=O)N(=O)=O)N=C1N(=O)=O
KUKJIL,O=N(=O)C1=NN(COCN2N=C(C=C2N(=O)=O)N(=O)=O)C(=C1)N(=O)=O
KUKLAE,O=C(c1cc(ccc1O)N(=O)=O)[C@@H]1C[C@H]2[C@H]([C@@H]1C=C2)OC(C)(C)C
KUKLIM,O=C(c1cc(ccc1O)N(=O)=O)[C@@H]1C[C@H]2[C@@H]([C@@H]1C=C2)OC(C)(C)C
KULGOO,COc1c(OC)c(cc(c1OC)N(=O)=O)N(=O)=O
KULRUG,OCCC#CC#Cc1cccc(c1)N(=O)=O
KUMJEJ,CCOC(=O)[C@@H](/C(=C\1/c2ccccc2N(C1=O)C(=O)OC(C)(C)C)/C)[C@H](c1ccccc1)CN(=O)=O
KUMKOT,COC(=O)[C@H]1C(=O)Oc2c([C@@H]1c1ccc(cc1)N(=O)=O)c(OC)cc(c2)OC
KUMMIP,O=C(N1C(=CC[C@@H]([C@@H]1c1ccccc1)N(=O)=O)C)OCc1ccccc1
KUMMOV,CCC(CC[C@@H]([C@H](c1ccccc1)/N=C/c1ccccc1)N(=O)=O)(OC)OC
KUMXIZ,CC1=C(C)N(OC(=O)c2ccc(cc2)N(=O)=O)N=N1
KUMYEY,CCOC(=O)c1cc(OCC(C)C)c(cc1OCC(C)C)C(=O)Nc1cc(C)c(Nc2cc(Nc3c(C)cc(N)cc3C)c(cc2N(=O)=O)N(=O)=O)c(C)c1
KUMZEZ,Cc1cccc(C)c1Nc1cc(Nc2c(C)cccc2C)c(cc1N(=O)=O)N(=O)=O
KUNJOV,COc1ccc(c(c1)O)/C=N/Nc1ccc(cc1N(=O)=O)N(=O)=O
KUNLAG,Cc1cc(C)nc(NC(=O)Cc2cccc(c2)N(=O)=O)c1
KUPBUU,O=C(NCCC(N(=O)=O)(N(=O)=O)N(=O)=O)C(=O)NCCC(N(=O)=O)(N(=O)=O)N(=O)=O
KUPCAB,O=C(OCCC(N(=O)=O)(N(=O)=O)N(=O)=O)C(=O)OCCC(N(=O)=O)(N(=O)=O)N(=O)=O
KUPCEF,NC(=O)OCCC(N(=O)=O)(N(=O)=O)N(=O)=O
KUPCIJ,O=C(NN(=O)=O)OCCC(N(=O)=O)(N(=O)=O)N(=O)=O
KUPLUF,O=C(Nc1ccccc1)c1ccc(cc1Nc1ccccc1)N(=O)=O
KUPMAM,O=C1N(c2ccccc2)c2ccc(cc2c2cc(ccc12)N(=O)=O)N(=O)=O
KUQKEN,O=C1Nc2c([C@]1(O)CC(=O)c1ccc(cc1)N(=O)=O)cccc2
KUQMOB,CCOC(=O)CN1C=C(C=CC1=O)N(=O)=O
KUQVAW,CO[C@@H]([C@@](/C=N/Nc1ccc(cc1N(=O)=O)N(=O)=O)(CC)C)c1ccccc1
KUQZOM,O=N(=O)c1ccc(cc1)C1=NNc2nccc(c3ccccc3)c12
KURHOX,CO[C@H]1CC(=O)O[C@@H]([C@@H]1OC(=O)C)[C@H](OC(=O)C)COC(=O)/C=C/c1ccc(cc1)N(=O)=O
KURNIX,COC(=O)C1(OC(=C(C(C)=O)C2=C1c1cc(ccc1N2C)N(=O)=O)C)C(=O)OC
KURNOD,COc1ccc(cc1)C(=O)C1=C(OC(C(=O)OC)(C(=O)OC)C2=C1N(C)c1ccccc21)c1ccc(cc1)N(=O)=O
KUSVUQ,Oc1ccccc1C1=NN(c2ccccc2)C(=C1)c1ccccc1Oc1ccc(cc1)N(=O)=O
KUTFOU,CN(C)CCCN1C(=O)c2cc(ccc2Oc2ccccc12)N(=O)=O
KUTGAI,CCOC(=O)c1ccc(NCCO)c(c1)N(=O)=O
KUTLET,CN1CC=C(N(C1=O)c1ccc(cc1)N(=O)=O)c1ccccc1
KUVKOE,CCN(CC)C(=O)c1ccccc1N(=O)=O
KUVTAY,COc1ccc(cc1)C1=CC=C/C(=N/Nc2ccc(cc2N(=O)=O)N(=O)=O)/CCC1
KUVZAF,CN1CCN(CCNC2=CC=C(C3=NON=C23)N(=O)=O)CC1
KUWGOZ,CC(C)(C)N1N=CC=C1c1ccc(cc1)N(=O)=O
KUXZUZ,O=C(C[C@]12OC(=O)[C@H](CC1=O)[C@H]([C@@H]2c1ccccc1)N(=O)=O)OC(C)(C)C
KUYFUH,C[C@H]1[C@@H](CC[C@H]1C(C)(C)C)OC(=O)c1cc(cc(c1)N(=O)=O)N(=O)=O
KUYGUI,C[C@H](N(=O)=O)CC1(C)C(=O)OC(OC1=O)(C)C
KUYVAD,Cc1nc(NNc2nc(C)c(cc2N(=O)=O)N(=O)=O)c(cc1N(=O)=O)N(=O)=O
KUYVEF,O=C(c1cc(cc(c1)N(=O)=O)N(=O)=O)O[C@H]1[C@@H]2CC[C@H]3[C@@H]2O[C@]1(C)C3
KUYYAE,OC(=O)[C@@H](Nc1ccc(cc1N(=O)=O)N(=O)=O)Cc1ccccc1
KUYYAF,COC(=O)[C@@H](Nc1ccc(cc1N(=O)=O)N(=O)=O)Cc1ccccc1
KUYYIN,O=N(=O)c1c(/C=C/c2ccccc2)c(cc(c1/C=C/c1ccccc1)N(=O)=O)N(=O)=O
KUZBAJ,CCOC(=O)/C(=C/c1cc(ccc1N1CCCC1)N(=O)=O)/C#N
KUZCUF,CCCC/C(=N\O)/C(=C(c1ccccc1)c1ccccc1)N(=O)=O
KUZJUL,CC1=NOC(=C1C)/N=C/c1cccc(c1)N(=O)=O
KUZVUX,CCOC(=O)CN1C=C(N=C1C)N(=O)=O
KUZVUX01,CCOC(=O)CN1C=C(N=C1C)N(=O)=O
KUZVUX02,CCOC(=O)CN1C=C(N=C1C)N(=O)=O
KUZZIR,Oc1ccccc1C(=O)c1ccc(c2ccccc2)c(c1)N(=O)=O
LABJON,O=C1NC(=O)N(C1)/N=C/C1=CC=C(O1)N(=O)=O
LABJON01,O=C1NC(=O)N(C1)/N=C/C1=CC=C(O1)N(=O)=O
LABJON02,O=C1NC(=O)N(C1)/N=C/C1=CC=C(O1)N(=O)=O
LABLOP,CN1C=NC(=C1NCc1ccccc1)N(=O)=O
LABMEJ,O=N(=O)c1ccc(cc1)/C=C/c1nc2CCc3c(-c2c2c1-c1ccccc1CC2)cccc3
LABTOX,CN1C=C(C2=C1[C@@]13CCCC[C@@H]1[C@H]1[C@@H]2[C@H]1[C@H]3c1ccccc1)N(=O)=O
LABVEP,OC(=O)/C=C/c1ccc(cc1)N(=O)=O
LACCUO,O=N(=O)c1ccc2c(c1)[C@@H](C#Cc1ccccc1)[C@@H]1[C@](O2)(CCCC1)N1CCOCC1
LACGAY,CNc1nc(NC)nc(n1)C(CCC#N)(N(=O)=O)N(=O)=O
LACGEC,COC(=O)CCC(c1nc(nc(n1)N(C)C)N(C)C)(N(=O)=O)N(=O)=O
LACLAC,Cc1c(cc(cc1N(=O)=O)N(=O)=O)C(N)=O
LACPEK,CCN(CC)CCN1N=C2c3cc(OC)ccc3Nc3c(ccc1c23)N(=O)=O
LACPIO,CNc1ccc(c2c(NCCCN(C)C)ccnc12)N(=O)=O
LADLAG,CC1=CC(=C2C=C(C(=O)N12)c1ccccc1N(=O)=O)C
LAGPIT,O=C/C(=C/C(=C/C(=C/c1ccc(cc1)N(=O)=O)/C)/C)/C
LAGPOZ,C/C(=C\c1ccc(cc1)N(=O)=O)/C=C(/C=C(/C=C/1\CCOC1=O)\C)\C
LAGVAT,COc1c2OCOc2c(OC)c(c1N(=O)=O)N(=O)=O
LAGZUR,CC(C)C(=O)NC1=C(C(=O)c2ccccc2C1=O)N(=O)=O
LAHBIJ,COc1ccccc1N1CCN(CC1)C(=O)c1cc(cc(c1)N(=O)=O)N(=O)=O
LAHCEC,OC(=O)CNc1ccc(cc1)N(=O)=O
LAHLIS,CC(=C)[C@@H]1[C@H](CCC1(CCCc1ccccc1)CCCc1ccccc1)OC(=O)c1cc(cc(c1)N(=O)=O)N(=O)=O
LAHSUM,CC(C)c1ccc(C)c(OCc2ccc(cc2)N(=O)=O)c1
LAJFAF,COCCNC(=O)Nc1ccc(cc1)N(=O)=O
LAKFUY,CC[C@H]([C@@H](C(=O)O)C)Nc1cc(N[C@H](C(=O)N)C)c(cc1N(=O)=O)N(=O)=O
LAKYUS,CCNC1=C(OC(=C1C(=O)OC)C(=O)OC)c1ccc(cc1)N(=O)=O
LALQIZ,CC(=O)C(=NNc1c(C)cccc1N(=O)=O)C(C)=O
LALVAZ,CCOC(=O)c1c(c(OC)c(OC)c(OC)c1N(=O)=O)N(=O)=O
LALWEE,COC(=O)c1c(c(OC)c(OC)c(OC)c1N(=O)=O)N(=O)=O
LALYEC,CCC1(C(=O)c2ccccc2C1=O)N(=O)=O
LALYIJ,COC(=O)[C@@]1(CC(=O)O[C@]21C(=O)N(c1c2cccc1)Cc1ccccc1)c1ccc(cc1)N(=O)=O
LALYUS,O=C(C1=C(CCC1)N[C@H](C(C)(C)C)c1ccccc1)OCc1ccc(cc1)N(=O)=O
LAMJOC,O=N(=O)c1cc(c(N2C3=NON=C3C3=NON=C3C3=NON=C23)c(c1)N(=O)=O)N(=O)=O
LAMRIB,O=N(=O)c1cc(ccc1N1CC[N@@]2CCN(Cc3ccccc3OCC[N@@](CCOc3c(C1)cccc3)CCOc1c(CN(CC2)Cc2c3ccccc3cc3c2cccc3)cccc1)Cc1c2ccccc2cc2c1cccc2)N(=O)=O
LANFIR,Oc1ccc(c(c1)/C=N/NC(=O)c1cccc(c1O)C)N(=O)=O
LANHIR,O=N(=O)c1ccc(cc1)/C=C/C1=Cc2c(N1C)cccc2
LANLOC,CC(C)OC(=O)c1cc(cc(c1)N(=O)=O)N(=O)=O
LANLOC01,CC(C)OC(=O)c1cc(cc(c1)N(=O)=O)N(=O)=O
LANNUL,COc1ccccc1N/N=C(/N(=O)=O)\N=N\c1ccccc1OC
LANTIF,C/C(=N\N=C(\c1cccc(c1)N(=O)=O)/C)/c1cccc(c1)N(=O)=O
LANWUU,O=C(c1ccc(cc1)N(=O)=O)N/N=C/c1cccc(c1)N(=O)=O
LAPCIQ,COc1c(OC)c(c(c(c1OC)N(=O)=O)N(=O)=O)N(=O)=O
LAPCOW,Oc1c(O)c(cc(c1O)N(=O)=O)N(=O)=O
LAPCUC,O=C(c1cccc(c1)N(=O)=O)N/N=C/c1cccc(c1)N(=O)=O
LAPHAM,C[C@H]1CCC[C@]2(O1)CCC[C@@H]2COC(=O)c1ccc(cc1)N(=O)=O
LAPVAC,COc1c(cc(cc1N(=O)=O)N(=O)=O)N1C=NN=N1
LAPVEG,COc1c(cc(cc1N(=O)=O)N1C=NN=N1)N(=O)=O
LAPVIK,Nc1c(cc(cc1N(=O)=O)N1C=NN=N1)N(=O)=O
LAPVOP,O=N(=O)c1ccc(cc1)C1=NN=C(O1)[C@]12C[C@H]3C[C@@H](C2)C[C@@H](C1)C3
LAPVOQ,Cc1ccc(cc1N1C=NN=N1)N(=O)=O
LAPVUW,O=N(=O)Nc1c(cc(cc1N(=O)=O)N1C=NN=N1)N(=O)=O
LAPWAD,O=N(=O)c1cc(cc(c1N=[N+]=[N-])N(=O)=O)N1C=NN=N1
LAPWEH,Cc1cc(N2C=NN=N2)c(cc1N(=O)=O)N(=O)=O
LAPWIL,Cc1c(cc(cc1N(=O)=O)N1C=NN=N1)N(=O)=O
LAPWOR,O=N(=O)c1cc(cc(c1N(=O)=O)N(=O)=O)N1C=NN=N1
LAPWUX,COc1cc(N2C=NN=N2)c(cc1N(=O)=O)N(=O)=O
LAPYUY,Cc1ccc(NC(=O)CCC(O)=O)c(c1)N(=O)=O
LAQGIU,C[C@H]1CCC[C@]2(O1)CCC[C@H]2COC(=O)c1ccc(cc1)N(=O)=O
LAQHES,Cc1ccccc1N1C(=Nc2cc(ccc2C1=O)N(=O)=O)C
LAQKIZ,C[C@@H]([C@H](c1ccc(cc1)N(=O)=O)O)N(=O)=O
LAQMAU,CC[C@@]1(C)c2c(CC1(C#N)C#N)cc1c(c2c2ccccc2)cc(cc1)N(=O)=O
LAQSUT,Oc1cccc(c1/C(=N/Nc1ccc(cc1)N(=O)=O)/C)O
LAQZEK,Cc1cc(C)c(c(c1)C)N1C(=O)C(C)(C)C(=O)N(C21O[C@@H]2c1ccc(cc1)N(=O)=O)c1c(C)cc(cc1C)C
LARJIA,O=N(=O)c1ccc(Cc2cnc3ccccc3n2)cc1
LASGUK,CC1=CC(=C(N1)/C=C(/c1ccccc1N(=O)=O)\C(=O)O)C
LATWOS,O=C(C(=O)C1=C(C=C(C2=NON=C12)N(=O)=O)N(=O)=O)c1ccccc1
LATWOT,COC(=O)c1cc(C)cc(NC(=O)c2cc(C)cc(c2OC)N(=O)=O)c1OC
LAVTOS,O=C1[C@@H]2CCN(/C/1=C\c1cccc(c1)N(=O)=O)CC2
LAWCUI,O=N(=O)c1ccc(cc1)/C=N/Nc1ccccc1N(=O)=O
LAWJAX,Cc1ccc2c(c1)CN([C@H](O2)c1ccc(cc1)N(=O)=O)c1ccccc1
LAWRAF,O=C(c1cc(cc(c1)N(=O)=O)N(=O)=O)O[C@H]1CC[C@]2([C@H](C1(C)C)CC[C@@]1([C@@H]2CC=C2[C@@]1(C)CC[C@@H]1[C@H]2CC(C)(C)CC1)C)C
LAWVIR,O=N(=O)c1ccc(CN2C=C(CN3C=CN=C3)N=N2)cc1
LAWVOX,CC(C)c1ccc(C)cc1OCC1=CN(Cc2ccc(cc2)N(=O)=O)N=N1
LAXNEF,CC([C@@H]1CC[C@H](C)[C@@H]2[C@H]3C(=C(C)CC2)[C@@H]1C[C@H](C3)OC(=O)c1ccc(cc1)N(=O)=O)C
LAYGOK,CC[C@@H](C(=O)Oc1ccc(cc1N(=O)=O)N(=O)=O)C
LAYSOV,O=N(=O)C1=C(C2=NON=C2N(=O)=O)C(=NN1)N(=O)=O
LEBGAA,CC(C)(C)OC(=O)CCC(CCC(=O)OC(C)(C)C)(CCC(=O)OC(C)(C)C)N(=O)=O
LEBGAA01,CC(C)(C)OC(=O)CCC(CCC(=O)OC(C)(C)C)(CCC(=O)OC(C)(C)C)N(=O)=O
LEBGAA02,CC(C)(C)OC(=O)CCC(CCC(=O)OC(C)(C)C)(CCC(=O)OC(C)(C)C)N(=O)=O
LEBGEE,CC(C)=NNc1ccc(cc1N(=O)=O)N(=O)=O
LEBGEE01,CC(C)=NNc1ccc(cc1N(=O)=O)N(=O)=O
LEBGEE02,CC(C)=NNc1ccc(cc1N(=O)=O)N(=O)=O
LEBGEE03,CC(C)=NNc1ccc(cc1N(=O)=O)N(=O)=O
LEBGEE04,CC(C)=NNc1ccc(cc1N(=O)=O)N(=O)=O
LEBGEE05,CC(C)=NNc1ccc(cc1N(=O)=O)N(=O)=O
LEBJEH,O=N(=O)C1=C(ON=C1C)[C@H]1[C@H](c2ccccc2)[C@]2([C@]1(/C=C/c1ccccc1)ON=C2C)N(=O)=O
LECLEL,CC1=C(c2ccccc2)C(=C(N1)C(=O)NNC(=O)Nc1ccc(cc1)N(=O)=O)c1ccccc1
LECLEL02,CC1=C(c2ccccc2)C(=C(N1)C(=O)NNC(=O)Nc1ccc(cc1)N(=O)=O)c1ccccc1
LECVAQ,O=C(N1N=C(Oc2cc(cc(c12)N(=O)=O)N(=O)=O)C1=CC=CO1)C1=CC=CO1
LEDBUU,CCOC(=O)C1=C(O)C[C@H]([C@@H]([C@@H]1c1ccccc1)N(=O)=O)c1ccc(cc1)N(=O)=O
LEDVEX,O=N(=O)c1c(OCc2ccccc2)cccc1OCc1ccccc1
LEDWAS,OC(=O)CCCNc1ccc(cc1)N(=O)=O
LEDYOK,COC(=O)CNC(=O)c1ccc(OC)c(c1)N(=O)=O
LEFCEG,C/C(=C\c1ccccc1N(=O)=O)/N(=O)=O
LEFFEI,CC(=O)O/N=C(\C1=CNC=N1)/N(=O)=O
LEFHAH,COc1c(C(=O)N[C@H](C(=O)OC)C)c(OC)c(cc1N(=O)=O)N(=O)=O
LEFHAI,CC1=C[C@@H]2O[C@]3(CCCCO3)CC(=C)[C@@H]2C[C@H]1OC(=O)c1ccc(cc1)N(=O)=O
LEFJIS,CC(=O)O[C@]1(C)C[C@@H](COC(=O)c2ccc(cc2)N(=O)=O)O[C@]2(C1)CC(=C)[C@@H]1[C@H](O2)C=C(C(=O)C1)C
LEFKOY,COC(=O)c1cccc(c1C(O)=O)N(=O)=O
LEFMAM,O=C(NNc1ccc(cc1N(=O)=O)N(=O)=O)c1ccccc1
LEFRAP,O=N(=O)C1CN(CN(C1)N(=O)=O)N(=O)=O
LEFRET,OC(=O)CCC1(CN(CN(C1)N(=O)=O)N(=O)=O)N(=O)=O
LEFRIZ,COc1ccc(c(c1)N(=O)=O)/N=C/c1ccccc1O
LEFXUR,O=C(c1ccc(cc1)N(=O)=O)/C=C\1/CCCCCN1
LEFZED,CC(=O)Nc1ccc(Oc2ccc(cc2)N(=O)=O)cc1
LEGFAG,OC1=C(C(=O)CC(C1)(C)C)[C@H](C1=C(O)CC(CC1=O)(C)C)/C=C/c1ccc(cc1)N(=O)=O
LEGGUC,O=N(=O)C[C@@H]([C@@H](C(=O)C)/C=C/c1ccccc1)c1ccccc1
LEGWAX,CCOC(=O)[C@]1(C)CCC[C@@]2([C@@H]1CC[C@@]13[C@H]2CC[C@@](C1)(C(=O)[C@H]3COCc1ccccc1N(=O)=O)C)C
LEGYII,O=N(=O)C1=NN2CN3N=C(C(=C3NC2=C1N(=O)=O)N(=O)=O)N(=O)=O
LEGYOO,O=N(=O)NN1C2=C(C(=NN2CN2N=C(C(=C12)N(=O)=O)N(=O)=O)N(=O)=O)N(=O)=O
LEGYUU,NN1C2=C(C(=NN2CN2N=C(C(=C12)N(=O)=O)N(=O)=O)N(=O)=O)N(=O)=O
LEGZAB,O=N(=O)C1=NN2CCCN3N=C(C(=C3NC2=C1N(=O)=O)N(=O)=O)N(=O)=O
LEHNIW,CN1C(=O)NC=C(C1=O)N(=O)=O
LEJKOA,O=N(=O)C1(N(=O)=O)[C@@H]2C[C@H]3[C@H]4[C@@H]2[C@H]2[C@@H]1C[C@H]([C@@H]42)C3(N(=O)=O)N(=O)=O
LEKHUE,CC1=NC(=C(C)N1)N(=O)=O
LEKLOC,O=Cc1ccccc1CCNc1ccccc1N(=O)=O
LELKAR,CCOC(=O)C1=C(C(=O)OCC)[C@]2(C(=C(N1)Nc1cccc(c1)N(=O)=O)C#N)C(=O)Nc1c2cccc1
LELLAR,O=C(C1=C(Nc2ccccc2)C[C@H](N([C@@H]1c1ccc(cc1)N(=O)=O)c1ccccc1)c1ccc(cc1)N(=O)=O)OC(C)(C)C
LELZAG,N#C/C(=C\c1ccc2c(c1)OCCOCCOCCOCCO2)/c1ccc(cc1)N(=O)=O
LEMSAA,COc1cccc(C(=O)Nc2ccc(cc2)N(=O)=O)c1OC
LEMWUY,O/N=C/c1cc(OC)c(cc1N(=O)=O)OCc1ccccc1
LENDAM,C=CCc1ccc2c(c1/C=N/Nc1ccc(cc1N(=O)=O)N(=O)=O)cccc2
LENJOE,COc1c(O)ccc(c1N(=O)=O)/C=C/C(=O)O
LENMUM,Cc1ccc(OCC#CC#CCOc2ccc(cc2N(=O)=O)N(=O)=O)c(c1)N(=O)=O
LENNAU,O=C(c1ccc(Oc2ccc(cc2)N(=O)=O)cc1)c1ccc(Oc2ccc(cc2)N(=O)=O)cc1
LEPCIU,OC(=O)CN1C=CN=C1N(=O)=O
LEPMUR,CCN1C(=O)C[C@H](C1=O)c1cccc(c1C=O)N(=O)=O
LEPQAZ,CC1=CC(=O)C[C@H](C1)c1cccc(c1)N(=O)=O
LEPSIJ,O=C1N(c2ccccc2)N(C(=C1/N=C/c1ccccc1OCCOc1ccccc1N(=O)=O)C)C
LEPTEF,CC1=NC(=NO1)c1ccc(cc1)N(=O)=O
LEQMUQ,COc1ccc2c(c1)/C(=C(\c1ccccc1N(=O)=O)/c1ccccc1)/C(=O)N2C
LEQPIJ,O=N(=O)N1[C@@H]2N(CC(N(=O)=O)(N(=O)=O)N(=O)=O)[C@@H]3N([C@@H]4[C@H]1N([C@H]2N([C@H]3N4N(=O)=O)N(=O)=O)N(=O)=O)N(=O)=O
LEQPOP,O=N(=O)N1[C@@H]2N(CC(N(=O)=O)(N(=O)=O)N(=O)=O)[C@@H]3N([C@@H]4[C@H]1N([C@H]2N([C@H]3N4N(=O)=O)CC(N(=O)=O)(N(=O)=O)N(=O)=O)N(=O)=O)N(=O)=O
LEQTAC,O=C(c1ccc(cc1)O)N/N=C/C1=CC=C(O1)N(=O)=O
LERPON,N#C/C(=C(/C(=C(\c1ccccc1)/CC(=O)c1ccccc1)/C)\c1ccccc1)/c1ccc(cc1)N(=O)=O
LERWOX,CCCC1=CC(=O)[C@@](N1Nc1ccc(cc1N(=O)=O)N(=O)=O)(O)CC(=O)OC
LERZEP,O=C1CC(C)(C)CC2=C1[C@H](C1=C(O2)CC(CC1=O)(C)C)c1ccc(cc1N(=O)=O)N(=O)=O
LERZIT,CC(=O)/C=C(/C1=Cc2cc(ccc2OC1=O)N(=O)=O)\O
LESFOF,CC(=O)Nc1ccc(cc1N(=O)=O)N(=O)=O
LESFOF01,CC(=O)Nc1ccc(cc1N(=O)=O)N(=O)=O
LESHUP,CC1(C)CCc2c(O1)c1ccccc1c1nc3ccc(cc3nc21)N(=O)=O
LESLIG,COC(=O)c1cc(NC(=O)c2ccc(cc2)N(=O)=O)c(O)cc1O
LESYEN,O=N(=O)c1ccccc1c1ccccc1
LETJID,COC(=O)[C@@]1(C#N)[C@](C)(N=N[C@@]1(C)c1ccccc1)c1ccc(cc1)N(=O)=O
LETNAZ,CC1=C(C(=NN1)C)N(=O)=O
LETNAZ01,CC1=C(C(=NN1)C)N(=O)=O
LETNAZ02,CC1=C(C(=NN1)C)N(=O)=O
LETPIJ,O=N(=O)c1cc(ccc1N/N=C/1\CC[C@H]2[C@@H]([C@@H]3[C@@H]1CCC3)CCC2)N(=O)=O
LETPIJ10,O=N(=O)c1cc(ccc1N/N=C/1\CC[C@H]2[C@@H]([C@@H]3[C@@H]1CCC3)CCC2)N(=O)=O
LEVKEE,CC([C@@H](N(=O)=O)Cc1ccccc1)(N(=O)=O)C
LEVNUW,O=N(=O)c1ccc(NCc2ccncc2)cc1
LEVNUW01,O=N(=O)c1ccc(NCc2ccncc2)cc1
LEWGEA,CCN1C(=O)c2ccc(cc2C1=O)N(=O)=O
LEWJUS,O=N(=O)C[C@]1(O)C(=O)c2cc(ccc2-c2c1cc(cc2)N(=O)=O)N(=O)=O
LEXYUK,CCOC(=O)C1=C(N2C(=O)CCC2=O)c2cc(ccc2O1)N(=O)=O
LEZGII,C#Cc1ccc2c(-c3ccccc3N2CCCCOc2ccc(cc2)/N=N/c2ccc(cc2)N(=O)=O)c1
LEZLOS,COC([C@@H]1CCCN1C([C@H](C)C/C(C)=N/Nc2c(N(=O)=O)cc(N(=O)=O)cc2)=O)=O
LEZNUZ,O=C1ON=C(/C/1=N/Nc1ccc(cc1)N(=O)=O)C
LEZPEL,CC1=NN(C(=O)/C/1=N\Nc1ccc(cc1)N(=O)=O)c1ccccc1
LEZXAQ,CN/C(=C(/C(=O)C)\N=N\c1ccc(cc1)N(=O)=O)/C
LEZXUK,CN/C(=C(/C(=O)c1ccccc1)\N=N\c1ccc(cc1)N(=O)=O)/C
LEZZUN,CCOC(=O)[C@H]1N(O[C@H]2[C@@H]1C(=O)N(C2=O)c1ccccc1)c1ccc(cc1)N(=O)=O
LIBMUF,COc1ccc(c(c1)O)/C(=N/NC(=O)c1ccc(cc1)N(=O)=O)/C
LIBXEZ,O=N(=O)c1ccc2nn(cc2c1)c1ccccc1
LIDCAC,O=N(=O)c1cc(ccc1N/N=C/1\C[C@@H]2CCCC[C@H]2[C@@]2([C@H]1CCC=C2)C)N(=O)=O
LIDTAU,O=C1/C(=C/c2cccc(c2)N(=O)=O)/CCC/C/1=C\c1cccc(c1)N(=O)=O
LIDTAU01,O=C1/C(=C/c2cccc(c2)N(=O)=O)/CCC/C/1=C\c1cccc(c1)N(=O)=O
LIDZED,Oc1c(CN2CCCCC2)cc(cc1CN1CCCCC1)N(=O)=O
LIDZIH,Oc1c(CN2CCOCC2)cc(cc1CN1CCOCC1)N(=O)=O
LIFBUZ,COC(=O)C1=C(C(=O)OC)[C@@H](c2cccc(c2)N(=O)=O)[C@@H]([C@@](N1c1ccccc1)(O)C(=O)OC)C(=O)OC
LIFJIV,CN1c2cccc3cccc(N(C)C1(C)c1ccc(cc1)N(=O)=O)c23
LIFJOB,O=N(=O)c1ccc(cc1)[C@]1(C)Nc2cccc3c2c(N1C)ccc3
LIFKAO,CN1c2cccc3cccc(N(C)C1(C)c1ccccc1N(=O)=O)c23
LIFKES,O=N(=O)c1ccccc1[C@@]1(C)Nc2cccc3c2c(N1C)ccc3
LIGGAL,CO[C@H]([C@]([C@@H]1CC[C@H](CC1)C=C)(Cc1ccc(cc1)N(=O)=O)OC)C
LIGHER,O=N(=O)c1ccc(OCc2ccc(cc2)c2ccc(COc3ccc(cc3)N(=O)=O)cc2)cc1
LIGTOL,O=C(c1ccc(cc1)N(=O)=O)O[C@H]1C[C@]2(O)CC=CC[C@]32C[C@@H]1C(C)(C)O3
LIGVED,O=C1C[C@@]23C[C@H](O[C@@H](O2)C[C@]23C[C@@H]1C(C)(C)O2)OC(=O)c1ccc(cc1)N(=O)=O
LIGYEF,O=N(=O)[C@@H]1CCC[C@@H]2[C@]1(O)c1ccccc1CC2
LIHFEN,O=N(=O)c1ccc2Oc3cc(c(cc3Oc2n1)N(=O)=O)N(=O)=O
LIHFIT,COc1ccc(cc1)CN1C[C@@H]2CCC[C@H]([C@H]1CN2Cc1ccccc1)OC(=O)c1ccc(cc1)N(=O)=O
LIHGAK,O=N(=O)/C=C\1/c2ccccc2OC2=C1Oc1c2cccc1
LIHWEF,O=C1O[C@H]2CCC[C@@H]2C(=O)N1c1ccc(cc1)N(=O)=O
LIJKEV,CC1=NC(=CN1c1cccnc1)N(=O)=O
LIJQEB,N#C/C(=C\C1=CNc2c1cccc2)/c1ccc(cc1)N(=O)=O
LIJREE,COC(=O)C1=C(NC)[C@@H]2CN(C[C@@H]2[C@@]2([C@H]1CN(C2)Cc1ccccc1)N(=O)=O)Cc1ccccc1
LIKDAN,COc1ccc(cc1OC)C(=O)N1CCc2ccc(cc12)N(=O)=O
LIKNAW,O=N(=O)c1ccc(NCCc2ccccc2)c(c1)N(=O)=O
LILJOF,COc1c(OC)cc(cc1OC)/C=C/c1ccc(cc1N(=O)=O)N(=O)=O
LILJUL,O=N(=O)c1cc(ccc1/C=C/c1ccc2c(c1)OCO2)N(=O)=O
LILJUL01,O=N(=O)c1cc(ccc1/C=C/c1ccc2c(c1)OCO2)N(=O)=O
LILKAU,O=C(/C(=N/Nc1ccc(cc1N(=O)=O)N(=O)=O)/C)OCC(=O)c1ccccc1
LILLEY,CC(=O)N1CC(CN1C(C)=O)(N(=O)=O)N(=O)=O
LIMDUJ,O=C(/C(=C/c1ccccc1)/c1cccnc1N(=O)=O)c1ccccc1
LIMHOF,CN(c1ccc(cc1)[C@@H]1N(C(=O)c2ccc(cc2)N(=O)=O)c2c(C1(C)C)cccc2)C
LINHUL,O=N(=O)[C@]12C[C@H]3C[C@@]2(C[C@@H](C1)C3)N(=O)=O
LINJAT,O=N(=O)[C@@H]1[C@@H]2C[C@@]3(C[C@H]1C[C@@]3(C2)N(=O)=O)N(=O)=O
LINKEB,O=C([C@H](c1ccc(cc1)c1ccccc1)CN(=O)=O)OC(C)(C)C
LINVUZ,COc1ccc(cc1)/C=C(/N(=O)=O)\C#N
LIPJOL,O=N(=O)c1ccccc1[C@@H]1Nc2ccccc2[C@H]2[C@@H]1CCCO2
LIPJUR,COc1ccc2c(c1)[C@@H]1OCCC[C@@H]1[C@@H](N2)c1ccccc1N(=O)=O
LIPKAY,COc1ccc2c(c1)[C@H]1OCC[C@H]1[C@H](N2)c1ccccc1N(=O)=O
LIPLUT,CC(=O)OC[C@H]1O[C@H](OC2CCCCC2)C(=C[C@H]1OC(=O)C)N(=O)=O
LIPRIO,Cc1ccc(Nc2ccc(c[n+]2[O-])N(=O)=O)cc1
LIPVEN,O=N(=O)c1cccc(c1)/C=C/c1ccc2c(n1)c(O)ccc2
LIPVUB,NCCN1CCN/C/1=C(\N(=O)=O)/C#N
LIPVUB01,NCCN1CCN/C/1=C(\N(=O)=O)/C#N
LIPVUB02,NCCN1CCN/C/1=C(\N(=O)=O)/C#N
LIPWAJ,O=C1N(C(=O)C(=C1C1=CCCCCC1)c1ccccc1)c1ccc(cc1)N(=O)=O
LIPWEN,O=C1N(C(=O)C(=C1C1=CCC=CC1)c1ccccc1)c1ccc(cc1)N(=O)=O
LIPWOY,COc1ccc2c(c1)[C@H]1OCCC[C@H]1C1=C3C(=NN21)C=C(C=C3)N(=O)=O
LIPXIT,COc1ccc2c(c1)[C@H](C[C@H](N2)c1ccccc1N(=O)=O)N1CCCC1=O
LIQDEW,O=N(=O)c1cnc(NCc2ccccc2)nc1
LIQKEC,O=C(C1=NNC=N1)N/N=C/c1cccc(c1)N(=O)=O
LIRLOO,O=C(c1ccc(cc1)N(=O)=O)OCc1cc2C[C@@H]3CC[C@](c2cc1COC(=O)c1ccc(cc1)N(=O)=O)(O3)C
LIRTAI,O=C1OCC/C/1=C(/C#Cc1ccc(cc1)N(=O)=O)\C
LISJUV,O=C1N(CC=C=C2C[C@@H]([C@H](C2)N=C(c2ccccc2)c2ccccc2)N(=O)=O)C(=O)c2c1cccc2
LISREL,CC(C)c1cccc(C(C)C)c1NCc1cc(ccc1O)N(=O)=O
LITKOR,O=N(=O)C1=NOC(=C1)N1CCOCC1
LITKUX,COc1ccc(cc1)[C@@H]1[C@H](C2=C(N(=O)=O)C(=NO2)c2ccc(cc2)OC)[C@H]([C@H]1C1=C(N(=O)=O)C(=NO1)c1ccc(cc1)OC)c1ccc(cc1)OC
LITPOU,O=N(=O)c1cc(ccc1N/N=C/1\CC[C@@]21CCC[C@]12CCCC21CCCC2)N(=O)=O
LITQAH,O=C(c1cc(cc(c1)N(=O)=O)N(=O)=O)O[C@H]1CC[C@]21CCCC12CCCC1
LITRAH,CN1[C@H](C)[C@]2(CC=C[C@@]([C@H]1C)(C2)N(=O)=O)N(=O)=O
LIVRAJ,CC(=O)O[C@H]1[C@H](O[C@H]2[C@@H]1NC(=O)N2c1ccccc1N(=O)=O)[C@H](OC(=O)C)COC(=O)C
LIVWET,O=C(CN1C=CN=C1N(=O)=O)NCc1ccccc1
LIVWET01,O=C(CN1C=CN=C1N(=O)=O)NCc1ccccc1
LIVWET02,O=C(CN1C=CN=C1N(=O)=O)NCc1ccccc1
LIVYAR,CCCCCCCCCCNc1ccc(cc1)N(=O)=O
LIVZOG,COc1ccccc1NC(=O)c1ccccc1N(=O)=O
LIWLOS,CCCC(=O)Nc1ccc(Cc2ccccn2)c(c1)N(=O)=O
LIWTUH,C[C@@H]1OC(=O)C(=C1)C[C@H](OC(=O)c1cc(cc(c1)N(=O)=O)N(=O)=O)CC#Cc1ccccc1
LIXDAY,CC1=NC(=CN1c1ccccc1N)N(=O)=O
LIXDAY01,CC1=NC(=CN1c1ccccc1N)N(=O)=O
LIXDAY02,CC1=NC(=CN1c1ccccc1N)N(=O)=O
LIXDAY03,CC1=NC(=CN1c1ccccc1N)N(=O)=O
LIXDAY04,CC1=NC(=CN1c1ccccc1N)N(=O)=O
LIXDAY05,CC1=NC(=CN1c1ccccc1N)N(=O)=O
LIXDAY06,CC1=NC(=CN1c1ccccc1N)N(=O)=O
LIXDAY07,CC1=NC(=CN1c1ccccc1N)N(=O)=O
LIXDAY08,CC1=NC(=CN1c1ccccc1N)N(=O)=O
LIXDEC,CC1=NC(=CN1c1ccccc1O)N(=O)=O
LIXKAE,O=C1C=CC[C@@]21CC=C[C@H]2OC(=O)c1ccc(cc1)N(=O)=O
LIXKEI,CC(=O)O[C@H]1C=CC[C@]21CC=C[C@H]2OC(=O)c1ccc(cc1)N(=O)=O
LIXPEQ,Cc1cccc(c1c1ccccc1N(=O)=O)/C(=C/1\c2ccccc2[C@]2([C@@]1(O2)c1ccccc1)c1ccccc1)/c1ccccc1
LIXRIT,O=C1/C(=C\Nc2ccccc2)/C=CC=C1N(=O)=O
LIXRIT01,O=C1/C(=C\Nc2ccccc2)/C=CC=C1N(=O)=O
LIXRIT02,O=C1/C(=C\Nc2ccccc2)/C=CC=C1N(=O)=O
LIXRIT03,O=C1/C(=C\Nc2ccccc2)/C=CC=C1N(=O)=O
LIXSAN,O=C([C@@H]1NC([C@@H]([C@H]1c1ccccc1)N(=O)=O)(c1ccccc1)c1ccccc1)OC(C)(C)C
LIXWAS,COc1ccc(cc1)/C=N/Nc1ccccc1N(=O)=O
LIYNUE,O=N(=O)c1ccc(cc1)C1=NC=C(O1)c1ccccc1
LIYSOE,CCN(c1ccc(c(c1)O)/C=N/c1cc(ccc1N)N(=O)=O)CC
LIYVEW,O=C1N(CCCN2CCOCC2)[C@H](C21c1ccccc1Oc1c2cccc1)c1cccc(c1)N(=O)=O
LIYVIA,COC(=O)c1ccc(cc1)c1ccc(cc1N(=O)=O)C(=O)OC
LIZBUS,O=N(=O)c1cc2Cc3ccc4ccccc4c3c2c2ccccc12
LIZVAU,O=C(c1ccc(cc1)N(=O)=O)OCC1=C[C@@]23[C@]4(C1)[C@@H](CC[C@H]([C@H]24)C)[C@H](C)CC[C@@H]3C(C)C
LIZVIC,C/C/1=C\CC[C@@H](C)[C@@H](C[C@H](CC1)C(C)C)OC(=O)c1ccc(cc1)N(=O)=O
LIZWIB,O=C(OC(C)(C)C)N[C@@H]([C@](C(=O)OC(C)(C)C)(N(=O)=O)C)c1ccccc1
LOBDIR,CC(OC(=O)[C@]1(CN1C(=O)c1cc(cc(c1)N(=O)=O)N(=O)=O)C(=O)OC(C)(C)C)C
LOBGOA01,CCO[C@@H]1Oc2c(OC)ccc3c2[C@]2(C1)C=C(OC)C(=O)C[C@@H]2[C@H](C3)N(=O)=O
LOBWIJ,CC1(C)Cc2ccc(cc2C(=O)N1O)N(=O)=O
LOCCEN,Cc1ccc(cc1)C(=O)OC[C@H]1O[C@H](C[C@@H]1OC(=O)c1ccc(cc1)C)N1N=CC(=C1)N(=O)=O
LOCVEE,CC1=CC=C(N(=O)=O)C2=NO[N+]([O-])=C12
LOCWOS,CCOC(=O)CC1=C(c2ccccc2)C(=C2NCCCN12)N(=O)=O
LODCOW,CCCCC1=C[C@H](CC[C@]1(C)CC(=O)OC)OC(=O)c1ccc(cc1)N(=O)=O
LOFCEQ,O=N(=O)c1ccc2C=NN(CCN3N=Cc4ccc(cc34)N(=O)=O)c2c1
LOFMUO,COC(=O)C1=C(C)C(=C(N[C@H]1c1ccccc1N(=O)=O)C)C(=O)OC
LOFRUW,CC(=O)N/N=C/C1=CC=C(O1)N(=O)=O
LOFSII,O=C1/C(=C\Nc2ccc(cc2)N(=O)=O)/C=CC=C1O
LOFSUV,CCN1C(=O)/C(=N\Nc2ccccc2N(=O)=O)/C(=C(C1=O)C#N)C
LOGHEV,O=N(=O)[C@H]1[C@H](N[C@@]2([C@@H]1c1ccccc1)CCOC2=O)c1ccccc1
LOGMUR,N#C[C@@H]1[C@@H](c2ccc(cc2)OC)C(=C2N([C@@]1(O)c1ccccc1)CCN2)N(=O)=O
LOHGOE,O=C1N(c2ccccc2)C(=O)c2ccc(c3cccc1c23)N(=O)=O
LOHHIB,O=N(=O)C[C@H](c1ccccc1)CC(=O)c1ccccc1
LOHNUS,CC(C/N=C/c1ccc(cc1)N(=O)=O)(C/N=C/c1ccc(cc1)N(=O)=O)C
LOHSIL,CC1=NN(c2ccccc2)c2ncc3C(=O)N(c4ccc(cc4)N(=O)=O)C(=O)c3c12
LOHXOW,O=N(=O)c1cccc(c1)/C=N/c1ccccc1
LOJBAN,CCCNc1ccc(cc1)N(=O)=O
LOJBER,CCCCNc1ccc(cc1)N(=O)=O
LOJBIV,CCCCCNc1ccc(cc1)N(=O)=O
LOJBIY,COC(=O)[C@@H]1[C@H](c2ccccc2)[C@H]([C@@H](N1[C@@H](c1ccccc1)CN(=O)=O)c1ccccc1)N(=O)=O
LOJFUN,COc1ccc(cc1)[C@H]1[C@H](N(=O)=O)[C@H]2[N@](C31C(=O)c1c(C3=O)cccc1)CCc1c2cccc1
LOJGOI,O=C1N(Cc2ccccc2)c2c([C@]31[N@]1CCc4c([C@@H]1[C@]([C@H]3c1ccccc1)(C)N(=O)=O)cccc4)cccc2
LOJHID,O=N(=O)c1ccc(cc1)[C@H]1[C@@H]2CCC[N@@]2[C@]2([C@@H]1C1=Nc3ccccc3C(=O)N1c1ccccc1)C(=O)Nc1c2cccc1
LOJKAX,Cc1c(cccc1N(=O)=O)C#N
LOJNOO,O=N(=O)[C@H]1[C@@H](N[C@]2([C@H]1c1ccccc1)CCOC2=O)c1ccccc1
LOJWIR,O=C([C@H]1C[C@H](O[C@H]1c1ccc(cc1)N(=O)=O)c1ccccc1)c1ccccc1
LOKGUP,O=N(=O)[C@@H]1[C@H](CC(=O)[C@]1(C)O)c1ccccc1
LOKMOQ,Cc1ccc(cc1)[C@@H]1C2=C(NC=C2)[C@H](C(=C1N(=O)=O)N(=O)=O)c1ccc(cc1)C
LOKYIU,COC(=O)c1ccc(NC(=O)c2ccc(c(OCC(=O)OC(C)(C)C)c2)N(=O)=O)c(OCC(=O)OC(C)(C)C)c1
LOKYUG,COC(=O)c1ccc(NC(=O)c2ccc(NC(=O)c3ccc(c(OCC(=O)OC(C)(C)C)c3)N(=O)=O)c(OCC(=O)OC(C)(C)C)c2)c(OCC(=O)OC(C)(C)C)c1
LOKZAN,COC(=O)c1ccc(NC(=O)c2ccc(NC(=O)c3ccc(c(OCC(=O)OC(C)(C)C)c3)N(=O)=O)c(OCC(=O)OC(C)(C)C)n2)c(OCC(=O)OC(C)(C)C)n1
LOKZER,COC(=O)c1ccc(NC(=O)c2ccc(NC(=O)c3ccc(c(OCC(=O)OC(C)(C)C)n3)N(=O)=O)c(OCC(=O)OC(C)(C)C)c2)c(OCC(=O)OC(C)(C)C)c1
LOLBUL01,CCOC(=O)C1=C(C)NC(=O)N[C@H]1c1cccc(c1)N(=O)=O
LOLCOG,O[C@@H]([C@H](c1ccccc1)/N=C/c1cc(ccc1O)N(=O)=O)c1ccccc1
LOLGAV,O=N(=O)c1ccccc1N1C=C(N=N1)c1ccccc1
LOLGAV01,O=N(=O)c1ccccc1N1C=C(N=N1)c1ccccc1
LOLGUP,O=N(=O)c1cccc(c1)N1C=C(N=N1)c1ccccc1
LOLHOK,O=N(=O)c1ccc(cc1)N1C=C(N=N1)c1ccccc1
LOLJAX,O=C(N1CC(C1)(N(=O)=O)N(=O)=O)C(=O)N1CC(C1)(N(=O)=O)N(=O)=O
LOLJAX01,O=C(N1CC(C1)(N(=O)=O)N(=O)=O)C(=O)N1CC(C1)(N(=O)=O)N(=O)=O
LOLJAX02,O=C(N1CC(C1)(N(=O)=O)N(=O)=O)C(=O)N1CC(C1)(N(=O)=O)N(=O)=O
LOLQAE,COC(=O)[C@H]1NC([C@H]([C@@H]1c1ccc(cc1)OC)N(=O)=O)(c1ccccc1)c1ccccc1
LOLQEI,COC(=O)[C@H]([C@@H](c1ccc(cc1)OC)CN(=O)=O)NC(=O)C
LOLYIX,CN1c2ccc3c(c2C([C@]21C=Cc1c(O2)ccc(c1)N(=O)=O)(C)C)cccc3
LONCEZ,C=C[C@@H](c1ccc(cc1)C(=O)OC)CC1=CN=C(O1)c1ccc(cc1)N(=O)=O
LONJAA,Oc1cc(O)c(c(O)c1N(=O)=O)N(=O)=O
LONNIO,O=N(=O)C[C@@H]([C@]1(CCCCC1=O)/C=C/c1ccccc1)c1ccccc1
LONSAK,O=C1CCC(=O)N1C(=O)c1ccc(cc1)N(=O)=O
LONSOY,O=N(=O)[C@@H]1[C@@H](N[C@@H]([C@H]1c1ccccc1)c1cccc(c1)N(=O)=O)c1ccccc1
LONSUE,COc1ccccc1[C@@H]1N[C@@H]([C@H]([C@@H]1N(=O)=O)c1ccccc1)c1ccccc1
LONTAL,COc1ccc(cc1)[C@@H]1N[C@@H]([C@@H]([C@H]1N(=O)=O)c1ccccc1)c1ccccc1
LONTEQ,O=C1O[C@H]2[C@@H](N1Cc1ccc(cc1)N(=O)=O)CCCC2
LONWAN,COc1cccc(c1)/C=C/c1ccc(cc1)N(=O)=O
LOPLAF,C[C@@H]1[C@H](OC(=O)c2ccc(cc2)N(=O)=O)[C@]2(C[C@]1(C)CC2)C
LOPMUA,CCCN(C(=O)c1cc(cc(c1)N(=O)=O)N(=O)=O)[C@H]1CCC(=CC1)C#C
LOQFEF,Cc1ccc2c(c1)[C@]1(Nc3ccccc3C[C@@H]1N(=O)=O)C(=O)N2C
LOQFIJ,COC(=O)[C@]1(Nc2ccccc2C[C@H]1N(=O)=O)c1ccccc1
LOQFUV,O=N(=O)CC[C@]1(c2ccccc2N(C1=O)C(=O)OC(C)(C)C)N1C=Cc2c1cccc2
LOQHAD,C[C@H]([C@H]1C[C@H]2C[C@@H](C1=C)C2(C)C)OC(=O)c1cc(cc(c1)N(=O)=O)N(=O)=O
LOQJEJ,C#C/C=C\1/OC(=NC1(C)C)c1ccc(cc1)N(=O)=O
LOQJUZ,COC(=O)[C@@H]([C@H](c1ccccc1)NC(=O)C1=NN=C(O1)c1ccc(cc1)N(=O)=O)O
LORJAD,CCOC(=O)/C(=C/N/N=C\1/N(C)C(=O)N(C(=O)/C1=N\O)C)/N(=O)=O
LORNAI,Cc1c(CC#N)cccc1N(=O)=O
LOSDUT,CCNc1ccc(cc1N(=O)=O)C(O)=O
LOSRIX,CC([C@@H]1N[C@@H](N(C1=O)/N=C/c1ccc(cc1)N(=O)=O)c1ccc(cc1)N(=O)=O)C
LOSSUK,O=C(COC(=O)c1ccccn1)c1ccc(cc1)N(=O)=O
LOVYAW,O=C(c1ccc(cc1)N(=O)=O)c1cc(cc(c1)C(=O)c1ccc(cc1)N(=O)=O)C(=O)c1ccc(cc1)N(=O)=O
LOWHAJ,CO[C@H]1C[C@H](Oc2c1cc(cc2)N(=O)=O)c1ccccc1
LOWHEN,CO[C@H]1C[C@@](OC)(Oc2c1cc(cc2)N(=O)=O)c1ccc(cc1)N(=O)=O
LOWHIR,CO[C@H]1C[C@](OC)(Oc2c1cc(cc2)N(=O)=O)c1ccc(cc1)N(=O)=O
LOWMOB,O=N(=O)C[C@@H]1C=C(OC2=C1C(=NN2c1ccccc1)C)c1ccccc1
LOWMUH,CCOC(=O)[C@@H]1[C@@H](c2ccccc2)[C@@H](N(=O)=O)[C@H]([C@@H]([C@]1(C)O)C1=C(N(=O)=O)C(=NO1)C)c1ccccc1
LOXPAP,OC[C@H](N1OC[C@H]2[C@@H]1c1cc(ccc1OC2)N(=O)=O)c1ccccc1
LOZGAI,O=N(=O)c1cccc2nc3c(cccc3N(=O)=O)nc12
LOZGOW,Cc1c(ccc2nc3c(ccc(c3nc12)C(C)(C)C)N(=O)=O)N(=O)=O
LOZKUJ,O=N(=O)c1cc(ccc1N/N=C/c1c(O)ccc2c1cccc2)N(=O)=O
LOZKUJ01,O=N(=O)c1cc(ccc1N/N=C/c1c(O)ccc2c1cccc2)N(=O)=O
LOZRAW,COc1cc(cc(c1OC)OC)[C@@H]1CCC(=O)N1Nc1ccc(cc1N(=O)=O)N(=O)=O
LUBGIB,O=N(=O)c1ccccc1CN1CCN(CC1)Cc1ccccc1N(=O)=O
LUBKEB,Cc1ccc2c(c1)C(=O)[C@H]1[C@H](O2)[C@@]2([C@@H]([C@H]([C@@H]1O)N(=O)=O)C(=O)OC(C)(C)C)C(=O)N(c1c2cccc1)C(=O)C
LUCVIP,O=N(=O)c1ccc2c(c1)[C@@H]1OC[C@@H](O1)CO2
LUCVUC,C[C@@H]1CC[C@@]2(OC1)O[C@@H]1[C@H]([C@@H]2C)[C@@]2([C@@H](C1)[C@@H]1CC[C@@H]3[C@]([C@H]1CC2)(C)C=CC(=C3N)N(=O)=O)C
LUCXOY,O=N(=O)[C@H]1[C@H](c2ccccc2)[C@@H]2[N@]([C@@]31C(=O)Nc1c3cccc1)CCC2
LUDFAR,O=C/C=C/O/C=C/C1=NOC(=C1)N(=O)=O
LUDGAS,CN(C)c1ccc(cc1)C(=O)c1ccc(cc1)N(=O)=O
LUDMAZ,C=CC[C@]([C@H](C(C)C)OC(=O)c1ccc(cc1)N(=O)=O)(C(=O)OC)C
LUDYIU,O=C1O[C@@]2([C@H]1[C@H](c1ccccc1)[C@H](C2)c1ccc(cc1)N(=O)=O)c1ccccn1
LUFMEF,O=C1C[C@@H]2C(=C1c1ccc(cc1)N(=O)=O)[C@@H](OC2)C
LUFTIQ,CCOC(=O)C[C@@H]1C[C@@H]2[C@@H](C[C@@H](C[C@@H]2Cc2c1ccc(n2)OC)C)OC(=O)c1cccc(c1)N(=O)=O
LUFVAJ,COc1ccc(cc1)N([C@H](c1ccccc1)[C@H](CN(=O)=O)C)C(=O)OC(C)(C)C
LUFXIV,CCCCCCC1=CN(N=N1)c1ccc(cc1)N(=O)=O
LUFXUH,O=N(=O)c1ccc(N2C3=NON=C3N(c3ccc(cc3N(=O)=O)N(=O)=O)C3=NON=C23)c(c1)N(=O)=O
LUGBAR,C/C(=N\c1c(C)cc(cc1C)N(=O)=O)/c1cccc(n1)/C(=N/c1c(C)cc(cc1C)N(=O)=O)/C
LUGGAY,O=C(c1ccc(cc1)N(=O)=O)O/N=C/1\CC[C@H]2O[C@@]2(CC[C@@H]2[C@@H]1CC2(C)C)C
LUHJUU,CCOC(=O)[C@H]1C(=O)N([C@@]21C=CC(=O)C=C2)Cc1cccc(c1)N(=O)=O
LUHWEQ,CC1=NN2C(=N1)N(N=C(C2=O)N(=O)=O)[C@]12C[C@H]3C[C@@H](C2)C[C@@H](C1)C3
LUJLEJ,O=N(=O)N=C1Nc2cc(c(cc2N1)N(=O)=O)N(=O)=O
LUJMIO,O=N(=O)C1=Nc2ccccc2N1
LUJPIR,Cc1ccc2c(Oc3c2cc(cc3N(=O)=O)C(C)(C)C)c1
LUJPUD,COc1cc2c(Oc3ccccc23)c(c1)N(=O)=O
LUKFAZ,Cc1ccc(cc1)/C=C/[C@@H](c1ccc(cc1)N(=O)=O)OCc1ccccc1
LUKFEC,OCCCCCCOc1ccc(cc1)c1ccc(cc1)N(=O)=O
LUKFIH,CC1=C(C2=C(N(=O)=O)C=C(N(=O)=O)C3=NO[N+]([O-])=C23)c4ccccc4N1Cc5ccccc5
LUKTAN,Oc1cc(N(=O)=O)c(c(c1)N(=O)=O)/C=C/c1c(cc(cc1N(=O)=O)N(=O)=O)N(=O)=O
LUKVEU,COc1ccc2c(c1)C(=C(N2)c1ccccc1)[C@@H](c1ccccc1)CN(=O)=O
LULYEW,O=N(=O)c1ccc([O-])c(C=[NH+]Cc2ccccc2)c1
LULYEW01,O=C1C=CC(=C/C/1=C/NCc1ccccc1)N(=O)=O
LUNDEG,COc1ccccc1[C@@H]([C@]12OC(O[C@@H]2[C@@H]2O[C@H]1N(Cc1ccccc1)C2)(C)C)CN(=O)=O
LUNSAR,Oc1ccc(cc1/N=N/c1ccc(cc1)N(=O)=O)C(C)(C)C
LUPBAA,O[C@@H]1CCO[C@@H]1[C@H]1CCCN1C(=O)c1ccc(cc1)N(=O)=O
LUPGUY,CC(=O)N1N=C(C[C@@H]1C1=CC=CO1)c1ccc(cc1)N(=O)=O
LUPGUY01,CC(=O)N1N=C(C[C@H]1C1=CC=CO1)c1ccc(cc1)N(=O)=O
LUPWOI,COc1nc(N)nc(OC)c1N(=O)=O
LUPWUO,COc1nc(N)c(c(OC)n1)N(=O)=O
LUQHIR,CC(C)(C)C(=O)Nc1ccc(cc1C(=O)Nc1ccc2N=C(OC(=O)c2c1)C(C)(C)C)N(=O)=O
LUQHOX,CC(C)(C)C1=Nc2ccc(cc2C(=O)O1)N(=O)=O
LUQLEO,COc1ccc(cc1)C(=O)/C=C(/c1ccc(cc1)N(=O)=O)\O
LUQLOY,COc1ccc(cc1)/C(=C/C(=O)c1cccc(c1)N(=O)=O)/O
LUQPEU,O=C(OC(C)(C)C)/C=C/c1ccc(cc1)N(=O)=O
LURREV,CO[C@@]1(C)O[C@@H](C(=O)O[C@]1(C)OC)[C@@H](c1ccc(cc1)N(=O)=O)O
LUTXAB,CNC1=C(C=C2[C@@H](N1C)Oc1c(C2=O)cccc1)N(=O)=O
LUVPOH,O=C1N/C(=N/C(=O)c2cc(cc(c2)N(=O)=O)N(=O)=O)/N[C@]1(Cc1ccccc1)c1ccccc1
LUVREZ,CC(=O)N(c1ccccc1)c1ccc(cc1)N(=O)=O
LUVREZ01,CC(=O)N(c1ccccc1)c1ccc(cc1)N(=O)=O
LUXWAC,COC(=O)[C@@]12C(=O)CCC(=O)[C@@H]1CCC1=C3[C@](CC[C@@H]21)(C)[C@@H](CC3)OC(=O)c1ccc(cc1)N(=O)=O
LUYJIB,Oc1ccccc1C(=O)NCCCOC(=O)c1ccc(cc1)N(=O)=O
LUYZOV,CO[C@@H](C1=C(OC2=C1/C(=C/c1ccc(cc1)N(=O)=O)/CC(C2)(C(=O)OC)C(=O)OC)c1ccccc1)c1ccccc1
MABBEA,C[C@H](c1cc2OCOc2cc1N(=O)=O)OCN1C=C(c2c1cccc2)c1ccncc1
MABBUN,CCCC[C@@H](/C=N/[C@@H]1[C@@H](O)Cc2c1cc(cc2)N(=O)=O)CC
MABPAJ,O=C1N[C@@H](Nc2c1cccc2)c1ccc(cc1)N(=O)=O
MABZNA,CN(c1ccc(cc1)/C=N/c1ccc(cc1)N(=O)=O)C
MABZNA01,CN(c1ccc(cc1)/C=N/c1ccc(cc1)N(=O)=O)C
MABZNA02,CN(c1ccc(cc1)/C=N/c1ccc(cc1)N(=O)=O)C
MABZNA03,CN(C)c1ccc(cc1)C=Nc1ccc(cc1)N(=O)=O
MABZNA04,CN(c1ccc(cc1)/C=N/c1ccc(cc1)N(=O)=O)C
MACINA10,OC(=O)/C=C/c1ccc(c(c1)N(=O)=O)N(C)C
MADKOT,O[C@@H]([C@H](N(=O)=O)C)c1ccncc1
MADKUZ,O[C@H](C(N(=O)=O)(C)C)c1ccncc1
MAFPOA,O=N(=O)C[C@@H]1N(CCc2c1cccc2)Cc1ccccc1
MAFPOA01,O=N(=O)C[C@H]1N(CCc2c1cccc2)Cc1ccccc1
MAFVEV,COC(=O)[C@]12CC3=C(CN2C(=O)[C@@H]([C@H]1c1ccccc1)N(=O)=O)N(C=N3)Cc1ccccc1
MAFVIZ,COC(=O)[C@@]12CC3=C(CN2C(=O)[C@H]([C@@H]1C1=CN(C=N1)C(c1ccccc1)(c1ccccc1)c1ccccc1)N(=O)=O)N(C=N3)Cc1ccccc1
MAGPOC,O=N(=O)c1ccc(cc1)c1c(Nc2ccccc2)ccc2ccccc12
MAHHUZ,Cc1cc(C)c(c(c1)N(=O)=O)/N=N/c1c(C)cc(cc1N(=O)=O)C
MAJHUE,COC(=O)/C(=C/C1(CCC1)OC(=O)c1ccc(cc1)N(=O)=O)/c1ccccc1
MAJPIW,O=N(=O)C[C@@H](c1c2ccccc2cc2c1cccc2)O
MAJTEX,O=C1NC(=O)c2c1cccc2N(=O)=O
MAJTIB,O=C1NC(=O)c2cc(ccc12)N(=O)=O
MAKFUB,C#C[C@@]1(O)CC[C@H]2[C@@]1(C)CC[C@@H]1[C@@H]2CCc2c1cc(N(=O)=O)c(c2)O
MAKRUO,O=C(/C=C/c1ccc(cc1)N(=O)=O)/C=C/[C@H]1C(=CCCC1(C)C)C
MAKSAV,O=C(/C=C/c1cccc(c1)N(=O)=O)/C=C/[C@@H]1C(=CCCC1(C)C)C
MAKSEZ,O=C(/C=C/c1cccc(c1)N(=O)=O)/C=C/C1=C(C)CCCC1(C)C
MALFEN,COC(=O)C1=C(C)NC(=C([C@@H]1c1cc(OC)c(cc1N(=O)=O)OC)C(=O)OC)C
MALKOC,O=N(=O)c1ccc(cc1)/C=C/C1=Nc2ccccc2C(=O)N1c1ccccc1
MALNIZ,O=N(=O)C[C@@H]([C@@]1(C)C=CC(=O)O1)c1ccc2c(c1)cccc2
MALZEF,COc1ccc(cc1)/C=C/c1ccc(cc1C#N)N(=O)=O
MALZIJ,COc1ccc(cc1)/C=C/c1ccc(cc1N(=O)=O)N(=O)=O
MALZOP,COc1ccc(cc1)/C=C/c1c(cc(cc1N(=O)=O)N(=O)=O)N(=O)=O
MAMCIN,O=C1/C(=C/c2ccc(cc2)N(=O)=O)/CCC/C/1=C\c1ccc(cc1)N(=O)=O
MAMFOW,Cc1ccc(cc1)/C=C/c1ccc(cc1)N(=O)=O
MAMGEM,O=N(=O)C(=C(c1ccccc1)c1ccccc1)N(=O)=O
MAMHOY,O=N(=O)c1ccc(cc1)/C=C/C=C/C=C/c1ccc(cc1)N(=O)=O
MAMLEU,Oc1cccc(c1)C(=O)/C=C/c1ccc(cc1)N(=O)=O
MAMSUO,O=C[C@]12C[C@H](C[C@H]1C=C[C@H]1[C@@]2(C)CC[C@@H]([C@H]1C)OC(=O)c1ccc(cc1)N(=O)=O)C#N
MANBIO,O=N(=O)c1ccc(N2CCCC2)c(c1)C#N
MANNUL,O=C(/C(=C/c1ccc(cc1)N(=O)=O)/c1ccccc1C(=O)O)Nc1ccccc1
MANXUW,CCCCO[C@@H]1CNc2c(O1)cc(cc2)N(=O)=O
MAPANA,CN(C)CCCNc1c2ccccc2nc2ccc(cc12)N(=O)=O
MAPFOZ,COc1ccc(c(c1)/C=N/c1ccc(cc1)N(=O)=O)O
MAPFUF,CCOc1cccc(c1O)/C=N/c1ccc(cc1)N(=O)=O
MAPJUK,CCC(CC)(NC(=O)Cc1ccc2ccc3cccc4ccc1c2c34)C(=O)NC(CC)(CC)C(=O)NC(CC)(CC)C(=O)NC(CC)(CC)C(=O)NC(CC)(CC)C(=O)OCc1ccc(cc1)N(=O)=O
MAPPUQ,CC(=O)O[C@H]1NC(=C(N(=O)=O)N(=O)=O)N[C@@H]1OC(=O)C
MAQDUG,CCCNC(=O)C1=CN2[N@]([C@@H]1c1ccc(cc1)N(=O)=O)[C@H]([C@@H](C2=O)NC(=O)OCc1ccccc1)C(C)C
MASJEW,CC([C@@H]1CC[C@@](CC1)(O)COC(=O)c1ccc(cc1)N(=O)=O)C
MASNUS,O=C(O[C@H]1C[C@@]2(O[C@@H]1c1ccccc1)C=CC(=O)O2)/C=C/c1ccc(cc1)N(=O)=O
MATBIV01,Cc1ccc(cc1N(=O)=O)C(O)=O
MATCUF,CN1C(=O)N=C(N(C)c2ccc(cc2)N(=O)=O)N(C)C1=O
MATDEQ,CN1C(=O)N(C)C(=Nc2ccc(cc2)N(=O)=O)N(C)C1=O
MATDEQ01,CN1C(=O)N(C)C(=Nc2ccc(cc2)N(=O)=O)N(C)C1=O
MATDET,O=C1Oc2ccccc2C(=C1[C@H](C1=C(O)c2c(OC1=O)cccc2)c1cccc(c1)N(=O)=O)O
MATGOD,O=N(=O)c1ccccc1N[C@H]1CCCC[C@@H]1Nc1ccccc1N(=O)=O
MATKEX,COC(=O)CC1=C(N=NN1[C@H]1O[C@@H]([C@@H]2[C@H]1OC(O2)(C)C)COC(=O)c1ccc(cc1)N(=O)=O)C(=O)OC
MAVBIX,CC(C)(C)NC1=C(N(C=C1c1ccccc1)C(C)(C)C)c1ccc(cc1)N(=O)=O
MAVHAT,O=N(=O)[C@H]1[C@H]2CCC[N@]2[C@@]2([C@@H]1c1ccccc1)C(=O)Nc1c2cccc1
MAVHAT01,O=N(=O)[C@@H]1[C@@H]2CCC[N@@]2[C@]2([C@H]1c1ccccc1)C(=O)Nc1c2cccc1
MAWSAE,C[C@H]1CCC[C@@H](/C/1=N\Nc1ccc(cc1N(=O)=O)N(=O)=O)C
MAXPEH,CCOc1cc2C=C[C@]3(Oc2c(c1)N(=O)=O)N(c1ccccc1)c1c(C3(C)C)cccc1
MAXPOR,COc1cc2C=C[C@]3(Oc2c(c1)N(=O)=O)N(c1ccccc1)c1c(C3(C)C)cccc1
MAYCEX,O[C@H]1C[C@H](C=C([C@@]21C(=NN(C2=O)c1ccccc1)c1ccccc1)c1ccccc1)c1ccc(cc1)N(=O)=O
MAYDIB,CC(=O)CC[C@@]1(CC[C@](CC1)(CCC(=O)C)N(=O)=O)N(=O)=O
MAYDOH,CC(=O)CC[C@@]1(CC[C@@](CC1)(CCC(=O)C)N(=O)=O)N(=O)=O
MAYKAB,C#CCN1[C@@H](CN(=O)=O)[C@H]2[C@@H]([C@H]1[C@@H](O)C)OC(O2)(C)C
MAYKEF,O[C@@H]1C[N@@]2C[C@@H]([C@@H]([C@H]2[C@H]2[C@@H]1OC(O2)(C)C)N(=O)=O)C
MAYKIJ,O[C@@H]1C[N@]2C[C@H]3[C@@]([C@H]2[C@H]2[C@@H]1OC(O2)(C)C)(C3)N(=O)=O
MAYKOP,O[C@@H]1C[N@]2C[C@H]([C@H]([C@@H]2[C@@H]2[C@H]1OC(O2)(C)C)N(=O)=O)C
MAYKUV,C[C@@H]([C@@H]1[C@H]2OC(O[C@H]2[C@H]2[N@@]1C[C@H]1[C@@]2(C1)N(=O)=O)(C)C)O
MAYZES,CO[C@]1(C)O[C@H](C(=O)O[C@@]1(C)OC)[C@H](c1ccccc1)CN(=O)=O
MAYZIW,CO[C@@]1(C)O[C@@H](C(=O)O[C@]1(C)OC)[C@H]1CCCC[C@H]1N(=O)=O
MAZLUX,O=N(=O)C[C@@H](C(=O)N(Cc1ccccc1)Cc1ccccc1)CC(=O)N1CCOCC1
MAZMEH,CCOC(=O)CN1C=NC(=C1N(=O)=O)N(=O)=O
MAZMIL,CN1C(=NC(=C1N1CCCCC1)N(=O)=O)C
MAZSIR,COc1cccc(c1[C@H](CN(=O)=O)O)OC
MAZWAM,O=N(=O)c1ccc(cc1)/C=N/CCCC/N=C/c1ccc(cc1)N(=O)=O
MAZWEQ,O=N(=O)c1ccc(cc1)/C=N/CCCCCC/N=C/c1ccc(cc1)N(=O)=O
MAZWEQ01,O=N(=O)c1ccc(cc1)/C=N/CCCCCC/N=C/c1ccc(cc1)N(=O)=O
MAZWIU,OC(=O)c1ccccc1C(=O)Nc1cccc(c1)N(=O)=O
MAZWOA,CCOC(=O)C1=C(C)NC(=C([C@H]1C1=CC=C(O1)N(=O)=O)C#N)C
MAZWUG,CCOC(=O)C1=C(C)NC(=C([C@H]1C1=CC=C(O1)N(=O)=O)C(=O)OCC)C
MAZXAN,N#CC1=C(C)NC(=C([C@H]1C1=CC=C(O1)N(=O)=O)C#N)C
MAZXEQ,O=C1[C@H]2C[C@@H](c3c1cc(cc3)N(=O)=O)C(=O)c1c2ccc(c1)N(=O)=O
MAZXIU,O=C1[C@H]2C[C@@H](c3c1c(N(=O)=O)c(cc3)C)C(=O)c1c2ccc(c1N(=O)=O)C
MAZYIW,O=C(OCc1ccccc1)c1cc(cc(c1)N(=O)=O)N(=O)=O
MAZYIW01,O=C(OCc1ccccc1)c1cc(cc(c1)N(=O)=O)N(=O)=O
MAZZOD,OC(=O)CCC(=O)Nc1cccc(c1)N(=O)=O
MBXHNO,COC(=O)CCCC[C@@H]([C@@H](N(=O)=O)COC(C)(C)C)O
MBZPNA10,Cc1ccc(/C=N/c2ccc(N(=O)=O)cc2)cc1
MBZPNA11,Cc1ccc(cc1)/C=N/c1ccc(cc1)N(=O)=O
MBZPNA12,Cc1ccc(cc1)/C=N/c1ccc(cc1)N(=O)=O
MBZPNA13,Cc1ccc(cc1)/C=N/c1ccc(cc1)N(=O)=O
MCNBZP10,COC(=O)c1ccc(C(=O)c2c(C)cc(C)cc2C)c(c1)N(=O)=O
MCNPIZ,COC(=O)[C@@]12C(=NO[C@@]2(c2ccccc2)C(=C(C1=O)C(=O)OC)c1ccccc1)c1ccc(cc1)N(=O)=O
MDNPUR,CN(C(=O)N(C)c1ccc(cc1N(=O)=O)N(=O)=O)c1ccc(cc1N(=O)=O)N(=O)=O
MEBDAA,O=N(=O)C[C@@H]([C@@H]([C@@H]1CC[C@H](O1)C)C(=O)O)c1ccccc1
MEBQAL,O=C(c1ccc(cc1)N(=O)=O)OC[C@]12CCC3(C[C@@H]2CCN(C1)Cc1ccccc1)OCCO3
MEDLIS,Oc1ccc(cc1/C=N/c1ccc(cc1)N(C)C)N(=O)=O
MEDNEQ,O=C1NN=C2COc3c(cc(cc3N(=O)=O)N(=O)=O)N12
MEDNIU,C/C(=C(\N1N=C2N(C1=O)c1cc(cc(c1OC2)N(=O)=O)N(=O)=O)/C(=O)C)/O
MEDXAW,CC(Nc1ccc(cc1N(=O)=O)/N=N/c1ccc(cc1N(=O)=O)N(=O)=O)C
MEDXAW01,CC(Nc1ccc(cc1N(=O)=O)/N=N/c1ccc(cc1N(=O)=O)N(=O)=O)C
MEFGAG,CC(C[C@@H](C(=O)Nc1ccc(cc1)N(=O)=O)NC(=O)[C@@H](NC(=O)[C@@H](NC(=O)OCc1ccccc1)C)C)C
MEGMIV,O[C@H]1CCN(C1)/C(=N/C(=O)OCc1ccc(cc1)N(=O)=O)/C
MEGSIB,CCN1c2ccccc2c2cc(ccc12)c1ccc2N(CC)c3ccccc3c2c1N(=O)=O
MEHCEI,O=N(=O)c1cc(ccc1N/N=C(\c1ccccc1)/C=C/C1=CC=CO1)N(=O)=O
MEJFAL,COCN1[C@@H]2[C@H](N(C1=O)COC)N(C(=O)N2Cc1ccc(cc1)N(=O)=O)Cc1ccc(cc1)N(=O)=O
MEJFEP,COCN1C(=O)N([C@@H]2[C@H]1N(Cc1ccc(cc1)N(=O)=O)C(=O)N2Cc1ccc(cc1)N(=O)=O)CN1C(=O)N([C@H]2[C@@H]1N(Cc1ccc(cc1)N(=O)=O)C(=O)N2Cc1ccc(cc1)N(=O)=O)COC
MEJGOY,CCOC(=O)N1N=C([C@](C1=C)(Cc1ccc(cc1)N(=O)=O)C(=O)OCC)OCC
MEJJUH,CC(OC(=O)N(/C(=C\C1=CC=CO1)/N(=O)=O)NC(=O)OC(C)C)C
MEJKOD,O=C(c1cc(cc(c1)N(=O)=O)N(=O)=O)OC[C@]12CCCCC[C@@H]2O1
MEJLAQ,O=C(c1cc(cc(c1)N(=O)=O)N(=O)=O)OC[C@]12CCCC[C@@]2(O1)C
MEJLOF,O=C(c1ccc(cc1)N(=O)=O)O[C@]1(C[C@H]2CC[C@@H]1C=C2)C(=O)C
MEJLUL,O=C(c1ccc(cc1)N(=O)=O)O[C@]1(C[C@@H]2CC[C@H]1C=C2)C(=O)C
MEJNAS,COC(=O)[C@@H](C1=NOc2c1cccc2)[C@H](c1ccc(cc1)C)CN(=O)=O
MEKJUJ,N#CC1=C(C)/C(=N/Nc2ccc(cc2N(=O)=O)OC)/C(=O)N(C1=O)C
MEKKAQ,CCN1C(=O)/C(=N\Nc2ccc(cc2N(=O)=O)OC)/C(=C(C1=O)C#N)C
MEKRAV,O=C1NC(=C([C@@H](C1)c1cccc(c1)N(=O)=O)C(=O)C)C
MELCUE,CC(C)(C)c1cc(CNc2ccc(cc2)N(=O)=O)cc(c1O)C(C)(C)C
MEMDIS,O=N(=O)c1ccc(cc1)C1=CO[C@@H]2O[C@H]1OC=C2c1ccc(cc1)N(=O)=O
MEMQIH,C/C(=N\Nc1ccccn1)/c1ccc(cc1)N(=O)=O
MENBEN,O=N(=O)c1ccccc1/C=N/c1ccccc1
MENFXN,CC1=[N+]([O-])ON=C1N(=O)=O
MENNOI,C/C(=C\C(=O)c1ccccc1N(=O)=O)/C1=COC(=C1)c1ccccc1N(=O)=O
MENOIM,CC1=NC(=CN1)N(=O)=O
MENOIM01,CC1=NC(=CN1)N(=O)=O
MENPDL,CC(CO)(CO)N(=O)=O
MENPED,Cc1ccc(cc1)C(=O)[C@@H]1C[C@H](c2ccc(cc2)N(=O)=O)C2=C([C@]31c1ccccc1N(C3=O)Cc1ccccc1)N(C)c1c2cccc1
MENPHL,O=C(c1ccc(cc1)N(=O)=O)O[C@@H]1[C@H]2CC[C@@H]1[C@@H]1[C@H]2[C@@H]2C=C[C@H]1C2
MENPND10,COC(=O)C(=NNc1ccc(cc1N(=O)=O)N(=O)=O)C(=O)OC
MENPPO,O=C1C[C@@H](C(=O)N1C)c1ccccc1N(=O)=O
MENRON,O=N(=O)C([C@@H]1c2ccccc2[C@@](c2c1cccc2)(CCC[C@]1(N(=O)=O)c2ccccc2[C@@H](c2c1cccc2)C(N(=O)=O)(N(=O)=O)N(=O)=O)N(=O)=O)(N(=O)=O)N(=O)=O
MENTCN,COC(=O)[C@@H]1[C@@H]2[C@H]([C@]3([C@]1(C)C3)CCC2(C)C)OC(=O)c1ccc(cc1)N(=O)=O
MEPFOD,CCN(CC)CC[NH+]=Cc1cc(ccc1[O-])N(=O)=O
MEPPUV,CC(C1=C[C@@]23CC(N=C2c2cc(ccc2N[C@]3(CC1=O)C)N(=O)=O)(C)C)C
MEPQAA,O=N(=O)C1=CC=C(NCCc2ccccn2)C2=NON=C12
MEQMIF,O=C(c1cc(cc(c1)N(=O)=O)N(=O)=O)OC[C@@H]1C=COC=C2[C@H]1COC2
MEQNIG,CCOC(=O)C1=C(OC=N1)c1ccc(cc1)N(=O)=O
MEQVAG,[O-][N+]1=C2C=C(N(=O)=O)C3=NN=NN3C2=NO1
MEQVAG01,[O-][N+]1=C2C=C(N(=O)=O)C3=NN=NN3C2=NO1
MEQVIO,CCc1ccc(CCOc2ccc(cc2)N(=O)=O)nc1
MERKOM,O=N(=O)C1=CN2C(=N1)OC[C@H]2c1ccccc1
MERMEE,O=N(=O)c1c(N=[N+]=[N-])c(N2C=NC=N2)c(N=[N+]=[N-])c(c1N=[N+]=[N-])N(=O)=O
MERMOO,Nc1c(N2C=NC=N2)c(N2C=NC=N2)c(c(N)c1N(=O)=O)N(=O)=O
MERVEN,Nc1c(N2C=NC=N2)c(N)c(c(N)c1N(=O)=O)N(=O)=O
MEVZES,O=N(=O)c1cccc2CCc3ccccc3c12
MEWGIG,CC(=O)N(c1ccc(cc1)N(=O)=O)c1ccc(cc1)N(=O)=O
MEWHIH,N#CC1=C(OC(=C([C@@H]1c1ccc(cc1)OC)N(=O)=O)NC)c1ccccc1
MEWLIL,C=CCN1C(=O)Nc2cc(ccc12)N(=O)=O
MEWSAK,O=N(=O)OCC(CON(=O)=O)N(=O)=O
MEWTUF,OC[C@@]1(CN(C[C@@H]1c1ccc(cc1)OC)C)N(=O)=O
MEWVUH,O=C1C(=COc2ccccc12)Cc1cccc(c1)N(=O)=O
MEWYIY,COc1ccc(cc1)C(=O)C1=Cc2cc(ccc2OC1=O)N(=O)=O
MEXLIN,Cc1ccc(cc1)/C=C/C(=N/Nc1ccc(cc1N(=O)=O)N(=O)=O)/c1ccccc1
MEXTUG,Cc1c(C)c2OC(=O)CCc2c(c1O)N(=O)=O
MEYJAB,COC(=O)C1=C(c2ccccc2N(=O)=O)C(=C(C)N2C(=C(C=C12)C#N)N)C(=O)OC(C)C
MEZHAC,C=CCN1c2ccccc2[C@@]2(C1=O)N(c1ccc(cc1)C)[C@H](OC2(C(=O)OC)C(=O)OC)c1ccc(cc1)N(=O)=O
MEZHUU,O=N(=O)Nc1ccc(cc1)N(=O)=O
MEZNOX,CC[C@H](C(=O)c1ccccc1)[C@@H](c1ccccc1)Nc1ccc(cc1)N(=O)=O
MEZSUH,N#CC1=C(C=C(C2=C(ON=C12)N)N(=O)=O)C(=O)N1CC[C@]2(CC1)OC[C@@H](O2)C
MEZTAO,C[C@H]1CO[C@@]2(O1)CCN(CC2)C(=O)C1=CC2=NOC(=C2C(=C1)N(=O)=O)N
MEZXOE,N#CC1=C(N)OC2=C([C@@H]1c1ccccc1N(=O)=O)C(=O)CC(C2)(C)C
MFHPYC,CCOC(=O)C1(C[C@H]([C@H](N1C=O)O)c1ccccc1N(=O)=O)C(=O)OCC
MHNTCN,COC(=O)/C=C/c1ccc(c(c1)N(=O)=O)O
MHPNBZ10,O=C(c1cc(cc(c1)N(=O)=O)N(=O)=O)O[C@@H](C(C)(C)C)C[C@H](C(C)(C)C)c1ccccc1
MIBFEK,O=N(=O)C[C@H]1[C@@H](Oc2c1ccc(c2)C)C(=O)C
MIBFOT,O=N(=O)c1cccc(c1)/C=N/CCCC/N=C/c1cccc(c1)N(=O)=O
MIBFOT01,O=N(=O)c1cccc(c1)/C=N/CCCC/N=C/c1cccc(c1)N(=O)=O
MICMAM,CCCNc1ccc(cc1N(=O)=O)N(=O)=O
MICMEQ,CCCCNc1ccc(cc1N(=O)=O)N(=O)=O
MICMIU,CCCCCNc1ccc(cc1N(=O)=O)N(=O)=O
MICXAY,O=C(c1ccc(cc1)N(=O)=O)OC[C@@]1(O[C@H]1c1ccccc1)[C@@]1(COC(=O)c2ccc(cc2)N(=O)=O)O[C@H]1c1ccccc1
MIDDUB,CC1=C(c2ccccc2)[C@@]2([C@@](C1=O)(C)CNc1c2cccc1N(=O)=O)c1ccccc1
MIDFAJ,Cc1cc2c(c(c1)N(=O)=O)NC[C@]1([C@]2(c2ccccc2)C(=C(C1=O)C)c1ccccc1)C
MIDZAD,O=N(=O)C1=NOC(=N1)/N=N/C1=NC(=NO1)N(=O)=O
MIDZEH,O=N(=O)C1=NON=C1C1=NOC(=N1)/N=N/C1=NC(=NO1)C1=NON=C1N(=O)=O
MIFDOX,O=C(O[C@@H]1C[C@H]2[C@H]3[C@@H]1CCO[C@H]3OC2)Oc1ccc(cc1)N(=O)=O
MIFKAQ,O=N(=O)c1ccc2c(c1)C=C[C@@]1(O2)N(C)c2c(C1(C)C)c(ccc2c1ccncc1)c1ccncc1
MIFLEV,CN1c2c(ccc(c2C([C@]21C=Cc1c(O2)ccc(c1)N(=O)=O)(C)C)c1ccncc1)c1ccc(c2c1N(C)[C@@]1(C2(C)C)C=Cc2c(O1)ccc(c2)N(=O)=O)c1ccncc1
MIFREY,O=N(=O)/C=C/1\N(Cc2ccccc2)[C@@H]2[C@H](N1Cc1ccccc1)N(Cc1ccccc1)[C@H]1[C@@H](N2Cc2ccccc2)N(Cc2ccccc2)CN1Cc1ccccc1
MIFWOO,O=C1NC2=NNC(=C2[C@@H](C1)c1ccc(cc1)N(=O)=O)C
MIGVIK,Cc1c2C=NN(c3ccccc3)c3nc(N)c(C#N)c(nc1c1ccc(cc1)N(=O)=O)c23
MIGXUW,O=C(NC(c1ccccn1)(c1ccccn1)c1ccccn1)c1cc(cc(c1)N(=O)=O)N(=O)=O
MIGZAF,O=C1C=C[C@@]2([C@H](C1)[C@@H](COC(=O)c1ccc(cc1)N(=O)=O)[C@H](O2)c1ccccc1)C
MIHCUE,CC(=O)C1=C[C@]2(C(=CC1)[C@@H](CC[C@@H]2C)OC(=O)c1ccc(cc1)N(=O)=O)C
MIJVEH,O=C([C@@H](N(C(=O)C)CC(=O)N1CCCCC1)Cc1ccccc1)Nc1ccc(cc1)N(=O)=O
MIKTEG,CN(CN1N=NC(=N1)N(=O)=O)N(=O)=O
MILGAR,COc1ccc(cc1)[C@H]([C@@]1(C)N=C(OC1=O)c1ccccc1)CN(=O)=O
MILWUA,Cc1cc(OC(=O)c2ccc(cc2)N(=O)=O)cc2CCC(C)(C)Oc12
MILXAH,Cc1c(O)c(c(C)c2OC(C)(C)CCc12)N(=O)=O
MILXIP,Cc1cc(O)c(c2CCC(C)(C)Oc12)N(=O)=O
MILXOV,Cc1c2OC(C)(C)CCc2c(c(O)c1N(=O)=O)N(=O)=O
MIMMAZ,COC(=O)[C@@]1(OC(=C(C1=O)C)c1cc(OC)cc(c1)OC)C[C@H](N(=O)=O)Cc1ccccc1
MIMPOQ,O=N(=O)C[C@H]1ON=C(C1)c1ccccc1
MIMXOW,O=C(CN(=O)=O)c1ccccc1
MIMXOW01,O=C(CN(=O)=O)c1ccccc1
MIMXOW02,O=C(CN(=O)=O)c1ccccc1
MIMYUF,Nc1nc2c3ccccc3C=Cc2c(c2ccc(cc2)N(=O)=O)c1C#N
MINHEY,CN1CCN(CC1)/N=C/c1ccc(cc1)N(=O)=O
MINJEA,O=C1N(C)C(=C(C(=O)N1C)[C@H](C1=C(O)CC(CC1=O)(C)C)c1ccc(cc1)N(=O)=O)O
MINPAB,Cc1ccc(c(c1)C)/N=C/c1ccccc1N(=O)=O
MINPEF,Cc1ccc(c(c1)C)/N=C/c1cccc(c1)N(=O)=O
MINVOV,O=C1C[C@@H]2[C@@]1(C)CC[C@H]1[C@@]2(C)CC[C@@H]2[C@]1(C)CC[C@@H](C2(C)C)OC(=O)c1cc(cc(c1)N(=O)=O)N(=O)=O
MINWAI,O=C1C[C@H]2[C@]1(C)CC[C@H](C2(C)C)OC(=O)c1cc(cc(c1)N(=O)=O)N(=O)=O
MINWOV,C/C(=N\Nc1ccc(cc1N(=O)=O)N(=O)=O)/c1ccc(cc1)C1=CC(C)(C)C=C2[C@@]1(C)Cc1c2cccc1
MIPLON,CCC[C@H]1[C@H](N(=O)=O)[C@@H](O)C[C@@H]2N1C(=O)CC2
MIPMUW,O=N(=O)c1ccc2ccc(c3CCc1c23)N(=O)=O
MIQNOP,O=C(c1cc(cc(c1)N(=O)=O)N(=O)=O)O[C@@H]1C[C@H]2C[C@@H]1c1c2cccc1
MIQSAH,COC(=O)[C@@]([C@@]1(O)C(=O)Nc2c1cc(cc2)N(=O)=O)(c1ccccc1)OCc1ccccc1
MIQSEL,CO[C@H]1O[C@@H](C)[C@]([C@@H](C1)OC(=O)c1cc(cc(c1)N(=O)=O)N(=O)=O)(O)[C@@H](OC(=O)c1cc(cc(c1)N(=O)=O)N(=O)=O)C
MIQWUE,Cc1cc(O)ccc1c1ccc(c(C)c1)c1ccc(c(C)c1)N(=O)=O
MIQWUE01,Cc1cc(O)ccc1c1ccc(c(C)c1)c1ccc(c(C)c1)N(=O)=O
MIQZUH,OCCN(c1ccc(cc1)/C=C/N(=O)=O)C
MIRBOE,O=N(=O)c1cc2OCCOCCOCCOCCOc3cc(c(cc3OCCOCCOCCOCCOc2cc1N(=O)=O)N(=O)=O)N(=O)=O
MIRLOO,Cc1ccc(cc1)[C@H]1C[C@@]1(N(=O)=O)[C@@]1(C[C@@H]1c1ccc(cc1)C)N(=O)=O
MIRZIX,COCOC[C@@H]([C@]12CCC(=O)[C@@H]2C1)OC(=O)c1ccc(cc1)N(=O)=O
MISDAU,COC(=O)/C(=N/Nc1ccc(cc1)N(=O)=O)/C
MISWOD,O=C[C@]1(O)N(N=C(C1(C)C)c1ccccc1)c1ccc(cc1)N(=O)=O
MITGAY,O=N(=O)c1cc(c2Oc3cc4OCc5ccc(COc6cc(Oc1c2)cc(Oc1cc(Oc(c4)c3)c(cc1N(=O)=O)N(=O)=O)c6)cc5)N(=O)=O
MITJIK,COc1ccc(cc1OC)/C(=N/Nc1ccc(cc1N(=O)=O)N(=O)=O)/C[C@]12C[C@H]3C[C@@H](C2)C[C@@H](C1)C3
MITXAO,CCOC(=O)[C@@H]1O[C@H](NC=C1C(=O)OCC)c1ccc(cc1)N(=O)=O
MIWFED01,CC1=C(C(=O)C)[C@H](C(=C(N1)C)C(=O)C)c1cccc(c1)N(=O)=O
MIWJEK,CCOC(=O)[C@H]1Nc2cc(ccc2O[C@H]1OC(=O)C)N(=O)=O
MIWJIO,CCOC(=O)[C@@H]1Nc2ccc(cc2O[C@@H]1OC(=O)C)N(=O)=O
MIWRIU,O=C(OC1CC2C3OC4C5CC(C24)C1C35)c1cc(cc(c1)N(=O)=O)N(=O)=O
MIWYUO,C[C@H](c1cccc2c1cccc2)NC(=O)c1cc(cc(c1)N(=O)=O)N(=O)=O
MIXBUS,O=N(=O)c1ccc2Nc3ccc(cc3c2c1)N1c2ccccc2c2ccccc12
MIXFOQ,C=C1CC[C@H]2[C@@]([C@@H]1C/C=C\1/C(=O)OC[C@@H]1Oc1ccc(cc1)N(=O)=O)(C)CC[C@@H]1[C@@]2(C)COC(O1)(C)C
MIXRAM,CCOC(=O)C(=C)[C@@]1(O)C(=O)N(c2c1cc(cc2)N(=O)=O)C
MIXXOH,O=N(=O)c1ccc([O-])c(C=[NH+]CCC2=CNc3ccccc23)c1
MIXXUN,Oc1ccc(C=O)cc1N(=O)=O
MIYCII,O=N(=O)c1ccc(cc1)/N=C/C1=CC=CN1
MIYFUV,O=N(=O)c1ccc(cc1)[C@H](C1=CC=CN1)C1=CC=CN1
MIYKUD,CCCN1c2ccccc2C=C(c2ccc(cc2)N(=O)=O)c2ccccc12
MIYZAW,CO[C@@H]1CC[C@@H]([C@@H](O1)c1ccc(cc1)N(=O)=O)C(OC)OC
MIZBED,COC(=O)c1c(O)cccc1c1ccc(cc1)N(=O)=O
MIZJIP,CCOC(=O)C1=C(C)N(C(=C([C@H]1c1cccc(c1)N(=O)=O)C(=O)OCC)C)c1ccc(cc1)OC
MNABTZ10,C[N+]1=Nc2ccccc2C(=N1)[N-]c1ccccc1N(=O)=O
MNBZAC,OC(=O)c1cccc(c1)N(=O)=O
MNBZAC01,OC(=O)c1cccc(c1)N(=O)=O
MNBZAC04,OC(=O)c1cccc(c1)N(=O)=O
MNETAM,CN(/C=C/N(=O)=O)C
MNETAM01,CN(/C=C/N(=O)=O)C
MNFURP,Cc1ccc(cc1)C(=O)C=CC1=CC=C(O1)N(=O)=O
MNIAAN01,CC(=O)Nc1ccc(C)cc1N(=O)=O
MNIAAN02,CC(=O)Nc1ccc(C)cc1N(=O)=O
MNIAAN10,CC(=O)Nc1ccc(C)cc1N(=O)=O
MNIAAN11,CC(=O)Nc1ccc(C)cc1N(=O)=O
MNIAAN12,CC(=O)Nc1ccc(C)cc1N(=O)=O
MNIANL01,Nc1cccc(c1)N(=O)=O
MNIANL02,Nc1cccc(c1)N(=O)=O
MNIANL03,Nc1cccc(c1)N(=O)=O
MNIANL04,Nc1cccc(c1)N(=O)=O
MNIANL05,Nc1cccc(c1)N(=O)=O
MNIANL10,Nc1cccc(c1)N(=O)=O
MNIANL11,Nc1cccc(c1)N(=O)=O
MNIMET,CC1=NC=C(N1CCO)N(=O)=O
MNIMET02,CC1=NC=C(N1CCO)N(=O)=O
MNIMET03,CC1=NC=C(N1CCO)N(=O)=O
MNIMET04,CC1=NC=C(N1CCO)N(=O)=O
MNIMET05,CC1=NC=C(N1CCO)N(=O)=O
MNIMET06,CC1=NC=C(N1CCO)N(=O)=O
MNIPZN,Cc1ccc(c(c1)N(=O)=O)N/N=C/1\C(=O)C=Cc2c1cccc2
MNIPZN01,Cc1ccc(c(c1)N(=O)=O)N/N=C/1\C(=O)C=Cc2c1cccc2
MNOMAN10,CNc1ccc(C)c(c1)N(=O)=O
MNPHOL02,Oc1cccc(c1)N(=O)=O
MNPHOL03,Oc1cccc(c1)N(=O)=O
MNPHOL10,Oc1cccc(c1)N(=O)=O
MNPHOL11,Oc1cccc(c1)N(=O)=O
MNPHOL12,Oc1cccc(c1)N(=O)=O
MNPHOL13,Oc1cccc(c1)N(=O)=O
MNPHOL14,Oc1cccc(c1)N(=O)=O
MNPHOL15,Oc1cccc(c1)N(=O)=O
MNPHOL16,Oc1cccc(c1)N(=O)=O
MNPHOL17,Oc1cccc(c1)N(=O)=O
MNPHOL18,Oc1cccc(c1)N(=O)=O
MNPHOL19,Oc1cccc(c1)N(=O)=O
MNPHOL20,Oc1cccc(c1)N(=O)=O
MNPHOL21,Oc1cccc(c1)N(=O)=O
MNPHOL22,Oc1cccc(c1)N(=O)=O
MNPHOL23,Oc1cccc(c1)N(=O)=O
MNPHOL24,Oc1cccc(c1)N(=O)=O
MNPHOL25,Oc1cccc(c1)N(=O)=O
MNPHOL26,Oc1cccc(c1)N(=O)=O
MNPHOX,CN([C@@H]1ON=C(C=C1Nc1ccc(cc1)N(=O)=O)c1c(C)cc(cc1C)C)C
MNPMAL01,O=C(Nc1cccc(c1)N(=O)=O)/C=C\C(=O)O
MNPPRB,CC(C)c1cccc(C(C)C)c1Oc1ccc(c(C)c1)N(=O)=O
MNPYDO,Cc1c(N(=O)=O)cc[n+]([O-])c1
MNPYDO01,Cc1c(N(=O)=O)cc[n+]([O-])c1
MNPYDO02,Cc1c(N(=O)=O)cc[n+]([O-])c1
MNPYDO04,Cc1c(N(=O)=O)cc[n+]([O-])c1
MNPYDO05,Cc1c(N(=O)=O)cc[n+]([O-])c1
MNPYDO06,Cc1c(N(=O)=O)cc[n+]([O-])c1
MNPYDO07,Cc1c(N(=O)=O)cc[n+]([O-])c1
MNPYDO08,Cc1c(N(=O)=O)cc[n+]([O-])c1
MNPYDO09,Cc1c(N(=O)=O)cc[n+]([O-])c1
MNPYDO10,Cc1c(N(=O)=O)cc[n+]([O-])c1
MNPYDO11,Cc1c(N(=O)=O)cc[n+]([O-])c1
MNPYDO12,Cc1c(N(=O)=O)cc[n+]([O-])c1
MNPYDO13,Cc1c(N(=O)=O)cc[n+]([O-])c1
MNPYDO14,Cc1c(N(=O)=O)cc[n+]([O-])c1
MNPYDO15,Cc1c(N(=O)=O)cc[n+]([O-])c1
MNPYDO30,Cc1c(N(=O)=O)cc[n+]([O-])c1
MNQUON10,COC1=CC(=C2NC=CC=C2C1=O)N(=O)=O
MNTBZA,Cc1cc(cc(C)c1N(=O)=O)C(O)=O
MNTBZA11,Cc1cc(cc(C)c1N(=O)=O)C(O)=O
MNTDMA,CN(C)c1cccc(c1)N(=O)=O
MNTDMA01,CN(C)c1cccc(c1)N(=O)=O
MNVIMZ,CN1C(=CN=C1N(=O)=O)C=C
MOBMUN,O=N(=O)c1cc2OC(Oc2cc1N(=O)=O)(c1ccccc1)c1ccccc1
MOBNIA,COC(=O)[C@@]12[C@@H](CCCC1=O)CC(=O)[C@H]1[C@@H]2CC[C@@]2([C@@H]1CC[C@H]2OC(=O)c1ccc(cc1)N(=O)=O)C
MOBNOJ,Cc1cccc(c1)C(=O)/C=C/c1cccc(c1)N(=O)=O
MOBWUY,COC(=O)[C@@](c1ccc(cc1)N(=O)=O)(CN(Cc1ccccc1)Cc1ccccc1)O
MOCJUK,O=N(=O)c1cc(c(c(c1)N(=O)=O)c1c(cc(cc1N(=O)=O)N(=O)=O)N(=O)=O)N(=O)=O
MOCJUK01,O=N(=O)c1cc(c(c(c1)N(=O)=O)c1c(cc(cc1N(=O)=O)N(=O)=O)N(=O)=O)N(=O)=O
MOCSIJ,CC1=NC(=CN1CCC#N)N(=O)=O
MODNUP,CC(=O)NNc1ccc(cc1N(=O)=O)N(=O)=O
MODPOL,Cc1ccc(cc1N(=O)=O)C1=NN=NN1
MOFHIY,CCCCOc1c2CCCc3cc(cc(CCCc4cc(cc(CCCc1cc(c2)N(=O)=O)c4OCCCC)N(=O)=O)c3OCCCC)N(=O)=O
MOGHOH,C=CCC/C(=N\Nc1ccc(cc1N(=O)=O)N(=O)=O)/C1=CCCC2(C1)CCCC2
MOGLIF,CCCCC[C@@H]([C@H]1[C@H]2[C@@H](CN1C(=O)c1ccc(cc1)N(=O)=O)CC[C@@]1([C@H]2O1)C)O
MOGTAD,COC(=O)C1=C[C@@]23CCC[N@]4[C@@]3([C@@]3([C@@]1(Nc1c3cccc1)[C@@H](C2)N(=O)=O)CC4)C#N
MOHZEQ,Cc1ccc(cc1)N/N=C\1/C(=NN(C1=O)c1cccc(c1)N(=O)=O)C
MOKFIC,COc1ccc(c2c1C[C@@]1(C2)NC(=O)[C@@H](NC1=O)Cc1ccccc1)N(=O)=O
MOKKUT,CC(=O)Oc1ccc(c(O)c1)N(=O)=O
MOKLAA,CNC(=O)Oc1cc(ccc1OC(C)C)N(=O)=O
MOKMAB,Cc1cccc(C2=NCCO2)c1N(=O)=O
MOKWUF,COc1nc(N)nc2Nc3ccccc3C(=Nc12)c1cccc(c1)N(=O)=O
MOLJUT,COc1ccc(c2c1C[C@]1(C2)NC(=O)[C@@H](NC1=O)Cc1ccccc1)N(=O)=O
MOLQUB,CC(C)(C)C1=NOC(=N1)c1ccc(cc1)N(=O)=O
MOMHAZ,O=N(=O)c1ccc(cc1)C1=C2COCc3ccccc3N2N=N1
MONLAE,O=N(=O)c1ccc(cc1)/N=C/1\OC(=O)c2c3c1cccc3ccc2
MONPHB,O=N(=O)c1cccc2cccc(C#N)c12
MOPGOO,O=N(=O)c1cc(ccc1N/N=C(/c1ccccc1)\C[C@@H]([C@H](C(C)(C)C)C)C#CC1CC1)N(=O)=O
MOPGUU,C[C@H](C(C)(C)C)[C@@H](C/C(=N\Nc1ccc(cc1N(=O)=O)N(=O)=O)/C(C)(C)C)C#Cc1ccccc1
MOPHIK,CN1C=C(C=C1C(=O)N/N=C/c1ccccc1)N(=O)=O
MOPQAJ,O=N(=O)c1cc(ccc1N/N=C/C[C@@H]1C=C[C@@H]2[C@H]1[C@H]1C=C[C@@H]2C1)N(=O)=O
MOPQUF,O=C1[C@@H]2CC3=C([C@@H](N2C(=O)[C@H]2N1CCC2)c1ccc(cc1)N(=O)=O)Nc1c3cccc1
MOPRAL,O=N(=O)C[C@H](C(C)(C)C)C(=O)c1ccc2c(c1)OCO2
MOQBUP,CN(c1cc(ccc1N(=O)=O)N(=O)=O)N(=O)=O
MOQCAW,CN(c1cccc(c1N(=O)=O)N(=O)=O)N(=O)=O
MOQCEA,CN(c1cc(cc(c1)N(=O)=O)N(=O)=O)N(=O)=O
MOQLIP,CO[C@@H](c1ccccc1)C(=O)O[C@@H](c1ccc(cc1)N(=O)=O)[C@@H](/C=C\N1C(=O)c2c(C1=O)cccc2)C
MOQNIQ,O=N(=O)C[C@@H]([C@@]1(N=C(C(=O)O1)C)c1ccccc1)c1ccccc1
MORCUT,O=N(=O)c1ccc(cc1)/C=N/Nc1cnc2c(n1)cccc2
MORPIT,COC(=O)[C@@H]1C[C@@]2([C@@]([C@H]1C)(C)C/C(=N\Nc1ccc(cc1N(=O)=O)N(=O)=O)/[C@@H]2C)C
MOSCOP,OC(=O)c1ccc(cc1)N(=O)=O
MOSLUC,COc1ccc(cc1)/N=C/c1cc(ccc1O)N(=O)=O
MOSRAO,CC[C@@H]([C@@H]1NC(=O)/C(=C(\NNc2ccc(cc2N(=O)=O)N(=O)=O)/C)/C1=O)C
MOSSUJ,COc1cc(C(C)=O)c(cc1OCc1ccccc1)N(=O)=O
MOSWOH,CCCCNc1ccc(cc1N(=O)=O)C(O)=O
MOTCEE,CCOC(=O)c1cc(cc(c1)N(=O)=O)C(O)=O
MOTCUW,CN1c2ccccc2C(c2ccc(cc2)N(=O)=O)c2ccccc12
MOTFAD,O=N(=O)c1ccc(OCCCCCOc2ccc(cc2)N(=O)=O)cc1
MOVCAC,O=N(=O)c1ccc(cc1)[C@H]1OCC[C@H](C1)c1ccccc1
MOVHIP,CN1[C@H](OC([C@H]1c1ccccc1)(C#N)C#N)c1ccc(cc1)N(=O)=O
MOVHOV,CCCN1[C@H](OC([C@H]1c1ccc2c(c1)OCO2)(C#N)C#N)c1ccc(cc1)N(=O)=O
MOVTAS,CCOC(=O)C1=C(NC(=O)N=C1/C(=N\O)/N(=O)=O)c1ccccc1
MOVVAV01,Cc1cccc(c1)N(=O)=O
MOWRUM,COC(=O)/C(=N\c1ccc(cc1OC)N(=O)=O)/c1ccccc1
MOWRUO,O=C1CC[C@H](C=C1)c1ccccc1N(=O)=O
MOXPUN,O=N(=O)C[C@@H](C1=C[C@@H](c2ccccc2)[C@H]([C@@H]([C@H]1O)N(=O)=O)c1ccccc1)c1ccccc1
MOYRID,O=C(NC12CCCCC1CCCC2)c1ccc(cc1)N(=O)=O
MOZLUJ,CCCNC(=O)c1ccccc1N(=O)=O
MOZYUV,COC(=O)C1=C(N)[C@]([C@@H]([C@H]([C@@H]1c1ccccc1)N(=O)=O)c1ccccc1)(C#N)C(=O)OC
MPHFRN,O=C([C@H]1[C@@H](OC(=O)C1=C(c1ccccc1)c1ccccc1)c1ccc(cc1)N(=O)=O)N1CCOCC1
MPICIN,O=N(=O)c1cc(cc(c1/N=C/1\Cc2c(N1C)cccc2)N(=O)=O)N(=O)=O
MPNPUR,CN(C(=O)N(C)c1ccc(cc1)N(=O)=O)c1ccc(cc1)N(=O)=O
MPNPZH,C/C(=C(\c1c(cc(cc1N(=O)=O)N(=O)=O)N(=O)=O)/C(=N/Cc1ccccc1)/C)/NCc1ccccc1
MPNPZH01,C/C(=C(\c1c(cc(cc1N(=O)=O)N(=O)=O)N(=O)=O)/C(=N/Cc1ccccc1)/C)/NCc1ccccc1
MRPLNB,O/N=C(N1CCOCC1)\c2ccc(N(=O)=O)cc2
MTNANL,CN(c1c(cc(cc1N(=O)=O)N(=O)=O)N(=O)=O)N(=O)=O
MTNANL01,CN(c1c(cc(cc1N(=O)=O)N(=O)=O)N(=O)=O)N(=O)=O
MTNOAN10,CN(C(C)=O)c1c(cc(cc1N(=O)=O)N(=O)=O)N(=O)=O
MUBHAT,CCN(c1nc(N/N=C(/c2ccc(cc2)N(=O)=O)\C)nc(n1)N(CC)CC)CC
MUBHEX,O=C(Nc1ccccc1N(=O)=O)c1ccccc1
MUBKEA,O=C([C@H]1O[C@H]1c1ccc(cc1)N(=O)=O)Nc1ccccc1
MUBLUR,O=N(=O)/C(=C/C1=CC=CO1)/C
MUBROR,O=N(=O)c1ccc(COc2ccc3ncccc3c2)cc1
MUBTEJ,O=N(=O)c1ccc(cc1)/C=C/c1ccc(cc1)/C=C/c1ccc(cc1)N(=O)=O
MUCCIX,O=N(=O)[C@@H]1CC(=C2N([C@H]1C1=CC=CO1)CCN2)C(=O)c1ccccc1
MUCDOE,COc1cc(cc(c1O)N(=O)=O)C(C)=O
MUCGUN,O=C(NNC(=O)c1ccc(cc1)N(=O)=O)c1ccc(cc1)N(=O)=O
MUCJAW,O=C1CC(C)(C)CC2=C1[C@@H](c1cccc(c1)N(=O)=O)c1c(N2)ccc2c1cccc2
MUDHAU,C[C@H]1COC(=O)[C@@H]1[C@@H](OC(=O)c1cc(cc(c1)N(=O)=O)N(=O)=O)C
MUDNUX,O=C(Nc1ccc(nc1)N1CCN(CC1)C(=O)c1cnccn1)c1cccc(c1)N(=O)=O
MUDQIM,COC(=O)[C@@]12CCC[C@](C2=O)(C(=CC1)c1ccc(cc1)N(=O)=O)C
MUDVOX,COc1ccccc1Nc1cc(Nc2ccccc2OC)c(cc1N(=O)=O)N(=O)=O
MUDWEN,CCOC(=O)[C@]([C@@H](C(=O)OC)NC(=O)c1ccccc1)([C@@H](C(=O)OC)NC(=O)c1ccccc1)N(=O)=O
MUDWEO,O=N(=O)c1cc(c(Nc2ccccc2)cc1Nc1ccccc1)N(=O)=O
MUDWEO01,O=N(=O)c1cc(c(Nc2ccccc2)cc1Nc1ccccc1)N(=O)=O
MUDWEO02,O=N(=O)c1cc(c(Nc2ccccc2)cc1Nc1ccccc1)N(=O)=O
MUDWEO03,O=N(=O)c1cc(c(Nc2ccccc2)cc1Nc1ccccc1)N(=O)=O
MUDWIR,CN(C)C(N(C)C)=C(C=C1C(=O)OC(C)(C)OC1=O)N(=O)=O
MUDYOA,Oc1ccc(c(c1)O)/C=N/Nc1ccc(cc1)N(=O)=O
MUFBAS,O=N(=O)C1=C2N(CCc3ccccc23)c2ccccc12
MUFCIA,O=C(c1ccc(cc1)N(=O)=O)O[C@H]1C=CC[C@H]2[C@@H]1O2
MUFJOO,O=Cc1c(Oc2ccc(cc2N(=O)=O)N(=O)=O)ccc2ccccc12
MUFKUV,O=N(=O)c1ccc(Oc2ccc3ccccc3c2)c(c1)N(=O)=O
MUGDID,O=C(OCC#C)c1cc(cc(c1)N(=O)=O)C(=O)OCC#C
MUGSEM,O=C1Cc2ccccc2[C@H](N1)c1ccc(cc1)N(=O)=O
MUGTAJ,O=C1Cc2ccccc2[C@H](N1)c1cccc(c1)N(=O)=O
MUHLIL,O=N(=O)c1ccccc1[C@@H]1O[C@H]2[C@@]3([C@H]1CC1(C3)COCOC1)C2
MUHLOR,O=C1OCC2(CO1)C[C@@H]1[C@@]3(C2)C[C@H]3O[C@H]1c1ccccc1N(=O)=O
MUHLUX,COC(=O)C1(C[C@H]2[C@](C1)(C=C(C)C)O[C@H](O[C@H]2c1ccccc1N(=O)=O)c1ccccc1N(=O)=O)C(=O)OC
MUJCEA,C[C@@H]1C=C[C@@H](ON1C(=O)OC(C)(C)C)COC(=O)c1ccc(cc1)N(=O)=O
MUJKEH,O=C(c1ccncc1)N/N=C/c1cccc(c1)N(=O)=O
MUJKEH01,O=C(c1ccncc1)N/N=C/c1cccc(c1)N(=O)=O
MUKCAX,OC1=NNc2c1cccc2N(=O)=O
MUKHEG,O=N(=O)[C@@H]1[C@@H](C2=CC=CO2)[C@H]2CCC[C@@H]([C@@H]1C(=O)C)C2=O
MUKHIK,O=N(=O)[C@@H]1[C@H](C2=CC=CO2)[C@H]2CCC[C@@H]([C@H]1C(=O)C)C2=O
MUKKAG,COc1ccc(c(OC)c1)C1(OCc2ccc(cc12)N(=O)=O)c1ccc(OC)cc1OC
MUKKEK,COc1ccc(c(OC)c1)C1(OC(=O)c2ccc(cc12)N(=O)=O)c1ccc(OC)cc1OC
MUKLIO,O=N(=O)C1=NN(CN(CN2N=NC(=N2)N(=O)=O)CN2N=NC(=N2)N(=O)=O)N=N1
MUKREQ,O=N(=O)c1c(N2C=NC=N2)c(c(N2C=NC=N2)c(c1N1C=NC=N1)N(=O)=O)N(=O)=O
MULGUW,CC1=NC(=C(N1C)N(=O)=O)/C=C/c1ccccc1
MULSET,CCOC(=O)[C@@H]1C[C@]2([C@@](C1)(C)N(=O)=O)CCCc1c2cccc1
MULSUJ,CCOC(=O)[C@H]1[C@@H](CC[C@H]([C@@]21C(=O)N(c1c2cccc1)C(=O)OC(C)(C)C)CC(=O)OCC)N(=O)=O
MULTAQ,CCOC(=O)[C@H]1[C@@H](CC[C@H]([C@]21C(=O)N(c1c2cccc1)C(=O)OC(C)(C)C)CC(=O)OCC)N(=O)=O
MULTOE,CCOC(=O)C[C@@H]1C[C@H]([C@@H]([C@@]21C(=O)Nc1c2cccc1)C(=O)OCC)N(=O)=O
MUMDIJ,O=C(OC(C)(C)C)N[C@@H]([C@H](c1ccc(cc1)C(C)(C)C)N(=O)=O)c1ccccc1
MUNBIH,CC1=C[C@@H](N(Cc2ccccc2)Cc2ccccc2)[C@@H](C(C1)(C)C)/C=N/Nc1ccc(cc1N(=O)=O)N(=O)=O
MUNJEL,O=C([C@H](N(c1ccccc1N(=O)=O)Cc1ccccc1)c1ccccc1)NC(C)(C)C
MUNTAS,CC[C@H]1/C(=N/Nc2ccc(cc2N(=O)=O)N(=O)=O)/C[C@@H]2[C@H]3[C@@H]1CCCC[N@@]3CC2
MUNTEW,CC[C@H]1/C(=N/Nc2ccc(cc2N(=O)=O)N(=O)=O)/C[C@@H]2[C@H]3[C@@H]1CCCC(=O)N3CC2
MUNXOK,CCCCC1=CC2=C(C(=NN2c2ccccc2)C)C2=Nc3ccc(cc3N12)N(=O)=O
MUPYEB,COc1cc(cc(c1OC)OC)/C=C(/N(=O)=O)\C
MUQHAJ,Oc1c(cc(cc1C1=CC=CN1)N(=O)=O)C1=CC=CN1
MUQNUH,CN(C)c1cccc2c(cccc12)C#Cc1cccc2c1cccc2N(=O)=O
MUQXIH,Oc1ccc(c2C(=O)c3ccccc3C(=O)c12)N(=O)=O
MUQXIH01,Oc1ccc(c2C(=O)c3ccccc3C(=O)c12)N(=O)=O
MUQZEF,COc1ccc(cc1)C(=O)C1=NN2c3cc(ccc3N=C2C(=C1)C(=O)c1ccccc1)N(=O)=O
MURLUJ,O=N(=O)c1ccc(nc1)N1CCCCC1
MUSKUI,O=C([C@H]1CC=C[C@H]2[C@@H]1C=C(C2)/C(=N/Nc1ccc(cc1N(=O)=O)N(=O)=O)/C)O[C@H]1C(=O)OCC1(C)C
MUSSUP,C[C@H](N(C[C@@H](c1ccccc1)O)Cc1ccccc1)Cc1ccc(cc1)N(=O)=O
MUTGAL,CCOC(=O)C1=C(Nc2ccc(cc2)C)C[C@H](N([C@@H]1c1ccc(cc1)N(=O)=O)c1ccc(cc1)C)c1ccc(cc1)N(=O)=O
MUTSAW,OCCN1CCN/C/1=C\N(=O)=O
MUTSAW01,OCCN1CCN/C/1=C\N(=O)=O
MUTXAD,O=N(=O)c1cc(ccc1N/N=C(/c1ccccc1O)\C)N(=O)=O
MUVNIA,O[C@H]1CC[C@@H]2[C@]1(C)CC[C@H]1[C@H]2CCc2c1cc(N(=O)=O)c(c2)O
MUVNOG,O[C@H]1CC[C@@H]2[C@]1(C)CC[C@H]1[C@H]2CCc2c1ccc(c2N(=O)=O)O
MUVNUM,COc1ccc2c(c1N(=O)=O)CC[C@@H]1[C@@H]2CC[C@]2([C@H]1CCC2=O)C
MUVSUU,O=N(=O)c1ccc(cc1)C[C@]12C[C@@]3(O[C@@]1(C)OO[C@@]2(C)O3)C
MUWBOW,CCOC(=O)/C(=C/c1ccccc1)/C=C/c1cccc(c1)N(=O)=O
MUWRIG,N#Cc1ccc(cc1)[C@@H]1[C@H]2CCC[C@@]([C@H]1N(=O)=O)(C2=O)O
MUXBOX,COCO[C@H]1C(=CC[C@@H]2[C@@H]1C[C@@H](OC(=O)c1cc(cc(c1)N(=O)=O)N(=O)=O)[C@@]1([C@@]2(C)C1)C(=O)OC)C
MUXJEV,COC(=O)c1cc2c(cc1N(=O)=O)c(c1ccccc1)c1c3cccc4ccc5cccc(c5c34)c1c2c1ccccc1
MUXKUM,O=C1OC[C@H]([C@@H]1C(=O)c1ccccc1)Cc1ccc(cc1)N(=O)=O
MUXLAT,O=N(=O)c1ccc(cc1)C[C@@H]1COC(=O)[C@]21CCCC2=O
MUXNEZ,O=C1[C@@H]2CCC[N@@]2[C@H](N1c1ccccc1)c1ccc(cc1)N(=O)=O
MUXYOW,N#CC(=C1C=C(/C=C/c2ccc(cc2)OC2=CC=C(C3=NON=C23)N(=O)=O)CC(C1)(C)C)C#N
MUYCAK,CC([C@@H]1C[C@@H]2[C@@]3(C[C@H]1[C@H]([C@@]2(C)CC3)OC(=O)c1ccc(cc1)N(=O)=O)C)C
MUYHUL,O=N(=O)c1cccc(c1)[C@@H]1OC(=O)C2(C(=O)C31CCCCC3)CCCCC2
MUYLAT,CC1=NC(=O)N(C(=C1)C)c1cccc(c1)N(=O)=O
MUZCEP,CCOc1cc2c3cc(OCC)c(OCC)cc3c3c(cc(OCC)c(OCC)c3N(=O)=O)c2cc1OCC
MUZNEC,CC1=NNN=C1N(=O)=O
MUZPII,O=N(=O)/C=C/c1ccccc1O
MUZVEJ,COc1ccc(c(c1)C1=CC(=O)N(C)C1=O)N(=O)=O
MXPNFP,COc1cc(ccc1O)C(=O)/C=C/C1=CC=C(O1)N(=O)=O
NABHEE,O=C(c1ccc(cc1)N(=O)=O)O[C@H]1CC[C@@H]2[C@H]1[C@@]1(O)CC[C@@H]2C1
NABLIO,COc1ccc(cc1)C1=NN([C@@H](C1)c1ccc(cc1)OC)C(=O)c1ccccc1N(=O)=O
NABMAE,Nc1c(cc(c(O)c1N(=O)=O)N(=O)=O)N(=O)=O
NABMIM,OC(=O)CCC(N(=O)=O)(N(=O)=O)N(=O)=O
NABMIM01,OC(=O)CCC(N(=O)=O)(N(=O)=O)N(=O)=O
NABMUY,CC(CN(CC(C)(N(=O)=O)N(=O)=O)N(=O)=O)(N(=O)=O)N(=O)=O
NABMUY01,CC(CN(CC(C)(N(=O)=O)N(=O)=O)N(=O)=O)(N(=O)=O)N(=O)=O
NACBOJ,OC(=O)CCN1c2ccccc2C([C@@]21C=Cc1c(O2)ccc(c1)N(=O)=O)(C)C
NACDIG,O=C(c1ccc(cc1)N(=O)=O)O[C@@H]1CCC1=C(c1ccccc1)c1ccccc1
NACGAB,O=N(=O)C[C@H]1[C@@H]2CCCN([C@@H]2Oc2c1cccc2)c1ccccc1Cc1ccccc1
NACHEI,CC1=CN=C(O1)c1ccc(cc1)N(=O)=O
NACPON10,CC(=O)c1ccc(cc1)N(=O)=O
NACXEU,O=N(=O)[C@]12[C@H]3[C@]4([C@@H]2[C@]2([C@@H]1[C@@]3([C@@]42N(=O)=O)N(=O)=O)N(=O)=O)N(=O)=O
NACXEU01,O=N(=O)[C@]12[C@H]3[C@]4([C@@H]2[C@]2([C@@H]1[C@@]3([C@@]42N(=O)=O)N(=O)=O)N(=O)=O)N(=O)=O
NADDAY,O=C1CCC[C@H]1[C@@H](c1ccc(cc1)N(=O)=O)O
NADDEC,O=C1CCCC[C@H]1[C@H](c1ccc(cc1)N(=O)=O)O
NADHOP,O=N(=O)N1C[C@@]2(CN(C[C@](C1)(C2)N(=O)=O)N(=O)=O)N(=O)=O
NADLOT,O=C(c1cc(cc(c1)N(=O)=O)N(=O)=O)O[C@H]1C[C@H]2CC[C@@H]([C@]31CCCO3)C2
NADMEN,COc1ccc(cc1)N1C2=C(C(=O)CC(C2)(C)C)[C@H](C2=C1C(=O)N(C2=O)C)c1ccc(cc1)N(=O)=O
NAGGOU,O=N(=O)c1ccc(cc1)N1C=NN=N1
NAGGOU01,O=N(=O)c1ccc(cc1)N1C=NN=N1
NAGHOT01,O=N(=O)c1ccc(cc1)C1=NN=C(O1)c1ccc(cc1)N(=O)=O
NAGTOH,CCN1C=C(C(=O)c2ccccc12)N(=O)=O
NAHCOO,O=C(N1c2ccccc2C([C@@H]1c1c(O)ccc2c1cccc2)(C)C)c1ccc(cc1)N(=O)=O
NAHCUU,O=C(N1c2ccccc2C([C@H]1c1c(O)ccc2c1cccc2)(C)C)c1ccc(cc1)N(=O)=O
NAJPAP,C[C@@H]1CC[C@@H]2[C@@]3([C@H]1CC[C@@]3(C)CC2(C)C)OC(=O)c1ccc(cc1)N(=O)=O
NAKQEZ,CC[C@@H]1CC[C@@H](CC1)C/C=N/Nc1ccc(cc1N(=O)=O)N(=O)=O
NAMPIB,COC(=O)c1cc(ccc1O)N(=O)=O
NAMPOH,CCOC(=O)c1cc(ccc1O)N(=O)=O
NANGIT,O=N([C@]12CC(C)(C)C[C@@]1(N(=O)=O)N=[N+]([O-])C2(C)C)=O
NANGUE,CN(C)c1ccc2N=C(c3ccc(cc3)N(=O)=O)C(C)(C)c2c1
NANHAL,CN(C)c1ccc(cc1)C1=Nc2ccc(cc2C1(C)C)N(=O)=O
NANILI,Nc1ccc(cc1)N(=O)=O
NANILI02,Nc1ccc(cc1)N(=O)=O
NANILI21,Nc1ccc(cc1)N(=O)=O
NANILI22,Nc1ccc(cc1)N(=O)=O
NANILI23,Nc1ccc(cc1)N(=O)=O
NANILI24,Nc1ccc(cc1)N(=O)=O
NANILI25,Nc1ccc(cc1)N(=O)=O
NANILI26,Nc1ccc(cc1)N(=O)=O
NANILI27,Nc1ccc(cc1)N(=O)=O
NANILI28,Nc1ccc(cc1)N(=O)=O
NANILI29,Nc1ccc(cc1)N(=O)=O
NANILI30,Nc1ccc(cc1)N(=O)=O
NANILI31,Nc1ccc(cc1)N(=O)=O
NANSAZ,OCC/C(=C(\c1ccccc1)/CCC#N)/c1cccc(c1)N(=O)=O
NANVED,CCOC(=O)[C@@](c1ccc(cc1N(=O)=O)N(=O)=O)(c1ccccc1)C#N
NANYIL,C[C@H](C(=O)N1C(=O)OC([C@@H]1Cc1ccccc1)(C)C)[C@@H]([C@H]1C[C@@H]1c1ccccc1N(=O)=O)O
NAPHUK,O=N(=O)/C=C/C=C/N(=O)=O
NAPJEW,O=N(=O)/C=C/C=C(/N(=O)=O)\C
NAPJIA,C/C(=C\C=C(\N(=O)=O)/C)/N(=O)=O
NAPLOI,CN1CCNc2ncc(cc2Oc2ccccc2C1=O)N(=O)=O
NAPXEK,CC1=C(N=NN1C(=C)c1ccccc1)c1ccc(cc1)N(=O)=O
NAQCEN,O=N(=O)c1ccc(cc1)O[C@@H]1O[C@@H]2[C@@H]3C[C@H]1C[C@H]2CCC3
NAQGET,O=N(=O)c1ccc(cc1)[C@H]1O[C@@H]2O[C@@]31C(=O)N(c1c3cccc1)CCCCCCCCCCOc1c2cccc1
NAQGIX,COC(=O)C1=C(C(=O)OC)[C@]23O[C@@H]1c1cc(ccc1OCCCCCCCCCCN(C2=O)c1c3cccc1)N(=O)=O
NAQNOJ,C(C1=CC=CC=C1)O[C@@H]([C@H](CC)C)[C@@H]1[C@H](N[C@H]([C@H]1[N+](=O)[O-])C1=CC=CC=C1)C(=O)NCC(=O)O
NAQQUR,COC(=O)Cc1cc(c(OC)c2CCN(C(C)=O)c12)N(=O)=O
NAQSUW,Nc1cc(ccc1c1ccc(cc1)N(=O)=O)N(=O)=O
NAQXOV,CCOC(=O)C1(N[C@H](c2ccccc2N(=O)=O)C(C2=C1c1ccccc1N2)(c1ccccc1)c1ccccc1)C(=O)OCC
NARLEA,COc1ccc(cc1C[C@@H]1C(=O)C=C(CC1(C)C)C)N(=O)=O
NASCOC,COc1ccc(cc1C[C@H]1C(=C)C=C(CC1(C)C)C)N(=O)=O
NASXEN,O=C1OC2(CCCCC2)OC(=O)C1=CNc1ccccc1N(=O)=O
NASYEM,CCOC(=O)/C(=C\c1ccc2c(c1N(=O)=O)cccc2)/C(=O)C
NATHAS,COc1cccc(c1)/C(=N/Nc1c(cc(cc1N(=O)=O)N(=O)=O)N(=O)=O)/C
NAVHEA,COC(=O)C1(C[C@@H](N[C@@H]1c1ccc(cc1)N(=O)=O)c1ccccc1)C(=O)OC
NAVHID,CCOC(=O)C1=C(C)N2[N@]([C@@H]1c1ccc(cc1)N(=O)=O)CCC2=O
NAWFOH,COC(=O)C1=C(c2cc(OC)c(OC)c(c2)N(=O)=O)C(=C(N1CCC=C)C(=O)OC)c1cc(OC)c(OC)c(c1)N(=O)=O
NAWKAX,CN(CCCCCCO)c1ccc(cc1)C1=Nc2ccc(cc2O1)N(=O)=O
NAWLAA,COC(=O)[C@@H]([C@@H](c1ccccc1)CN(=O)=O)NC(=O)[C@@]12CC[C@](C2(C)C)(C(=O)O1)C
NAWPUW,O=N(=O)c1cc(c(N2CCCC2)c(c1)N(=O)=O)N(=O)=O
NAWQAD,O=N(=O)c1cc(c(N2CCOCC2)c(c1)N(=O)=O)N(=O)=O
NAWQEH,O=N(=O)c1cc(c(N2CCCCC2)c(c1)N(=O)=O)N(=O)=O
NAWXAL,C[C@@H](OC(=O)c1ccc(cc1)N(=O)=O)C[C@H](O[C@H](c1ccccc1)C)CCOC(=O)c1ccc(cc1)N(=O)=O
NAXPEJ,O=C1c2ccccc2NC(N1/N=C/c1cccc(c1)N(=O)=O)(C)C
NAYDUO,Cc1cc(C)c(OCC(O)=O)c(c1)C(c1cc(C)cc(C)c1OCC(O)=O)c1ccccc1N(=O)=O
NAYPAH,O=N(=O)c1cc(ccc1N/N=C\1/[C@@H]2CCCC[C@@H]2[C@@H]2[C@@]1(O)[C@H]1C=C[C@@H]([C@@H]2O1)OCc1ccccc1)N(=O)=O
NAYQEJ,CCOC(=O)Nc1cc(ccc1C#Cc1ccc(OCc2ccccc2)cc1)N(=O)=O
NAYQEJ01,CCOC(=O)Nc1cc(ccc1C#Cc1ccc(OCc2ccccc2)cc1)N(=O)=O
NAYRIR,CC1=NN(C2=C1[C@@]1(C)[C@@H](CO2)COc2c1cc(cc2)N(=O)=O)c1ccccc1
NAYTIR,COc1cc(OC)c(c(c1)OC)/C=C/c1ccc(cc1)/C=C/c1ccc(cc1)N(=O)=O
NAZXIX,N#C[C@@H](C(=O)C(C)(C)C)[C@H](/C(=C\Nc1ccc(cc1)OC)/C(=O)OC)c1cccc(c1)N(=O)=O
NAZYAP,CCNc1ccc(Cc2ccc(N(CC)C(=O)c3cccc(n3)C(=O)N(CC)CC)c(c2)N(=O)=O)cc1N(=O)=O
NBARBA,OC1=C(C(=O)NC(=O)N1)N(=O)=O
NBCBCO,C[C@H]([C@H]1[C@H]2CCOC(N2C1=O)(C)C)OC(=O)OCc1ccc(cc1)N(=O)=O
NBCBRE10,N#C[C@@H]1[C@H]2C[C@H]3[C@@H]1C=C[C@H]3[C@@H]2OC(=O)c1cc(cc(c1)N(=O)=O)N(=O)=O
NBEPXP10,O=N(=O)c1ccc(cc1)C[C@]12OO[C@@](O1)(c1ccccc1)c1c(C2=O)cccc1
NBFURX,O/N=C/1\Oc2c(C1=O)cc(cc2)N(=O)=O
NBMOCT,O=C(O[C@@H]1C[C@@H]([C@]2(C)C(C)(C)[C@H]1CC2)OC(c3ccc(N(=O)=O)cc3)=O)c4ccc(N(=O)=O)cc4
NBPHEN,O=N(=O)c1ccc(cc1)c1ccccc1
NBZANO,Oc1ccc2c(c1/N=N/c1ccc(cc1)N(=O)=O)cccc2
NBZANO11,O=N(=O)c1ccc([NH+]=Nc2c([O-])ccc3ccccc23)cc1
NBZANO12,O=N(=O)c1ccc([NH+]=Nc2c([O-])ccc3ccccc23)cc1
NBZMAA,CN(c1ccc(cc1)/N=C/c1ccc(cc1)N(=O)=O)C
NBZOAC01,OC(=O)c1ccc(cc1)N(=O)=O
NBZOAC02,OC(=O)c1ccc(cc1)N(=O)=O
NBZOAC03,OC(=O)c1ccc(cc1)N(=O)=O
NBZOAC04,OC(=O)c1ccc(cc1)N(=O)=O
NBZOAC05,OC(=O)c1ccc(cc1)N(=O)=O
NBZOAC06,OC(=O)c1ccc(cc1)N(=O)=O
NBZOAC10,OC(=O)c1ccc(cc1)N(=O)=O
NBZOAC11,OC(=O)c1ccc(cc1)N(=O)=O
NBZOAC12,OC(=O)c1ccc(cc1)N(=O)=O
NBZOAC13,OC(=O)c1ccc(cc1)N(=O)=O
NBZOAC14,OC(=O)c1ccc(cc1)N(=O)=O
NBZOAC15,OC(=O)c1ccc(cc1)N(=O)=O
NBZOAC16,OC(=O)c1ccc(cc1)N(=O)=O
NBZOAC17,OC(=O)c1ccc(cc1)N(=O)=O
NBZOAC18,OC(=O)c1ccc(cc1)N(=O)=O
NBZOAC19,OC(=O)c1ccc(cc1)N(=O)=O
NBZOAO,OC(=O)c1ccccc1N(=O)=O
NBZOAO02,OC(=O)c1ccccc1N(=O)=O
NBZOAO03,OC(=O)c1ccccc1N(=O)=O
NBZOAO04,OC(=O)c1ccccc1N(=O)=O
NBZOAO05,OC(=O)c1ccccc1N(=O)=O
NBZOAO06,OC(=O)c1ccccc1N(=O)=O
NDZABZ,O=N(=O)c1ccc(NN=Nc2ccccc2)cc1
NEBGIL,OC[C@H]1C[C@H](C[C@@H]1O)NC1=C(N(=O)=O)C(=O)NC(=N1)NC(=O)C
NECXOL,C[C@H]([C@H](C1C(=O)N(C)C(=O)N(C1=O)C)c1ccccc1)N(=O)=O
NECYEC,COc1ccc(cc1)[C@H](C1C(=O)N(C)C(=O)N(C1=O)C)[C@@H](N(=O)=O)C
NEDCAA,O=N(=O)c1ccc(cc1)N/C=N/c1ccc(cc1)N(=O)=O
NEDDOP,OC[C@H]1O[C@H](C[C@@H]1O)N1C=C(c2c1ncnc2N)N(=O)=O
NEDSEU,CN1C[C@]2(CC=C[C@@](C1)(C2)N(=O)=O)N(=O)=O
NEDYIH,O=C(c1ccc(cc1)N(=O)=O)OC[C@@H](OC(=O)c1ccc(cc1)N(=O)=O)CCc1ccccc1
NEDZOO,CCCOC(=O)c1c2cc(ccc2nc(C)c1C(=O)OCC)N(=O)=O
NEFLIU,O=C1/C(=N\Nc2ccccc2)/C(=NN1c1ccccc1)c1cccc(c1)N(=O)=O
NEGKES,CC(C)(C)C1=NN(C(=C1)N)c1ccccc1N(=O)=O
NEGQEX,N#CC1(C#N)C[C@@H]2[C@@]([C@]31C(=O)N(c1c3cc(cc1)N(=O)=O)Cc1ccccc1)(C)C(=O)N(C2=O)c1c(C)cccc1C
NEHFAH,Oc1ccc(cc1)c1ccc(cc1)N(=O)=O
NEHPIB,O=C1CCCC[C@@H]1[C@H]1c2ccccc2O[C@@H]([C@@H]1N(=O)=O)c1ccccc1
NEHPOG,COc1ccc(cc1)/C(=N\Nc1ccc(cc1N(=O)=O)N(=O)=O)/N(=O)=O
NEJDAJ,O=C(N1C[C@@H]([C@@](C21COC(OC2)(C)C)(C)O)CCOC(=O)c1ccc(cc1)N(=O)=O)OC(C)(C)C
NEJGIS,O=N(=O)c1ccc(cc1)[C@H]1NC[C@@H]2[C@H](O1)CN[C@@H](O2)c1ccc(cc1)N(=O)=O
NEJGOY,O=N(=O)c1ccc(cc1)[C@@H]1OC[C@H]2[C@@H](N1)CO[C@H](N2)c1ccc(cc1)N(=O)=O
NEJRIE,O=C1OC[C@@]2([C@@H](C1)[C@@]1(CC2)O[C@H](C[C@@H]1C)COC(=O)c1cc(cc(c1)N(=O)=O)N(=O)=O)C
NEJZOS,COC(=O)[C@@]1([C@@H](c2ccccc2)CN(=O)=O)[C@@H](c2ccc(cc2)OC)C2=C(C1=O)OCCC2
NEKLAS,C[NH+]=C1N([O-])C=CC(=C1C)N(=O)=O
NELKEX,O=N(=O)c1ccc(cc1)COc1ccc2c(c1)[C@@]13CCCC[C@H]3[C@@](C2)(C)CCC1
NELLAU,O=N(=O)c1ccc(cc1)COc1ccc2c(c1)[C@@]13CCCC[C@@]3([C@@](C2)(C)CCC1)C
NELLUO,O=C1CCN(Cc2ccc(cc2)N(=O)=O)C(=O)[C@@H]2N(C(=O)[C@@H](N1)C)CCC2
NELMUN,CNc1c(OC)cc(c2cc(c(OC)c(N(C)C)c12)N(=O)=O)N(=O)=O
NEMLIA,COc1cc(/C=N/Nc2ccc(cc2)N(=O)=O)ccc1O
NEQCAO,O=C(c1ccc(cc1)N(=O)=O)O[C@H]1CCC[N@@]2[C@@H]1CCC2
NEQFAS,CC(=O)N1CCC[C@@H]1[C@H]1CCCN1c1c(cc(cc1N(=O)=O)N(=O)=O)N(=O)=O
NEQGOH,COc1ccc(OC)c(Nc2ncnc3ccc(cc23)N(=O)=O)c1
NEQHOJ,COC(=O)O[C@@]12[C@H](CC(C)C)N(C(=O)[C@@]2(C)C(=O)O[C@@H]1c1ccc(cc1)N(=O)=O)Cc1ccc(cc1)OC
NEQHUP,COc1ccc(cc1)CN1[C@@H](CC(C)C)C(=O)[C@](C1=O)(C)C(=O)OCc1ccc(cc1)N(=O)=O
NEQJUQ,OCCN(c1ccc(cc1)/N=N/c1ccc(cc1)N(=O)=O)CCO
NEQKID,O=N(=O)c1ccc(cc1)O[C@H]1C[C@@H]2c3c([C@H]1c1c2cccc1)cccc3
NEQKOJ,O=C(c1ccc(cc1)N(=O)=O)O[C@@H]1C[C@@H]2c3c([C@H]1c1c2cccc1)cccc3
NEQKUP,O=C(c1cc(cc(c1)N(=O)=O)N(=O)=O)O[C@@H]1C[C@@H]2c3c([C@H]1c1c2cccc1)cccc3
NEQLEB,O=N(=O)c1ccc(cc1)N/N=C/c1ccc(cc1)OCCOc1ccccc1
NEQNOM,COc1cc2ccc(nc2c(c1)N(=O)=O)/C=C/c1cccc2c1cccc2
NEQPAC,CC1(C)OC(=O)C(=Cc2ccccc2N(=O)=O)C(=O)O1
NEQSIN,N#Cc1cc(ccc1/N=C/N(C)C)N(=O)=O
NEQVUC,O=N(=O)c1ccccc1C1=CC=C(O1)/C=N/N(c1ccccc1)c1ccccc1
NEQXEO,CCOC(=O)[C@H]1[C@H](c2ccc(cc2)N(=O)=O)C2=C(O[C@@]1(C)O)CC(CC2=O)(C)C
NERGAV,CCOC(=O)C(=O)/C(=C\NC)/C(=O)c1ccc(cc1)N(=O)=O
NERGEZ,CCOC(=O)C(=O)/C(=C\NC(C)(C)C)/C(=O)c1ccc(cc1)N(=O)=O
NERGOJ,CCOC(=O)C1=NN(c2ccccc2)C(=C1C=O)c1ccc(cc1)N(=O)=O
NERQOT,O=C(/C(=C/C1(CC1)N(=O)=O)/c1ccccc1)C1=CC=CO1
NERRAE,COc1cc(/C=N/Nc2ccc(cc2)N(=O)=O)ccc1OC(=O)c1ccccc1
NERSOV,CCOC(=O)C(=O)/C(=C\Nc1ccccc1)/C(=O)c1ccc(cc1)N(=O)=O
NERSUB,CCOC(=O)C(=O)/C(=C\Nc1ccc(cc1)OC)/C(=O)c1ccc(cc1)N(=O)=O
NERTAI,CCOC(=O)C(=O)/C(=C\NC(C)C)/C(=O)c1ccc(cc1)N(=O)=O
NERTEM,CCOC(=O)C(=O)/C(=C\NCc1ccccc1)/C(=O)c1ccc(cc1)N(=O)=O
NERTIQ,CCCCN/C=C(\C(=O)C(=O)OCC)/C(=O)c1ccc(cc1)N(=O)=O
NERYOZ,O=N(=O)c1ccc(NN=C(c2ccccc2)c2ccccc2)c(c1)N(=O)=O
NESHOI,O=N(=O)/C/1=C/2\C=C/C(=C(\c3ccccc3)/C3=N/C(=C\C4=CC=C(/C(=C/5\N=C1C=C5)/c1ccccc1)N4)/C=C3)/N2
NETDUM,CCOC(=O)/C=C/c1ccc(c(c1)Oc1ccc(cc1)/C=C/C(=O)OC(C)(C)C)N(=O)=O
NETKEE,O=N(=O)c1ccc(ON=C2CCCCC2)cc1
NETKII,O=C(ON=C1CCCCC1)c1cccc(c1)N(=O)=O
NETKUU,O=C(ON=C1CCCCC1)c1ccccc1N(=O)=O
NETLAB,O=C(ON=C1CCCCC1)c1ccc(cc1N(=O)=O)N(=O)=O
NETLEF,O=N(=O)c1cc(c(ON=C2CCCCC2)c(c1)N(=O)=O)N(=O)=O
NETLOP,CC([C@@H]1CC/C(=N/Oc2ccc(cc2)N(=O)=O)/CC1)(C)C
NETLUV,O=C(c1ccc(cc1)N(=O)=O)O/N=C/1\CC[C@H](CC1)C(C)(C)C
NETMAC,O=C(c1ccccc1N(=O)=O)O/N=C/1\CC[C@H](CC1)C(C)(C)C
NETMIK,O=N(=O)c1ccc(cc1)O/N=C/1\CCCCC1(C)C
NETMOQ,O=C(c1cccc(c1)N(=O)=O)O/N=C/1\CCCCC1(C)C
NETMUW,O=C(c1cc(cc(c1)N(=O)=O)N(=O)=O)O/N=C/1\CCCCC1(C)C
NETNAD,O=C(c1ccc(c(c1)N(=O)=O)N(=O)=O)O/N=C/1\CCCCC1(C)C
NETNEH,O=C(c1ccc(cc1N(=O)=O)N(=O)=O)O/N=C/1\CCCCC1(C)C
NETPHN10,CCN(CC)c1ccc(Nc2ccc(cc2N(=O)=O)N(=O)=O)cc1
NEVPEK,OCCC(=O)C[C@H](c1cccc(c1)N(=O)=O)O
NEWCIC,CCCCCCCc1ccc(cc1)c1ccc(cc1)N(=O)=O
NEWWAN,O=C(c1cc(cc(c1)N(=O)=O)N(=O)=O)OCCC[C@@]1(C)CCC[C@H]2C1=CC[C@@H]([C@]2(C)CCOC(=O)c1cc(cc(c1)N(=O)=O)N(=O)=O)C
NEYGIK,O=C(c1ccc(cc1)N(=O)=O)O[C@@]1(C)OC(=O)C(=C1c1ccccc1OC(=O)c1ccc(cc1)N(=O)=O)C
NEYKOR,OC[C@@]1(C)CCC[C@]2([C@H]1[C@H](OC(=O)c1ccc(cc1)N(=O)=O)C=C1[C@]2(O)COC1=O)C
NEYXOG,CC(=C)[C@@H]1Cc2cc(C)ccc2N[C@@H]1c1ccc(cc1)N(=O)=O
NEZBIE,COc1ncc(OC(=O)c2ccc(cc2)N(=O)=O)c2C=CNc12
NEZRUH,C=CCO[C@H]1O[C@H](COC(=O)c2cc(cc(c2)N(=O)=O)N(=O)=O)C[C@@H]2[C@H]1CCN2C(=O)c1cc(cc(c1)N(=O)=O)N(=O)=O
NFMLEA,[N+](=O)([O-])C1=CC=C(O1)\C=C\N1CCOCC1
NHANTQ,Oc1ccc(c2C(=O)c3c(O)ccc(c3C(=O)c12)N(=O)=O)N(=O)=O
NHMENT,OC[C@@H]1C[C@@]2(N[C@H]1[C@H]1C[C@]1(C2)N(=O)=O)N(=O)=O
NHPBZO,O=C1CN=C(c2ccccc2)c2cc(ccc2N1)N(=O)=O
NHPYOX10,C[C@H]1C[C@H]2CCCC[N@@]2[C@H](O1)c1ccc(cc1)N(=O)=O
NIAMBP,Nc1ccc(cc1)c1ccccc1N(=O)=O
NIBBEI,O=C1OC2(CCCC2)OC(=O)C1=CNc1cccc(c1)N(=O)=O
NIBHIR,CCCCCC1(CCCCC)c2c3ccc(cc3c3ccccc3c2c2c3ccccc3c3cc(ccc3c12)c1ccc(cc1)N(=O)=O)c1ccc(cc1)N(=O)=O
NIBZAL,O=Cc1ccccc1N(=O)=O
NIBZAL01,O=Cc1ccccc1N(=O)=O
NICQIC,CN1C(=O)N(C)C(=O)C(=Cc2ccc(cc2N(=O)=O)N(=O)=O)C1=O
NIEQIN,CCOc1cc2C(=CC(C)(C)Nc2c(c1)N(=O)=O)C
NIFBUA,CN1C(=O)N(C)c2nc(N)c(C#N)c(c3ccc(cc3)N(=O)=O)c2C1=O
NIFDOW,O=C(c1cccc(c1)N(=O)=O)/C=C/c1ccc(cc1)N(C)C
NIFDUC,O=C(c1cccc(c1)N(=O)=O)/C=C/C1=CC=CO1
NIFGOZ,N#C[C@]1(C)CC(=O)C[C@H](C1)c1cccc(c1)N(=O)=O
NIFJES,O[C@H](C1=CC[C@]2(C1=O)C[C@@H]1C[C@H]2C=C1)c1ccc(cc1)N(=O)=O
NIGQOK,NC1=NC=NC(=C1[N+](=O)[O-])\C=C(\N1CCCC1)/C1=CC=CC=C1
NIHKAR,COC(=O)C1(C[C@@H]2[C@@]3(C1)C[C@H]3O[C@H]2c1ccccc1N(=O)=O)C(=O)OC
NIHKEV,COC(=O)C1(C[C@]23[C@](C1)(C)[C@@H](O[C@@H]3C2)c1ccccc1N(=O)=O)C(=O)OC
NIHKIZ,COC(=O)C1(C[C@]23[C@@H]([C@H]1c1ccccc1)[C@@H](O[C@@H]3C2)c1ccccc1N(=O)=O)C(=O)OC
NIHKOF,COC(=O)C1(CC[C@@H]2[C@@]3(C1)C[C@H]3O[C@H]2c1ccccc1N(=O)=O)C(=O)OC
NIHKUL,O=N(=O)c1ccccc1[C@@H]1O[C@H]2[C@@]3([C@H]1Cc1c3cccc1)C2
NIJHOD,COC(=O)[C@@H]1[C@@H]([C@H]1C(C(=O)OC)(C(=O)OC)C)CCOC(=O)c1ccc(cc1)N(=O)=O
NIJNOL,O=C([C@H]1[C@H]([C@@H]1c1ccccc1)c1cccc(c1)N(=O)=O)Nc1cccc2c1nccc2
NIJPAZ,O=N(=O)/C=C(/C1=Cc2c(O1)cccc2)\C
NIJWAH,O=C(Nc1ccc(NC(=O)Nc2cccc(c2)N(=O)=O)cc1)Nc1cccc(c1)N(=O)=O
NIJWEL,O=C(Nc1ccc(NC(=O)Nc2ccccc2N(=O)=O)cc1)Nc1ccccc1N(=O)=O
NIKPEE,OC[C@H]1O[C@H](C[C@@H]1O)N1C=Cc2c1nccc2N(=O)=O
NIKTEH,O=N(=O)c1cccc(c1)c1nc2ccccc2nc1c1cccc(c1)N(=O)=O
NIKVAF,CO[C@H](c1ccc(cc1)N(=O)=O)Nc1ccccn1
NIKWIO,CC(=O)Nc1cc(COC(C)=O)cc(c1)N(=O)=O
NILNOL,CC/C(=C\[C@H]1O[C@@H]2OC(O[C@@H]2[C@@H]2[C@H]1OC(O2)(C)C)(C)C)/N(=O)=O
NILQEG,O=N(=O)c1ccc(c2ccccc2)c2ccccc12
NILYEO,COC(=O)C1(CC2=C[C@@H]([C@@]3([C@@]([C@@H]2C1)(C)CC3)OC(=O)c1ccc(cc1)N(=O)=O)C)C(=O)OC
NIMBEQ,CCOC(=O)C1=NN([C@@]2(N1c1ccccc1N=C(C2)c1ccccc1)C)c1ccc(cc1)N(=O)=O
NIMDES,Oc1ccc(cc1N(=O)=O)C1(OC(=O)c2ccccc12)c1ccc(O)c(c1)N(=O)=O
NIMDOC,O=C(c1ccc2c(c1)cccc2)/C=C/c1cccc(c1)N(=O)=O
NIMFOE,O=C1NC=C(C(=O)N1)N(=O)=O
NIMFOE01,O=C1NC=C(C(=O)N1)N(=O)=O
NIMFOE02,O=C1NC=C(C(=O)N1)N(=O)=O
NIMJOK,O=C(Nc1ccccc1N(=O)=O)C1=CC=CO1
NIMURC10,CC1=C(C(=O)NC(=O)N1)N(=O)=O
NINBIY,O=C(c1ccc(cc1)N(=O)=O)O[C@H]1[C@@H]2CC=CC[C@@]1(O)[C@]13C(=O)[C@@H]2C[C@@H]3CCCC1
NINQEI,CNC1=C(N(=O)=O)[C@H](C2=C(O1)CCCC2=O)c1ccc(cc1)N(=O)=O
NINYOB,N#C/C(=C\c1ccc(cc1)OCc1ccncc1)/c1ccc(cc1)N(=O)=O
NINYUH,CC(=O)C(=NNc1cccc(c1)N(=O)=O)C(C)=O
NIOBPH,Oc1c(cc(cc1N(=O)=O)c1cc(c(O)c(c1)N(=O)=O)N(=O)=O)N(=O)=O
NIPCIM,O=N(=O)c1ccc(cc1)N=C=Nc1ccc(cc1)N(=O)=O
NIPFAV,CCOc1ccc(cc1)N(c1ccc(OCC)cc1)c1ccc(cc1)N(=O)=O
NIPFUP,O=C(c1ccccc1N(=O)=O)/C=C/C1=CC=C(O1)N(=O)=O
NIPHAC,CC(=O)Oc1ccc(cc1)N(=O)=O
NIPHAC01,CC(=O)Oc1ccc(cc1)N(=O)=O
NIPHAZ,O=N(=O)c1ccc(cc1)N=[N+]=[N-]
NIPHAZ01,O=N(=O)c1ccc(cc1)N=[N+]=[N-]
NIPPAG,CCN1C(=O)/C(=N\Nc2cccc(c2)N(=O)=O)/C(=C(C1=O)C#N)C
NIPVAM,O=Cc1cc(ccc1N1C[C@@H]2C[C@H](C1)[C@H]1N(C2)C(=O)CCC1)N(=O)=O
NIPVIU,O=C1N(C)C(=O)C2(C(=O)N1C)Cc1cc(ccc1N1[C@@H]2[C@H]2C[C@@H](C1)CN1[C@H]2CCCC1=O)N(=O)=O
NIPXBZ,O=N(=O)c1ccc(Oc2cccc(Oc3ccc(cc3N(=O)=O)N(=O)=O)c2Oc2ccc(cc2N(=O)=O)N(=O)=O)c(c1)N(=O)=O
NIQQOU,COc1cccc2c1cc(c1c(cc3OCOc3c21)C(O)=O)N(=O)=O
NIQTOZ,O=N(=O)c1cc(ccc1N/N=C/1\CC(C)(C)CC(=O)[C@]21N(Nc1ccc(cc1N(=O)=O)N(=O)=O)C1=C([C@@H]2c2ccccc2)C(=O)CC(C1)(C)C)N(=O)=O
NIQTUD,O=C(CCC(=O)Oc1ccc(cc1)N(=O)=O)Oc1ccc(cc1)N(=O)=O
NIQVIV,O=C(c1ccc(cc1)N(=O)=O)C1=CC(=C2N1CCc1ccccc21)C(=O)c1ccccc1
NIQVOB,C=CCOc1ccc(cc1/C=N/N1C(=O)c2c(C31c1cc(C)c(cc1Oc1c3cc(C)c(c1)NCC)NCC)cccc2)N(=O)=O
NIRLAC,CO[C@H]1CC[C@H]2[C@H](C1(C)C)C[C@](C2)(CCOC(=O)c1ccc(cc1)N(=O)=O)C(=C)C
NIRRUC,O=N(=O)c1ccc(cc1)/C=C/1\OC[C@@H]2[C@@]1(O)[C@H]1OC(O[C@H]1O2)(C)C
NIRSAJ,O=N(=O)c1ccccc1/C=C/1\OC[C@@H]2[C@@]1(O)[C@H]1OC(O[C@H]1O2)(C)C
NISGEB,O=N(=O)[C@](CCC1=NN=NN1)(CCC1=NN=NN1)CCC1=NN=NN1
NISGOL,CN1N=C(C(=[N+]1[O-])N(=O)=O)N(=O)=O
NITBAL01,O/N=C/c1ccc(cc1)N(=O)=O
NITBAL02,O/N=C/c1ccc(cc1)N(=O)=O
NITBAL10,O/N=C/c1ccc(cc1)N(=O)=O
NITBAL11,O/N=C/c1ccc(cc1)N(=O)=O
NITBAL12,O/N=C/c1ccc(cc1)N(=O)=O
NITBAL15,O/N=C/c1ccc(cc1)N(=O)=O
NITOLU,Cc1ccc(cc1)N(=O)=O
NITOLU01,Cc1ccc(cc1)N(=O)=O
NITPOL,Oc1ccc(cc1)N(=O)=O
NITPOL01,Oc1ccc(cc1)N(=O)=O
NITPOL02,Oc1ccc(cc1)N(=O)=O
NITPOL03,Oc1ccc(cc1)N(=O)=O
NITPOL04,Oc1ccc(cc1)N(=O)=O
NITPOL05,Oc1ccc(cc1)N(=O)=O
NITPOL06,Oc1ccc(cc1)N(=O)=O
NITPOL07,Oc1ccc(cc1)N(=O)=O
NITPOL08,Oc1ccc(cc1)N(=O)=O
NITPOL09,Oc1ccc(cc1)N(=O)=O
NITRBE,O=N(=O)c1ccccc1
NITRBE01,O=N(=O)c1ccccc1
NIVBOJ,O=N(=O)[C@H]1[C@@H](Oc2c1cccc2)N(=O)=O
NIVBUP,O=N(=O)C1=COc2ccccc12
NIVCEA,O=N(=O)C(c1cccc2OC=Cc12)(N(=O)=O)N(=O)=O
NIVNEN,CCOC(=O)[C@@H]1C(=CC2=C([C@H]1c1ccc(cc1)N(=O)=O)C(=O)Oc1c2ccc(c1)O)C
NIVPAJ,Nc1cc(CO)ccc1N(=O)=O
NIVPAJ01,Nc1cc(CO)ccc1N(=O)=O
NIVSET,O=N(=O)c1ccc2c(c1)O[C@]13[C@](O2)(CCCC1)Nc1c3cccc1
NIWCOO,O=N(=O)c1ccc2c(c1)N=C1N2[C@@H](Cc2c1c(ccc2)/C=C/c1ccccc1)c1ccccc1
NIWQUG,CCOC(=O)Cc1ccc(cc1)N(=O)=O
NIWROB,O=C1N[C@H](Nc2c1cccc2)c1cccc(c1)N(=O)=O
NIWROB02,O=C1N[C@H](Nc2c1cccc2)c1cccc(c1)N(=O)=O
NIWROB03,O=C1N[C@H](Nc2c1cccc2)c1cccc(c1)N(=O)=O
NIXPIW,COC(=O)[C@]1(C)CCC[C@]2([C@H]1CCc1c2cc(c(c1N(=O)=O)N(=O)=O)N1CCCC1)C
NIXXEZ,O=Cc1ccc(OC(=O)c2ccccc2)c(c1)N(=O)=O
NIYDUX,CCCCCCCCNC1=CC(=NCCCCCCCC)C2=CC1=Nc1cc(NC3=CC(=Nc4cc(N2)c(cc4N(=O)=O)N(=O)=O)C(=CC3=NCCCCCCCC)NCCCCCCCC)c(cc1N(=O)=O)N(=O)=O
NIYFEJ,CCCCCCCCNC1=CC(=NCCCCCCCC)C2=CC1=Nc1cc(NC3=CC(=Nc4cc(NC5=CC(=Nc6cc(N2)c(cc6N(=O)=O)N(=O)=O)C(=CC5=NCCCCCCCC)NCCCCCCCC)c(cc4N(=O)=O)N(=O)=O)C(=CC3=NCCCCCCCC)NCCCCCCCC)c(cc1N(=O)=O)N(=O)=O
NIYVUO,COc1ccccc1[C@@H](CN(=O)=O)NNC(=O)c1ccc(cc1)N(=O)=O
NIZCAA,Cc1cccc(Cc2ccc(cc2N(=O)=O)N(=O)=O)n1
NIZCEE,O=N(=O)c1ccc(Cc2ccc3ccc4cccnc4c3n2)c(c1)N(=O)=O
NIZREU,O/C(=C\C(=O)c1ccc(cc1)N(C)C)/c1ccc(cc1)N(=O)=O
NIZWID,O=C[C@@H]1CC[C@H]([C@@H]([C@H]1c1ccccc1)N(=O)=O)O
NIZWUQ,O=N(=O)c1cccc(c1)[C@H]1[N@@]2CCC[C@@H]2O[C@@H]1c1cccc(c1)N(=O)=O
NIZWUQ01,O=N(=O)c1cccc(c1)[C@H]1[N@@]2CCC[C@@H]2O[C@@H]1c1cccc(c1)N(=O)=O
NIZYIF,CC(=C[C@](C[C@@H]([C@H](c1ccccc1)C)OC(=O)c1cc(cc(c1)N(=O)=O)N(=O)=O)(O)C)C
NMALAM,N/C(=C(\N(=O)=O)/C(=O)N)/O
NMALAM01,N/C(=C(\N(=O)=O)/C(=O)N)/O
NMANBA,CNC(=O)c1cc(cc(c1NC)N(=O)=O)N(=O)=O
NMBYAN,Cc1ccc(cc1)/N=C/c1ccc(cc1)N(=O)=O
NMBYAN01,Cc1ccc(cc1)/N=C/c1ccc(cc1)N(=O)=O
NMBYAN22,Cc1ccc(cc1)N=Cc1ccc(cc1)N(=O)=O
NMBYAN25,Cc1ccc(cc1)/N=C/c1ccc(cc1)N(=O)=O
NMBYAN26,Cc1ccc(cc1)/N=C/c1ccc(cc1)N(=O)=O
NMBZAX,C/N(=C/c1ccc(cc1)N(=O)=O)=O
NMBZAX01,C[N+]([O-])=Cc1ccc(cc1)N(=O)=O
NMBZYA,COc1ccc(cc1)/N=C/c1ccc(cc1)N(=O)=O
NMBZYA01,COc1ccc(cc1)/N=C/c1ccc(cc1)N(=O)=O
NMBZYA02,COc1ccc(cc1)/N=C/c1ccc(cc1)N(=O)=O
NMHXNT,OC[C@@H]1C[C@@]2(N([C@H]1[C@H]1C[C@]1(C2)N(=O)=O)O)N(=O)=O
NMPCPR,N#CCCNC(=O)[C@H]1CC(=CN1C)NC(=O)[C@@H]1CC(=CN1C)N(=O)=O
NMYPHD,O=N(=O)/C=C/1\OC(=O)c2c1cccc2
NMYPIP,O=N(=O)/C=C\1/CCCCN1
NMZNON,CN1C[C@@]2(CC(=O)C[C@](C1)(C2)N(=O)=O)N(=O)=O
NMZNON01,CN1C[C@@]2(CC(=O)C[C@](C1)(C2)N(=O)=O)N(=O)=O
NNAPAN10,O=C1OC(=O)c2ccc(c3c2c1ccc3N(=O)=O)N(=O)=O
NNAPMP,Cc1cccc(C)c1Oc1c2ccccc2c(cc1N(=O)=O)N(=O)=O
NNFPRO,O=N(=O)C1=CC=C(O1)/C=C/C(=O)c1ccc2c(c1)cccc2
NOACTD,NC(=O)CN(=O)=O
NOADFU,COC(=O)[C@]1(C=CC(O1)(N(=O)=O)N(=O)=O)[C@]12C[C@H]3C[C@@H](C2)C[C@@H](C1)C3
NOBSEE,O=N(C[C@@H](c1ccccc1)C2=C(c3ccccc3)ON=C2c4ccccc4)=O
NOBSUV,COC[C@](C(=O)N1C(=O)OC[C@H]1C(C)C)(CCCOC(=O)c1ccc(cc1)N(=O)=O)C
NOCWIM,COc1ccc(cc1)CN1C(=O)[C@@H]([C@H]2[C@]1(COC(O2)(C)C)C(=O)Nc1ccccc1N(=O)=O)C
NODTIJ,Nc1cc(ccc1O)N(=O)=O
NODXEK,O=C1CCCC2=C1[C@H](C1=C(O2)CCCC1=O)c1ccccc1N(=O)=O
NODYIO,CCC[C@H]([C@@H]1c2ccccc2[C@@H](c2c1cccc2)N(=O)=O)C(=O)C
NOETNA,O=N(=O)N(CC(N(=O)=O)(N(=O)=O)N(=O)=O)CC(N(=O)=O)(N(=O)=O)N(=O)=O
NOETNA01,O=N(=O)N(CC(N(=O)=O)(N(=O)=O)N(=O)=O)CC(N(=O)=O)(N(=O)=O)N(=O)=O
NOETNA02,O=N(=O)N(CC(N(=O)=O)(N(=O)=O)N(=O)=O)CC(N(=O)=O)(N(=O)=O)N(=O)=O
NOEURA,O=C(NCC(N(=O)=O)(N(=O)=O)N(=O)=O)NCC(N(=O)=O)(N(=O)=O)N(=O)=O
NOEURA01,O=C(NCC(N(=O)=O)(N(=O)=O)N(=O)=O)NCC(N(=O)=O)(N(=O)=O)N(=O)=O
NOFBEP,CNC(NC)=C(C=C1C(=O)CC(C)(C)CC1=O)N(=O)=O
NOFLUP,O[C@@H](c1ccccc1)CNc1ccc(cc1)N(=O)=O
NOFNED,Cc1cc(ccc1O)c1ccccc1N(=O)=O
NOFNIH,Cc1ccc(c2cc(C)c(O)c(C)c2C)c(c1)N(=O)=O
NOFWAJ,COc1cccc2c1OC[C@]1([C@@H]2C(=C[C@H]1c1ccccc1)C(=O)OCc1ccccc1)N(=O)=O
NOGCET,CN1C(=NC(=C1N(=O)=O)C#CC=C(C)C)C
NOGCIX,CC1=NC(=C(N1C)N(=O)=O)C#C/C=C(/c1ccccc1)\C
NOGGUL,COc1c(OC)cc(cc1OC)/C=C/c1ccc(c(c1)OC)N(=O)=O
NOGRIM,CC(C)(C)NC1=C(N=C2N1C=CC=C2C(O)=O)c1cccc(c1)N(=O)=O
NOHCAQ,CN1C=C(c2ccccc2)[C@H](NC1=O)c1ccc(cc1)N(=O)=O
NOHDAS,CCOC(=O)C1=CC[C@]2([C@@H]1N(C(=O)C)c1c2cccc1)N(=O)=O
NOHDFR,COC(=O)[C@]1(C=C[C@@H](O1)N(=O)=O)OC(=O)C
NOHREJ,CO[C@@]1(COCc2ccccc2)O[C@@H]([C@H]2[C@@H]1[C@@H]2N(=O)=O)COCc1ccccc1
NOHTOT,CCOC(=O)C1=C(C)NC(=C([C@H]1c1cccc(c1)N(=O)=O)C(=O)OC)C
NOJGOL,C=C[C@H]1CCC[C@]2(O1)CCC/C(=N/Nc1ccc(cc1N(=O)=O)N(=O)=O)/C2
NOJKUU,CO[C@H]1CCCN2N1C(=O)[C@@H]1C[C@H](CN1C2=O)OCc1ccc(cc1)N(=O)=O
NOJLAB,CO[C@H]1CCCCN2N1C(=O)[C@@H](N(C2=O)Cc1ccc(cc1)N(=O)=O)C
NOJTUC,Oc1ccccc1/C=N/[C@H]([C@H](c1ccc(cc1)N(=O)=O)/N=C/c1ccccc1O)c1ccc(cc1)N(=O)=O
NOKJEF,NC1=C(N=NC2=NC(=NN12)N(=O)=O)[N+]([O-])=NN(=O)=O
NOKJIJ,CC(C)(C)N=[N+]([O-])C1=C(N)N2N=C(N=C2N=N1)N(=O)=O
NOKJOP,CC(C)N1N=C([N+]([O-])=NC(C)(C)C)C(=NN(=O)=O)N2N=C(N=C12)N(=O)=O
NOLFUQ,COC(=O)[C@H]([C@H](c1ccc(cc1)N(=O)=O)O)C
NOLHIG,COC(=O)C1=C2C=CC=CC2=C(C)N1c1ccc(cc1)N(=O)=O
NOLZUJ,COC(=O)[C@H]1N[C@H]([C@]([C@H]1c1ccc(cc1)OC)(C)N(=O)=O)c1ccccc1O
NOMBEA,Cc1c(cc(cc1N(=O)=O)C(O)=O)N(=O)=O
NOMBEA01,Cc1c(cc(cc1N(=O)=O)C(O)=O)N(=O)=O
NOMESL,Cc1cc(C)c(c(C)c1)N(=O)=O
NONQUF,O=N(=O)c1ccc(cc1)N1c2ccccc2C(c2ccccc12)=C1c2ccccc2c2ccccc12
NONYOE,CO[C@H]1O[C@H](C)[C@H]([C@@](C1)(C)N(=O)=O)O
NOPGIL,CN1C=C(c2ccc(cc2)N(=O)=O)c2ccccc12
NOPHKN,O=C(c1ccc(cc1)N(=O)=O)c1ccc(cc1)N(=O)=O
NOPHKN01,O=C(c1ccc(cc1)N(=O)=O)c1ccc(cc1)N(=O)=O
NOPLUA,CC(=O)c1cc2cccc3ccc4ccc(c1c4c23)N(=O)=O
NOPROA,OC(=O)CCN(=O)=O
NOPTUK,O=N(=O)C1=C(/C(=C\N2CCCC2)/c2ccccc2)c2c(OC1=O)cccc2
NOQBOM,O=N(=O)C[C@H]([C@H](/C(=C\1/C(=NN(C1=O)c1ccccc1)C)/C)C)c1ccccc1
NOQVUL,CC1=CC=C(O1)/C=N/c1cccc(c1)N(=O)=O
NORCED,O=N(=O)c1cccc(Oc2ncccn2)c1
NORDEE,O=N(=O)c1ccc(Oc2ccc(cc2)c2ccccc2)cc1
NORPUG,CC(C)COC(=O)c1cc(cc(c1)N(=O)=O)N(=O)=O
NOSLEM,Nc1cc(c(cc1N1CCOCC1)N1CCOCC1)N(=O)=O
NOSQIY,O=C(c1ccc(cc1)N(=O)=O)O[C@H]1C[C@@H]2C[C@H]1C=C2
NOTNAO,CC[C@@H]([C@H]1Nc2c(C31CCCCC3)cccc2)N(=O)=O
NOTPEU,Nc1c(cc(c2ccccc2)c(c2cccnc2)c1N(=O)=O)C#N
NOTPIY,Nc1c(cc(c2ccccc2)c(c2ccc3ccccc3c2)c1N(=O)=O)C#N
NOTRAP,CC[C@@]1(CCC(=O)NC1=O)c1ccc(cc1)N(=O)=O
NOTRUJ,O=C(c1ccc(cc1)N(=O)=O)C1=C([O-])[O+]=C2C=CC=CN12
NOVHIR,COc1ccc(cc1)N1C(=O)[C@@H]([C@@H]1c1ccc(cc1)N(=O)=O)Oc1ccccc1
NOXBZA,OOC(=O)c1ccccc1N(=O)=O
NOXBZP10,OOC(=O)c1ccc(cc1)N(=O)=O
NOYGIR,COc1cc(c(OC)c2ccccc12)C(N(=O)=O)(N(=O)=O)N(=O)=O
NOYGOX,COC1=CC(C(=O)c2ccccc12)=C(N(=O)=O)N(=O)=O
NOZWEH,CC1=CN(Cc2cccc(c2)N(=O)=O)C(=O)N(Cc2cccc(c2)N(=O)=O)C1=O
NOZZAD,COC(=O)C([C@@H](C(N(=O)=O)(C)C)[C@H]1COC(O1)(C)C)C(=O)OC
NPASPG,NC(=O)C[C@H](C(=O)O)Nc1ccc(cc1N(=O)=O)N(=O)=O
NPBDXY,O[C@H]1[C@@H](OC[C@H]([C@@H]1O)O)Oc1ccc(cc1)N(=O)=O
NPBDXY01,O[C@H]1[C@@H](OC[C@H]([C@@H]1O)O)Oc1ccc(cc1)N(=O)=O
NPBUDO,CC(=O)C=C(O)c1ccc(cc1)N(=O)=O
NPBUDY,O=N(=O)c1ccc(cc1)C#CC#Cc1ccc(cc1)N(=O)=O
NPCMPZ,COC([C@@]1(c2ccccc2)N=N[C@H](C)[C@H]1c3ccc(N(=O)=O)cc3)=O
NPCPMK,CC(=O)[C@H]1C[C@@H]1c1ccc(cc1)N(=O)=O
NPGLPN,CC(=O)OC[C@H]1O[C@H](Oc2ccc(cc2N(=O)=O)N(=O)=O)[C@@H]([C@H]([C@@H]1OC(=O)C)OC(=O)C)OC(=O)C
NPHDZA,CC/C(=N/Nc1ccc(cc1)N(=O)=O)/C
NPHDZB,CC/C=N/Nc1ccc(cc1N(=O)=O)N(=O)=O
NPHDZB01,CC/C=N/Nc1ccc(cc1N(=O)=O)N(=O)=O
NPHOAC,OC(=O)COc1ccc(cc1)N(=O)=O
NPHOAC01,OC(=O)COc1ccc(cc1)N(=O)=O
NPHOPN,CC(C)(c1ccc(Oc2ccc(cc2)N(=O)=O)cc1)c1ccc(Oc2ccc(cc2)N(=O)=O)cc1
NPHOPN01,CC(C)(c1ccc(Oc2ccc(cc2)N(=O)=O)cc1)c1ccc(Oc2ccc(cc2)N(=O)=O)cc1
NPHYAC,CC(C)=NNc1cccc(c1)N(=O)=O
NPHYAC01,CC(C)=NNc1cccc(c1)N(=O)=O
NPIMPY,O=N(=O)c1ccc(N2C=Nc3ncccc23)c(c1)N(=O)=O
NPMALA,COC([C@@H](NC1=C(C=C(C=C1)[N+](=O)[O-])[N+](=O)[O-])C)=O
NPMPRD,OC[C@@H](N1C(C)=CC=C1C)[C@H](O)c2ccc(N(=O)=O)cc2
NPNFPR,O=C(c1ccc(cc1)N(=O)=O)/C=C/C1=CC=C(O1)N(=O)=O
NPOXBZ10,CCCCCCCCOc1ccc(cc1)C(=O)Oc1ccc(cc1)N(=O)=O
NPOXBZ11,CCCCCCCCOc1ccc(cc1)C(=O)Oc1ccc(cc1)N(=O)=O
NPXMBZ10,COC(=O)c1ccc(Oc2c(C)cc(C)cc2C)c(c1)N(=O)=O
NPXODC,O=N(=O)c1ccc(cc1)O[C@H]1CC[C@H]2[C@H](O1)CCCC2
NPYRAM,O=N(=O)c1cccnc1NCNc1ncccc1N(=O)=O
NSPIBP,O=N(c1c(O[C@]2(N(c3ccccc3C2(C)C)c4ccccc4)C=C5)c5ccc1)=O
NSTYRO,O=N(=O)c1ccc(cc1)[C@H]1OC1
NSTYRO01,O=N(=O)c1ccc(cc1)[C@@H]1OC1
NTBYPY,O=N(=O)c1ccc(Cc2ccncc2)c(c1)N(=O)=O
NTBZAM01,NC(=O)c1ccc(cc1)N(=O)=O
NTBZAM10,NC(=O)c1ccc(cc1)N(=O)=O
NTBZAM11,NC(=O)c1ccc(cc1)N(=O)=O
NTMCPO,C[C@@H]1CC(C(=O)[C@H]1N(=O)=O)(C)C
NTPYRO,O=N(c1cc[n+]([O-])cc1)=O
NTPYRO03,O=N(c1cc[n+]([O-])cc1)=O
NTPYRO11,O=N(c1cc[n+]([O-])cc1)=O
NTPYRO12,O=N(c1cc[n+]([O-])cc1)=O
NTRACD,OC(=O)CN(=O)=O
NTRANT,O=N(=O)c1c2ccccc2cc2ccccc12
NTRANT01,O=N(=O)c1c2ccccc2cc2ccccc12
NTROMA,CN(=O)=O
NTRPLA,CC1=CC(=C(Oc2c(cccc2N(=O)=O)N(=O)=O)C(=O)C(=C1)C)C
NUBDOD,CC(=O)Nc1cccc(COC(C)=O)c1N(=O)=O
NUBDUJ,CC(=O)Nc1ccc(c(COC(C)=O)c1)N(=O)=O
NUBHOK,O=C(COC(=O)c1ccccc1)c1ccc(cc1)N(=O)=O
NUBKEA,O[C@@H](c1ccc2c(c1O)nccc2)c1cccc(c1)N(=O)=O
NUBQOT,O=N(=O)C1=NN(C(=C1)N(=O)=O)C1=NON=C1N(=O)=O
NUBZAM,CC1=C2[C@@H](CC1)[C@@](C)(CC[C@@H]1[C@H]2C1(C)C)OCc1ccc(cc1)N(=O)=O
NUBZEQ,CC1=C2[C@@H](CC1)[C@](C)(CC[C@@H]1[C@H]2C1(C)C)OCc1ccc(cc1)N(=O)=O
NUBZIU,CC1=C2C[C@@H](OC([C@H]2CC1)(C)C)c1ccc(cc1)N(=O)=O
NUCDEW,N#CC([C@@]1(CN(=O)=O)C(=O)Nc2c1cc(C)cc2)C#N
NUCHOI,CCOC(=O)[C@@H]1C[C@@H]2C(=O)CCC[C@H]2[C@@H](C1)N(=O)=O
NUCNOO,O=C1[C@H]2O[C@@]3(N1[C@H](COC3)c1ccccc1)O[C@@H]2c1ccc(cc1)N(=O)=O
NUDFOK,O=N(=O)c1ccc(cc1)C1=C2N=C3CCCC[C@@H]3OC3=CC=CC(=N1)N23
NUDLIH,CC[NH+](CC)Cc1cc(ccc1[O-])N(=O)=O
NUDPUA,CC(=O)CCC1=C(c2ccc(cc2)N(=O)=O)C2=C(O1)c1ccccc1OC2=O
NUDQAH,O=N(=O)[C@@H]1[C@@H](c2ccccc2)[C@H]2[C@]3([C@]1(O)CCC3)CCCC2=O
NUDQEL,CC[C@H]1[C@@H]2C(=O)CCC[C@]32[C@]([C@@H]1N(=O)=O)(O)CCC3
NUDQIP,O=C1CC(C)(C)C[C@]23[C@@H]1[C@H](c1ccccc1)[C@H]([C@]3(O)CCC2)N(=O)=O
NUDQOV,O=C1CCCC[C@@]23[C@@H]1[C@H](c1ccccc1)[C@H]([C@@]3(O)CCC2)N(=O)=O
NUDQUB,O=C1CC(C)(C)C[C@@]23[C@@H]1[C@H](c1ccccc1)[C@H]([C@@]3(O)CCC2)N(=O)=O
NUFDOJ,OCN1N=NC(=N1)N(=O)=O
NUGSOY,O=N(=O)c1cccc(c1)c1cc(/C=C/C=C/c2ccccc2)c(cc1/C=C/C=C/c1ccccc1)c1cccc(c1)N(=O)=O
NUGVAP,COC(=O)C1=C(C(=O)O[C@@]1(N)c1ccccc1)c1ccc(cc1)N(=O)=O
NUGZIY,COC[C@@H]1[C@H](COC)C=C[C@H]([C@@H]1OC(=O)c1cc(cc(c1)N(=O)=O)N(=O)=O)Cc1ccccc1
NUHTOA,C[C@@H]1C[C@H]1CC[C@@H](/C(=N/Nc1ccc(cc1N(=O)=O)N(=O)=O)/C)OCc1ccccc1
NUJFII,CCOC(=O)C(/C(=C\c1ccc(cc1)OC)/N(=O)=O)(C(=O)OCC)O
NUKBOK,CC1(C)NC(C)(C)c2cc(ccc12)N(=O)=O
NUKCEE,O=C1CCC[C@H]2[C@@H]1[C@]1(O)CCC(=O)[C@@]1(C[C@H]2N(=O)=O)C
NUKCII,O=C1CCC[C@H]2[C@H]1[C@]1(O)CCC(=O)[C@@]1(C[C@H]2N(=O)=O)C
NUKHUZ,O=C(c1ccc(cc1)N(=O)=O)OC[C@@]12O[C@@H]([C@H](C1)C(=O)c1ccccc1O)c1c2cccc1
NUKMAJ,O=C1CC[C@H]2C(=O)[C@]1(C)CC[C@H]2CC(=O)c1ccc(cc1)N(=O)=O
NUKPIT,CCOC(=O)[C@@H]1C[C@]2(C[C@H](C[C@@](C1)([C@H]2c1ccccc1)N(=O)=O)C(=O)OCC)N(=O)=O
NULCUV,O=C1N2C[N@]([C@]1(C)c1ccc(cc1)N(=O)=O)CCC(=O)c1c2cccc1
NULGEI,O=N(=O)[C@H]1C(=O)NC(=C[C@@H]1c1ccccc1)c1ccccc1
NUMLEP,COc1ccc(cc1)c1ccc(cc1N(=O)=O)c1ccc(c2ccc(OC)cc2)c(c1)N(=O)=O
NUMSAS,O=C1C(=C/C(=C/C=C/c2ccc(cc2)N(=O)=O)/C=C1C(C)(C)C)C(C)(C)C
NUMXAV,CNC(N)=C(N(=O)=O)N(=O)=O
NUNCOO,OC[C@@H](c1ccccc1)Nc1ccc(cc1)N(=O)=O
NUNFOT,CCOC(=O)C1=C(C)NC(=O)N[C@H]1c1ccccc1N(=O)=O
NUNGEJ,COC(=O)[C@@]12[C@H](C)CC[C@@]2(C)[C@@H](CC/C/1=N\Nc1ccc(cc1N(=O)=O)N(=O)=O)C
NUNLOX,CCCOc1c2Cc3cc(cc(Cc4cc(cc(Cc5cc(cc(Cc1cc(c2)N1C(=O)c2ccccc2C1=O)c5OCCC)N(=O)=O)c4OCCC)N1C(=O)c2ccccc2C1=O)c3OCCC)N(=O)=O
NUNPER,CCO[C@H]1OC2=C([C@H](C1)c1ccccc1N(=O)=O)C(=O)Oc1c2cccc1
NUPJAJ,COc1ccc2ccc(OC)c(c2c1N(=O)=O)N(=O)=O
NUPJIR,CN(C)c1cccc2c(ccc(N(C)C)c12)c1c(cc(cc1N(=O)=O)N(=O)=O)N(=O)=O
NUPMES,O=N(=O)c1ccc(cc1)/N=C/c1ccccn1
NUPMES01,O=N(=O)c1ccc(cc1)/N=C/c1ccccn1
NUPNES,O=C(c1ccc(cc1)N(=O)=O)N/N=C/C=C/c1ccccc1
NUPNIW,O=C(Oc1ccc(cc1)N(=O)=O)c1cccc2ccccc12
NUPPOD,CCOC(=O)c1ccc(cc1)N(=O)=O
NUPSID,CC[C@@H]1[C@H]2CC[N@]3[C@@H]1[C@](C2)(O)[C@H](CC3)c1ccccc1N(=O)=O
NUPYIJ,COC(=O)/C(=N\[C@@]12CCCC[C@H]2c2c(O1)cccc2)/c1ccc(cc1)N(=O)=O
NUPYON,COc1cc(cc(c1O)/C=N/NC(=O)c1cccc(c1O)C)N(=O)=O
NUPYUV,CC[C@H]1C(=N[C@@]([C@@]21C=CC=CC2=O)(C(=O)OC)c1ccc(cc1)N(=O)=O)c1ccccc1
NUQBEJ,C=CC[C@@](OC(=O)c1cc(cc(c1)N(=O)=O)N(=O)=O)(CCc1ccccc1)C#C
NUQCEJ,COc1ccc2ccccc2c1N(=O)=O
NUQFIP,O=C(NNC(=O)c1ccccc1)Nc1ccccc1N(=O)=O
NUQJEP,O/N=C/c1cccc(c1)N(=O)=O
NUQPOF,Oc1c2C(=O)c3c(O)c(cc(c3C(=O)c2c(cc1N(=O)=O)N(=O)=O)N(=O)=O)N(=O)=O
NUQQIC,CCOC(=O)[C@H]([C@@](c1ccc(cc1)N(=O)=O)(O)C)O
NUQRUN,O=C(c1ccccc1N(=O)=O)N/N=C/c1c(O)ccc2c1cccc2
NUQZIJ,NC1=C(C=C(C=C1)[N+](=O)[O-])\[NH+]=C\C1=C(C=CC2=CC=CC=C12)[O-]
NUQZIJ01,Nc1ccc(cc1[NH+]=Cc1c([O-])ccc2ccccc12)N(=O)=O
NUQZIJ02,Nc1ccc(cc1/N=C/c1c(O)ccc2c1cccc2)N(=O)=O
NUQZOP,O=C(c1ccccc1)C1=CN(N=C1C1=CC=C(O1)N(=O)=O)c1ccccc1
NURBIM,CC(=O)c1c(C)nc2ccc(cc2c1c1ccccc1)N(=O)=O
NURMEU,O=CN(Cc1c2ccccc2cc2ccccc12)c1cc2ccccc2cc1Nc1ccc(cc1)N(=O)=O
NUSLUI,O=C(c1ccc(cc1)N(=O)=O)O[C@H]1C(=O)N([C@H]1[C@H]1OC1(C)C)C(=O)OC(C)(C)C
NUSQEY,O=N(=O)c1cc(ccc1N/N=C/1\[C@@H]2CCC[C@]32CC[C@@]2([C@H]1CCCC2)O3)N(=O)=O
NUSQIC,O=N(=O)c1cc(ccc1N/N=C/1\[C@H]2CCCC[C@]32CC[C@@]2([C@H]1CCCC2)O3)N(=O)=O
NUSTED,Cc1ccc(cc1)N1N=C(C=C1N(=O)=O)N(=O)=O
NUSTIH,O=N(=O)C1=NN(C2=NNC=N2)C(=C1)N(=O)=O
NUSTON,NC1=NON=C1N1N=C(C=C1N(=O)=O)N(=O)=O
NUSTUT,NC1=NC(=NN1)N1N=C(C=C1N(=O)=O)N(=O)=O
NUTRUP,COC([C@]1(C)Oc2ccc(cc2[C@H]([C@H]1O)NC(=O)C)N(=O)=O)OC
NUTYEJ,C=C1C[C@H]2[C@]3([C@@H]1C(=O)[C@@H](C2)C[C@@H]3N(=O)=O)C
NUVKOG,COC(=O)c1c(C)nc(C)c(C(=O)OC)c1C#Cc1cc(cc(c1)N(=O)=O)N(=O)=O
NUVXAE,NNC(=O)c1ccc(cc1)N(=O)=O
NUVZUC,O=N(=O)C[C@@H]([C@]1(Cc2c(C1=O)cccc2)C(=O)OC(C)(C)C)c1ccccc1
NUWKOH,O[C@H]1CCc2c1cc(cc2)N(=O)=O
NUWPUT,OC1=NN(C=C1)[C@]1(C(=O)N(c2c1cccc2)Cc1ccccc1)[C@@H](c1ccccc1)CN(=O)=O
NUWVIL,CC(=O)Oc1ccc(cc1C(O)=O)N(=O)=O
NUYPAB,COC(=O)c1ccc(c2cccc(c2N)c2ccc(cc2N(=O)=O)C(=O)OC)c(c1)N(=O)=O
OBABOL,O=N(=O)c1ccc(cc1)[C@@H](C1=C(Nc2c1cccc2)c1ccccc1)C1=C(Nc2c1cccc2)c1ccccc1
OBAFUU,CC(=O)CC[C@@]1(CCCC1=O)C(=O)Nc1ccc(cc1)N(=O)=O
OBAHIK,CCOC(=O)C1=CC([C@]2([C@H]1c1ccc(cc1)N(=O)=O)C(=O)N(c1c2cccc1)Cc1ccccc1)(C#N)C#N
OBAHOQ,CCOC(=O)[C@@]1(C#N)C=C([C@H]([C@]21C(=O)N(c1c2cccc1)Cc1ccccc1)c1ccc(cc1)N(=O)=O)C(=O)OCC
OBEMIT,O=N(=O)c1ccc(Oc2cccc3ccccc23)cc1
OBERAQ,O=C1N(CCCOc2c3Cc4cc(cc(Cc5cc(cc(Cc6cc(cc(Cc2cc(c3)N(=O)=O)c6OCCCN2C(=O)c3ccccc3C2=O)N(=O)=O)c5OCCCN2C(=O)c3ccccc3C2=O)N(=O)=O)c4OCCCN2C(=O)c3ccccc3C2=O)N(=O)=O)C(=O)c2ccccc12
OBEZIH,O=C(c1ccc(cc1)N(=O)=O)O[C@@H]1CCC[C@H]([C@@H]1OC(=O)c1ccc(cc1)N(=O)=O)[C@@]1(O)C[C@@H]2C([C@@]1(C)CC2)(C)C
OBOHOF,Oc1c(cc(cc1C(C)(C)C)/C=N/Nc1ccc(cc1N(=O)=O)N(=O)=O)C(C)(C)C
OBOKIC,Oc1ccc(cc1/C=N/c1ccc(cc1)Nc1ccccc1)N(=O)=O
OBOZUD,Oc1ccccc1C1=C(C=C(C(=O)c2ccccc2)C2=NCCN12)C(=O)c1ccccc1N(=O)=O
OBUDAS,COc1ccccc1Oc1ncccc1N(=O)=O
OBUJAY,COc1ccccc1/C(=N/Nc1ccc(cc1N(=O)=O)N(=O)=O)/C
OBUWUF,O=C(c1ccc(cc1)N(=O)=O)N/N=C/c1c(O)ccc2c1cccc2
OBUWUF01,O=C(c1ccc(cc1)N(=O)=O)N/N=C/c1c(O)ccc2c1cccc2
OBUXOA,CCCNc1ccc(cc1N(=O)=O)C#N
OCALEL,C/C(=N\NC(=O)c1ccccc1N(=O)=O)/c1ccccn1
OCALOU,CC(=O)NCCNc1ccc(cc1)N(=O)=O
OCAMAJ,O=N(=O)C1=CC2=NO[N+](=C2C=C1N(=O)=O)[O-]
OCATEU,COC(=O)[C@@H]1C[C@@H](O)[C@H]2[C@@H]([C@H]1CN(=O)=O)OC(O2)(C)C
OCATIY,O=N(=O)C[C@@H]1[C@H]2C[C@@H]([C@@H]3[C@H]1OC(O3)(C)C)OC2=O
OCAYID,CC(C)(c1ccnc(n1)c1ccccc1)N(=O)=O
OCEHEL,O=N(=O)c1cc2OCOc2cc1C=C(C#N)C#N
OCEJUD,COc1c(cc(c(c1C(=O)N[C@H](C(C)C)C)N[C@H](C(C)C)C)N(=O)=O)N(=O)=O
OCEKIS,CCOc1ccccc1N/N=N/c1cccc(c1)N(=O)=O
OCEVUN,CCCN1c2ccccc2C([C@@]21C=Cc1c(O2)ccc(c1)N(=O)=O)(C)C
OCEXON,CN(C)N(C)C(=O)c1ccc(cc1)N(=O)=O
OCEXUT,CN1N(C)c2cc(ccc2C1=O)N(=O)=O
OCIKAQ,CNN(C)C(=O)c1ccc(cc1)N(=O)=O
OCOMOK,OC(=O)CCNc1ccc(cc1)N(=O)=O
OCONEZ,Cc1ccc(cc1)/C=C/C=C(/N(=O)=O)\C=C\c1ccc(cc1)C
OCUHUS,CC1=NC(=NO1)C1=NON=C1NCC(N(=O)=O)(N(=O)=O)N(=O)=O
OCUZAR,O=C(OCc1ccccc1N(=O)=O)c1ccccc1
OCUZEV,O=C(OCc1ccccc1N(=O)=O)c1ccc2ccccc2c1
OCUZIZ,O=C([C@]12C[C@H]3C[C@@H](C2)C[C@@H](C1)C3)OCc1ccccc1N(=O)=O
OCUZOF,O=C(OCc1ccccc1N(=O)=O)c1cccc2ccccc12
OCUZUL,OCc1ccccc1N(=O)=O
OCUZUL01,OCc1ccccc1N(=O)=O
ODAVEV,O=C/C=N/Nc1cccc(c1)N(=O)=O
ODAWIA,OC(=O)Cc1ccccc1N(=O)=O
ODAWIA01,OC(=O)Cc1ccccc1N(=O)=O
ODEPAS,CC1=C2[C@H](OC(=O)c3ccc(cc3)N(=O)=O)[C@]3(O)CCC(=C(C3(C)C)[C@H]3[C@H]([C@@]2([C@H](CC1)OCc1ccccc1)C)OC(O3)(C)C)C
ODEVEC,CN1O[C@H](NC[C@]1(C)c1ccccc1)c1ccc(cc1)N(=O)=O
ODEVEY,C[C@@H]([C@@H]1ON([C@H]2[C@@H]1COC2=O)Cc1ccccc1)OC(=O)c1cc(cc(c1)N(=O)=O)N(=O)=O
ODISEZ,CC(=O)OC[C@H]1O[C@@H](O[C@@H]2[C@H](O)C=CO[C@@H]2c2ccc(cc2)N(=O)=O)[C@@H]([C@H]([C@@H]1OC(=O)C)OC(=O)C)OC(=O)C
ODOGIZ,CCC[C@@H]1C[C@@H](OC(=O)c2cc(cc(c2)N(=O)=O)N(=O)=O)C[C@@H](N1C(=O)OC(C)(C)C)C(=O)OC(C)(C)C
ODOHOF,O=C(/C=C\C=C/C(=O)OCc1ccc(cc1)N(=O)=O)OCc1ccc(cc1)N(=O)=O
ODOWOW,O=C(c1cc(cc(c1)N(=O)=O)N(=O)=O)OC[C@@H]1C[C@@]21[C@H]1C=C[C@@H]2c2c1cccc2
OFAMUG,CCCC[C@@](/C=C/[C@H](c1ccc(c(c1)OC)OC)C)(C/C=N/Nc1ccc(cc1N(=O)=O)N(=O)=O)C
OFANAN,CCCC[C@]([C@H](/C=N/Nc1ccc(cc1N(=O)=O)N(=O)=O)C)(/C=C/[C@@H](c1ccc(cc1)C)CCCC)C
OFAZUQ,CCN(C(=O)/C(=C/c1cc(O)c(c(c1)N(=O)=O)O)/C#N)CC
OFAZUQ02,CCN(C(=O)/C(=C/c1cc(O)c(c(c1)N(=O)=O)O)/C#N)CC
OFAZUQ03,CCN(C(=O)/C(=C/c1cc(O)c(c(c1)N(=O)=O)O)/C#N)CC
OFEBAC,CCN(C(=O)/C(=C/c1cc(OC(=O)C(C)(C)C)c(c(c1)N(=O)=O)O)/C#N)CC
OFEBEG,CCN(C(=O)/C(=C/c1cc(OC(=O)C)c(c(c1)N(=O)=O)OC(=O)C)/C#N)CC
OFEBIK,CCN(C(=O)/C(=C\c1cc(OC(=O)c2ccccc2)c(c(c1)N(=O)=O)OC(=O)c1ccccc1)/C#N)CC
OFEKUG,COc1cc(c(cc1OC)N(=O)=O)[C@H]1CC(=NN1c1ccccc1)c1ccccc1
OFEZIK,COC(=O)[C@]1(C=CC=C1c1ccc(cc1)N(=O)=O)CC(=O)OC
OFIJIZ,O=N(=O)c1ccccc1NCCCCNc1ccccc1N(=O)=O
OFIJOF,O=N(=O)c1ccccc1NCCN(CCNc1ccccc1N(=O)=O)CCNc1ccccc1N(=O)=O
OFIJUJ,CC1=CC[C@@H](CC1)[C@@H](C[C@@H]1CCC[C@@H]1OC(=O)c1cc(cc(c1)N(=O)=O)N(=O)=O)C
OFIWUY,NC(=O)N(c1ccccc1)c1ccccc1N(=O)=O
OFIXAF,NN(c1ccccc1)c1ccccc1N(=O)=O
OFIXEJ,COC(=O)c1ccc(cc1)N(C(N)=O)c1ccccc1N(=O)=O
OFOLIE,O=N(=O)c1ccc2N(Cc3ccc(CN4C=Cc5cc(ccc45)N(=O)=O)cc3)C=Cc2c1
OFOLUQ,O=N(=O)c1ccc2N(Cc3ccc(CN4c5ccccc5c5ccccc45)cc3)C=Cc2c1
OFOMAX,O=C(OCCN1C=Cc2ccccc12)c1ccc(cc1)N(=O)=O
OFOMOL,O=C(OCCN1c2ccccc2c2ccccc12)c1ccc(cc1)N(=O)=O
OFUCUQ,COc1ccc(cc1)C(=O)NN1CC(=O)N(CC1=O)NC(=O)c1ccc(cc1)N(=O)=O
OFUDAX,O=C1CN(NC(=O)c2ccc(cc2)N(=O)=O)C(=O)CN1NC(=O)c1ccccc1
OFUZUM,COc1ccccc1[C@H]1[C@H](N(=O)=O)[C@@H](O[C@]1(C(=O)OC)c1ccccc1)/C=C/c1ccccc1
OGEDAG,O=C(c1c2ccccc2cc2c1cccc2)Oc1ccc(cc1)/N=N/c1ccc(cc1)N(=O)=O
OGEDIO,CC(C)(Oc1ccc(cc1)N(=O)=O)C(O)=O
OGENEU,O=C(Nc1cccc2cccnc12)c1ccccc1N(=O)=O
OGENIY,O=C(Nc1cccc2cccnc12)c1cccc(c1)N(=O)=O
OGENIY01,O=C(Nc1cccc2cccnc12)c1cccc(c1)N(=O)=O
OGEPUM,O=C(Nc1cccc2cccnc12)c1ccc(cc1)N(=O)=O
OGEPUM01,O=C(Nc1cccc2cccnc12)c1ccc(cc1)N(=O)=O
OGEPUM02,O=C(Nc1cccc2cccnc12)c1ccc(cc1)N(=O)=O
OGEPUM03,O=C(Nc1cccc2cccnc12)c1ccc(cc1)N(=O)=O
OGERAW,C=CC[C@@]1(C(=O)OCC[C@@]21C(=O)N(c1c2cccc1)C)c1ccccc1N(=O)=O
OGEWUS,CCOC(=O)N1[C@@H]2C=C[C@H](N1C(=O)Nc1ccc(cc1)N(=O)=O)C2
OGIBUE,COC(=O)[C@@H]1[C@@H](O)[C@H](OCc2ccccc2)[C@@H]2[C@H]([C@H]1N(=O)=O)OC(O2)(C)C
OGILIA,[O-][n+](ccc1N(=O)=O)c2c1cccc2
OGILIA01,[O-][n+](ccc1N(=O)=O)c2c1cccc2
OGOCOE,COc1ccc(cc1)[C@@H]1[C@@H](c2ccc(cc2)N(=O)=O)[C@H](c2ccc(cc2)N(=O)=O)[C@@H]2c3c1cc(OC)cc3[C@H]([C@@H]2c1ccc(cc1)N(=O)=O)c1ccc(cc1)OC
OGOCUK,COc1ccc2c(c1)[C@@H](c1ccc(cc1)OC)[C@@H]([C@H]2Cc1ccc(cc1)N(=O)=O)c1ccc(cc1)N(=O)=O
OGODIZ,O=N(=O)C1=CN(N=C1)C(N(=O)=O)(N(=O)=O)N(=O)=O
OGOKAY,O=N(=O)C1=CN(N=C1N(=O)=O)C(N(=O)=O)(N(=O)=O)N(=O)=O
OGOKEC,O=N(=O)C1=NN(C(=C1)N(=O)=O)C(N(=O)=O)(N(=O)=O)N(=O)=O
OGOYAN,NC(N)=C(C1=NC=NN1)N(=O)=O
OGOYER,NC(N)=C(c1ncnc(N)n1)N(=O)=O
OGOYOB,NC(=[NH2+])C(C1=NN=N[N-]1)(N(=O)=O)N(=O)=O
OGUBUO,Cc1cc(ccc1C1=C2COC[C@H](N2N=N1)c1ccccc1)N(=O)=O
OHEXUX,N#CC[C@H]1c2cccc3c2C(=CN3C)[C@H]([C@@H]1N(=O)=O)c1ccccc1
OHIDOY,CCOC(=O)C1=NNC(=C([C@H]1c1ccccc1N(=O)=O)C(=O)OC(C)(C)C)C
OHILOI,O=N(=O)c1c(Nc2ccccn2)ccc2ccccc12
OHISEF,CCCCCCCCc1ccc(cc1)/N=C/c1cc(ccc1O)N(=O)=O
OHNODC,O=C1CC[C@@H]([C@@]2([C@@H]1CCCC2)O)N(=O)=O
OHOZOD,O=C(c1cc(cc(c1)N(=O)=O)N(=O)=O)O[C@@H]1CC[C@@H]2[C@@H](C1)C(C)(C)CCC2
OHUFEF,CN1C(=O)N(C)C(=O)C(=Cc2cc(ccc2N2C[C@@H]3C[C@H](C2)C2=CC=CC(=O)N2C3)N(=O)=O)C1=O
OHUFOP,O=C1N(C)C(=O)C2(C(=O)N1C)Cc1cc(ccc1N1[C@H]2[C@H]2C[C@@H](C1)CN1C2=CC=CC1=O)N(=O)=O
OHUJOQ,O=N(=O)c1ccc2c(c1)O[C@]13[C@](N2)(CCCC1)Oc1c(N3)ccc(c1)N(=O)=O
OHUJOQ01,O=N(=O)c1ccc2c(c1)O[C@]13[C@](N2)(CCCC1)Oc1c(N3)ccc(c1)N(=O)=O
OHUJUW,O=N(=O)c1ccc2c(c1)N[C@@]13[C@@](O2)(CCCC1)Nc1c(O3)ccc(c1)N(=O)=O
OJAJAL,CC[C@H]([C@H]1CCCC[C@@H]1N(=O)=O)C(=O)O
OJAREW,CO[C@@]12[C@@H]3O[C@@H]3CN1c1c(C2=O)cc(cc1)N(=O)=O
OJARIA,CO[C@]12[C@@H]3O[C@@H]3CN2c2c(C1=O)cccc2N(=O)=O
OJAZEF,CCO[C@@H]1Oc2c(OC)ccc3c2[C@]2(C1)C=CC(=O)C[C@@H]2C(=C3)N(=O)=O
OJAZIJ,CCO[C@H]1Oc2c(OC)ccc3c2[C@@]2(C1)C=CC(=O)C[C@H]2[C@@H](C3)N(=O)=O
OJEJUK,O=N(=O)C[C@H]([C@@]1(C)c2ccccc2N(C1=O)C(=O)OC(C)(C)C)c1ccccc1
OJIJOG,O=N(=O)c1ccc(NN=C2CCCCC2)c(c1)N(=O)=O
OJIRIJ,COc1ccc(c2cnc3ccccc3n2)c(c1)N(=O)=O
OJIRUV,O=C1O[C@@H]([C@@](C1)(C)c1ccccc1)c1ccc(cc1)N(=O)=O
OJOCEW,O=N(=O)[C@]12CN(C[C@H]1[C@@H]1CN(CON1c1c2cccc1)Cc1ccccc1)Cc1ccccc1
OJODEZ,O=C1OC(=O)c2ccc(c3cccc1c23)N(=O)=O
OJOMIL,O=N(=O)c1ccc(cc1)/C=N/c1ccccc1/N=C/c1ccc(cc1)N(=O)=O
OJOVUH,COc1cc2cc(OC)c(OC)cc2c(n1)c1cc(ccc1OC)N(=O)=O
OJOYIY,O=C1CN(C(=O)N1)/N=C/C1=CC=C(O1)c1ccc(cc1)N(=O)=O
OJOYIY02,O=C1CN(C(=O)N1)/N=C/C1=CC=C(O1)c1ccc(cc1)N(=O)=O
OJOYIY03,O=C1CN(C(=O)N1)/N=C/C1=CC=C(O1)c1ccc(cc1)N(=O)=O
OJOYIY04,O=C1CN(C(=O)N1)/N=C/C1=CC=C(O1)c1ccc(cc1)N(=O)=O
OJOYIY05,O=C1CN(C(=O)N1)/N=C/C1=CC=C(O1)c1ccc(cc1)N(=O)=O
OJOZUK,O=C([C@@H]1C=C[C@H](C1)OC(=O)c1cc(cc(c1)N(=O)=O)N(=O)=O)OCc1ccccc1
OJUFIJ,O=C1C=C[C@@H]2N([C@H]1[C@H]1[C@@H]2C=CC1=C(c1ccccc1)c1ccccc1)c1ccc(cn1)N(=O)=O
OJUHOS,COC(=O)C1(C[C@@H](N[C@@H]1c1ccccc1N(=O)=O)c1ccc(cc1)C)C(=O)OC
OJUKAI,C=C[C@]1(CCc2ccccc2)C(=O)CC[C@]1(C)N(=O)=O
OJUKEM,C=C[C@@]1(C(=O)CC[C@]1(C)N(=O)=O)c1ccccc1
OJUKOT,CC[C@@H]1C/C(=N\Nc2ccc(cc2N(=O)=O)N(=O)=O)/[C@@H]2O[C@@]1(c1ccccc1)C(=C2C(=O)OC)C(=O)OC
OJUNEM,CN(/N=C(/c1ccc(cc1)N(=O)=O)\C=N\N(C)C)C
OJUNUC,CN(/N=C/C(=N\N1CCCC1)/c1ccc(cc1)N(=O)=O)C
OKAJAO,CCOC(=O)[C@]([C@@H](c1ccc2c(c1)cccc2)C=C)(N(=O)=O)C
OKAJES,CCOC(=O)[C@]([C@@H](c1ccccc1)C=C)(N(=O)=O)Cc1ccccc1
OKANOG,NC(=N)Nc1ncc(c(N)c1N(=O)=O)N(=O)=O
OKAQEZ,O=C(C1=C(C)NC2=C([C@@H]1c1cc(cc(c1O)N(=O)=O)N(=O)=O)C(=O)C(CC2)(C)C)OCc1ccccc1
OKAQID,COC(=O)C1=C(N)OC(=C1C(=O)c1cccc(c1)N(=O)=O)C#N
OKEBUC,O=C(C1=C(/C=C/c2ccccc2)O[C@H]([C@@H]1c1ccccc1)N(=O)=O)/C=C/c1ccccc1
OKECAI,O=C(c1ccc(cc1)N(=O)=O)OC[C@H]1C=CCC[C@@H]1C(=O)c1ccccc1
OKEQEA,OC[C@@]12CO[C@H]([C@@H](O)[C@@H]2O)[C@@H](Oc3ccc(N(=O)=O)cc3)O1
OKIGAQ,CCCCCCCOc1c(C=O)c(c(OC)cc1N(=O)=O)N(=O)=O
OKIRUX,O=C1NC(=O)N=C(N1)OCC(N(=O)=O)(N(=O)=O)N(=O)=O
OKOSOX,COC(=O)[C@@]1(C[C@H]2N(C1=O)[C@@H](CO2)c1ccccc1)c1ccc(cc1N(=O)=O)N(=O)=O
OKUBAX,C[C@@H]1C[C@@H](C)O[C@@H](O1)[C@H]([C@H]([C@@H](N(=O)=O)C)c1ccccc1)C
OKUTOE,O=C(c1cc(cc(c1)N(=O)=O)N(=O)=O)/C=C\1/N(C)c2c(C1(C)C)cccc2
OKUXIC,COC(=O)COc1ccc(cc1OCC(=O)OC)N(=O)=O
OLAJAM,O=C1C[C@H](c2ccc(cc2)N(=O)=O)C2([C@@H](C1)c1ccccc1)C(=O)OC(OC2=O)(C)C
OLAVIG,CO[C@@H]1C(=CC[C@H]2[C@H]1C[C@H](C2(C)C)OC(=O)c1ccc(cc1)N(=O)=O)C
OLAWAZ,O=N(=O)c1cc(ccc1N/N=C\1/[C@@H]2C=C[C@@H](C2)[C@H]2[C@@H]1CCC2)N(=O)=O
OLAWIJ,OC(Nc1ccc(cc1)N(=O)=O)(C(=O)c1ccccc1)C(=O)c1ccccc1
OLAXUV,COc1ccc(cc1)[C@H]1C[C@](C)(O)OC[C@@H]1N(=O)=O
OLIBOB,CO[C@@H]1CCCC[C@@]21CCC=C2c1ccc(cc1)OC(=O)c1ccc(cc1)N(=O)=O
OLICAO,CCOC(=O)/C(=C(\N)/C)/[C@@H]1O[C@H](COCc2ccccc2)[C@H]([C@@H]([C@H]1N(=O)=O)OCc1ccccc1)OCc1ccccc1
OLIGAR,CC(=O)O[C@@]1(c2ccc(cc2)N(=O)=O)C(=O)[C@H]2[C@@H]1OCC2
OLIHIA,COC(=O)/C(=C/C(=O)OC)/Nc1ccccc1N(=O)=O
OLIHOG,COC(=O)c1cc(OCC(C)C)c2cccc(NC(=O)c3cc(OCC(C)C)c4cccc(c4n3)N(=O)=O)c2n1
OLIHUM,COC(=O)C1=CC(=O)c2cccc(c2N1)N(=O)=O
OLIJEY,COC(=O)c1cc(OCC(C)C)c2cccc(c2n1)N(=O)=O
OLOHEC,O=C1C=CC=C/C/1=C/Nc1ccc(cc1O)N(=O)=O
OLUJUD,COC(=O)c1c(N)cccc1N(=O)=O
OLUKUE,CCOC(=O)c1cccc(c1N)N(=O)=O
OLUTUM,Oc1ccc(cc1/C=N/Nc1ccccn1)N(=O)=O
OMAYUX01,COc1c(OC)cc(cc1OC)/C=C/c1ccc(cc1)/C=C/c1ccc(cc1)N(=O)=O
OMAZEI,COc1cc(/C=C/c2ccc(cc2)/C=C/c2ccc(cc2)N(=O)=O)cc(c1)OC
OMEJOG,O=N(=O)C1=CON=C1c1ccccc1
OMENAY,O=C(c1ccc(cc1)N(=O)=O)OC[C@H]1[C@@H](COC(=O)c2ccc(cc2)N(=O)=O)[C@@H]2[C@H]1CCO2
OMINIJ,O=C(Cc1cc2C(=O)NC(=O)c2cc1N(=O)=O)c1ccccc1
OMITIP,OC[C@H]1O[C@H](C[C@@H]1O)N1N=NC(=C1)c1ccc(cc1)N(=O)=O
OMIWIQ01,[O-][N+]([O-])=c(cc1)[n+]2[n+]1c(cc2N(=O)=O)=[N+]([O-])[O-]
OMIWIQ02,[O-][N+]([O-])=c(cc1)[n+]2[n+]1c(cc2N(=O)=O)=[N+]([O-])[O-]
OMOBOH,CCOC(=O)C1=CN(N=C1C)c1ccc(cc1N(=O)=O)N(=O)=O
OMOLOR,O=C1N(c2cccc(c2)N(=O)=O)C(=O)c2ccccc12
OMOLUX,O=C1N(c2cc(cc(c2)N(=O)=O)N(=O)=O)C(=O)c2ccccc12
OMOMOS,N/N=C/c1ccc(cc1)N(=O)=O
OMOMUY,Nc1ccc(cc1C#N)N(=O)=O
OMOTEP,OC[C@H]1O[C@H]([C@@H]([C@@H]1O)O)N1N=CC2=C1C=CC=C2N(=O)=O
OMOTIT,OC[C@H]1O[C@H]([C@@H]([C@@H]1O)O)N1N=C2C(=C1)C(=CC=C2)N(=O)=O
OMUXEB,CC[N+](CC)(CC)Cc1cc(cc(C=O)c1[O-])N(=O)=O
ONABAH,O=N(=O)c1ccccc1NC1=NN=C(O1)c1ccccc1
ONABEL,N#CC(=C(c1ccc(cc1)OC)/C=C/c1ccccc1N(=O)=O)C#N
ONAGES,O=N(=O)c1cc(ccc1N/N=C(\C=C\c1ccccc1)/C=C/c1ccccc1)N(=O)=O
ONBZAM,NC(=O)c1ccccc1N(=O)=O
ONITAN,Nc1ccccc1N(=O)=O
ONITAN01,Nc1ccccc1N(=O)=O
ONITAN02,Nc1ccccc1N(=O)=O
ONITAN03,Nc1ccccc1N(=O)=O
ONITPH,Oc1ccccc1N(=O)=O
ONITPH01,Oc1ccccc1N(=O)=O
ONONIP,CCOCN1C(=O)NC(=C([C@H]1c1ccc(cc1)N(=O)=O)C(=O)OCC)C
OPAGOD,O=C1C[C@@H]2CCC[C@]3(C1)[C@@H]2CCCN3C(=O)c1cc(cc(c1)N(=O)=O)N(=O)=O
OPAQAZ,COC(=O)[C@@]1(CCCC1=O)C[C@@H](c1ccc(cc1)N(=O)=O)C
OPIMEG,CCOC(=O)C1=CC(=O)/C(=C(/C(=O)OCC)\O)/[C@@H](N1)c1cccc(c1O)N(=O)=O
OPODED,O=N(=O)c1cccc2OCOc3cccc(c3c12)N(=O)=O
OPOHEI,CO[C@@H](C[C@H](c1ccc2c(c1)cccc2)c1ccccc1)COC(=O)c1ccc(cc1)N(=O)=O
OPOHIM,CO[C@H](C[C@H](c1ccc2c(c1)cccc2)c1ccccc1)COC(=O)c1ccc(cc1)N(=O)=O
OPUBIL,COC(=O)/C=C/c1cccc(c1NC(=O)C)c1cccc(c1)N(=O)=O
OPUQIB,C[C@@H](C[C@@H](c1ccccc1)C)COC(=O)c1cc(cc(c1)N(=O)=O)N(=O)=O
OQAVIO,CO[C@@H]1C[C@@H]2C[C@H]([C@]1(C)OC(=O)c1ccc(cc1)N(=O)=O)C2(C)C
OQERUA,COc1cc(OC)cc(c1)N1N=NN(C1=O)c1ccc(cc1)N(=O)=O
OQICEZ,CO/C(=N\N)/c1cc(ccc1N)N(=O)=O
OQIYUL,O=C(C1=NC(=NN1C(N(=O)=O)(N(=O)=O)N(=O)=O)N(=O)=O)C1=NC(=NN1C(N(=O)=O)(N(=O)=O)N(=O)=O)N(=O)=O
OQUPUM,O=N(=O)c1ccc(cc1)/C=N/c1ccc(cc1)/N=C/c1ccc(cc1)N(=O)=O
OQUPUM01,O=N(=O)c1ccc(cc1)/C=N/c1ccc(cc1)/N=C/c1ccc(cc1)N(=O)=O
OQUXEG,CN[C@@](C(=O)N1CCCC1)(c1ccc(cc1)N(=O)=O)Cc1ccccc1
ORAREH,O=C1N2OCCC2=C(c2ccccc2)c2cc(ccc12)N(=O)=O
ORASUY,O=C(N1C(=O)[C@H]2[C@@H](c3c1cccc3)N[C@H]([C@@H]2c1ccccc1N(=O)=O)c1ccc(cc1)N(=O)=O)OC(C)(C)C
ORAVUZ,COc1c(c(O)c(c(O)c1N(=O)=O)N(=O)=O)N(=O)=O
ORAWAG,COc1c(c(O)c(c(OC)c1N(=O)=O)N(=O)=O)N(=O)=O
OREFAV,C=CCN1C/C(=C\c2ccc(cc2)OC)/C(=O)[C@]2(C1)[C@H](CN([C@]12C(=O)Nc2c1cc(cc2)N(=O)=O)C)c1ccc(cc1)OC
ORIGUT,Oc1ccc(cc1/C=N/c1ccc(cc1)C(=C(c1ccccc1)c1ccccc1)c1ccccc1)N(=O)=O
OROYUR,COc1ccc(C#N)c(c1)N(=O)=O
OSAQIK,Cc1cc(C#C)c(cc1C)N(=O)=O
OSEWEQ,O=N(=O)c1cc(c(Nc2nc(Nc3c(cc(cc3N(=O)=O)N(=O)=O)N(=O)=O)c(cc2N(=O)=O)N(=O)=O)c(c1)N(=O)=O)N(=O)=O
OSEWIU,O=N(=O)c1cc(c(Nc2cccc(Nc3c(cc(cc3N(=O)=O)N(=O)=O)N(=O)=O)n2)c(c1)N(=O)=O)N(=O)=O
OSICEA,O=C(OCN1C(=O)c2ccccc2C1=O)c1ccccc1N(=O)=O
OSICOL,O=C(Nc1ccc(cc1)N(=O)=O)C[C@H](c1ccccc1)N1CCCC1
OSIDEB,O=C(OCN1C(=O)c2ccccc2C1=O)c1ccc(cc1)N(=O)=O
OSIGII,O=N(=O)c1ccccc1/C=C/C=C/c1ccccc1
OSIHAB,CN1C=NC(=C1N1C=C(N=N1)C1CC1)N(=O)=O
OSILUZ,CCOC(=O)[C@@]1(N(=O)=O)[C@H]([C@H]1C)/C=C/c1ccccc1
OSOVIC,COc1cc(cc(c1OC)OC)/C(=C\c1ccc(cc1)N(=O)=O)/C(=O)C
OSOXAY,O=C1CCCC[C@H]1[C@@H](c1ccc(cc1)N(=O)=O)O
OSUGIU,O=C1CCc2c1c1ccccc1cc2N(=O)=O
OSUSIH,Cc1cc(C)c(c(c1)C)/C(=C\C(=O)c1ccc(cc1)N(=O)=O)/C=C/c1ccccc1
OSUYOT,O=C(C1=Nc2ccccc2O1)c1cccc(c1)N(=O)=O
OTEMIM,O=C(N1CC=C[C@]21C(=O)N(C1=C2C(=O)c2c(O1)cccc2)Cc1ccccc1)c1ccc(cc1)N(=O)=O
OTENEI,COc1cc(ccc1C(=O)Nc1ccccc1N1C=CC=N1)N(=O)=O
OTENOS,O=C(COc1ccc(cc1)N(=O)=O)c1ccccc1
OTOCUY,CN1C=C[N+](=N1)[C-](N(=O)=O)N(=O)=O
OTOFIN,Cc1ccc(Nc2cc(O)c(cc2N(=O)=O)N(=O)=O)cc1N
OVAYES,O=C1/C(=C/c2ccc(cc2)N(=O)=O)/CC/C/1=C\c1ccc(cc1)N(=O)=O
OVAZAO,NC1=C(N=NC2=NC(=NN12)N(=O)=O)N(=O)=O
OVAZAO01,NC1=C(N=NC2=NC(=NN12)N(=O)=O)N(=O)=O
OVAZES,NC1=NN=NN1CCN1N=C(C(=C1N=[N+]=[N-])N(=O)=O)N(=O)=O
OVEKIL,O=C1CC(C)(C)CC2=C1[C@H](Nc1c(N2)cccc1)c1ccc(cc1)N(=O)=O
OVENAH,CN1C[C@@H](Cc2c3-c4c1cccc4C(c3ccc2)(C)C)N(=O)=O
OVIJEJ,COC(=O)[C@]12CCC(C[C@@H]2C2=CC[C@@H]3[C@]([C@]2(CC1)C)(C)CC[C@H]1[C@@]3(C)C[C@@H]([C@@H]2[C@]1(C)CO[C@@H](O2)c1ccc(cc1)N(=O)=O)O)(C)C
OVIVEW,COC[C@@]12C[C@]3(C=C[C@@H]4[C@H]3C[C@H]2[C@H]1C=C4)OC(=O)c1ccc(cc1)N(=O)=O
OVOLAO,C=CC[C@]([C@H]([C@@H](c1ccccc1)C=C)OC(=O)c1ccc(cc1)N(=O)=O)(c1ccccc1)O
OVOLES,C=C[C@@H]([C@@H](C(=O)c1ccccc1)O)c1ccc(cc1)N(=O)=O
OVOWEE,O=N(=O)N(CC(N(=O)=O)(N(=O)=O)N(=O)=O)c1nnc(nn1)N(CC(N(=O)=O)(N(=O)=O)N(=O)=O)N(=O)=O
OVOWEE01,O=N(=O)N(CC(N(=O)=O)(N(=O)=O)N(=O)=O)c1nnc(nn1)N(CC(N(=O)=O)(N(=O)=O)N(=O)=O)N(=O)=O
OVOZUX,COc1ccc(c(c1OC)OC)/C=C/C(=O)c1ccc(cc1)N(=O)=O
OVUVUY,O=C(c1ccc(cc1)N(=O)=O)O[C@]12C[C@]2(C)C[C@]23[C@H]1[C@]2(C=CCC3)c1ccccc1
OVUYEL,Cc1ccc(cc1)/C(=C\N(=O)=O)/N1CCCCC1
OVUZEL,COc1cc(/C=N/Nc2ccc(cc2)N(=O)=O)cc(c1OC)OC
OWACIZ,O=C1/C(=C/c2ccccc2N(=O)=O)/CCC/C/1=C\c1ccccc1N(=O)=O
OWAKAB,O=N(=O)c1ccc(c(c1)/C=N/c1cccc(c1)N(=O)=O)N1CCCCC1
OWAPEI,C[C@]12COC[C@@H](O2)[C@@H](O1)c1ccc(cc1)N(=O)=O
OWAPEK,O=N(=O)c1ccc(cc1)C(c1ccc(cc1)N(=O)=O)c1ccc(cc1)N(=O)=O
OWEMIP,Cc1ccc2c(c1)[C@@H]1C[C@H](O2)OC2([C@@H]1N(=O)=O)CCCC2
OWICIJ,O=Cc1ccc(Oc2ccc(cc2N(=O)=O)N(=O)=O)cc1
OWOPOH,NC(=O)O[C@H](C(N(=O)=O)(N(=O)=O)N(=O)=O)C
OWUQEE,Oc1ccc(cc1/C=N/c1ccccc1)N(=O)=O
OWUXEK,CC(=O)[C@@H]1C/C(=C\CCCOC1=O)/c1ccc(cc1)N(=O)=O
OWUXOU,C[C@@H]1COC(=O)[C@H](CC(=C1)c1ccc(cc1)N(=O)=O)C(=O)C
OXAKAB,C=CN1C(=CC2=C1CCCC2)C#CC#CC#Cc1ccc(cc1)N(=O)=O
OXAKEF,O=N(=O)c1ccc(cc1)C#CC#CC#CC1=CC2=C(CCCC2)N1Cc1ccccc1
OXAKUV,C=CN1C(=CC2=C1CCCC2)C#CC#CC#CC#Cc1ccc(cc1)N(=O)=O
OXALOQ,CC(N(C(=O)[C@H](c1ccc(cc1N(=O)=O)N(=O)=O)c1ccccc1)C(C)C)C
OXAMEH,CCN(CC)C1=C(c2ccccc2)c2ccc(cc2O1)N(=O)=O
OXAMEI,COc1cc(cc(c1OC)OC)[C@H]1C[C@H]2[C@](O1)(c1ccc(cc1)N(=O)=O)N1[N@@](C2)CCC1=O
OXAMUY,NC1=NON=C1[N+]([O-])=NN1C=NC(=N1)N(=O)=O
OXANAF,O=N(=O)C1=NN(C=N1)N=[N+]([O-])C1=NON=C1N=NC1=NON=C1[N+]([O-])=NN1C=NC(=N1)N(=O)=O
OXARAH,O=C(c1ccc(cc1)N(=O)=O)OC[C@]12CO[C@H](C1)c1c(C2=O)cccc1
OXEBUR,O=N(=O)C1=NN(C=N1)N=[N+]([O-])C1=NON=C1N(=O)=O
OXEYEY,CN1C(=O)N(CCCCCN2CCN(CC2)c2ccc(cc2)N(=O)=O)C2(C1=O)c1ccccc1c1ccccc21
OXIMOZ,CCOC(=O)C1=C(C)NC(=C1O)c1ccc(cc1)N(=O)=O
OXINEQ,Oc1nc2c(CCCCC2(N(=O)=O)N(=O)=O)c(C#N)c1C#N
OXIRUK,O=N(=O)C1=NN(CC#C)C=N1
OXISEV,C=CN1C=NC(=N1)N(=O)=O
OXUTEI,Oc1ccc(cc1c1nc2CCc3ccccc3c2c2CCc3ccccc3c12)N(=O)=O
OXUYUE,O[C@@H](c1ccccc1)/C=C/c1ccc(cc1)N(=O)=O
OYAJOO,O=C(OC1=C(N(Cc2ccccc2)c2ccccc12)c1ccc(cc1)N(=O)=O)c1ccccc1
OYARIR,O=C(OC[C@]1(CC(C)([C@@H]2[C@@H](O2)C1=O)C)C)c3ccc(N(=O)=O)cc3
OYAROX,O=C(c1ccc(cc1)N(=O)=O)OCC1=C2[C@H](C=C[C@H]1C)C(C[C@]2(C)COC(=O)c1ccc(cc1)N(=O)=O)(C)C
OYEQEP,COc1c(OC)c(OC)cc2c1C(=NC[C@@H]2Cc1ccncc1)c1ccc(c(c1)N(=O)=O)OC
OYITUN,COc1ccc(c2c1-c1c(cccc1OC(=O)c1c(C)cccc1N(=O)=O)OC(=O)C[C@@](C2)(C)O)OC
OYIVAV,COc1ccc(c2c1-c1c(cccc1OC(=O)c1c(C)cccc1N(=O)=O)OC(=O)C[C@](C2)(C)O)OC
OYOYIM,Oc1c(cc(cc1c1ccccc1)/C=C/c1ccc(cc1)N(=O)=O)c1ccccc1
OYOYUY,Cc1cc(/N=C/c2ccc(cc2N(=O)=O)N(=O)=O)cc(c1O)C
OYUBAO,CC1(C)OC(=O)C(=C(O)Cc2ccccc2N(=O)=O)C(=O)O1
OYUVIP,O=C(c1cnc2c(n1)cccc2)N/N=C/c1ccccc1N(=O)=O
OZALEI,O=N(=O)C[C@@H](N1N=C2C(=N1)C=CC=C2)c1ccccc1
OZAZEV,COCc1c(C#N)c(NN)nc(C)c1N(=O)=O
OZERIW,CCOC(=O)C1=C(C)NC(=O)C[C@@H]1c1cccc(c1)N(=O)=O
OZIRUN,O=C1OCCN1C(=O)[C@@H]1CCN([C@@H]1c1ccc(cc1)N(=O)=O)Cc1ccccc1
OZUHUO,O=N(=O)c1ccc(Nc2ccccc2)cc1Nc1ccccc1
OZUQIL,CC1(C)CC(=O)C2=C(c3ccc(cc3)N(=O)=O)C3=C(N=C(N)N3N=C2C1)c1ccccc1
PABBOJ,O=N(=O)c1cc2N=NN(c2c(c1)N(=O)=O)c1c(cc(cc1N(=O)=O)N(=O)=O)N(=O)=O
PABBOL,C[C@@H](c1ccc(cc1N(=O)=O)N(=O)=O)c1ccc2c(n1)c1ncccc1cc2
PABDIF,CC[N+](CC)(CC)[N-]C1=NC(=NO1)c1ccc(cc1)N(=O)=O
PABGAA,COC(=O)CCc1cc(OC)c(cc1/C=C/C(=O)OC)N(=O)=O
PABHAB,CC1=Nc2c(cc(cc2N(=O)=O)N(=O)=O)N1c1c(cc(cc1N(=O)=O)N(=O)=O)N(=O)=O
PABHAB01,CC1=Nc2c(cc(cc2N(=O)=O)N(=O)=O)N1c1c(cc(cc1N(=O)=O)N(=O)=O)N(=O)=O
PABHUV,O=C([C@@]12CC[C@](C2(C)C)(C(=O)O1)C)O[C@H](c1ccccc1N(=O)=O)C
PABPEN,CN(C)CCCNc1ccnc2c1ccc(C)c2N(=O)=O
PABPIR,CN(C)CCCNc1ccnc2c1cccc2N(=O)=O
PABPOX,CN(C)CCCNc1c2ccccc2nc(C)c1N(=O)=O
PABPUD,CN(C)CCCNc1c2ccccc2ncc1N(=O)=O
PABRUG,COC1=C(C(=O)CCC1)C(=O)c1ccccc1N(=O)=O
PABTUK,COc1ccc(c(c1OC)CC(=O)C)/C=C(/N(=O)=O)\C
PACCEB,O=N(=O)O[C@H]1CC[C@@H]2N([C@H]1CC[C@@H]2ON(=O)=O)c1ccccc1N(=O)=O
PACVEX,CC1=CC(=O)[C@@]2(C(=O)O1)c1ccc(cc1C(=C2c1ccccc1)C)N(=O)=O
PADBIF,O=N(=O)c1ccccc1OCCOCCOc1ccccc1N(=O)=O
PADCEF,O=C(c1cc(cc(c1)N(=O)=O)N(=O)=O)OCC1=CC[C@@]2(CC1)C(C)(C)CC[C@@]2(O)C(=O)C
PADKOY,CN(C)C(=O)CN(C)C1=CC=C(C2=NON=C12)N(=O)=O
PADPAP,O=N(=O)C1=NO[N+](=C1C1=[N+]([O-])ON=C1N=[N+]=[N-])[O-]
PADQUJ,O=N(=O)C[C@H](C1=C(N)N(C)C(=O)N(C1=O)C)c1ccccc1
PADQUJ01,O=N(=O)C[C@H](C1=C(N)N(C)C(=O)N(C1=O)C)c1ccccc1
PADXOJ,O=C1CCCC[C@H]1[C@H](c1ccc(cc1)N(=O)=O)O
PADXUP,O=C1CCCC[C@H]1[C@H](c1cccc(c1)N(=O)=O)O
PADZAX,O=N(=O)c1ccc(NN=C2c3cccnc3c3ncccc23)cc1
PAFCOR,O=C1CCCc2nc3ccc(cc3c(c3ccccc3)c12)N(=O)=O
PAFMER,COc1cc(Cc2ccc(cc2)N(=O)=O)c(cc1OC)C(=O)c1ccccc1
PAFTEV,CCC[C@](C(=O)N[C@H](c1ccccc1)C)(C[C@@H](OC(=O)c1ccc(cc1)N(=O)=O)C)O
PAGNUJ,Nc1c(cc(c(N2C=NC(=C2)N(=O)=O)c1N(=O)=O)N(=O)=O)N(=O)=O
PAGPOF,CC(C)(C)Nc1c(c(N)c(c(N)c1N(=O)=O)N(=O)=O)N(=O)=O
PAGPUL,Nc1c(cc(c(N2C=C(N=C2N=[N+]=[N-])N(=O)=O)c1N(=O)=O)N(=O)=O)N(=O)=O
PAGQAS,O=N(=O)c1cc(c(N2C=C(N=C2N=[N+]=[N-])N(=O)=O)c(c1)N(=O)=O)N(=O)=O
PAHBEG,O=N(=O)c1ccc(cc1)/C=N/CC/N=C/c1ccc(cc1)N(=O)=O
PAHBEG01,O=N(=O)c1ccc(cc1)/C=N/CC/N=C/c1ccc(cc1)N(=O)=O
PAHXIH,CC1(C)C2=CC=C(N2)[C@](C)(C2=CC=C(N2)C(C2=CC=C([C@@](C3=CC=C1N3)(C)c1cc(cc(c1)N(=O)=O)N(=O)=O)N2)(C)C)c1cc(cc(c1)N(=O)=O)N(=O)=O
PAHXIH01,CC1(C)C2=CC=C(N2)[C@](C)(C2=CC=C(N2)C(C2=CC=C([C@@](C3=CC=C1N3)(C)c1cc(cc(c1)N(=O)=O)N(=O)=O)N2)(C)C)c1cc(cc(c1)N(=O)=O)N(=O)=O
PAHYEE,CC1(C)C2=CC=C(N2)[C@](C)(C2=CC=C(N2)C(C2=CC=C([C@](C3=CC=C1N3)(C)c1cc(cc(c1)N(=O)=O)N(=O)=O)N2)(C)C)c1cc(cc(c1)N(=O)=O)N(=O)=O
PAJXEG,O=N(=O)c1cc2c(Nc3c2cc(cc3N(=O)=O)N(=O)=O)c(c1)N(=O)=O
PAKQOJ,CC(=O)O[C@H]1[C@@H](OC[C@H]([C@@H]1OC(=O)C)OC(=O)C)Oc1ccccc1N(=O)=O
PAKQUP,CC(=O)O[C@H]1[C@@H](OC[C@H]([C@@H]1OC(=O)C)OC(=O)C)Oc1cccc(c1)N(=O)=O
PAKREA,CC(=O)O[C@H]1[C@@H](OC[C@H]([C@@H]1OC(=O)C)OC(=O)C)Oc1ccc(cc1)N(=O)=O
PALQIF,O=N(=O)C1=CC(=C(C2=CN(Cc3ccccc3)C=C2)C2=NON=C12)N(=O)=O
PALQOL,CN1C(=C(c2ccccc12)C1=C(C=C(C2=NON=C12)N(=O)=O)N(=O)=O)C
PALTAZ,CCOC(=O)[C@@H](/C(=C\c1ccccc1)/N(=O)=O)OC(=O)c1ccc(cc1)N(=O)=O
PAMGIT,N#CC(C(c1ccccc1)(C)C)(/N=N/c1ccc(cc1)N(=O)=O)C#N
PAMHIV,O=C(c1ccc(cc1)N(=O)=O)OC[C@@H]1O[C@]2(CCCCO2)[C@]2(O[C@@H]1CO2)c1ccccc1
PAMHOB,O=C(c1ccc(cc1)N(=O)=O)OC[C@@H]([C@H]1O[C@]2(O[C@@H]1CO[C@]12CCCCO1)c1ccccc1)OC(=O)c1ccc(cc1)N(=O)=O
PAMHUH,COC(=O)[C@@H]([C@H]([C@@H]1O[C@]2(CCCCO2)[C@]2(O[C@@H]1CO2)c1ccccc1)OC(=O)c1ccc(cc1)N(=O)=O)OC(=O)c1ccc(cc1)N(=O)=O
PAMNIA,O=C1CCCN1c1cccc(c1)N(=O)=O
PAMQAW,O=N(=O)C1(CCCCCCC2=C1C=NO2)N(=O)=O
PANGAN,O=N(=O)c1cc(ccc1/C=N/c1ccccc1)N(=O)=O
PANJOE,O=N(=O)c1ccc2N=CN(CCc3ccccc3)c2c1
PANJUK,O=C(CCN1C=NC=N1)c1cccc(c1)N(=O)=O
PAPBUG,O=C1N[C@@](Nc2c(N(=O)=O)cc(N(=O)=O)cc21)(c3cc(N(=O)=O)ccc3)C
PAQJEZ,Cc1cccc(c1)/C=C/C(=O)c1ccc(cc1)N(=O)=O
PAQZEN,CN1C=CC=C1[C@H](C1=CC=CN1C)c1ccc(cc1)N(=O)=O
PARDOC,CCOC(=O)[C@H]1[C@H](c2ccc(cc2)N(=O)=O)N(O[C@@]21C(=O)Nc1c2cccc1)c1ccccc1
PARGOH,COc1ccc(cc1Cc1cc(ccc1OC)N(=O)=O)N(=O)=O
PARHEY,O=N(=O)c1cc2COCOc2c(Cc2cc(cc3COCOc23)N(=O)=O)c1
PARKUR,CN(Cc1ccccc1)C#CC#CC#Cc1ccc(cc1)N(=O)=O
PARLIG,CC(C)N(C#CC#CC#Cc1ccc(cc1)N(=O)=O)C(C)C
PARPOO,O=N(=O)c1ccc(nc1C)/N=N/c1ccccc1
PARYUD,CCCOc1ccc(cc1)C(=O)NNC(=O)c1ccc(cc1)N(=O)=O
PASJUP,CC[C@@]([C@@](N(=O)=O)(CC)C)(N(=O)=O)C
PATTIQ,CCOC([C@@H]1[C@H](CC[C@@H]1OC(c2cc(N(=O)=O)cc(N(=O)=O)c2)=O)C)=O
PATVIP,CO[C@@H]1O[C@H]2[C@@H]([C@@]1(/N=N/c1ccc(cc1)N(=O)=O)OC(=O)C)OC(OC2)(C)C
PAVCIZ,O=C(c1cc(cc(c1)N(=O)=O)N(=O)=O)O[C@@H]1CCC[C@]21C[C@@]2(C)OC(=O)c1cc(cc(c1)N(=O)=O)N(=O)=O
PAVDOH,Cc1ccc(cc1)C(=O)N/N=C/c1cccc(c1)N(=O)=O
PAVJAY,Cc1ccc(OC(=O)c2cc(cc(c2)N(=O)=O)N(=O)=O)cc1
PAVJAY01,Cc1ccc(OC(=O)c2cc(cc(c2)N(=O)=O)N(=O)=O)cc1
PAVVEN,OC[C@H]1O[C@H](C[C@@H]1O)N1C=Cc2c1c(ccc2)N(=O)=O
PAVZET,COc1ccc(cc1)C(=O)N/N=C/c1cccc(c1)N(=O)=O
PAVZIX,Nc1ccc(cc1)C(=O)N/N=C/c1ccccc1N(=O)=O
PAWCEX,Cc1ccccc1[C@@H]1CN([C@H]2[C@@]1(COc1c2cccc1)N(=O)=O)C
PAWDEY,O=N(=O)[C@H]1Cc2ccccc2O[C@@H]1c1ccccc1
PAWGUR,CC(C)(CC1=CNc2ccccc12)N(=O)=O
PAWZEU,O=C(/C=C/c1ccccc1N(=O)=O)/C=C/C1=C(C)CCCC1(C)C
PAXJOO,O=N(=O)c1cccc2ccc(nc12)C#N
PAXQAI,O=C1CC(C)(C)CC2=C1[C@H](/C=C/c1ccccc1N(=O)=O)C1=C(O2)CC(CC1=O)(C)C
PAXQUC,O=C(CN=[N+]=[N-])c1ccc(cc1)N(=O)=O
PAXTAL,Cc1ccc(CNc2cccc(c2)N(=O)=O)cc1
PAYBAV,CCN1c2ccccc2N2C(=O)C(=CN=C12)N(=O)=O
PAYBIC,O=N(=O)c1ccc(cc1)/C=C/c1ccc(cc1)N(c1ccccc1)c1ccccc1
PAYBOI,O=N(=O)c1cccc(c1)C(N1CCCCC1)N1CCCCC1
PAYPUB,Cc1cc(NC2CCCCC2)nc2ccc(cc12)N(=O)=O
PAZCUP,COC(=O)C1=C(C)NC(=C([C@H]1c1ccccc1N(=O)=O)C(=O)OCC(=O)C)C
PAZQUE,N#CC1=C(N)C([C@@H](C2=C1CCCC2)c1cccc(c1)N(=O)=O)(C#N)C#N
PAZVOC,O=N(=O)c1ccc(N2C=CN=N2)c(c1)N(=O)=O
PAZYOF,CC(c1cccc(c1N/C=C(/N(=O)=O)\C=N\c1c(cccc1C(C)C)C(C)C)C(C)C)C
PAZYOH,CCCCN1c2ccc(cc2[C@]2(C1=O)[C@@H](c1ccc(cc1)N(=O)=O)N1[C@@H](C2(C#N)C#N)C=Cc2c1cccc2)C
PAZYUN,N#CC1(C#N)[C@@H]2c3ccccc3C=CN2[C@H]([C@]21C(=O)N(c1c2cc(C)cc1)Cc1ccccc1)c1ccc(cc1)N(=O)=O
PEBPUI,O=N(=O)c1ccc2c3ccncc3c3ccccc3c3ccccc3c2c1
PEBVAW,C#C[C@@]1(CC/C(=N\Nc2ccc(cc2N(=O)=O)N(=O)=O)/[C@@]1(C)CCC=C(C)C)OC(=O)C
PECQAS,COC(=O)/C(=N/NC(=O)c1ccc(cc1)N(=O)=O)/CC(=O)OC
PECVIE,NNC(=O)Cc1ccccc1N(=O)=O
PECZED,O=C([C@@H](c1ccccc1)Nc1ccc(cc1)N(=O)=O)Nc1ccc(cc1)N(=O)=O
PEDFIP,Cc1cc(ccc1O)C(=O)Oc1ccc(cc1)N(=O)=O
PEDFOV,O=C(Oc1c(cc(cc1N(=O)=O)N(=O)=O)N(=O)=O)c1ccccc1
PEDLER,CC1=NN(C(=C1)C)c1nnc(NN2C=NC(=N2)N(=O)=O)nn1
PEDREY,CCN1C(=O)/C(=N\Nc2ccc(cc2)N(=O)=O)/C(=C(C1=O)C#N)C
PEFCIM,CC[C@H]([C@H](c1ccc(cc1)N(=O)=O)O)[C@@H]([C@@H](OC)C)O
PEFHIU,O=C1N(C)c2c([C@@]31C=C[C@@H](C3)c1ccc(cc1)N(=O)=O)cccc2
PEFNAP,O=N(c1ccc([C@H]2NCC[C@@H](c3ccccc3)O2)cc1)=O
PEFTIE,CN(CC#N)c1ccc(cc1)N(=O)=O
PEFTIE01,CN(CC#N)c1ccc(cc1)N(=O)=O
PEFTIE02,CN(CC#N)c1ccc(cc1)N(=O)=O
PEFXED,O=C1CCC[C@@H](O1)[C@@H]1C[C@H]1/C=N/Nc1ccc(cc1N(=O)=O)N(=O)=O
PEFXED10,O=C1CCC[C@@H](O1)[C@@H]1C[C@H]1/C=N/Nc1ccc(cc1N(=O)=O)N(=O)=O
PEHGAL,COc1ccc(cc1)CCN1c2ccc(cc2[C@@]2(C1=O)CC(=O)N([C@H]2c1ccccc1)Cc1ccccc1)N(=O)=O
PEHQEB,OC[C@H]1CCCN([C@@H]1c1ccc(cc1)N(=O)=O)c1ccc(cc1)OC
PEHXUW,O/N=C(\C1=NC=CN1C)/N(=O)=O
PEHZOR,COc1ccc(cc1)[C@H]1CC(=O)[C@@H](C[C@@H]1N(=O)=O)C
PELDOA,O=N(=O)c1ccccc1N1N=Cc2ccccc12
PELDUG,O=N(=O)c1ccccc1N1C=Cc2ccccc12
PELFES,CC1=Nc2ccccc2N1c1ccccc1N(=O)=O
PELGEV,C[C@H](CN1C=Cc2c1ccc(c2)N(=O)=O)OC(=O)C
PELHUL,NCCNc1cc(NCCN)c(cc1N(=O)=O)N(=O)=O
PELJOH,O=N(=O)c1cc(c(NCc2ccccc2)cc1NCc1ccccc1)N(=O)=O
PELKEY,CN(C)CCNc1cc(NCCN(C)C)c(cc1N(=O)=O)N(=O)=O
PELMID,O=N(=O)c1cccc(c1)/C=N/N=C/c1ccccc1N(=O)=O
PELMOJ,O=N(=O)c1ccc(cc1)/C=N/N=C/c1cccc(c1)N(=O)=O
PELMUP,O=N(=O)c1ccc(cc1)/C=N/N=C/c1ccc(cc1)N(=O)=O
PELPOL,C=CCOc1ccc(cc1/N=C/1\C=C(C(=O)C(=C1)C(C)(C)C)C(C)(C)C)N(=O)=O
PELPUR,CC(=O)Oc1cc(ccc1/N=C/1\C=C(C(=O)C(=C1)C(C)(C)C)C(C)(C)C)N(=O)=O
PELTIM,O=N(=O)C(c1ccccn1)(N(=O)=O)N(=O)=O
PEMCAM06,CN(c1ccc(cc1)/C=C/N(=O)=O)C
PEMCEQ,CC/C(=C\c1ccc(cc1)N(C)C)/N(=O)=O
PEMKEA,O=N(=O)C(c1cccc(n1)C#N)(N(=O)=O)N(=O)=O
PEMLUP,COc1ccc2c(c1)C(=CN2)[C@H](C1=CNc2c1cc(OC)cc2)c1cccc(c1)N(=O)=O
PENHAT,C=C[C@@H]1CC2=CC(=O)N3[C@]2(C=C1N(=O)=O)C=CC3
PENPUU,OC(=O)/C(=C/c1ccc(cc1)N(=O)=O)/O
PEPNUV,CC1=CC2=C(C(=O)O1)[C@@H](c1ccc(cc1)N(=O)=O)C1=C(O2)CCCC1=O
PEPPOR,O=C1C[C@@H]2CC[C@H]([C@@H]([C@H]2[C@H]2N1CCC1=C2Nc2c1cccc2)c1ccccc1)N(=O)=O
PEPQOQ,C[C@@H](C[C@]1(CCC[C@H]1C)c1ccccc1)OC(=O)c1cc(cc(c1)N(=O)=O)N(=O)=O
PEPZIV,CN(C)c1cccc2c(cc(c(N(C)C)c12)N(=O)=O)N(=O)=O
PEQWEN,C[C@@H]1C/C(=N\Nc2ccc(cc2N(=O)=O)N(=O)=O)/[C@@]2(C1=O)CC[C@H](CC2)C(C)(C)C
PEQWIR,O=C1C(C)(C)C/C(=N\Nc2ccc(cc2N(=O)=O)N(=O)=O)/[C@]21C[C@H]1C[C@@H]2CC1
PEQWOX,CC(C)(C)C1CCC2(CC1)C(CC(C)(C)C2=O)=NNc1ccc(cc1N(=O)=O)N(=O)=O
PERQAH,O=N(=O)c1c2ccccc2c(C#C)c2ccccc12
PERTUB,CCOC([C@H]1CC[C@@H]2[C@@H](/C=N/Nc3c(N(=O)=O)cc(N(=O)=O)cc3)[C@H]1C=CC2)=O
PESCAT,CCOC(=O)C[C@@H]([C@@H](NC(=O)C[C@@H]([C@H](C(C)C)NC(=O)OC(C)(C)C)CN(=O)=O)CC(C)C)CN(=O)=O
PESCEX,CC[C@@H]([C@@H]([C@@H](CN(=O)=O)CC(=O)O)NC(=O)OC(C)(C)C)C
PESCIB,CCOC(=O)C[C@@H]([C@@H](NC(=O)OC(C)(C)C)CC(C)C)CN(=O)=O
PESFOJ,COc1cc(/C=N/NC(=O)c2ccncc2)ccc1OCc1ccc(cc1)N(=O)=O
PESHOK,CC[C@@]1(O[C@@H]([C@@H]2[C@H]1OC(O2)(C)C)OCc1ccccc1)[C@@H]1O[C@H](C[C@H]1C)COC(=O)c1cc(cc(c1)N(=O)=O)N(=O)=O
PESJIH,C/C=N/Nc1ccc(cc1)N(=O)=O
PESNAF,O=N(=O)c1ccc(cc1)N1C=Nc2ccccc12
PESNEJ,O=N(=O)c1ccc(cc1)N1c2ccccc2N=C1c1ccccc1
PESQOW,Cc1cccc(c1)C1=Nc2ccccc2N1c1ccc(cc1)N(=O)=O
PESWAN,COc1ccc2ccc(O)cc2c1OCc1ccc(cc1)N(=O)=O
PEVNEL,CCOC(=O)C1=C(OCc2ccccc2C1)c1ccc(cc1)N(=O)=O
PEVNOV,CCOC(=O)C1(Cc2ccccc2C1)C(=O)c1ccc(cc1)N(=O)=O
PEVNUB,CCOC(=O)c1cc2ccccc2cc1c1ccc(cc1)N(=O)=O
PEVPIP,O[C@H]1[C@H]2C[C@@H]3[C@@H]([C@H]1[C@@](C)(C3)N(=O)=O)C2
PEVQIR,O=N(=O)c1ccc(Oc2ccccc2Oc2ccc(cc2)N(=O)=O)cc1
PEVYEU,CC(C)Nc1c(c(NC(C)C)c(c(NC(C)C)c1N(=O)=O)N(=O)=O)N(=O)=O
PEWMAF,COc1ccccc1/C=C/C=C/c1ccc(cc1)N(=O)=O
PEWMEJ,COc1ccccc1[C@@H]1[C@H](/C=C/c2ccc(cc2)N(=O)=O)[C@H]([C@H]1/C=C/c1ccc(cc1)N(=O)=O)c1ccccc1OC
PEWNIO,CC(=O)C[C@H]1[C@H](N(=O)=O)C(=C(C=C1N(=O)=O)N(=O)=O)NN(c1ccccc1)c1ccccc1
PEXKEI,O=N(=O)c1ccc2c(c1)C[C@H]1N[C@]2(C)c2c1cccc2
PEXROZ,O=N(=O)C([C@H]1C=C(C)c2c([C@@]1(C)N(=O)=O)c(C)ccc2C)(N(=O)=O)N(=O)=O
PEYDUU,COc1ccc(cc1)/C=C(\c1ccc(cc1)N(=O)=O)/C(=O)O
PEYFAC,COc1ccc(cc1)/C=C(/c1ccc(cc1)N(=O)=O)\C(=O)O
PEYQOA,CCOc1ccc(cc1)/C=C/C=C\C=C\c1ccc(cc1)N(=O)=O
PEYTIX,COc1ccc(cc1)/C=C/C=C\C=C\c1ccc(cc1)N(=O)=O
PEYTOD,CCCOc1ccc(cc1)/C=C/C=C\C=C\c1ccc(cc1)N(=O)=O
PEYTUJ,CCCCOc1ccc(cc1)/C=C/C=C\C=C\c1ccc(cc1)N(=O)=O
PEYZAW,O=C1OC[C@@]2([C@@H]([C@H]1CC[C@@H]2O)c1ccccc1)N(=O)=O
PEZBOL,CCC1=C2NC(=C1CC)/C(=C/1\N=C(C(=C1CC)CC)/C(=C/1\N/C(=C(\C3=N/C(=C\2/N(=O)=O)/C(=C3CC)CC)/N(=O)=O)/C(=C1CC)CC)/N(=O)=O)/N(=O)=O
PEZBOL01,CCC1=C2NC(=C1CC)/C(=C/1\N=C(C(=C1CC)CC)/C(=C/1\N/C(=C(\C3=N/C(=C\2/N(=O)=O)/C(=C3CC)CC)/N(=O)=O)/C(=C1CC)CC)/N(=O)=O)/N(=O)=O
PEZGIK,C=C[C@H]1Oc2cc(ccc2N[C@@]21C=C(C(=O)C(=C2)C(C)(C)C)C(C)(C)C)N(=O)=O
PEZGUW,C=C[C@@H]1Oc2ccc(cc2N[C@@]21C=C(C(=O)C(=C2)C(C)(C)C)C(C)(C)C)N(=O)=O
PEZPAN,CCCCCCCC1=NNC2=NC(=NN12)c1ccc(cc1)N(=O)=O
PEZPIV,CC(=O)N1N=C(N2N=C(C)N=C12)c1ccc(cc1)N(=O)=O
PEZZEC,O=C1CC[C@H]([C@]2([C@@H]1C[C@H](CC2)C(=C)C)COC(=O)c1ccc(cc1)N(=O)=O)O
PICFOW,C/C(=C/C(=O)C)/Nc1ccc(cc1)N(=O)=O
PICFOW01,C/C(=C/C(=O)C)/Nc1ccc(cc1)N(=O)=O
PICGEP,Oc1ccc(cc1)/C=C/C(=O)c1cccc(c1)N(=O)=O
PICGUF,O=C(c1cccc(c1)N(=O)=O)/C=C/c1ccc2c(c1)OCO2
PICNEX,O=N(=O)c1cc(c(N=[N+]=[N-])c(c1)N(=O)=O)N(=O)=O
PICRAC,Oc1c(cc(cc1N(=O)=O)N(=O)=O)N(=O)=O
PICRAC11,Oc1c(cc(cc1N(=O)=O)N(=O)=O)N(=O)=O
PICRAC12,Oc1c(cc(cc1N(=O)=O)N(=O)=O)N(=O)=O
PICRAC13,Oc1c(cc(cc1N(=O)=O)N(=O)=O)N(=O)=O
PICRAC14,Oc1c(cc(cc1N(=O)=O)N(=O)=O)N(=O)=O
PICRAC15,Oc1c(cc(cc1N(=O)=O)N(=O)=O)N(=O)=O
PICRAC16,Oc1c(cc(cc1N(=O)=O)N(=O)=O)N(=O)=O
PICRAC17,Oc1c(cc(cc1N(=O)=O)N(=O)=O)N(=O)=O
PICRAC18,Oc1c(cc(cc1N(=O)=O)N(=O)=O)N(=O)=O
PICRAC19,Oc1c(cc(cc1N(=O)=O)N(=O)=O)N(=O)=O
PICRIC,CC1=NN(C2=C1C=CC(=O)C=C2)c1ccc(cc1N(=O)=O)N(=O)=O
PIDLIZ,Cc1ccc(c(NNc2ccccc2)n1)N(=O)=O
PIDRIF,CCCCCCC1(CCCCCC)c2ccccc2c2c(C=Cc3ccc(cc3)N(=O)=O)ccc(C=Cc3ccc(cc3)N(=O)=O)c12
PIFPEA,O=C(c1ccccc1)N/N=C/c1ccccc1N(=O)=O
PIFZOU,COC(=O)[C@@H]1N(C(=O)C)[C@H]([C@H]([C@@H]1c1ccc(cc1)OC)N(=O)=O)c1ccc(cc1)C
PIGLOI,Nc1c(cc(c(N2C=NC(=C2N(=O)=O)N(=O)=O)c1N(=O)=O)N(=O)=O)N(=O)=O
PIGSEF,Nc1c(c(N)c(c(N2C=C(N=C2N(=O)=O)N(=O)=O)c1N(=O)=O)N(=O)=O)N(=O)=O
PIGSIJ,O=N(=O)c1cc(c(N2C=NC(=C2N(=O)=O)N(=O)=O)c(c1)N(=O)=O)N(=O)=O
PIGSOP,O=N(=O)c1cc(c(N2C=C(N=C2N(=O)=O)N(=O)=O)c(c1)N(=O)=O)N(=O)=O
PIGSUV,Nc1c(c(N)c(c(N2C=NC(=C2N(=O)=O)N(=O)=O)c1N(=O)=O)N(=O)=O)N(=O)=O
PIHBIT,CCC[C@H]1OC[C@H](N1C(=O)[C@@H]1O[C@H]1c1ccc(cc1)N(=O)=O)c1ccccc1
PIJBAL,CC(C)CN(CC(C)C)Cc1cc(ccc1O)N(=O)=O
PIJFIA,CN1C=C(Cc2cc(ccc2O)N(=O)=O)c2ccccc12
PIJRUY,O=C1CC[N@]2N1C[C@H]([C@@H]2c1ccccc1)c1ccccc1N(=O)=O
PIJSAF,O=C1CC[N@]2N1C[C@@H]([C@@H]2c1ccccc1)c1ccccc1N(=O)=O
PIKKEZ,Cc1ccc(cc1)[C@@H](ON1O[C@@H](CC1(N(=O)=O)N(=O)=O)c1ccc(cc1)C)CN(=O)=O
PIKPAD,COc1cccc(c1)[C@@H]1Oc2ccccc2C(=C1N(=O)=O)Nc1ccccc1
PIKRAC,O=N(=O)[C@H]1C=C2c3ccccc3-c3c2c([C@@H]1C(N(=O)=O)(N(=O)=O)N(=O)=O)ccc3
PILGAV,CC(C)(C)NC1=C(N=C2C=CC=CN12)c1ccccc1N(=O)=O
PILGAV01,CC(C)(C)NC1=C(N=C2C=CC=CN12)c1ccccc1N(=O)=O
PILGEX,COc1ccc(cc1)C(=O)N/N=C/c1ccccc1N(=O)=O
PILGID,CC(C)(C)NC1=C(N=C2C=NC=CN12)c1ccc(cc1)N(=O)=O
PILHOI,COc1ccc(c(c1c1c(OC)c(ccc1N(=O)=O)N(=O)=O)N(=O)=O)N(=O)=O
PILVOY,O=C(/C=C(/c1ccccc1)\Nc1ccccc1)Nc1ccc(cc1)N(=O)=O
PIMMOP,O=C(c1ccc(cc1)N(=O)=O)OC1=C(CCC(=C1)[C@]1(O[C@H](O[C@H]1C1CC1)C1CC1)c1ccccc1)c1ccccc1
PIMVIT,COC(=O)C1=C(C(=O)OC)[C@H](C(=C(N1c1ccc(cc1)C(C)C)N)C#N)c1cccc(c1)N(=O)=O
PIMWEQ,O=C1C[C@H](Oc2c1cccc2)c1ccccc1OCC1=CN(N=N1)c1ccc(cc1)N(=O)=O
PINCVN,C=C1[C@@H](C[C@H]2C[C@@H]1C2(C)C)OC(=O)c1ccc(cc1)N(=O)=O
PINJUS,CNN1C=CC(=N/C/1=N\Nc1ccc(cc1)N(=O)=O)c1ccccc1
PINPEK,COC(=O)c1ccc(cc1)N(C)C(=O)c1ccc(NC(=O)c2ccc(cc2)N(C)C(=O)c2ccc(cc2)N(=O)=O)cc1
PINPEK01,COC(=O)c1ccc(cc1)N(C)C(=O)c1ccc(NC(=O)c2ccc(cc2)N(C)C(=O)c2ccc(cc2)N(=O)=O)cc1
PINTOV,CC(C)COc1c2Cc3cc(cc(Cc4cc(cc(Cc5cc(cc(Cc1cc(c2)N(=O)=O)c5OCC(C)C)N(=O)=O)c4OCC(C)C)N(=O)=O)c3OCC(C)C)N(=O)=O
PINWER,CC1=C2[C@H](O[C@H](CN2c2c1cccc2)c1ccccc1)c1ccc(cc1)N(=O)=O
PINZAQ,CCOC(=O)[C@@]1(C#N)[C@H](c2ccc(cc2)OC)C(=C2[C@@]1(OC(=C2C#N)N)c1ccc(cc1)OC)c1ccc(cc1)N(=O)=O
PIPNFP,O=C(c1ccc(cc1)N1CCCCC1)/C=C/C1=CC=C(O1)N(=O)=O
PIPRAH,C[C@H]1C=C[C@H]([C@H]2[C@@H]1O2)OC(=O)c1ccc(cc1)N(=O)=O
PIPREN,O=C([C@@H]1C(=O)N([C@H]1C(=C)c1ccccc1)C(C)(C)C)Nc1ccc(cc1)N(=O)=O
PIPWOA,CN1C=NC(=C1/C=C/c1ccccc1)N(=O)=O
PIRXAS,CC1=COc2c3ccc4c(CCCC4(C)C)c3c3NC(=Nc3c12)c1ccc(cc1)N(=O)=O
PIRYIA,O=C1C=C[C@]23C(=C1)[C@H](C1=C(O2)c2ccccc2OC1=O)C(C(=N3)c1ccccc1N(=O)=O)(C)C
PIRYOG,COc1ccc2c(c1)[C@@H]1C3=C(O[C@](N2C)(C1(C)C)c1ccccc1N(=O)=O)c1c(OC3=O)cccc1
PIRYUM,COc1ccc2c(c1)[C@@H]1C3=C(O[C@](N2)(C1(C)C)c1ccccc1N(=O)=O)c1c(OC3=O)cccc1
PIRZOH,CC(C[C@@H]([C@H](N1CCCC1)[C@H](/C=C/c1ccccc1)O)NC(=O)c1ccc(cc1)N(=O)=O)C
PITDAZ,COc1ccc2N=CN(c3ccc(cc3)N(=O)=O)c2c1
PITFIK,O=N(=O)C1=NNC=C1C1=CNN=C1
PITFOQ,O=N(=O)C1=NNC=C1C1=CNN=C1N(=O)=O
PITFUW,O=N(=O)C1=NN=C(C1C1=CNN=C1)N(=O)=O
PITGAD,O=N(=O)C1=C(C2=CNN=C2N(=O)=O)C(=NN1)N(=O)=O
PITGEH,O=N(=O)C1=C(C2=C(NN=C2N(=O)=O)N(=O)=O)C(=NN1)N(=O)=O
PITJIO,O=C1CC(C)(C)CC2=C1[C@H](c1ccc(cc1)N(=O)=O)N1N2C(=O)c2c(C1=O)cccc2
PITPUE,Cc1ccc(cc1)[C@H]1[C@H]2CCC/C(=C\c3ccc(cc3)C)/C2=NN1c1ccc(cc1)N(=O)=O
PIWDUU,O=N(=O)[C@@H]1CC[N@@]2[C@H]1[C@]1(CCCC1(C)C)CC2
PIWSEU,O=N(=O)[C@@H]([C@@H]1NC(=O)c2c1cccc2)C
PIWXAX,O=N(=O)C[C@@H](C1=COc2c(C1=O)cccc2)c1ccccc1
PIWYEZ,Cc1cc(C)c2N3CN(Cc2c1)c1c(C)cc(cc1C3)c1c(C)cccc1C(=O)Oc1ccc(cc1)N(=O)=O
PIXLUE,O=CC1=C[C@H](C)[C@H]([C@H]([C@@H]1c1ccccc1)N(=O)=O)c1ccccc1
PIXMAL,O=CC1=C[C@@H](Cc2ccccc2)[C@@H]([C@@H]([C@H]1c1ccccc1)N(=O)=O)c1ccccc1
PIXQUL,O=N(=O)c1ccc2c(c1)C=NN2C[C@@H]1ON=C(C1)c1ccccc1
PIXTEX,C[C@@H]1CC(C)(C)NCCN(Cc2ccc(cc2)N(=O)=O)[C@H](CC(NCCN1Cc1ccc(cc1)N(=O)=O)(C)C)C
PIXTOH,O=N(=O)[C@@]12[C@H](Oc3c([C@@H]1[C@]1([N@@]4[C@H]2CCC4)c2ccccc2-c2c1nc1ccccc1n2)cccc3)[C@@H]1O[C@H]2OC(O[C@H]2[C@H]2[C@@H]1OC(O2)(C)C)(C)C
PIYSIA,O=C(N/C(=C\c1ccccc1)/C(=O)N[C@H](C(=O)Nc1ccc(cc1)N(=O)=O)Cc1ccccc1)CNC(=O)CNC(=O)OC(C)(C)C
PIYYII,CN1C=NC(=C1N1N=N[C@@H]2[C@]1(CCC2)N1CCOCC1)N(=O)=O
PIZBIK,O=C(c1ccc(cc1)N(=O)=O)OCC1=CC=C[C@@H]2[C@@H]1CCCC2
PIZBOQ,O=C(c1ccc(cc1)N(=O)=O)OCC1=CC=C[C@@H]2[C@@H]1CCC2
PIZDIN,COC(=O)/C=C/[C@@H]1OC(O[C@@H]1COC(=O)c1ccc(cc1)N(=O)=O)(C)C
PIZMEQ,CC[C@@]12CCCN3C2=C(CC1)[C@@H]([C@H](C3=O)/C(=N/Nc1ccc(cc1N(=O)=O)N(=O)=O)/C)c1ccccc1
PIZNUJ,COc1ccc(cc1)[C@@H](C1=CNc2c1cccc2)CN(=O)=O
PIZQIY,CC[C@@]12CCCN3C1=C(C(c4c(N(=O)=O)cccc4)=C(C(C)=O)C3=O)CC2
PIZQOE,CC[C@]12CCCN3C2=C(CC1)C(=C(C3=O)C(=O)C)c1ccccc1N(=O)=O
PMNTBZ,Cc1c(C)c(C)c(c(C)c1C)N(=O)=O
PMNTBZ01,Cc1c(C)c(C)c(c(C)c1C)N(=O)=O
PMOXMB,C[C@H]([C@@H]1OC(C1(C)C)(C)C)OC(=O)c1cc(cc(c1)N(=O)=O)N(=O)=O
PNBPIP,O=C(N1CCCCC1)c1ccc(cc1)N(=O)=O
PNBZNT,O=N(=O)c1ccc(cc1)C#N
PNFPRO,O=N(=O)C1=CC=C(O1)/C=C/C(=O)c1ccccc1
PNIANS,COc1ccc(cc1)N(=O)=O
PNOIZA,O=N(=O)C1=CN2C=C(C=C2C=C1)c1ccccc1
PNOIZB,O=N(=O)C1=CC=CN2C=C(C=C12)c1ccccc1
PNOIZC,O=N(=O)c1ccc2NC=C(c3ccccc3)c2c1
PNOIZD,O=N(=O)c1cccc2c1NC=C2c1ccccc1
PNOIZE,CC(C)(C)NC1=CC=C(C2=CC(=CN12)c1ccccc1)N(=O)=O
PNOIZF,O=N(=O)C1=CC=C(N2CCCCC2)N2C=C(C=C12)c1ccccc1
PNPAUR,OC(=O)CNC(=O)Cc1ccc(cc1)N(=O)=O
POBGOD,N#C[C@@]12C[C@H]3[C@](C1)(C)O[C@@H](/C/2=N\Nc1ccc(cc1N(=O)=O)N(=O)=O)C3
POBGUJ,N#C[C@]12C[C@H]3[C@@H](/C/2=N\Nc2ccc(cc2N(=O)=O)N(=O)=O)O[C@@](C1)(C3)C
POBRUU,COC(=O)C1=C(NC2CCCCC2)OC(=C1C(=O)OC)c1ccc(cc1)N(=O)=O
POBTEF,OC(=O)CCC(=O)O[C@H]1C[C@H]2C[C@@H]1[C@]([C@@H]2c1ccccc1)(N(=O)=O)C(=O)c1ccccc1
POBTEF10,OC(=O)CCC(=O)O[C@H]1C[C@H]2C[C@@H]1[C@]([C@@H]2c1ccccc1)(N(=O)=O)C(=O)c1ccccc1
POBYIO,CCOC(=O)[C@@H]1C[C@@H]2[C@@H]3[C@H]1C[C@@H](/C/3=N\Nc1ccc(cc1N(=O)=O)N(=O)=O)[C@H](C2)O
POCREG,CCOC(=O)c1cc(OCC(C)C)c(cc1OCC(C)C)C(=O)Nc1ccc(Nc2cc(Nc3ccc(NC(=O)c4cc(OCC(C)C)c(cc4OCC(C)C)C(=O)OCC)c(OCC(C)C)c3)c(cc2N(=O)=O)N(=O)=O)cc1OCC(C)C
POCVOU,O=N(=O)C[C@]1(CC(ON1C)(C)C)[C@H]1COC2(O1)CCCCC2
PODLEZ,CCOC(=O)C(C(=O)OCC)CCCOc1ccc(cc1)/N=N/c1ccc(cc1)N(=O)=O
PODLID,CCOC(=O)C(C(=O)OCC)CCCCCCCCCCCCOc1ccc(cc1)/N=N/c1ccc(cc1)N(=O)=O
PODNUU,Oc1ccccc1C1=Nc2ccccc2N=C(C1)c1ccc(cc1)N(=O)=O
POFHID,CNC1=C(N(=O)=O)[C@@H](C2=C(O1)CC(C)(C)CC2=O)c1ccc(cc1)C
POGMEF,O=C([C@@H]([C@@H]1CCCC[C@H]1N(=O)=O)N=C(c1ccccc1)c1ccccc1)OC(C)(C)C
POHHEA,N#CC1=C(N)C([C@@H]([C@@H]([C@H]1c1ccccc1)N(=O)=O)c1ccccc1)(C#N)C#N
POHJIH,O=N(=O)C[C@@H]([C@]1(c2ccccc2)c2ccccc2N(C1=O)C(=O)OC(C)(C)C)CCc1ccccc1
POHTIS,CCOC(=O)C(=CNc1ccccc1N(=O)=O)C(=O)OCC
POHTOY,CCOC(=O)C(=CNc1ccc(cc1)N(=O)=O)C(=O)OCC
POHVUE,O=N(=O)c1ccc2NC3=C(CC(=Nc4ccccc34)NCc3ccccn3)c2c1
POJHOM,O=N(=O)c1ccc(cc1)C1=C(C=C2C=CC=CN12)C1=Nc2ccccc2N1
POKRIS,N#CC1(C#N)C(=C(C[C@H]([C@@H]1c1ccc(cc1)OC)N(=O)=O)c1ccccc1)c1ccccc1
POKVET,C[C@H]1C[C@H]([C@H](C1)c1ccccc1)OC(=O)c1cc(cc(c1)N(=O)=O)N(=O)=O
POKZIB,COC(=O)[C@@H]1Cc2cc(OC)c(cc2[C@H](N1)c1ccc(cc1)N(=O)=O)OC
POKZOH,COC(=O)[C@@H]1Cc2cc(OC)c(cc2[C@@H](N1)c1ccc(cc1)N(=O)=O)OC
POLBAW,COc1cc2c(cc1OC)C[C@@H]1N([C@H]2c2ccc(cc2)N(=O)=O)C(=O)CN(C1=O)C1CCCC1
POLWUK,O=N(=O)c1cc(cc(c1/C=N/N=C(/N1N=Cc2c1cc(cc2N(=O)=O)N(=O)=O)\N)N(=O)=O)N(=O)=O
POLZAR,O=C(c1ccc(cc1)N(=O)=O)O[C@@H]1C[C@]23[C@]([C@H]1CC2)(C)CCCC3(C)C
POMVAP,COC(=O)/C(=C/c1ccccc1)/C/N=C/c1cccc(c1)N(=O)=O
POMVOF,COc1ccc(cc1)N1C(=O)C[C@]2([C@@H](C1=O)CC(=O)NC2=O)c1ccc(cc1)N(=O)=O
POMWOE,CC(=O)C(=Cc1cccc(c1)N(=O)=O)C(C)=O
PONHAE,O=N(=O)c1c2OCOc2cc2c1ccnc2c1ccccn1
PONHEI,O=N(=O)c1c2OCOc2cc2ccnc(c3ccccn3)c12
PONJAF,COc1ccc2c(c1)[C@@H](c1ccc(cc1)OC)[C@@H](C(=C2)c1ccc(cc1)N(=O)=O)c1ccc(cc1)N(=O)=O
PONKAE,O=C(O[C@@]1(C[C@H]1c2ccccc2)C)c3cc(N(=O)=O)cc(N(=O)=O)c3
PONQOZ,CCNc1ccc(cc1N(=O)=O)C(=O)OCC
PONTIW,COc1ccccc1/C=N/Nc1ccc(cc1N(=O)=O)N(=O)=O
PONWAS,O=N(=O)/C=C/C1=C(N)CC(CC1=O)(C)C
POPQER,C(C)(C)[N+]=1C=C(N2C1[C@H](N[C@@H]1CCCC[C@H]21)C2=C(C=CC(=C2)[N+](=O)[O-])[O-])C2=CC=CC=C2
POQBON,O=C(N(N1C(=O)O[C@H]2[C@@H]1CC=C2)c1ccc(cc1)N(=O)=O)OC(C)(C)C
POQFEH,CCOC(=O)[C@]12CC[C@]2(C)CC/C/1=N\Nc1ccc(cc1N(=O)=O)N(=O)=O
POQFIM,COc1ccc(cc1)/N=N/c1ccccc1N(=O)=O
POQFOS,CC(=O)Nc1ccc(O)c(c1)N(=O)=O
POQPOB,CC([C@@H](C1=N[C@@]2(C(=NC(=C[C@@H]2c2ccccc2)c2ccccc2)O1)c1ccccc1)NCc1ccc(cc1)N(=O)=O)C
POQQET,CC(=O)[C@]1(CC[C@@]2(O[C@@]1(C)OO2)C)Cc1ccc(cc1)N(=O)=O
POQQIX,CC(=O)[C@]1(CC[C@]2(O[C@]1(C)OO2)C)Cc1ccc(cc1)N(=O)=O
POQQOD,O=N(=O)c1ccc(cc1)C[C@]12CC[C@@]3(O[C@@]1(C)OO[C@@]2(C)O3)C
POQVEY,COCO[C@@H]1/C=C\C[C@@H]([C@H](O[C@@H](C1)C#N)COC(=O)c1cc(cc(c1)N(=O)=O)N(=O)=O)OCc1ccccc1
POQVUO,O=N(=O)c1ccc(OCC#C)cc1
POQVUO01,O=N(=O)c1ccc(OCC#C)cc1
POQWEZ,O=C(OCC#C)c1cccc(c1)N(=O)=O
POQWID,O=C(OCC#C)c1ccc(cc1)N(=O)=O
POQWOJ,O=C(OCC#C)c1cc(cc(c1)N(=O)=O)N(=O)=O
POQWUP,O=C(OCC#C)c1ccccc1N(=O)=O
POQXEA,CC1(C)CCCC(N1OC/C(=C\c1ccc(cc1)/C=C(/N(=O)=O)\CON1C(C)(C)CCCC1(C)C)/N(=O)=O)(C)C
POQXOK,Cc1ccc(cc1)C1=COc2ccc(cc12)N(=O)=O
PORFUZ,Cc1ccc2cc(c[n+]([O-])c2c1)N(=O)=O
PORMER,CO/N=C(/c1ccccc1)\[C@@H]1C[C@@H]1c1ccc(cc1)N(=O)=O
POTGUC,O=N(=O)C1(N(=O)=O)[C@H]2C[C@H]3C([C@@H]1C[C@@H](C2(N(=O)=O)N(=O)=O)C3)(N(=O)=O)N(=O)=O
POVCIO,COC(=O)/C=C/C[C@@H]([C@H](C1=Nc2c(O1)cc(cc2)N(=O)=O)C)c1ccc(cc1)N(=O)=O
POVKOA,Nc1ccc(cc1)/N=C/c1cccc(c1)N(=O)=O
POVXOQ,O=C(Nc1c2ccccc2c(cc1N(=O)=O)N(=O)=O)c1ccccn1
POVXUW,O=C(Nc1ccc(c2ccccc12)N(=O)=O)c1ccccn1
POWDAI,O=N(=O)c1ccc(C[N+]([O-])=C(C=Cc2ccccc2)c2ccccc2)cc1
POWDEL,CC(C)(C)C1=NN(C(=C1)NCc1ccc(cc1)N(=O)=O)c1ccccc1
POWLOD,OC(=O)c1ccc(NCCC=C)c(c1)N(=O)=O
POWMEU,OC(=O)c1ccc(NC2CCC2)c(c1)N(=O)=O
POWPEX,NC(=O)c1ccccc1/N=C/c1ccc(cc1)N(=O)=O
POWXUV,Cc1c(CO)cccc1N(=O)=O
POYHES,O=C([N-][N+]1=C(N(Cc2ccccc2)C=C1)c1ccc(cc1)N(=O)=O)c1ccccc1
POYYIM,COC(=O)c1cccc(NC(=O)c2cccc(NC(=O)c3cccc(NC(=O)c4cccc(NC(=O)c5cccc(NC(=O)c6cccc(c6OC)N(=O)=O)c5OC)c4OC)c3OC)c2OC)c1OC
POZFUG,CC(C)(O)C1=CN(N=N1)c1ccc(cc1)N(=O)=O
POZGER,O=N(=O)c1cccc(c1)N1N=NC=C1c1ccccc1
POZQOL,O=C[C@@H]1[C@H]([C@@H]1N(=O)=O)c1ccc(cc1)N(=O)=O
PROPNB10,O=C(c1ccc(cc1)N(=O)=O)O[C@@H]1CCC[C@@]23[C@@]1(CC2)CC3
PUBBEU,O=C(c1ccc(cc1)N(=O)=O)OC1=C(C)C[C@@]23[C@@H]1[C@@H]2CCCCC3
PUBWAK,O=N(=O)c1cccc(c1Nc1cccc(Nc2c(cccc2N(=O)=O)N(=O)=O)c1)N(=O)=O
PUCRIP,C[C@@H]1O[C@H](C)[C@@H]2N(C1)c1ccc(cc1CC12C(=O)NC(=O)NC1=O)N(=O)=O
PUDGEA,CN/C(=C/N(=O)=O)/N[C@@H](c1ccccc1)C
PUFMEJ,O=N(=O)c1ccccc1N/N=C/C1=CC=CO1
PUFMOT,CCOc1cc(/C=N/Nc2cccc(c2)N(=O)=O)ccc1O
PUFSIV,COC(=O)[C@@](c1cccc2c1cccc2)([C@@H](c1ccccc1)C#C)N(=O)=O
PUFVUK,Nc1c2cccnc2cc(c2ccccc2)c1N(=O)=O
PUGFAB,O=C1Oc2ccccc2[C@@]2([C@H]1[C@@H](c1ccccc1)[C@@H](N2)c1ccc(cc1)N(=O)=O)C
PUGMEK,CC/C(=N\Nc1ccc(cc1N(=O)=O)N(=O)=O)/Cc1ccccc1
PUGNIR,CC(CN1CC[C@H](N1C(=O)c1ccc(cc1)N(=O)=O)c1ccccc1)C
PUGQIU,O=C1CCCC(=O)C1(C)C[C@@H](c1ccccc1)N(=O)=O
PUGQOY,O=N(=O)/C=C/c1ccc(cc1)N(=O)=O
PUGRAN,COc1ccccc1[C@@H](N(=O)=O)CC1(C)C(=O)CCCC1=O
PUGRER,O=N(=O)[C@H](c1ccccc1N(=O)=O)CC1(C)C(=O)CCCC1=O
PUGRIV,O=C1CCCC(=O)C1(C)C[C@H](c1ccc(cc1)N(=O)=O)N(=O)=O
PUGTIV,O[C@@H]1CO[C@H](OC1)c1ccccc1N(=O)=O
PUGWIY,COc1ccccc1C(=O)N/N=C/c1cc(O)ccc1N(=O)=O
PUGXOH,O=C(c1ccc(cc1)N(=O)=O)O[C@@H]1C(=O)OC([C@H]2[C@H]1CC(C)(C)CC2)(C)C
PUGYIA,O=Cc1cc(ccc1N1CCCCC1)N(=O)=O
PUHFEE,O=N(=O)C[C@@]1(O)C(=O)Nc2c1cccc2
PUHFEE02,O=N(=O)C[C@]1(O)C(=O)Nc2c1cccc2
PUHKIN,CC(=O)OC[C@@]1(C)[C@H](CC[C@]2([C@H]1CCC(=O)[C@@H]2C[C@@H](C1=CCOC1=O)CN(=O)=O)C)OC(=O)C
PUHKIP,Cc1ccc(cc1)N1C2=C(C(=O)CC(C2)(C)C)[C@H]2[C@]3([C@@H]1N(C=C2)Cc1c([C@@H]3/C=C/c2ccccc2)cccc1)N(=O)=O
PUHPIU,COC(=O)C[C@@H]1c2ccccc2CN2[C@@H]3[C@@]1(N(=O)=O)[C@H](C=C2)C1=C(N3c2ccc(cc2)C)CC(CC1=O)(C)C
PUHYUN,O=N(=O)c1cccc(c1)[C@@H]1N(CC/N=C/c2cccc(c2)N(=O)=O)CCN1CC/N=C/c1cccc(c1)N(=O)=O
PUJJEK,CC1=NC=C(N1CCOC(=O)c1ccccc1N(=O)=O)N(=O)=O
PUJLIR,CCOC(=O)C1=CC(=NN1)C(=O)c1ccc(cc1)N(=O)=O
PUJLUC,O=N(=O)c1ccc(NN=C(Cc2ccccc2)Cc2ccccc2)c(c1)N(=O)=O
PUJVAS,COc1ccc2ccc(OC)c(C(=O)c3ccc(cc3)N(=O)=O)c2c1
PUJZUQ,O=C(Nc1ccc(cc1)N(=O)=O)c1ccccc1c1ccccc1C(=O)Nc1ccc(cc1)N(=O)=O
PUKBAZ,O=N(=O)c1ccc2c(c1)C(C)(C)C[C@]2(C)c1ccccc1
PUKFIN,NC1=C(C(=NN2N=NN=C12)N(=O)=O)N(=O)=O
PUKGIN,C=C=COc1ccc(cc1)N(=O)=O
PUKPOB,CN1CN(Cc2ccccc2)CC(=C1NCc1ccccc1)N(=O)=O
PUKXOL,ON1C2=C(C(=O)CCC2)[C@H](C2=C1CCCC2=O)c1ccc(cc1)N(=O)=O
PUKZEB,O=C1C=C[C@]2([C@@H](C1)O[C@@H](O2)c1ccc(cc1)N(=O)=O)C
PUKZIF,O[C@H](C1=C[C@@](C)(O)C=CC1=O)c1ccc(cc1)N(=O)=O
PULTEW,CCOC(=O)/C(=C/C(=O)OCC)/[C@H]1C[C@@H]1c1ccc(cc1)N(=O)=O
PULTIA,CCOC(=O)/C(=C\C#N)/[C@@H]1C[C@H]1c1ccc(cc1)N(=O)=O
PULWIF,CC1=CC(=C(Nc2ccccc2N(=O)=O)O1)C#N
PULWIF01,CC1=CC(=C(Nc2ccccc2N(=O)=O)O1)C#N
PULWIF02,CC1=CC(=C(Nc2ccccc2N(=O)=O)O1)C#N
PULWIF03,CC1=CC(=C(Nc2ccccc2N(=O)=O)O1)C#N
PUMQEV,CCOC(=O)C1(N[C@H](C(=C1C(=O)OC)C(=O)OC)c1ccc(cc1)N(=O)=O)C(=O)OCC
PUMSUN,COc1ccc(CN(Cc2ccc(cc2)N(=O)=O)C(=O)Nc2ccccc2)cc1
PUNDOT,Cc1cc(C)c(c(C)c1N(=O)=O)N(=O)=O
PUNGEM,CCOC(=O)C/C(=N/NC(=O)C1=Cc2c(N1)c(cc(c2)C)N(=O)=O)/C
PUNVIG,O=C1N2CCCc3c2c([C@H]([C@@H]1C(=O)c1ccccc1O)c1ccc(cc1)N(=O)=O)ccc3
PUNVUS,O=C1CC(C)(C)CC2=C1[C@H](c1ccc(cc1)N(=O)=O)c1c3N2CCCc3ccc1
PUNWAZ,CCN1C2=C(C(=O)CC(C2)(C)C)[C@@H](c2c1cccc2)c1ccc(cc1)N(=O)=O
PUPBAD,Nc1ncc(cn1)N(=O)=O
PUPBAD01,Nc1ncc(cn1)N(=O)=O
PUPBAD02,Nc1ncc(cn1)N(=O)=O
PUPJEP,CCOC(=O)[C@@H]([C@@H]1Nc2cc(ccc2NC1=O)N(=O)=O)O
PUPXIJ,OC[C@H]1CC2(C(=O)c3c(C2=O)cccc3)[C@@H](C2([C@@H]1c1ccc(cc1)N(=O)=O)C(=O)c1c(C2=O)cccc1)c1ccc(cc1)N(=O)=O
PUQBUA,COC(=O)[C@]1(C#N)[C@@H](CC[C@H]([C@]21c1ccccc1N(C2=O)C(c1ccccc1)(c1ccccc1)c1ccccc1)N(=O)=O)CC(=O)c1ccccc1
PUQFUD,Nc1ccc(cc1N(=O)=O)C(O)=O
PUQQIC,O=C1Oc2ccccc2C=C1/C(=N/Nc1ccc(cc1N(=O)=O)N(=O)=O)/C
PUQQOI,CC1(C)CC(=O)C(=NNc2cccc(c2)N(=O)=O)C(=O)C1
PURSEB,O=N(=O)c1ccc(OCCN(CCOc2ccc(cc2)N(=O)=O)CCOc2ccc(cc2)N(=O)=O)cc1
PURSEB01,O=N(=O)c1ccc(OCCN(CCOc2ccc(cc2)N(=O)=O)CCOc2ccc(cc2)N(=O)=O)cc1
PURSEB02,O=N(=O)c1ccc(OCCN(CCOc2ccc(cc2)N(=O)=O)CCOc2ccc(cc2)N(=O)=O)cc1
PUSHAN,O=N(=O)c1cccc(c1)c1ccccc1c1ccccn1
PUTCEM,O=N(=O)c1cc2N3[N-]c4c(cc(cc4N(=O)=O)N(=O)=O)[N+]3=Nc2c(c1)N(=O)=O
PUTCOW,COC1=C(C=C(C2=NN(N=C12)c1cc(cc(c1N)N(=O)=O)N(=O)=O)N(=O)=O)N(=O)=O
PUTCUC,O=N(=O)c1cc2N3[N-]C=C([N+]3=Nc2c(c1)N(=O)=O)N(=O)=O
PUTDAJ,O=N(=O)c1cc2N3[N-]C=C[N+]3=Nc2c(c1)N(=O)=O
PUTNOJ,O=C1N(c2ccc(cc2)N(=O)=O)C(=O)[C@@H]2[C@H]1CC1=C([C@@H]2c2ccccc2)c2c(N1C)cccc2
PUTTOO,CCOC(=O)[C@@]1(C#N)C=C[C@H](C[C@H]1C/C=N/Nc1ccc(cc1N(=O)=O)N(=O)=O)c1ccccc1
PUVCAN,O=C1[C@@H]2OC[C@@H](O2)C=C1c1ncccc1N(=O)=O
PUVCOY,O=C(c1ccc(cc1)N(=O)=O)O[C@H]([C@H]1CC1=C)CC1(C)OCCO1
PUVDAO,O=C1[C@H]2CO[C@H](O2)C=C1c1ncccc1N(=O)=O
PUVDES,O=C1[C@H]2CO[C@H](O2)C=C1c1ccncc1N(=O)=O
PUVMOL,Cc1ccccc1/N=C/c1ccccc1N(=O)=O
PUVPUR,O=N(=O)c1ccccc1Oc1ccccc1Oc1ccccc1N(=O)=O
PUVSEE,CN(/C=C/1\N=C(OC1=O)c1ccccc1N(=O)=O)C
PUVSOO,O=N(=O)N1N=Cc2cc(ccc12)N(=O)=O
PUWGET,COC(=O)/C(=C(\c1ccccc1)/Nc1ccccc1)/N(=O)=O
PUWGIX,COC(=O)/C(=C(\c1ccccc1)/N1CCCCC1)/N(=O)=O
PUXQUW,CCN1C(=O)/C(=N\Nc2ccc(cc2)N(=O)=O)/C(=C(C1=O)C#N)CC
PUYCEU,OC[C@@]1(COc2c1c1ccccc1cc2)c1ccc(c(c1)N(=O)=O)O
PUYYUD,COc1ccc2c(c1)CC[C@]1(C2=O)[C@H](c2cccc(c2)N(=O)=O)[C@H]([N@@]([C@@H]1C(=O)c1ccccc1)C1CCCCC1)c1ccccc1
PYCALN,C[C@H](C(C)C)/C=C/[C@H]([C@H]1CC[C@@H]2[C@]1(C)CC[C@H]1C2=CC=C2[C@@]1(C)CC[C@@H](C2)OC(=O)c1cc(cc(c1)N(=O)=O)N(=O)=O)C
QABCUS,COCOc1cc(cc2c1[C@H](CO)C(=O)[C@H]1N([C@H]1CN2C(=O)OCc1cc(OC)c(cc1N(=O)=O)OC)C(=O)OC)C(=O)OC
QABDEE,[O-]/[N+](CCOCc1ccccc1)=C\c2ccc(N(=O)=O)cc2
QABGEI,O=N(=O)c1ccc2c(c1)C=C(N2c1ccccn1)C/C=C/c1ccccc1
QABPIV,CC(=O)c1ccc(cc1OC(=O)c1ccc2ccccc2c1)N(=O)=O
QABQAO,CC(=O)c1ccc(cc1OC(=O)c1cccc2ccccc12)N(=O)=O
QABWIZ,O=N(=O)[C@H]1[C@@H](ON([C@@H]1c1ccccc1)Cc1ccccc1)[C@H]1O[C@@H]2OC(O[C@@H]2[C@@H]2[C@H]1OC(O2)(C)C)(C)C
QABWOF,O=N(=O)[C@H]1[C@H](N(O[C@@H]1c1ccccc1)Cc1ccccc1)[C@H]1O[C@@H]2OC(O[C@@H]2[C@@H]2[C@H]1OC(O2)(C)C)(C)C
QADBAY,O=C1CC[C@@H]2[C@H]1[C@H]2N(=O)=O
QADLEM,COC(=O)/C=C/1\CO[C@H]2[C@@]1(CCCC2)N(=O)=O
QADLIQ,COC(=O)/C=C\1/CO[C@H]2[C@@]1(CCCC2)N(=O)=O
QADLOW,COC(=O)/C=C\1/CO[C@@H]([C@@]1(C)N(=O)=O)c1ccccc1
QADNEQ,COc1ccc(c(c1)N(=O)=O)N[C@@H]1C2=C(OC1(C)C)c1c(C(=O)C2=O)cccc1
QADNIU,Cc1ccc(cc1N[C@@H]1C2=C(OC1(C)C)c1c(C(=O)C2=O)cccc1)N(=O)=O
QADRUJ,O=C([C@@]1(C)OCC=C[C@H]1OC(=O)c1ccc(cc1)N(=O)=O)Oc1c(C)cccc1C
QADWOI,O=C1OC(=CC(=C1c1ccccc1)c1ccccc1)c1ccc(cc1)N(=O)=O
QAFREX,COc1cc(OC)cc(c1C1=C(N(=O)=O)[C@H]2[C@@H]3C=C[C@H]([C@]2(C2=NON=C12)N(=O)=O)C3)OC
QAGBAB,Nc1cc(cc(c1O)N(=O)=O)N(=O)=O
QAGMUJ,O=C(c1ccc(cc1)N(=O)=O)O[C@@H]1CCC[C@H]2[C@@H]1[C@@H]1CCO[C@@H]1O2
QAGNOF,O=C(CN=[N+]=[N-])Nc1ccc(cc1)N(=O)=O
QAGPIB,COc1ccc(NC(=O)CCCC(O)=O)c(c1)N(=O)=O
QAGVED,O=Cc1c(cc(cc1N(=O)=O)N(=O)=O)N(=O)=O
QAHJER,CCOC(=O)C1=C(N)N(N=C1)c1ccc(cc1N(=O)=O)N(=O)=O
QAHPIZ,OC(=O)/C=C\C1=NN=C(N1c1ccc(cc1)N(=O)=O)c1ccccn1
QAJFEN,C=CC[C@@]1(CCCCC[C@H]1OC(=O)c1cc(cc(c1)N(=O)=O)N(=O)=O)C#Cc1ccccc1
QAJJUI,Oc1cccc(c1)/C=N/NC(=O)c1cccc(c1)N(=O)=O
QAJKUK,O=C(C1=NNC(=C1)c1ccccc1)N/N=C/c1ccc(cc1)N(=O)=O
QAJWUV,COC(=O)/C=C\C(=O)Nc1ccc(cc1)N(=O)=O
QAKGOB,CCCC[C@H](CN1c2ccc3cc2-c2c1ccc(c2)Nc1cc(Nc2ccc4c(-c5cc(Nc6cc(N3)c(cc6N(=O)=O)N(=O)=O)ccc5N4C[C@H](CCCC)CC)c2)c(cc1N(=O)=O)N(=O)=O)CC
QAMJIA,COc1ccc(Nc2ccc(cc2)N(=O)=O)cc1
QAMNAT,O=N(=O)c1cccc2ccc3ccccc3c12
QAMNAT01,O=N(=O)c1cccc2ccc3ccccc3c12
QANHET,O=N(=O)c1ccc(cc1)/C=N/CCN(CC/N=C/c1ccc(cc1)N(=O)=O)CC/N=C/c1ccc(cc1)N(=O)=O
QANSEG,O=N(=O)c1ccc(cc1)[C@@H]1ON(c2ccccc2)C([C@@H]2[C@H]1N(OC2)c1ccccc1)(C)C
QANTAD,O=C(c1cc(cc(c1)N(=O)=O)N(=O)=O)OC[C@H]1[C@@H](Nc2ccccc2)[C@@H](ON(C1(C)C)c1ccccc1)c1ccccc1
QANWAE,Oc1ccc(cc1/C=N/C1CC1)N(=O)=O
QAPRUV,O=C(c1cc(cc(c1)N(=O)=O)N(=O)=O)O[C@@H]1[C@H]2CC[C@@H]1N(C2)Cc1ccccc1
QAPXIR,O=C1N2C(=CC3CC3)c3ccc(cc3C2=Nc2ccccc12)N(=O)=O
QAPXUD,COc1ccc(cc1)CO[C@@H]1C=C([C@H]2[C@@H]1C(=C)C[C@@H]([C@H]1[C@H]2OCC1=C)OC(=O)c1cc(cc(c1)N(=O)=O)N(=O)=O)C
QAPYOW,CCN(c1ccc(cc1)/C=N/N1N=C2C(=N1)C(=O)N(C2=O)c1ccc(cc1)N(=O)=O)CC
QAQDAN,CCN([C@H]1CN=NN1c1ccc(cc1)N(=O)=O)CC
QAQLIF,CCN(CC)c1ccc2c(Oc3cc(ccc3C32N(CCNc2ccc(cc2)N(=O)=O)C(=O)c2ccccc32)N(CC)CC)c1
QAQPIH,N#CC1=NO[C@](C1(C)C)(C#N)N(=O)=O
QARHEZ,CCCN1[C@@H]2[C@@]1(N(=O)=O)C(=O)N(c1c2cccc1)C
QATHUP,C/C(=N\c1ccc(cc1)N(=O)=O)/C(=N/N1C(=C(C(=C1C)C)C)C)/C
QATYAO,CC(=O)C1=C(N(N=N1)c1cccc(c1)N(=O)=O)C1=CN(N=C1c1ccccc1)c1ccccc1
QATYES,O=N(=O)C1=C(N(Cc2ccccc2)N=N1)c1cccc2ccccc12
QATZOD,O=C1N(Nc2ccc(cc2)N(=O)=O)C(=O)c2ccccc12
QAVCIC,O=C1N(Nc2ccc(cc2N(=O)=O)N(=O)=O)C(=O)c2ccccc12
QAWGUQ,COc1ccc(cc1)C1(OCCCO1)c1ccc(cc1)N(=O)=O
QAWMUW,COC(=O)CC1=CC(=NN1c1ccc(cc1N(=O)=O)N(=O)=O)C
QAWPEK,C/C=C(\c1ccccc1N(=O)=O)/C(=O)O
QAWZOE,OC[C@H](CNc1ccccc1N(=O)=O)O
QAXJOO,COC(=O)C1=C(C)NC(=O)[C@H]([C@@H]1c1ccc(cc1)N(=O)=O)C(=O)N
QAYJEG,CCOC(=O)C1(C[C@H]2C=CCC[C@@H]2[C@@H]2[C@@H](C1)/C(=N/Nc1ccc(cc1N(=O)=O)N(=O)=O)/CC2)C(=O)OCC
QAYSIT,O=C1CCCC2=C1[C@@H](c1cccc(c1)N(=O)=O)[C@H]1[C@@](O2)(O)CCCC1=O
QAYVIY,O=C(Nc1ccccc1)Nc1ccccc1N(=O)=O
QAYVIY01,O=C(Nc1ccccc1)Nc1ccccc1N(=O)=O
QAZCAW,O=N(=O)C1=CCCC[C@@H]1c1ccccc1
QAZFEF,C[C@@H](CN1C(=NC(=C1c1ccccc1)c1ccccc1)c1ccc(cc1)N(=O)=O)O
QEBBAA,O=N(=O)c1ccc2-c3c(Cc2c1)cc(cc3)[C@]12C[C@H]3C[C@@H](C2)C[C@@H](C1)C3
QEBBUW,O=N(=O)c1cccc(n1)c1ccccn1
QEBCUY,CON=[N+]([O-])C(CN1C=C(C=N1)N(=O)=O)[N+]([O-])=NOC
QEBDAF,CON=[N+]([O-])C(CN1C=CC(=N1)N(=O)=O)[N+]([O-])=NOC
QEBDEJ,CON=[N+]([O-])C(CN1C=C(C(=N1)N(=O)=O)N(=O)=O)[N+]([O-])=NOC
QEBLEQ,CCOC(=O)[C@H]1[C@@H](c2ccc(cc2)N(=O)=O)[N@@]2CCC(=O)N2C=CC(=C1C)C(=O)OCC
QEBRIB,Cc1ccc(cc1)C1=NOC2=NC(=CN12)N(=O)=O
QEBWID,CCC1(CC)CO[C@H]([C@@H]1O)c1ccc(cc1)N(=O)=O
QEBWUP,O=C(Nc1ccccc1N(=O)=O)ON1C(=O)CCC1=O
QEBYIF,CNc1ccc(cc1[C@@H]1NCCc2c1cccc2)N(=O)=O
QEBZUS,OC[C@H]([C@@H]1C[C@]1(C)N(=O)=O)O
QECBAB,OC[C@H]([C@@H]1C[C@@]1(C)N(=O)=O)O
QECKIU,OC=1C=CC(=C(C1)[O-])/C=[NH+]/C1=CC(=CC=C1)[N+](=O)[O-]
QECLUH,O=N(=O)c1ccc(cc1)C1=CC=C(O1)/C=N/c1cccc(c1C)N(=O)=O
QECQUN,NC(=C(N(=O)=O)N(=O)=O)N1N=C(C[C@@]1(C)O)C
QECWAY,O=N(=O)c1cc(ccc1N/N=C(/c1cccc(c1)N(=O)=O)\C)N(=O)=O
QECWEA,CCC([C@@H]1CCC[N@]1N1C[C@H](C1=O)OC(=O)c1ccc(cc1)N(=O)=O)(OC)CC
QECZAZ,CN(C(=O)c1ccc(cc1)N(=O)=O)C(C1CC1)(C1CC1)C1CC1
QEDFUD,O=N(=O)C1=NN(Cc2ccccc2)C=C1
QEDGAK,O=C(CN1C=CC(=N1)N(=O)=O)c1ccccc1
QEDGEO,Cc1ccc(cc1)C(=O)CN1C=CC(=N1)N(=O)=O
QEDGOY,O=N(=O)C1=NN(C=C1)C/C=C/c1ccccc1
QEDGUE,CC(C)N1C=CC(=N1)N(=O)=O
QEDHAL,O=N(=O)C1=NN(CCc2ccccc2)C=C1
QEDHEP,O=N(=O)c1ccc(cc1)N1C=CC(=N1)N(=O)=O
QEDHIT,O=N(=O)C1=NN(C=C1)c1ccccc1N(=O)=O
QEDHUF,O=N(=O)C1=NN(C=C1)c1ccccc1C#N
QEDJAN,CCOC(=O)c1ccc(cc1)N1C=CC(=N1)N(=O)=O
QEDJIV,O=N(=O)c1ccc(nc1)N1C=CC(=N1)N(=O)=O
QEDJOB,O=N(=O)C1=NN(C=C1)c1cccnc1N(=O)=O
QEDJUH,O=N(=O)C1=NN(C=C1)c1ccc(cn1)C#N
QEDKAO,O=N(=O)C1=NN(C=C1)c1ccc(nc1)C#N
QEDKER,O=C(N(C1CCCCC1)C1CCCCC1)c1ccc(cc1)N(=O)=O
QEDTAW,CCCCC(=O)Nc1ccc(Oc2ccc(cc2)N(=O)=O)cc1
QEDVUT,CC1=NN(C=C1)c1ccc(cc1)N(=O)=O
QEDWEE,CCOC(=O)C1=NN(C=C1)c1ccc(cc1)N(=O)=O
QEDWOO,O=N(=O)c1ccc(cc1)N1C=CC(=N1)c1ccccc1
QEDYOP,CCOc1ccc(cc1OC)/C=C/c1ccc(cc1)N(=O)=O
QEFCIN,O=C1N(c2ccc(cc2)N(=O)=O)C(=O)c2ccc3C(=O)N(c4ccc(cc4)N(=O)=O)C(=O)c4ccc1c2c34
QEFKER,O=N(=O)c1ccc(cc1)[C@@H]1CC(=Nc2c(N1)cccc2)c1ccccc1
QEGFAM,CO[C@H]1C=C[C@H]([C@H](O1)COC(=O)c1ccc(cc1)N(=O)=O)O
QEGQUR,C[C@@]1(c2ccccc2)C[C@H]1/[N+]([O-])=C/c3ccc(N(=O)=O)cc3
QEHZUZ,O=N(=O)C[C@H]([C@@H]1CCCCC1=O)c1ccc2c(c1)OCO2
QEJLAS,CC(=O)Nc1ccc(Cc2ccccn2)c(c1)N(=O)=O
QEJZAH,COc1ccc(C=O)cc1N(=O)=O
QEJZAH01,COc1ccc(C=O)cc1N(=O)=O
QEJZAH02,COc1ccc(C=O)cc1N(=O)=O
QEKBOX,CC(=O)O[C@H]1[C@@H](OC(=O)C)[C@@H](O[C@@H]1N1C=Nc2c1nc(cc2N)N(=O)=O)COC(=O)C
QEKPAY,O=C(NCCN(CCNC(=O)c1cccc(c1)N(=O)=O)CCNC(=O)c1cccc(c1)N(=O)=O)c1cccc(c1)N(=O)=O
QEKPAY01,O=C(NCCN(CCNC(=O)c1cccc(c1)N(=O)=O)CCNC(=O)c1cccc(c1)N(=O)=O)c1cccc(c1)N(=O)=O
QELQEG,Nc1nc2ccccc2c(C(=O)NCc2ccccc2)c1N(=O)=O
QELYEO,Cc1cc(Cc2cc(C)cc(c2O)N(=O)=O)c(O)c(c1)N(=O)=O
QENNEF,CCO[C@@]1(CN(=O)=O)[C@H](O[C@H]2[C@@H]1OC(O2)(C)C)[C@H]1COC(O1)(C)C
QENQEF,O=N(=O)c1cc(ccc1N/N=C(/[C@@H]1CCc2ccccc2-c2c(C1)cccc2)\c1ccccc1)N(=O)=O
QENQIJ,O=C(c1ccc(cc1)N(=O)=O)O[C@]12[C@H](Cc3ccccc3)C[C@H]1c1ccccc1-c1c2cccc1
QEPJAY,C[C@@H](CN1C(=NC=C1N(=O)=O)C)OC(=O)/C=C/c1ccccc1
QEPJEC,C[C@@H](OC(=O)c1ccccc1)CN1C(=NC=C1N(=O)=O)C
QEPJIG,C[C@H](CN1C(=NC=C1N(=O)=O)C)OC(=O)C
QEPJIG01,C[C@H](CN1C(=NC=C1N(=O)=O)C)OC(=O)C
QEPPIN,O=C(c1ccc(cc1)N(=O)=O)O[C@@H]1CCC[C@@H]2[C@@H]3[C@@H]1CC=C[C@@H]3CCC2
QEPROU,O=N(=O)c1ccc(OC(c2ccccc2)(c2ccccc2)c2ccccc2)cc1
QEPVEN,COC(=O)C[C@@]1(C)Oc2c(C1=O)cc(cc2)N(=O)=O
QEPZAO,CCOC(=O)C1=C(C(=O)c2ccc(C)cc2)C(=NN1c1ccc(cc1N(=O)=O)N(=O)=O)c1ccc(C)cc1
QERTUD,O=Cc1cc(cc2OCOc12)N(=O)=O
QERYUK,O=N(=O)c1ccccc1/C=C/1\Nc2c(C1=O)cccc2
QERZAR,O=C1C=C(Nc2ccccc12)c1ccc(cc1)N(=O)=O
QESHEC,COc1ccc(cc1)/C(=C/C(=O)c1cccc(c1)N(=O)=O)/NCc1ccccc1
QESVIW,O=C1C[C@@H](c2ccccc2)C(C)(C)C(=O)OCC[C@@H]1c1ccccc1N(=O)=O
QETRUD,O=C1NC(=C([C@H](N1)c1cccc(c1)N(=O)=O)C(=O)Nc1ccc(cc1C)C)C
QETTEO,C/C(=N\N=C(\c1ccccc1)/C)/c1ccc(cc1)N(=O)=O
QETTEO01,C/C(=N\N=C(\c1ccccc1)/C)/c1ccc(cc1)N(=O)=O
QETTOB,O=N(=O)C1=NNC(=N1)C1=NNN=C1N(=O)=O
QEVFEC,O=C(c1ccccc1)/C=C/1\Nc2cc(ccc2OC1=O)N(=O)=O
QEVJOQ,OCCN1C[C@]2(CN(C[C@@](C1)(C2(C)C)N(=O)=O)CCO)N(=O)=O
QEVLEL,O=C1/C(=C/c2cccc(c2)N(=O)=O)/CCc2c1cccc2
QEVREP,CC/C(=C\CC)/C(=O)c1ccc(cc1)N(=O)=O
QEVRIV,COC(=O)[C@@]1(CCCOC1=O)[C@H](C1=COC=C1)CN(=O)=O
QEVTUH,COc1ccc(cc1)/C=C/C=C/C=C/c1ccc(cc1)N(=O)=O
QEVVAP,CCCCOc1ccc(cc1)/C=C/C=C/C=C/c1ccc(cc1)N(=O)=O
QEVVET,CCCOc1ccc(cc1)/C=C/C=C/C=C/c1ccc(cc1)N(=O)=O
QEWHAD,C[C@H]1C[C@@H](C)[C@H]2[C@@](C1)(C)C=C([C@@H]([C@@H]2/C=N/Nc1ccc(cc1N(=O)=O)N(=O)=O)C)C
QEWQUG,CC([C@@H]1[C@@H](c2ccccc2)[C@@H](CO[C@H]1[N@@]1CCC[C@H]1C(c1ccccc1)(c1ccccc1)O)N(=O)=O)C
QEWWOF,O=C1CC[C@]2([C@@H]1[C@H]1CCC[C@@H]([C@]1(C)CC2)OC(=O)c1cc(cc(c1)N(=O)=O)N(=O)=O)C
QEXNIR,COc1ccc(N)c(c1)N(=O)=O
QEXYOI,Cc1ccc2c(c1)N1[C@H](c3ccc(cc3)N(=O)=O)[C@H](O[C@H]1C(=N2)c1ccccc1)c1ccc(cc1)N(=O)=O
QEXZIF,CC1=NN(C(=C1/N=N/c1ccccc1)C)c1ccc(cc1)N(=O)=O
QEYGOS,O=N(=O)c1cccc(c1O)/C=C/C1=Nc2c(C1(C)C)cccc2
QEYHAF,Oc1ccc(cc1/C=C/C1=Nc2c(C1(C)C)cccc2)N(=O)=O
QEYHAF01,Oc1ccc(cc1/C=C/C1=Nc2c(C1(C)C)cccc2)N(=O)=O
QEYLAI,OC[C@H]1O[C@H]([C@@H]([C@@H]1O)O)N1C=CC(=C1)N(=O)=O
QEYWOG,O=C(c1ccc(cc1)N(=O)=O)O[C@@H]1[C@@H](OCc2ccccc2)[C@H](COCc2ccccc2)O[C@H]2[C@@H]1OCCC2
QEZGEJ,O=N(=O)c1cc(ccc1N/N=C/1\C[C@@H]2[C@@H]3[C@@]1(O)c1ccccc1[C@@H]3CC=C2c1ccccc1)N(=O)=O
QIBJEQ,CCCC(=O)OC1=CC=C(C=CC1=O)N(=O)=O
QIDGIW,O=N(=O)c1cccc(c1)c1c2ccccc2cc2ccccc12
QIFPON,NC1=C(C2=NN=NN2C2=NO[N+](=C12)[O-])N(=O)=O
QIHKIE,CN(c1ccc(cc1)N(=O)=O)c1c(C)cccc1C(C)(C)C
QIHTOT,O=N(=O)c1ccc2c(c1)C1=CCCO[C@@]1(O2)C(C)(C)C
QIJMED,O=N(=O)c1cc(c(NCCc2ccccc2)cc1NCCc1ccccc1)N(=O)=O
QIJMIH,O=N(=O)c1ccc(NCCc2ccccc2)c(c1)C#N
QIKDAP,Nc1ccc(c(N)c1)N(=O)=O
QIKDET,Nc1cc(cc(c1)N(=O)=O)N(=O)=O
QIKDET01,Nc1cc(cc(c1)N(=O)=O)N(=O)=O
QIKDOD,O=N(=O)c1cc(ccc1N/N=C(\CN1C=NC(=C1N(=O)=O)N(=O)=O)/CN1CCOCC1)N(=O)=O
QIKDUJ,O=N(=O)C1=C(N=CN1C/C(=N\Nc1ccc(cc1N(=O)=O)N(=O)=O)/CN1CCOCC1)N1CCOCC1
QIKKAY,O=C(O[C@@]1(C)CCC[C@@H]1C#CCCOC(=O)c1cc(cc(c1)N(=O)=O)N(=O)=O)N[C@@H](c1ccccc1)C
QILSUC,O=N(=O)c1ccc(cc1)C1=NO[C@@H](C1)CN1c2ccccc2C=Cc2c1cccc2
QIMGAU,OC1=CC=C(C=CC1=O)N(=O)=O
QIMGAU01,OC1=CC=C(C=CC1=O)N(=O)=O
QIMGAU02,OC1=CC=C(C=CC1=O)N(=O)=O
QIMGIC,N#CC1=C(N)OC(=C([C@@H]1c1cccc(c1)N(=O)=O)C(=O)C)C
QIMGOI,CCOC(=O)C1=C(C)OC(=C([C@@H]1c1cccc(c1)N(=O)=O)C#N)N
QIMGOI01,CCOC(=O)C1=C(C)OC(=C([C@H]1c1cccc(c1)N(=O)=O)C#N)N
QIMGOI02,CCOC(=O)C1=C(C)OC(=C([C@H]1c1cccc(c1)N(=O)=O)C#N)N
QIMPEK,N#CC1=C(N)OC2=C([C@H]1c1ccc(cc1N(=O)=O)N(=O)=O)C(=O)CC(C2)(C)C
QINMIJ,O=C1[C@@H](C[C@@H]2N1[C@](C)(OC2)c1ccccc1)Cc1ccc(cc1)N(=O)=O
QINXET,O=C(c1ccccc1)C[C@H]1c2ccccc2N[C@H]([C@@H]1N(=O)=O)c1ccccc1
QIQBID,Cc1ccc(cc1)C1=NN([C@@H](C1)C1=CC=C(O1)c1ccccc1N(=O)=O)C(=O)C
QIQGEF,COC(=O)c1ccccc1CN1C=C(COc2ccccc2N(=O)=O)N=N1
QIQHOQ,O=N(=O)c1cc(c(Oc2ccc(C#N)c(c2)C#N)cc1Oc1ccc(C#N)c(c1)C#N)N(=O)=O
QIRPAL,Cc1cc(c(O)c(c1C)N(=O)=O)N(=O)=O
QIRPEP,Cc1cc(cc(c1C)N(=O)=O)N(=O)=O
QIRQOZ,CC(=O)C1=C(C)N(N=N1)c1ccc(cc1)N(=O)=O
QIRQOZ01,CC(=O)C1=C(C)N(N=N1)c1ccc(cc1)N(=O)=O
QIRRUG,CN1C[C@]2(CNC(=O)[C@@](C1)(C2)N(=O)=O)N(=O)=O
QISTUH,O=C1c2ccccc2C(=Cc2ccc(cc2)N(=O)=O)c2ccccc12
QITKAG,CCOC(=O)N1N=C(C[C@@]1(NC(=O)OCC)c1ccccc1)c1cccc(c1)N(=O)=O
QITLIR,COc1ccc2c(c1)CC[C@@H]1C2=CC[C@@H](C1)OC(=O)c1ccc(cc1)N(=O)=O
QIWCAD,O=N(=O)N1CN=C2N(C1)CN(CC2(N(=O)=O)N(=O)=O)N(=O)=O
QIWCEH,O=NN1CNC(NC1)=C(N(=O)=O)N(=O)=O
QIXSAS,N/N=C/c1ccc(cc1N(=O)=O)N(=O)=O
QIXWEZ,O=C(c1ccc(cc1)N(=O)=O)O[C@H]1CC[C@H]2[C@H](C1)CCCCC12OCCO1
QIXXOL,O=N(=O)c1cc(cc(c1/C=C/c1ccncc1)N(=O)=O)N(=O)=O
QIYCAF,COc1ccc(cc1)CO[C@@H](C(C)(C)C)C(=O)C[C@H](c1ccc(cc1)N(=O)=O)O
QIYJIR,N#C/C=C/1\CCC[C@@H]1OC(=O)c1ccc(cc1)N(=O)=O
QIYRUN,CC(CCC[C@H]([C@H]1CC[C@@H]2[C@]1(C)CC[C@H]1[C@H]2CC(=C2[C@]1(C)CC[C@@H](C2)OC(=O)C)N(=O)=O)C)C
QIYWED,O=N(=O)c1c[n+]([O-])c2ccccc2c1
QIYYOO,Cc1c(/N=C/c2ccc(cc2)N(=O)=O)c(C)cc(c1/N=C/c1ccc(cc1)N(=O)=O)C
QIZMAN,COc1ccccc1NC(=O)c1cc(c(OC)cc1OC)N(=O)=O
QIZMAO,Cc1ccc(N=C=Nc2ccccc2)c(c1)C#Cc1ccc(cc1)N(=O)=O
QOBMEC,O=C1C=C(Oc2ccc(cc2)N(=O)=O)C(=O)c2ccccc12
QOBYAK,COc1cc2CC[N@@]3[C@@H](c2cc1OC)Cc1c(C3)cc(cc1N(=O)=O)N(=O)=O
QOCMOM,CCOC(=O)/C(=C/c1ccc(cc1)OCc1ccccc1)/N(=O)=O
QOCNIF,O=N(=O)c1ccc(CN2CCN(CCN(CCN(CC2)Cc2ccc(cc2)N(=O)=O)Cc2ccc(cc2)N(=O)=O)Cc2ccc(cc2)N(=O)=O)cc1
QOCNIF02,O=N(=O)c1ccc(CN2CCN(CCN(CCN(CC2)Cc2ccc(cc2)N(=O)=O)Cc2ccc(cc2)N(=O)=O)Cc2ccc(cc2)N(=O)=O)cc1
QOCNUT,Cc1cnc(C)c(CC2=CNc3cccc(c23)N(=O)=O)n1
QOCWUC,CC1(C)Cc2nc3ccccc3c3C(=O)N(c4cccc(c4)N(=O)=O)C(=C1)c23
QOFGIC,O=C1Nc2ccccc2Oc2cc(cc(c12)N(=O)=O)N=[N+]=[N-]
QOFHEZ,O=N(=O)c1ccc(cc1)N/N=C/C=C/c1ccccc1
QOFLON,CCOC(=O)c1ccc(NC(C)(C)C)c(c1)N(=O)=O
QOFQIL,CC1(C)NC(NC1(C)C)c1ccc(cc1)N(=O)=O
QOFQOR,CC1(C)N(O)C(N(O)C1(C)C)c1ccc(cc1)N(=O)=O
QOFYER,COC(=O)/C(=C\NCCC1=CNc2c1cccc2)/[C@@H]1c2ccccc2O[C@H]([C@H]1N(=O)=O)c1ccc(cc1)C
QOGGIE,O=N(=O)c1ccc2c(c1)C[C@@]13[C@@](O2)(CCCC1)N(c1c3cccc1)C
QOGGUQ,O=N(=O)c1ccc2c(c1)C[C@]1([C@](O2)(C)N(c2c1cccc2)C)C
QOGHAX,O=N(=O)c1ccc2c(c1)C[C@]1([C@](O2)(c2ccccc2)N(c2c1cccc2)C)C
QOHFOK,COC(=O)C[C@H]1CCC[C@H](O1)COC(=O)c1ccc(cc1)N(=O)=O
QOHFUQ,COC(=O)C[C@H]1CC[C@@H]([C@H](O1)[C@@H](OC(=O)c1ccc(cc1)N(=O)=O)C)C
QOHSOW,CCC1(CC)C2=CC=C(N2)C(CC)(CC)C2=CC=C(N2)C(C2=CC=C([C@](C3=CC=C1N3)(C)c1cccc(c1)N(=O)=O)N2)(CC)CC
QOHYAN,CC[C@@H]([C@](C(=O)OCC)(NC(=O)c1ccc(cc1)N(=O)=O)C)C
QOJGED,CCOC(=O)/C=C(\[C@@H](c1ccccc1OC)[C@@H]1C[C@@H](C)CCC1=O)/N(=O)=O
QOJMIN,CO[C@@]1(C)O[C@H](C#Cc2ccccc2)[C@@H]([C@@H]([C@H]1C(=O)C)c1ccccc1)N(=O)=O
QOJWAO,CCC[C@@H]1[C@H](O)[C@@H](C[C@@H]2C(=CC(=O)O2)CC2=COC=C12)OC(=O)c1ccc(cc1)N(=O)=O
QOKSUH,Oc1cc(c2ccccc2)c(c2cnccc12)N(=O)=O
QOKTAO,COc1ccccc1c1cc(O)c2cccnc2c1N(=O)=O
QOKYAR,CN1CC2=C(c3ccccc3)c3ccccc3C2=C(C1)N(=O)=O
QOLXIY,CCN(CC)[N+]([O-])=NOc1ccc(cc1N(=O)=O)N(=O)=O
QOLXOE,CN(C)[N+]([O-])=NOc1cc(N(C)c2ccccc2)c(cc1N(=O)=O)N(=O)=O
QOLZAV,COC(=O)C1=C[C@@]2([C@H]([C@@H]1c1ccc(cc1)C)c1c(O2)cccc1)N(=O)=O
QOLZEZ,O=C(C1=C[C@@]2([C@H](C1)c1ccccc1O2)N(=O)=O)OC(C)(C)C
QOMQUG,CC(=O)/C(=C/c1ccccc1)/COc1ccc(cc1)N(=O)=O
QONHOS,CCOC(=O)/C(=C/c1cccc(c1)N(=O)=O)/C#CC(C)(C)C
QONMUC,[O-]/[N+](c1ccc(N(=O)=O)cc1)=[N+]([O-])\c2ccc(N(=O)=O)cc2
QONWIB,O=C1C(=C(c2ccccc2)C(=C1c1ccc(cc1)N(=O)=O)c1ccccc1)c1ccc(cc1)N(=O)=O
QONWOH,COc1ccc(cc1)C1=C(C(=O)C(=C1c1cccc(c1)N(=O)=O)c1ccccc1)c1ccccc1
QOPWID,COc1ccc2c(c1)[C@@H](C[C@@H](N2)c1cccc(c1)N(=O)=O)c1ccccc1
QOQPIW,Cc1cc(C)c(c(c1)C)/C=N/[C@@H]([C@@H](c1ccc(cc1)N(=O)=O)/N=C/c1c(C)cc(cc1C)C)c1ccc(cc1)N(=O)=O
QOQSUM,COC(=O)C1(C[C@@H](c2ccc(cc2)OC)C2=C([C@H]1CN(=O)=O)N(C)c1c2cccc1)C(=O)OC
QOQWUO,Cc1ccc(O)c(c1)C1=NN(C=C1C=O)c1ccc(cc1N(=O)=O)N(=O)=O
QOQZIH,O=C1CC[C@@H]2N1CCC[C@H]2COC(=O)c1ccc(cc1)N(=O)=O
QORPEV,O=C(Nc1cccc(c1)N(=O)=O)/C=C/c1ccccc1
QORQUK,O=N(=O)C(CNN1N=NN=C1NCC(N(=O)=O)(N(=O)=O)N(=O)=O)(N(=O)=O)N(=O)=O
QORRAR,O=C(OCC(N(=O)=O)(N(=O)=O)N(=O)=O)N=[N+]=[N-]
QORROF,NC1=NN=NN1NCC(N(=O)=O)(N(=O)=O)N(=O)=O
QORRUL,O=N(=O)C(CNc1nnc(NCC(N(=O)=O)(N(=O)=O)N(=O)=O)nn1)(N(=O)=O)N(=O)=O
QORSAS,O=N(=O)C(CNCC(N(=O)=O)(N(=O)=O)N(=O)=O)(N(=O)=O)N(=O)=O
QORVIF,O=N(=O)c1ccccc1c1ccc2ccccc2c1Oc1ccc2ccc3cccnc3c2n1
QOSPUK,O=N(=O)c1cc(/C=N/C(c2ccccc2)c2ccccc2)c(c(c1)N(=O)=O)Nc1c(C)ccc2c1c(C)ccc2
QOTGEL,O=N(=O)c1ccc(NC2CCCCCCC2)nc1
QOTGEL01,O=N(=O)c1ccc(NC2CCCCCCC2)nc1
QOTGEL03,O=N(=O)c1ccc(NC2CCCCCCC2)nc1
QOTGOV,O=N(=O)c1ccc(nc1)N[C@]12C[C@H]3C[C@@H](C2)C[C@@H](C1)C3
QOTGOV01,O=N(=O)c1ccc(nc1)N[C@]12C[C@H]3C[C@@H](C2)C[C@@H](C1)C3
QOTGOV02,O=N(=O)c1ccc(nc1)N[C@]12C[C@H]3C[C@@H](C2)C[C@@H](C1)C3
QOTMOB,CCCC[C@H]1C[C@@H]1[C@@H](c1ccccc1)NC(=O)c1ccc(cc1)N(=O)=O
QOTRIB,C/C(=N\Nc1ccc(cc1N(=O)=O)N(=O)=O)/c1ccc(cc1)c1ccccc1
QOTSUO,Cc1c(CO)cc(cc1CO)N(=O)=O
QOTVIE,O=C(c1ccc(cc1)N(=O)=O)O[C@H]1C[C@H]2[C@]31C[C@@H]3C=C2
QOVLIX,O=C[C@@H]1CC[C@H](N(O1)c1ccccc1)[C@H](N(=O)=O)C
QOVMIX,CO[C@H]1CC(=O)C[C@H]([C@@H]1N(=O)=O)[C@H]1COC(O1)(C)C
QOVSUQ,CCCCCCCCNc1cc(NCCCCCCCC)c(cc1N(=O)=O)N(=O)=O
QOVTAX,CCCCCCCCCCCNc1cc(NCCCCCCCCCCC)c(cc1N(=O)=O)N(=O)=O
QOVTEB,O=N(=O)c1ccc(NCCCCCCCCNc2ccc(cc2N(=O)=O)N(=O)=O)c(c1)N(=O)=O
QOVXUV,OCCC[NH+]=Cc1cc(ccc1[O-])N(=O)=O
QOXQUQ,COC(=O)[C@@H]1C(=O)N(C[C@H]1C(=C(C)C)c1ccc(cc1)N(=O)=O)Cc1ccccc1
QOYCUD,CCOC(=O)[C@@H]1CC2=C([C@@H](N1Cc1ccccc1)c1ccc(cc1)N(=O)=O)Nc1c2cccc1
QOYGUH,Oc1ccccc1/C(=N/Nc1ccccc1N(=O)=O)/C
QOYGUH01,Oc1ccccc1/C(=N/Nc1ccccc1N(=O)=O)/C
QOYHAO,Oc1ccccc1/C(=N/Nc1cccc(c1)N(=O)=O)/C
QOYHES,Oc1ccccc1/C(=N/Nc1ccc(cc1)N(=O)=O)/C
QOYJOD,O=C1NN=C(N1)N(=O)=O
QOYJOD01,O=C1NN=C(N1)N(=O)=O
QOYJOD02,O=C1NN=C(N1)N(=O)=O
QOYJOD03,O=C1NN=C(N1)N(=O)=O
QOYJOD04,O=C1NN=C(N1)N(=O)=O
QOYJOD05,O=C1NN=C(N1)N(=O)=O
QOYJOD06,O=C1NN=C(N1)N(=O)=O
QOYJOD08,O=C1NN=C(N1)N(=O)=O
QOYJOD09,O=C1NN=C(N1)N(=O)=O
QOZZUC,CCCN(c1c2[C@@H]3c4ccccc4[C@H](c2c(c2c1[C@@H]1c4ccccc4[C@H]2c2c1cccc2)/N=N/c1cc(cc(c1)N(=O)=O)N(=O)=O)c1c3cccc1)CCC
QQQAIY02,O=N(=O)c1ccc(cc1)/C=N/c1ccccc1
QQQAIY03,O=N(=O)c1ccc(cc1)/C=N/c1ccccc1
QQQAIY04,O=N(=O)c1ccc(cc1)/C=N/c1ccccc1
QQQAUY01,O=C(NCNC(=O)NCC(N(=O)=O)(N(=O)=O)N(=O)=O)NCC(N(=O)=O)(N(=O)=O)N(=O)=O
QQQAZG02,Cc1ccc(c(c1)N(=O)=O)N/N=C(\C(=O)Nc1ccccc1)/C(=O)C
QQQAZG03,Cc1ccc(c(c1)N(=O)=O)N/N=C(\C(=O)Nc1ccccc1)/C(=O)C
QQQAZG21,Cc1ccc(c(c1)N(=O)=O)N/N=C(\C(=O)Nc1ccccc1)/C(=O)C
QQQAZG31,Cc1ccc(c(c1)N(=O)=O)N/N=C(\C(=O)Nc1ccccc1)/C(=O)C
QQQBRD02,O=N(=O)C(N(=O)=O)(N(=O)=O)C(N(=O)=O)(N(=O)=O)N(=O)=O
QQQCOY10,O=C(Nc1ccccc1)/C=N/Nc1ccc(cc1N(=O)=O)C
QQQFAD01,OCC(CO)(CO)N(=O)=O
QQQFAD03,OCC(CO)(CO)N(=O)=O
QQQFAD04,OCC(CO)(CO)N(=O)=O
QQQFAD07,OCC(CO)(CO)N(=O)=O
QQQFAD08,OCC(CO)(CO)N(=O)=O
QQQFGG01,O=N(=O)c1ccc(Nc2ccccc2)c(c1)N(=O)=O
QQQFGG02,O=N(=O)c1ccc(Nc2ccccc2)c(c1)N(=O)=O
QQQFNG02,Nc1ccc(cc1N(=O)=O)N(=O)=O
QQQFNG03,Nc1ccc(cc1N(=O)=O)N(=O)=O
QUBBAS,CCCCCCCCOc1c2[C@@H]3c4ccccc4[C@H](c2c(c2c1[C@@H]1c4ccccc4[C@H]2c2c1cccc2)/N=N/c1cc(cc(c1)N(=O)=O)N(=O)=O)c1c3cccc1
QUBHEA,CC[C@@H]([C@H]1CCN(C1=O)[N@@]1CCC[C@H]1C(OC)(CC)CC)CN(=O)=O
QUBMAC,O=N(=O)c1ccccc1C1=NC(=C(N1)c1ccccc1)c1ccccc1
QUBMUW,CN1C(=NC(=C1c1ccccc1)c1ccccc1)c1cccc(c1)N(=O)=O
QUBNAD,CN1C(=NC(=C1c1ccccc1)c1ccccc1)c1ccc(cc1)N(=O)=O
QUBTEN,CC(C)(C)C1=NN(c2ccccc2)C2=C1COCN2Cc1ccc(cc1)N(=O)=O
QUBWUH,CNC1=C(N(=O)=O)[C@@H](C2=C(O1)c1ccccc1OC2=O)c1ccc(cc1)C
QUCJEE,O/N=C(/c1ccc(cc1)/N=C/c1ccc(cc1)N(=O)=O)\C
QUDQAH,C[C@@H](C1=COc2c1cccc2)OC(=O)c1ccc(cc1)N(=O)=O
QUDQEL,C[C@@H](C1=Cc2c(O1)cccc2)OC(=O)c1ccc(cc1)N(=O)=O
QUDROX,O=C(c1ccccc1)C1=NOC(=C1N(=O)=O)c1ccccc1
QUFKAF,O=N(=O)[C@H]1[C@@H](CC(=O)[C@@H]2[C@@H]1CCCC2)c1ccccc1
QUFPAK,Nc1cc(c(N)c(c1)N(=O)=O)N(=O)=O
QUFPEO,Nc1cc(c(O)c(c1N(=O)=O)N(=O)=O)N(=O)=O
QUFPOY,O=N(=O)c1cc(cc(c1[O-])N(=O)=O)[N+]#N
QUFPUE,Oc1c(cc([N+]#N)c([O-])c1N(=O)=O)N(=O)=O
QUFSAN,O=C(Nc1cc(cc(c1)N(=O)=O)N(=O)=O)Oc1ccccc1
QUFTIW,Cc1c(cccc1N(=O)=O)C(=O)OC(=O)c1cccc(c1C)N(=O)=O
QUJGIL,OC(=O)c1cc(cc(C(O)=O)c1c1c(cc(cc1C(O)=O)N(=O)=O)C(O)=O)N(=O)=O
QUJMOX,O=C(c1ccc(cc1)N(=O)=O)OCC[C@H]1C(=O)O[C@]2([C@@H]1CC2(C)C)C
QUKXAV,CN(C)c1ccc2c3ccc(cc3C3(OCCO3)c2c1)N(=O)=O
QULYEB,C[C@H]1CC[C@H](C(C)C)/C(C1)=N/Nc2c(N(=O)=O)cc(N(=O)=O)cc2
QUMKIT,Cc1c2Oc3cc(Oc4c(C)c(Oc5cc(Oc1c(cc2C(C)(C)C)C(C)(C)C)c(cc5N(=O)=O)N(=O)=O)c(cc4C(C)(C)C)C(C)(C)C)c(cc3N(=O)=O)N(=O)=O
QUMKOZ,CC(C)(C)c1cc(c2Oc3cc(Oc4c(O)c(Oc5cc(Oc1c2O)c(cc5N(=O)=O)N(=O)=O)c(cc4C(C)(C)C)C(C)(C)C)c(cc3N(=O)=O)N(=O)=O)C(C)(C)C
QUMMAN,O=N(=O)c1ccc(cc1)C[C@@]1(O)OC[C@@H]2[C@@](C1)(O)[C@H]1OC(O[C@H]1O2)(C)C
QUMMER,O=N(=O)c1cccc(c1)C[C@@]1(O)OC[C@@H]2[C@@](C1)(O)[C@H]1OC(O[C@H]1O2)(C)C
QUMMOB,O=N(=O)c1ccc(cc1)C[C@@]12OC[C@@H](O1)[C@@H]1[C@@](C2)(OCc2ccccc2)[C@H]2OC(O[C@H]2O1)(C)C
QUMYII,COC(=O)C(C)(C)NC(=O)c1cc(cc(c1)N(=O)=O)N(=O)=O
QUMYOO,COC(=O)[C@H](CC(=O)OC)NC(=O)c1cc(cc(c1)N(=O)=O)N(=O)=O
QUMYUU,COC(=O)[C@@H](NC(=O)c1cc(cc(c1)N(=O)=O)N(=O)=O)CCC(=O)OC
QUNDIO,O=C(c1cccc(c1)N(=O)=O)c1cccc(c1)N(=O)=O
QUNDIO01,O=C(c1cccc(c1)N(=O)=O)c1cccc(c1)N(=O)=O
QUNDIO02,O=C(c1cccc(c1)N(=O)=O)c1cccc(c1)N(=O)=O
QUNRIC,CN1C(=O)C(C(=O)N(C)C1=O)c1ccc(cc1N(=O)=O)N(=O)=O
QUNRIC01,CN1C(=O)C(C(=O)N(C)C1=O)c1ccc(cc1N(=O)=O)N(=O)=O
QUPROL,Cc1cc(ccc1C(O)=O)N(=O)=O
QUPROL01,Cc1cc(ccc1C(O)=O)N(=O)=O
QUPSEC,OC(=O)c1ccc(cc1O)N(=O)=O
QUQWUV,O=N(=O)C[C@@H]([C@H]1[C@@H](C)CC[C@H]([C@H]1O)C(O)(C)C)c1ccccc1
QURVOO,COC(=O)[C@H]1N[C@@H]([C@@]([C@@H]1[C@@H](OCc1ccccc1)C)(C)N(=O)=O)c1ccccc1
QUSWAE,O=N(=O)c1cc2OCCOCCOCCOCCOCCOc2cc1N(=O)=O
QUVSIM,C/C(=C\c1ccc(cc1)N(C)C)/C(=O)/C=C/c1ccc(cc1)N(=O)=O
QUWWOW,CCOC(=O)C1(N[C@]2(N([C@@H]1c1ccc(cc1)N(=O)=O)c1ccc(cc1)OC)C(=O)N(c1c2cccc1)Cc1ccccc1)C(=O)OCC
QUXBUH,CCNc1ccc(c(NCC)c1)N(=O)=O
QUXPEG,CCOC(=O)C[C@@H]([C@H](C(C)C)NC(=O)C[C@@H]([C@H](C(C)C)NC(=O)C[C@@H]([C@H](C(C)C)NC(=O)C[C@@H]([C@H](C(C)C)NC(=O)OC(C)(C)C)CN(=O)=O)CN(=O)=O)CN(=O)=O)CN(=O)=O
QUXPOQ,CCOC(=O)C[C@@H]([C@H](C(C)C)NC(=O)C[C@@H]([C@H](C(C)C)NC(=O)OC(C)(C)C)CN(=O)=O)CN(=O)=O
QUXTIO,O=N(=O)c1ccc(cc1)/C=N/C1=C(N=C2N1C=CC=C2)c1ccccc1
QUYDAQ,O=C(N/N=C/c1ccc(cc1)N(=O)=O)CCCOc1cccc2c1nccc2
QUYHUQ,CN1CCN(CC1)C1=CC=C(C2=NON=C12)N(=O)=O
QUYKUR,O=N(=O)c1ccc(cc1)/C=N/c1cccc(c1C)C
QUYKUR01,O=N(=O)c1ccc(cc1)/C=N/c1cccc(c1C)C
QUYQEH,CC(=O)N1N=C(C[C@@H]1c1ccccc1)c1ccccc1N(=O)=O
QUZBET,Oc1ccc(cc1)/C=N/NC(=O)c1ccccc1N(=O)=O
QUZCEU,O=C(N/N=C/c1cccc(c1)N(=O)=O)CCCOc1cccc2c1nccc2
QUZKIH,O=N(=O)c1cccc(c1)/C=N/Nc1ccccn1
QUZLIH,O=N(=O)[C@@H]([C@@]1(O)CO[C@H]2[C@@H]1OC[C@H]2O)C
QUZLII,O=N(=O)c1ccc(cc1)/C=N/Nc1ccccn1
QUZNUV,O=CNCCc1ccc(cc1)N(=O)=O
QUZREJ,N#C/C(=C\c1ccc(c(c1)OC)OC)/c1ccc(cc1)N(=O)=O
QUZREJ01,N#C/C(=C\c1ccc(c(c1)OC)OC)/c1ccc(cc1)N(=O)=O
QUZREJ02,N#C/C(=C\c1ccc(c(c1)OC)OC)/c1ccc(cc1)N(=O)=O
QUZREJ03,N#C/C(=C\c1ccc(c(c1)OC)OC)/c1ccc(cc1)N(=O)=O
QUZROT,CCOC(=O)[C@]1(C#N)Cc2cc(ccc2N2[C@@H]1CCCC2)N(=O)=O
RABPIP,COC(=O)/C(=C/N(=O)=O)/NC(=O)c1ccccc1
RACBAC,COc1ccc(cc1)N1C(=CC(=C1c1cccc(c1)N(=O)=O)C=O)c1ccccc1
RACKUB,CO[C@H]1CC(=O)C[C@H]([C@@H]1N(=O)=O)[C@]1(C)CCCOC1=O
RACLAI,CO[C@@H]1CC(=O)C[C@H]([C@@H]1N(=O)=O)C(C)(C)C
RADCAE,CN(C(=O)[C@]1(C)C[C@H]2[C@@H](C1)C(=O)N(C2=O)c1ccc(cc1)N(=O)=O)C
RADCEI,O=C([C@]1(C)C[C@H]2[C@@H](C1)C(=O)N(C2=O)c1ccc(cc1)N(=O)=O)NC(C)(C)C
RADCIM,CN(C)C([C@@]1(C[C@@H]2[C@@H](C(N(c3ccc(N(=O)=O)cc3)C2=O)=O)C1)C)=O
RADDEG,CC(C)(C)c1cc(cc(c1O)C(C)(C)C)N(=O)=O
RADKAJ,COc1ccc(cc1)[C@H]1O[C@H]([C@@](O1)(C(=O)OC)c1ccccc1)c1ccc(cc1N(=O)=O)N(=O)=O
RAFHIP,CCCCCOc1c2Cc3cc(cc(Cc4cc(cc(Cc5cc(cc(Cc1cc(c2)C(C)(C)C)c5O)N(=O)=O)c4OCCCCC)C(C)(C)C)c3O)N(=O)=O
RAFHOV,CCCCCOc1c2CC3=CC(=C[C@@](C3=O)(Cc3cc(cc(CC4=CC(=C[C@@](Cc1cc(c2)C(C)(C)C)(N(=O)=O)C4=O)C(C)(C)C)c3OCCCCC)C(C)(C)C)N(=O)=O)C(C)(C)C
RAFKIU,CC1=C(C(=O)N(N1)c1ccccc1)[C@H](c1c(O)ccc2c1cccc2)c1ccc(cc1)N(=O)=O
RAFSUN,O=C1N(C)c2c(/C/1=C\c1ccc(cc1)N(=O)=O)cccc2
RAHBUA,O=C1Nc2c(/C/1=N/Nc1ccccc1)cc(cc2)N(=O)=O
RAHYEF,OC[C@@H]([C@@H]([C@@H](CCC1=C(N(=O)=O)C(=O)NC(=O)N1)O)O)O
RAHYIJ,COc1nc(OC)c(c(n1)[C@H]([C@@H]([C@@H]1OC(O[C@@H]1[C@H]1COC(O1)(C)C)(C)C)O)O)N(=O)=O
RAHZUY,CCN1c2ccccc2c2cc(NC(=O)CCC3=NC(=NO3)c3ccc(cc3C#N)N(=O)=O)ccc12
RAJDUB,O=C(c1ccc(cc1)N(=O)=O)O[C@@H]1CCC=CC[C@]21CCCC12OCCO1
RAJFAJ,O=C(c1ccc(cc1)N(=O)=O)O[C@@H]1CC=CC[C@]21CCCCC12OCCO1
RAJFEN,O=C(c1ccc(cc1)N(=O)=O)O[C@H]1CCC=CC[C@@]21CCCCC12OCCO1
RAJHAL,Cc1cc(cnc1N[C@H](c1ccccc1)C)N(=O)=O
RAJHEP,Cc1ccc(cc1)[C@@H](Nc1ccc(cn1)N(=O)=O)C
RAJHIT,CN([C@H](c1ccccc1)C)c1ccc(cn1)N(=O)=O
RAJHOZ,Cc1cc(cnc1N[C@H](c1ccccc1)C)N(=O)=O
RAKBIQ,C[C@@H]([C@@H](C1C(=O)OC2(OC1=O)CCCCC2)c1ccccc1)N(=O)=O
RAKJUK,CCO[C@@H]1O[C@H]([C@H](c2ccc(cc2)N(=O)=O)O)C2=CC[C@@H]3[C@H]([C@H]2C1)C(=O)N(C3=O)c1ccccc1
RAKMUM,CNc1ccc(c2cccc(N(C)C)c12)N(=O)=O
RAKNAT,CNc1cccc2c(ccc(N(C)C)c12)N(=O)=O
RAKNIB,CN(C)CCOCCN1N=C(OCc2ccccc2)c2cc(ccc12)N(=O)=O
RAKPOL,O=C(c1ccc(cc1)N(=O)=O)O[C@@H]1C[C@]2(C)CCCC[C@@H]2c2c1cccc2
RAKWIJ,O=N(=O)c1ccc(c(c1)N(=O)=O)C12c3ccccc3c3cccc(c4ccccc14)c23
RAKWIJ01,O=N(=O)c1ccc(c(c1)N(=O)=O)C12c3ccccc3c3cccc(c4ccccc14)c23
RAKWIJ02,O=N(=O)c1ccc(c(c1)N(=O)=O)C12c3ccccc3c3cccc(c4ccccc14)c23
RAKWIJ03,O=N(=O)c1ccc(c(c1)N(=O)=O)C12c3ccccc3c3cccc(c4ccccc14)c23
RAKWIJ04,O=N(=O)c1ccc(c(c1)N(=O)=O)C12c3ccccc3c3cccc(c4ccccc14)c23
RAKXAE,CCOC(=O)C1=NN2C(=C1c1ccc(cc1C)N(=O)=O)COc1ccccc21
RALPAW,O=N(=O)c1cccc(c1)/C=N/[C@@H]1CCCC[C@H]1/N=C/c1cccc(c1)N(=O)=O
RALPAW01,O=N(=O)c1cccc(c1)/C=N/[C@@H]1CCCC[C@H]1/N=C/c1cccc(c1)N(=O)=O
RAMKIZ01,COc1cc(/N=N/c2ccc(cc2)N(=O)=O)ccc1N1CCOCCOCCOCCOCC1
RAMRUS,O=C(c1ccc(cc1)N(=O)=O)N1[C@@H]2[C@H]1COCOC2
RAMSAZ,O=N(=O)c1ccc(cc1)CN1[C@@H]2[C@H]1COCOC2
RAMTEH,COc1cc(N(=O)=O)c(cc1OC)CN1C[C@@H]2C[C@H](C1)C1=CC=CC(=O)N1C2
RAMVUW,O=N(=O)C1=CNN=N1
RANZEM,CC1=NC(=CN1CC=C)N(=O)=O
RAPDOD,O=N(=O)c1cccnc1c1ccccn1
RAPFIY,COC(=O)c1cc(cc(c1)N(=O)=O)N(=O)=O
RAPFIY01,COC(=O)c1cc(cc(c1)N(=O)=O)N(=O)=O
RAPHEY,Oc1ccc(cc1/C=N/c1ccccc1Oc1ccccc1)N(=O)=O
RAPLAY,Oc1ccc(c(c1)/C=N/c1cccc2c1cccc2)N(=O)=O
RAPMOL,O=C1NC2=C([C@H](C1)c1ccc(cc1)N(=O)=O)C(=NN2c1ccccc1)C
RAPZUG,O=N(=O)c1ccc2CCCC3=NOc1c23
RAQRIL,O=N(=O)C1=CC2=[N+]([O-])ON=C2C2=[N+]([O-])ON=C12
RAQVAJ,CCOC(=O)C1=NN(C(=C1[C@@H](c1ccccc1)CN(=O)=O)OC(=O)C)c1ccccc1
RARNUU,C=CCOc1ccc(cc1C(c1cc(ccc1OCC=C)N(=O)=O)c1cc(ccc1OCC=C)N(=O)=O)N(=O)=O
RARQIN,Oc1ccc(OC(=O)c2ccc(cc2)N(=O)=O)cc1
RARRIN,O=C[C@@H]1[C@@H](c2ccccc2)[C@@H](N(=O)=O)[C@H]([C@@H]([C@]1(C)O)C(=O)OC(C)(C)C)c1ccccc1
RASDEU,OC(=O)C(=O)Cc1ccccc1N(=O)=O
RASZIU,CN(C)CC[NH2+]Cc1cc(ccc1[O-])N(=O)=O
RATBUJ,CC(=O)Nc1cc(ccc1NC1CCCCCCC1)N(=O)=O
RATMUV,COc1ccc(cc1)[C@H](C1(C)C(=O)N(C)C(=O)N(C1=O)C)[C@H](N(=O)=O)C
RAVNEH,CC(=O)N(C(C)=O)c1c(C)ccc(C)c1N(=O)=O
RAVVAO,C[C@H]1[C@H](O)[C@H]2[C@@]([C@@H]1C1CCCCC1)(C2)N(=O)=O
RAVVES,CC(=O)O[C@H]1[C@H](C)[C@H]([C@]2([C@@H]1C2)N(=O)=O)C1CCCCC1
RAXWOD,CC(=O)N1CCCCC2=C[C@H]([C@H]([C@H]12)OC(=O)c1ccc(cc1)N(=O)=O)OC(=O)c1ccc(cc1)N(=O)=O
RAYFEF,CCCCCCCCNc1ccc(c(NCCCCCCCC)c1)N(=O)=O
RAYFUV,CCOC(=O)[C@@](C(=O)OCc1ccc(cc1)N(=O)=O)(C[C@@H](N1C(=O)c2c(C1=O)cccc2)Cc1ccccc1)C
RAYXUK,COC1=CC(=O)c2cc(ccc2NC1=O)N(=O)=O
RAZVUK,O=C1CC[C@H]2[C@H]3[C@@]1(N=NN3CCC2)c1ccccc1N(=O)=O
RAZWEU,O=C1C[C@H]2C(=O)[C@]34O[C@@H]([C@@H]([C@H]1C)C2(C)C)C[C@]4(C)CCC[C@@H]3COC(=O)c1ccc(cc1)N(=O)=O
RAZZEX,O=C([C@H]1OC2=NCC[C@]2(C)CCCCCOC1=O)OCc1ccc(cc1)N(=O)=O
REBHEN,CN1C[C@@H]2[C@@](C1)(N(=O)=O)[C@H]1CN(C[C@]1(C1=C2N(N=C1)c1ccccc1)N(=O)=O)C
REBHOW,Cc1cccc(C2=Nc3ccccc3N2)c1N(=O)=O
REBLER,O=C(c1ccc(cc1)N(=O)=O)N/N=C(\c1ccccn1)/c1ccccc1
REBNUK,NC1=NC(=NO1)NCC(N(=O)=O)(N(=O)=O)N(=O)=O
REBNUK01,NC1=NC(=NO1)NCC(N(=O)=O)(N(=O)=O)N(=O)=O
REBPAS,O=C(NCC(N(=O)=O)(N(=O)=O)N(=O)=O)NC(=O)NN(=O)=O
REBPEU,CC[C@@H]([C@H]1NC(=C(N([C@@H]1OC)CC)C#N)C#N)N(=O)=O
RECTIE,O=N(=O)C[C@H](c1c2ccccc2cc2c1cccc2)C1=C(O)N(N=C1C)c1ccccc1
RECWIF,C[C@@H]1C[C@@H](OC(=O)c2ccc(cc2)N(=O)=O)C[C@]2(O1)O[C@H](C)C[C@@](C2)(C)O
REDLUK,O=N(=O)c1cc2[C@@H]3C[C@H](Cc2cc1C)c1c(C3)cc(c(c1)N(=O)=O)C
REFGEO,CN(c1ccc(cc1)/C=N/N=C(/c1ccc(cc1)N(=O)=O)\C)C
REGCUB,CC1=NN2C(=C1)NN=C2c1cccc(c1)N(=O)=O
REGRUR,CN1C[C@H]2C[C@@](C1)(C[C@@H](C12OCCO1)N(=O)=O)N(=O)=O
REHLAR,CCOC(=O)C(C(=O)OCC)CCCCCCOc1ccc(cc1)/N=N/c1ccc(cc1)N(=O)=O
REHLEV,CCOC(=O)C(CCCCCCOc1ccc(cc1)N=Nc1ccccc1N(=O)=O)C(=O)OCC
REHLUL,CCOc1ccc(cc1)C(=O)Oc1ccc(OC(=O)c2ccc(OCC)cc2)c(c1)C(=O)OCc1ccc(cc1)N(=O)=O
REHLUL01,CCOc1ccc(cc1)C(=O)Oc1ccc(OC(=O)c2ccc(OCC)cc2)c(c1)C(=O)OCc1ccc(cc1)N(=O)=O
REHMEW,CCCCCCCCOc1ccc(cc1)C(=O)Oc1ccc(cc1C(=O)OCc1ccc(cc1)N(=O)=O)C(O)=O
REJRIK,O=N(=O)C(CNC1=NON=C1C1=NOC(=NO1)C1=NON=C1NCC(N(=O)=O)(N(=O)=O)N(=O)=O)(N(=O)=O)N(=O)=O
REJROQ,O=N(=O)N(CC(N(=O)=O)(N(=O)=O)N(=O)=O)C1=NON=C1C1=NOC(=NO1)C1=NON=C1N(CC(N(=O)=O)(N(=O)=O)N(=O)=O)N(=O)=O
REJZIP,COC1=C[C@@H](C=C[C@]1(C)N(=O)=O)C(N(=O)=O)(N(=O)=O)N(=O)=O
REKHIB,O=N(=O)c1ccc(cc1)C1=Nc2ccccc2N2C(=Cc3c2cccc3)[C@@H]1c1ccccc1
REKHOH,COc1ccc(cc1)C1=Nc2ccccc2N2C(=Cc3c2cccc3)[C@@H]1c1ccc(cc1)N(=O)=O
REKKAW,CCC1=CC(=NN1c1ccc(cc1)N(=O)=O)c1ccccc1
REKZEP,CCCCCCN1c2ccc(cc2c2cc(ccc12)c1ccc(cc1)N(=O)=O)c1ccc(cc1)N(=O)=O
RELFOF,Cc1cccc2cccc(c3ccc(cc3)N(=O)=O)c12
RELQUW,CC1=CC=CN2C1=NC(=C2N(=O)=O)c1ccccc1
REMKEC,C=CC[C@@H]1O[C@H](c2c1cccc2)CC(=O)c1cccc(c1)N(=O)=O
REMLED,O=C(c1ccc(cc1)N(=O)=O)O[C@H]1C[C@@H]([C@H]2[C@@H]1O2)N(Cc1ccccc1)Cc1ccccc1
REMLON,O=C(c1ccc(cc1)N(=O)=O)O[C@@H]1CCC[C@@H]([C@@H]2[C@H]1O2)N(Cc1ccccc1)Cc1ccccc1
REMYAJ,O=C(c1cc(cc(c1)N(=O)=O)N(=O)=O)OCC1=C2CO[C@@H]([C@H]2C(=C)C1)C1CCCCC1
REMZUE,CO[C@@H]1O[C@H](COC)[C@H](C(=O)N1Nc1ccc(cc1)N(=O)=O)OC
RENDOF,C[C@H]([C@H](c1ccc(cc1)N(=O)=O)O)/C=C(/C(=O)N1C(=O)OC[C@@H]1C(C)C)\C
RENDUL,CC([C@@H]([C@H](/C=C(/C(=O)N1C(=O)OC[C@@H]1C(C)C)\C)C)OC(=O)c1cc(cc(c1)N(=O)=O)N(=O)=O)C
RENFEY,O=N(=O)c1ccc(cc1)C1=CN=NN1Cc1ccccc1
RENMAB,N#C[C@]12NC(=O)O[C@]2(Cc2ccccc2)OC2=C([C@H]1c1ccc(cc1)N(=O)=O)C(=O)CCC2
RENMEF,CCOC(=O)[C@@]12N[C@@]2(OC(=O)C2CCCCC2)OC2=C([C@H]1c1ccc(cc1)N(=O)=O)C(=O)c1c(C2=O)cccc1
RENTUZ,CN(C)c1ncnc(N(C)C)c1N(=O)=O
REQROV,O=N(=O)c1ccc(cc1)[C@@]12C(=C(O[N@]2C(C(N1C)(C)C)(C)C)c1ccccc1)C(=O)c1ccccc1
RERDOJ,C(C)OC(=O)C1=C(C=C(C=2OC(OC21)(C)C\C(\C2=CC=CC=C2)=N/NC2=C(C=C(C=C2)[N+](=O)[O-])[N+](=O)[O-])C2=CC=CC=C2)C
RERDOJ01,CCOC(c1c(O[C@](C)(C/C(c2ccccc2)=N\Nc3c(N(=O)=O)cc(N(=O)=O)cc3)O4)c4c(c5ccccc5)cc1C)=O
RERWIV,CCC(=O)N(c1ccc(cc1)N(=O)=O)c1ccccc1C(C)(C)C
RERXAQ,CC(=O)O[C@@H]1CCCC[C@]1(C)N(=O)=O
RERXEU,CC(=O)O[C@H]1CCCC[C@@]1(C)N(=O)=O
RESKAC,CCOC(=O)c1c2ccc3C(=O)c4cccnc4c3n2c(C(=O)c2ccc(cc2)N(=O)=O)c1C(=O)OCC
RESQEM,COc1ccc(cc1)C1=C(N=C(N1)c1cc(ccc1O)N(=O)=O)c1ccc(OC)cc1
RESRAJ,Cc1ccc(cc1)C1=C(N=C(N1)c1cc(ccc1O)N(=O)=O)c1ccc(C)cc1
RETREP,O=N(=O)c1cccc2c1Oc1ccc3ccccc3c1C2=C1c2ccccc2Oc2ccccc12
REVDII,C=C[C@H]1CC([C@H]2[C@]1(N(=O)=O)c1ccccc1N2C(=O)c1ccccc1)(C#N)C#N
REVFAA,O=C1Oc2ccccc2C2=C1[C@H]1C[C@](O2)(c2ccc(cc2)N(=O)=O)N(c2c1cccc2)C
REVFEE,COc1ccc2c(c1)[C@H]1C3=C(O[C@@](N2C)(C1(C)C)c1ccc(cc1)N(=O)=O)c1c(OC3=O)cccc1
REVPOZ,CC(C)(C)OC(=O)CN1CCN(CC(=O)OC(C)(C)C)CC(C1)(c1ccccc1)N(=O)=O
REVPUG,C=CC[C@@H]1[C@H](OC(=O)c2cc(cc(c2)N(=O)=O)N(=O)=O)[C@H](OCc2ccccc2)[C@H]([C@@H]([C@@]1(O)C=C)OCc1ccccc1)OCc1ccccc1
REVRER,CCN1C=C2C(=N1)C=CC=C2N(=O)=O
REVRIV,CCN1N=Cc2c1cccc2N(=O)=O
REWCOL,CCOC(=O)N1C(=O)NC(=C([C@H]1c1cccc(c1)N(=O)=O)C(=O)OCC)C
REWDAY,CNC(=O)N1C(=O)NC(=C([C@H]1c1cccc(c1)N(=O)=O)C(=O)OC(C)C)C
REWDUS,CCOC(=O)C1=C(C)NC(=O)N[C@@H]1c1cccc(c1)N(=O)=O
REWFAA,CC(OC(=O)C1=C(C)NC(=O)N([C@H]1c1cccc(c1)N(=O)=O)C(=O)N(C)C)C
REXKAI,O=N(=O)c1ccc(cc1)c1cc(nc(c1)c1ccccn1)c1ccc(cc1)N(=O)=O
REYJOU,C(C)(=O)O[C@H]1[C@@H](O[C@@H]([C@H]([C@@H]1OC(C)=O)OC(C)=O)COC(C)=O)N(N=C[N+](=O)[O-])C1=NNC=N1
REYKAH,CC(C)(C)C1=C(C=O)N(N=N1)c1ccc(cc1)N(=O)=O
REYKEO,CON=[N+]([O-])C(CC(N(=O)=O)(N(=O)=O)N(=O)=O)[N+]([O-])=NOC
REYRAR,CC(C)c1ccc(CN(=O)=O)c2ccc(C)cc12
REZFUA,CN(c1ccc(cc1)N(=O)=O)C(=O)c1ccccc1
REZGEL,COc1ccc(cc1)C(=O)N(C)c1ccc(cc1)N(=O)=O
REZHAI,CCOc1ccccc1[C@@H]1[C@H](N[C@]2([C@H]1C1=C(N(=O)=O)C(=NO1)C)c1ccccc1-c1c2nc2ccccc2n1)c1ccccc1
REZNAN,CN(C(=O)c1cnccn1)/N=C/c1ccccc1N(=O)=O
REZNER,CN(C(=O)c1nccnc1)/N=C/c1ccc(cc1)N(=O)=O
REZROD,Cc1c(cccc1N(=O)=O)C1=CC(=O)c2ccccc2O1
REZROG,Oc1ccc2N3CN(Cc2c1N(=O)=O)c1ccc(O)c(c1C3)N(=O)=O
REZYUT,O=N(=O)C1=NON=C1C1=NON=C1C1=NON=C1/N=N/C1=NON=C1C1=NON=C1C1=NON=C1N(=O)=O
RICCIQ,Cc1ccc(cc1)[C@H]1CC(=NN1C(=O)C)c1ccc(cc1)N(=O)=O
RICVIJ,COc1cc(cc(c1O)N(=O)=O)[C@H](C1=C(O)c2c(OC1=O)cccc2)C1=C(O)c2c(OC1=O)cccc2
RICXAE,NC(=O)C[C@@H](C(=O)O)NC(=O)c1cc(cc(c1)N(=O)=O)N(=O)=O
RICXEI,NC(=O)C[C@@H](C(=O)O)NC(=O)c1cc(cc(c1)N(=O)=O)N(=O)=O
RICXIM,NC(=O)C[C@H](C(=O)O)NC(=O)c1cc(cc(c1)N(=O)=O)N(=O)=O
RIFDAO,O=N(=O)c1ccc(cc1)C1=NN(N=N1)[C@]12C[C@H]3C[C@@H](C2)C[C@@H](C1)C3
RIFXEJ,COC(=O)[C@]1(CCCC1=O)[C@H](c1ccccc1)CN(=O)=O
RIGHUK,Cc1cccnc1Cc1ccc(cc1N(=O)=O)N(=O)=O
RIGHUK01,Cc1cccnc1Cc1ccc(cc1N(=O)=O)N(=O)=O
RIGHUK04,Cc1cccnc1Cc1ccc(cc1N(=O)=O)N(=O)=O
RIGHUK05,Cc1cccnc1Cc1ccc(cc1N(=O)=O)N(=O)=O
RIGHUK06,Cc1cccnc1Cc1ccc(cc1N(=O)=O)N(=O)=O
RIGHUK07,Cc1cccnc1Cc1ccc(cc1N(=O)=O)N(=O)=O
RIGHUK08,Cc1cccnc1Cc1ccc(cc1N(=O)=O)N(=O)=O
RIGHUK09,Cc1cccnc1Cc1ccc(cc1N(=O)=O)N(=O)=O
RIGJOI,CCOC(=O)[C@]12CC[C@@]([C@H](C1)C(=O)C=C2c1ccc(cc1)N(=O)=O)(C)O
RIHCER,Oc1ccc(c(O)c1C(=O)OCc1ccccc1)N(=O)=O
RIHCIV,COC(=O)c1c(O)ccc(c1O)N(=O)=O
RIHHUL,O=C(c1ccc(cc1)N(=O)=O)Nc1ccccc1/N=C\c1ccccc1N(=O)=O
RIHJAT,O=C([C@]12C[C@H]3C[C@@H](C2)C[C@@H](C1)C3)Nc1ccccc1/N=C/c1cccc(c1)N(=O)=O
RIJBIY,CC(=O)c1cccc(c1)N1N=C2C=CC=CC2=C1N(=O)=O
RIJGOG,O=N(=O)C[C@@H]([C@@H]1[C@@H](C)O[C@H](OC1=O)C(C)(C)C)c1ccccc1
RIJMOM,OC[C@H]1O[C@H](C[C@@H]1O)N1C=Cc2c1ccc(c2)N(=O)=O
RIJNAZ,O=N([C@@H]1O[C@H]([C@@H]2[C@@H](OC(C)(C)O2)[C@@H]1O)C)=O
RIJNED,O=N(=O)[C@H]1O[C@@H](C)[C@@H]2[C@H]([C@@H]1O)OC(O2)(C)C
RIJXAM,CONc1c(cc(cc1N(=O)=O)C(=O)OC)N(=O)=O
RIJXEQ,CONc1c(cc(cc1N(=O)=O)C(=O)NC1=C(C)C(=NO1)C)N(=O)=O
RIKMAZ,O[C@H](c1ccc(cc1)N(=O)=O)CC(=C)[C@@H](O)C
RIKNOO,O=N(=O)C1=NNC=C1
RIKZOD,O=C1NN=NN1Nc1c(cc(cc1N(=O)=O)N(=O)=O)N(=O)=O
RILMEH,Nc1cc(Oc2ccc(NCc3ccccc3)cc2)ccc1N(=O)=O
RILXOB,Cc1[n+]([O-])c(nc2ccccc12)c1ccc(cc1)N(=O)=O
RIMFAU,Oc1ccc2c(c1[C@@H]1c3cc(ccc3Oc3c1c1ccccc1cc3)N(=O)=O)cccc2
RIMTAI,O=C1NCCCC/C/1=N/OCc1ccc(cc1)N(=O)=O
RINSAL,O=N(=O)C[C@@H]1[C@H](CCC(=O)N(c2c1cccc2)C(=O)OC(C)(C)C)C(=O)Nc1ccc(cc1)N(=O)=O
RINWUG,O=C(c1ccncc1)N/N=C/C1=CC=C(O1)N(=O)=O
RINYOC,[O-]/[N+](c1ccccc1)=C\C2=CC=C(N(=O)=O)O2
RIPNAF,C[C@@H]1O[C@]2(C[C@H]1C)CCC/C/2=N\Nc1ccc(cc1N(=O)=O)N(=O)=O
RIPNEJ,C[C@@H]1O[C@@]2(C[C@H]1C)CCCC/C/2=N/Nc1ccc(cc1N(=O)=O)N(=O)=O
RIPNIN,C=C[C@@]1(C)CC[C@]2(O1)CCC/C/2=N\Nc1ccc(cc1N(=O)=O)N(=O)=O
RIPNOT,CC[C@@H]1CC[C@@]2(OC1)CCC/C/2=N/Nc1ccc(cc1N(=O)=O)N(=O)=O
RIPWOD,O=CC1=CC=C(C[C@@H]1c1ccccc1N(=O)=O)C
RIQGAC,CC(=O)N(c1ccc(cc1)N(=O)=O)C1=CC2=CC=CC=CC2=C1
RIQGEG,CC(=O)N(C1=CC2=CC=CC=CC2=C1)c1ccccc1N(=O)=O
RIQGIK,CC(=O)N(C1=CC2=CC=CC=CC2=C1)c1ccc(cc1N(=O)=O)N(=O)=O
RIQRIV,Oc1ccc2ccccc2c1Nc1ccc(cc1)N(=O)=O
RIRMAH01,Nc1ccc(cc1N)N(=O)=O
RIRMAH02,Nc1ccc(cc1N)N(=O)=O
RIRPAJ,COC(=O)C1=C(N)[C@]([C@H]([C@@H]([C@H]1c1ccccc1)N(=O)=O)c1ccccc1)(C#N)C(=O)OC
RIRXAS,CCOC(=O)C1=C(C)NC(=C([C@H]1c1cccc(c1)N(=O)=O)C(=O)OCC(=O)c1ccc(cc1)OCc1ccccc1)C
RIRYID,O=C1Nc2cc(c(c(c2N1)N(=O)=O)N(=O)=O)N(=O)=O
RIRZAU,COC(=O)[C@]([C@@H]1CCCC1=O)(Cc1ccccc1N(=O)=O)O
RISFEF,O=C(/C=C/c1cc(O)c(c(c1)N(=O)=O)O)OCCc1ccccc1
RISGOQ,OC(=O)c1ccc(Nc2c(cc(cc2N(=O)=O)N(=O)=O)N(=O)=O)cc1
RITKUC,Cc1c(cccc1N(=O)=O)C(=O)Oc1ccc(C=O)cc1N(=O)=O
RITMAK,O=N(=O)c1cccc2c1Nc1ccccc21
RITMAK01,O=N(=O)c1cccc2c1Nc1ccccc21
RIVZAA,O=C(c1c2ccccc2cc2c1cccc2)/C=C/c1cccc(c1)N(=O)=O
RIWNUG,CCC[C@@H](C#C)[C@H](NCc1ccccc1)[C@H](OC(c2ccc(N(=O)=O)cc2)=O)c3ccccc3
RIWQET,O=N(=O)c1cc(cnc1N[C@@H](c1ccccc1)C)N(=O)=O
RIWQET01,O=N(=O)c1cc(cnc1N[C@@H](c1ccccc1)C)N(=O)=O
RIWQET02,O=N(=O)c1cc(cnc1N[C@@H](c1ccccc1)C)N(=O)=O
RIWSEY,C[C@@H]1C[C@H]2CC3=C([C@@]4(C1)[C@@H]2CCCN4C(=O)c1cc(cc(c1)N(=O)=O)N(=O)=O)CCCO3
RIWYEE,C[C@@H]1C[C@@H]2CC3=C([C@]4(C1)[C@H]2CCCN4C(=O)c1cc(cc(c1)N(=O)=O)N(=O)=O)CCCO3
RIXQOG,O=C1C[C@H]2[C@@H]3[C@]1(O3)[C@@]1(O)CC[C@@H]3[C@H]([C@@H]1[C@@H](CC2)OC(=O)c1cc(cc(c1)N(=O)=O)N(=O)=O)C3(C)C
RIXWUR,CCOC(=O)C1=NO[C@@]2(C1)C(=O)NC(=C([C@@H]2c1ccccc1N(=O)=O)C(=O)OCC)C
RIYHEO,C[C@H]1[C@H](C)C(=O)C[C@H]2[C@]1(C)CC[C@H](C2(C)C)OC(=O)c1ccc(cc1)N(=O)=O
RIYNIX,C=C(C[C@@H](O)c1ccc(N(=O)=O)cc1)[C@H](C)N2C(c3ccccc3C2=O)=O
RIYNOD,O[C@@H](c1ccc(cc1)N(=O)=O)CC(=C)[C@H](NC(=O)N(C)C)C
RIYPIZ,CCOC(=O)/C(=C\c1ccc(cc1)N(=O)=O)/C=C/1\C[C@H](OC1=O)c1ccccc1
RIYQOG,COc1ccc(c(c1c1c(OC)c(cc(c1N(=O)=O)N(=O)=O)N(=O)=O)N(=O)=O)N(=O)=O
RIYRAT,Cc1ccc(cc1)/C=C/C(=O)c1ccc(cc1)N(=O)=O
RIYTID,Cc1ccc(cc1C#N)N(=O)=O
RIYVOL,OCCN(CCO)Cc1cc(NC(=O)c2ccccc2)cc(c1)N(=O)=O
RIZCOS,O=C1N(C(=O)[C@@H]2[C@H]1[C@@H]1c3ccccc3[C@H]2c2c1cccc2)c1ccc(cc1C)N(=O)=O
RIZGUD,C/C(=N\Nc1ccc(cc1N(=O)=O)N(=O)=O)/C1=CC=CO1
ROBCOC,COc1ccc(cc1)C#C[C@@H]([C@@H](C(C)(C)C)OC)C/C(=N\Nc1ccc(cc1N(=O)=O)N(=O)=O)/c1ccccc1
ROCPOP,O=C(c1cc(cc(c1)N(=O)=O)N(=O)=O)OC[C@H]1[C@H](Cc2ccc3c(c2)OCO3)C(=O)O[C@@H]1c1ccc2c(c1)OCO2
RODCUI,O=C(c1cc(cc(c1)N(=O)=O)N(=O)=O)OC[C@@H]1CC[C@@H]2[C@@H](O1)CC[C@@H](O2)[C@@]1(C)O[C@@]2(C)CCCO[C@@H]2C[C@@H]1OC(=O)c1cc(cc(c1)N(=O)=O)N(=O)=O
RODLOM,CN1N=C(C(=C1N(=O)=O)C)N(=O)=O
RODLUS,CN1N=C(C(=C1N(=O)=O)C#N)N(=O)=O
ROFGAV,Cc1ccc(cc1N(=O)=O)C#N
ROFHAV,O=C1C[C@@H]([C@@H]2O[C@H]1OC2)N1C=C(C(=N1)N(=O)=O)N(=O)=O
ROFHOM,CC(=O)Nc1ccc(O)c(c1)N(=O)=O
ROFJEB,C[C@H](OC(=O)c1ccc(cc1)N(=O)=O)C[C@@H](C(=O)c1ccccc1)C
ROFMAC,COc1cc(/C=N/NC(=O)C2=C(C)N(N=N2)c2ccc(cc2)N(=O)=O)ccc1O
ROFNIK,Cc1ccc(cc1C1=NN=NN1)N(=O)=O
ROFQIO,ON(C1=CC(=NO1)N(=O)=O)[C@@H]1CCCO1
ROFWEP,CC1=C(/N=C/c2ccc(c(c2)N(=O)=O)O)C(=O)N(N1C)c1ccccc1
ROFXAM,COc1ccc(cc1)N1C(=O)[C@H]([C@H]1[C@H]1N[C@@]([C@@H]([C@H]1N(=O)=O)c1ccccc1)(Cc1ccccc1)C(=O)OC)c1ccccc1
ROGDEX,COc1ccc(cc1)/N=C/c1ccccc1N(=O)=O
ROGVAL,CCOC(=O)[C@@]1(C[C@H]1c1cccc(c1)N(=O)=O)N(=O)=O
ROGZAO,CC(C[C@H]1OCC(/C(=N/Nc2ccc(cc2N(=O)=O)N(=O)=O)/C1)(C)C)C
ROHBAR,O=C(c1ccncc1)N/N=C/c1ccc(cc1)N(=O)=O
ROHBAR01,O=C(c1ccncc1)N/N=C/c1ccc(cc1)N(=O)=O
ROHBAR02,O=C(c1ccncc1)N/N=C/c1ccc(cc1)N(=O)=O
ROHCIA,O=N(=O)c1cccc(c1)C1OCCO1
ROHGAY,O[C@H]([C@@H]1CCCC[C@@H]1OC(=O)c1ccc(cc1)N(=O)=O)C1CCCCC1
ROHGEC,O[C@H]([C@@H]1CCC[C@@H]1OC(=O)c1ccc(cc1)N(=O)=O)C1CCCC1
ROHKEH,O=N(=O)[C@@]12CCO[N@]2O[C@@H](C1)c1ccccc1
ROHKIL,N#C[C@H]1O[N@]2[C@@](C1)(CCO2)N(=O)=O
ROJYEX,CC1=NN(C(=C1[C@H]1[C@@H]2CCC[N@@]2[C@]2([C@@H]1C(=O)c1cccc(c1)N(=O)=O)C(=O)Nc1c2cccc1)N1N=CN=C1)c1ccccc1
ROJZEX,OC(=O)C[C@]1(OC[C@@H]2[C@H]1OC(O2)(C)C)CN(=O)=O
ROJZIB,COC(=O)[C@H]([C@]1(CN(=O)=O)O[C@@H]([C@H]2[C@@H]1OC(O2)(C)C)[C@H]1COC(O1)(C)C)c1ccccc1
ROJZOH,COC(=O)[C@H]([C@]1(OC[C@@H]2[C@H]1OC(O2)(C)C)CN(=O)=O)c1ccc(cc1)OC
ROKHUX,CN1C=C(N=C1N(=O)=O)N(=O)=O
ROKHUX01,CN1C=C(N=C1N(=O)=O)N(=O)=O
ROKPIQ,O=C1OCc2ccc(cc12)N(=O)=O
ROKREO,CCN(c1ccc(cc1)/N=N/c1ccccc1N(=O)=O)CC
ROKZUM,O=C1CCC(=C1)Nc1ccc(cc1)N(=O)=O
ROLBAV,O=N(=O)c1ccnc(c1)c1cc(ccn1)N(=O)=O
ROLBEZ,C[C@H]1C=C[C@@H]2[C@@H]([C@H]1OC(=O)c1ccc(cc1)N(=O)=O)COC2
ROMBIH,O=N(=O)NC1=C(C(=NN1)C(N(=O)=O)(N(=O)=O)N(=O)=O)N(=O)=O
ROMCOM,OC1=C(C=C(C=C1)[N+](=O)[O-])\C=[NH+]\C1=C(C=CC(=C1)[N+](=O)[O-])[O-]
ROMJEJ,O=N(=O)C[C@@]([C@@H]1O[C@@H]2[C@H]([C@@H]1OCc1ccccc1)OC(O2)(C)C)(COC(=O)c1ccccc1)O
ROMJIN,COC(=O)c1cc(cc(c1)N(=O)=O)C(O)=O
ROMNIR,CC[C@H](c1ccc(cc1)/N=N/c1ccc(cc1)N(=O)=O)CCC#N
ROMVUL,O=CC(=C1Oc2ccc3c(c2[C@H](N1)c1cccc(c1)N(=O)=O)cccc3)C=O
ROMYEY,COC(=O)c1cc(OC)c(OCCCN2CCCCC2)cc1N(=O)=O
ROQBAD,O=C1CC[N@]2N1C(=NO[C@@H]2c1ccccc1)c1ccc(cc1)N(=O)=O
ROQNUI,CCCCN1C(=O)NC(=O)/C(=C\c2cc(ccc2N2CCOCC2)N(=O)=O)/C1=O
ROQPAQ,CCCCN1C(=O)NC(=O)[C@]2(C1=O)Cc1cc(ccc1N1[C@@H]2COCC1)N(=O)=O
ROSGEN,O=N(=O)CC1(CN(=O)=O)[C@H]2[C@H]3[C@H]4[C@@H]1[C@H]1[C@@H]2[C@@H](C3)[C@@H]41
ROTCEK,O=N(=O)c1ccc2N=C3N(C(=CC(=C3c3ccccc3)c3ccccc3)c3ccccc3)c2c1
ROTFAK,O=C(c1ccc(cc1)N(=O)=O)O[C@H]1OC(=O)c2c(C1(C)C)cccc2
ROTVUT,O=C1N[C@H]2c3cc(C)ccc3O[C@@](N1)([C@H]2N(=O)=O)C
ROTXUV,O=N(=O)c1cccc(c1)c1cnc(nc1)N1CCOCC1
ROVMAS,O=CC1=CC=C(O1)[C@H]([C@H](C1=CC=C(O1)COC(=O)c1cc(cc(c1)N(=O)=O)N(=O)=O)N1CCOCC1)OC(=O)c1cc(cc(c1)N(=O)=O)N(=O)=O
ROVPUQ,COc1ccc(cc1)[C@H]1Oc2c(C[C@@H]1OC(=O)c1ccc(cc1)N(=O)=O)c(OC)cc(c2C1=C(Oc2c(C1=O)c(OC(C)C)cc(c2)OC(C)C)c1ccc(cc1)OC)OC
ROWHUI,O=C(c1ccc(cc1)N(=O)=O)c1ccccc1Oc1ccccn1
ROXJAS,Cc1ccc(NC2=C(C(=O)Oc3ccccc23)N(=O)=O)cc1
ROXKEW,CN1CCN(CC1)c1ccc(c(c1)N1Cc2ccccc2C1)N(=O)=O
ROXKIA,CN1CCN(CC1)c1ccc(c(c1)N1CCc2ccccc2C1)N(=O)=O
ROXKOG,CN1CCN(CC1)c1ccc(c(c1)N1CCCc2ccccc2C1)N(=O)=O
ROXKUN,O=N(=O)C1=CN(CN2C=NC(=C2)N(=O)=O)C=N1
ROXSUU,CN1CCN(CC1)c1ccc(c(NCc2ccccc2)c1)N(=O)=O
ROXWOS,O=N(=O)c1ccc(cc1)/C=C/[C@@]12Oc3ccc(cc3CN1c1c(C2(C)C)cccc1)N(=O)=O
ROYZAI,O=N(=O)[C@H]1[C@H](N[C@]2([C@@H]1c1ccccc1)c1ccccc1N(C2=O)C)c1ccccc1
ROZHUM,O=N(=O)c1cc(c2cccnc2c1Nc1ccccc1)N(=O)=O
ROZHUM01,O=N(=O)c1cc(c2cccnc2c1Nc1ccccc1)N(=O)=O
ROZKID,CC(=O)/C=C\Nc1ccc(cc1)N(=O)=O
ROZPUT,O=C1NN=C(N1)C(N(=O)=O)N(=O)=O
ROZQUV,COC(=O)[C@H]1[C@H]2C=C[C@@H]([C@@H]1OC(=O)c1ccc(cc1)N(=O)=O)C2
RUBHON,O=C1c2ccccc2CCC[C@@]21N(N=C([C@H]2c1ccc(cc1)N(=O)=O)C1=NN([C@]2([C@H]1c1ccc(cc1)N(=O)=O)CCCc1c(C2=O)cccc1)c1ccccc1)c1ccccc1
RUBXOD,O=C(N1CC=CC1)c1cc(cc(c1)N(=O)=O)N(=O)=O
RUBYAQ,C=CCN(CC=C)C(=O)c1cc(cc(c1)N(=O)=O)N(=O)=O
RUCJOR,CCC1(CC)NC(CC)(CC)c2cc(ccc12)N(=O)=O
RUCNOU,COc1ccc2c(c1)CC[C@@H]1[C@@H]2CC[C@]2([C@H]1CC[C@@H]2N(=O)=O)C
RUCPIQ,COC(=O)C1=C2C=CC=C3N2C(=C1C(=O)OC)C(=C3c1ccc(cc1)N(=O)=O)c1ccc(OC)cc1
RUCRIR,CCOC(=O)C1=C2[C@@H]3CC[C@H](C2=C(N1)N(=O)=O)C=C3
RUCRIS,COC(=O)C1=C2C=CC=C3N2C(=C1C(=O)OC)C(=C3c1ccc(cc1)N(=O)=O)c1ccccc1
RUCTAL,C=CCNC(=O)c1cccc(c1NCC=C)N(=O)=O
RUCTUF,CCOC(=O)c1cc(cc(C(C)=O)c1O)C(=O)c1cc(ccc1O)N(=O)=O
RUDCEB,CCCCCCCCNc1cc(NCCCCCCCC)c2Nc3cc(Nc4cc(Nc5cc(Nc1c2)c(cc5N(=O)=O)N(=O)=O)c1Nc2cc(Nc5cc(Nc6cc(Nc4c1)c(cc6N(=O)=O)N(=O)=O)c(NCCCCCCCC)cc5NCCCCCCCC)c(cc2N(=O)=O)N(=O)=O)c(cc3N(=O)=O)N(=O)=O
RUFBOK,Cc1ccc(cc1)C(=O)/C(=C/c1c2ccccc2cc2c1cccc2)/N1C=NC(=C1)N(=O)=O
RUFDAY,CCCCCCCCCCOc1ccc(cc1)N(=O)=O
RUFSOB,O=N(=O)c1cc(ccc1N/N=C/c1cccc(c1O)O)N(=O)=O
RUGHAE,CC(C)(C)c1cc(cc(c1O)C(C)(C)C)c1ccc(cc1)N(=O)=O
RUGJUZ,CN1C=NC(=C1N(=O)=O)N(=O)=O
RUGMEM,Cc1ccc(cc1)C(=O)C1=CN(N=C1C1=CC=C(O1)N(=O)=O)c1ccccc1
RUGNIR,COC(=O)c1ccc(cc1)N(=O)=O
RUGPAL,Cc1ccc(cc1)N1C=C(C(=O)c2ccc(C)cc2)C(=N1)C1=CC=C(O1)N(=O)=O
RUGRER,COc1ccc(cc1)/C=C/C(=O)c1ccccc1N(=O)=O
RUJBAA,O=N(=O)c1ccc(cc1)O[C@]12c3ccccc3[C@H](c3c1cccc3)c1c2cccc1
RUJJEM,Oc1ccc(c(c1)/C=N/NC(=O)c1cc2ccccc2cc1O)N(=O)=O
RUJPIW,COC(=O)C1=C(C)NC(=C([C@@H]1c1ccc(cc1)N(=O)=O)C(=O)OCc1ccccc1)C
RUJSEV,O=N(=O)c1ccccc1OCCCCOc1ccccc1N(=O)=O
RUJSOH,COc1cc(NN=C(C(C)=O)C(C)=O)cc(c1)N(=O)=O
RUJVID,COC(=O)C1=C(C(=O)OC)[C@H]([C@]([C@@H](N1c1ccc(cc1)C)/C=C/c1ccccc1)(C#N)C(=O)C(C)(C)C)c1ccc(cc1)N(=O)=O
RUJVUP,CCOC(=O)[C@]1(C#N)[C@H](/C=C/c2ccccc2)N(C=C([C@H]1c1ccc(cc1)N(=O)=O)C(=O)OC)c1ccc(cc1)OC
RUJYON,O=N(=O)c1cccc(c1/C=C/N1CCCC1)OCc1ccccc1
RULFIN,O=C(c1ccccc1)C[C@@H](C(N(=O)=O)(C)C)c1ccccc1
RULFIN01,O=C(c1ccccc1)C[C@@H](C(N(=O)=O)(C)C)c1ccccc1
RULLEP,C[C@H](N(=O)=O)CN1CCN(C[C@](C1)(C)N(=O)=O)C[C@H](N(=O)=O)C
RUMGUC,CC(=O)/C(=C/c1ccccc1N(=O)=O)/CC1=C(Nc2c1cccc2)c1ccccc1
RUPCAH,COC(=O)C1=C(C)O[C@@H]([C@H]1c1ccccc1)C1=C(N(=O)=O)C(=NO1)C
RUPCEL,COC(=O)[C@@]1(C(=O)C)[C@@H]([C@H]1c1ccc(cc1)C)C1=C(N(=O)=O)C(=NO1)C
RUPQIC,Oc1c(cc2CCCCc2c1c1c(O)c(cc2CCCCc12)N(=O)=O)N(=O)=O
RUPSEA,NC1=CC(=NN1)c1ccc(cc1)N(=O)=O
RUQWEG,C/C(=N\NC(=O)c1ccccc1O)/c1ccc(cc1)N(=O)=O
RURVUY,NC1=C2C(=CC(=C(C#N)C2=NO1)N(=O)=O)C(=O)Nc1ccccc1
RUSCOZ,N#C/C(=C\c1ccc(cc1)N1C=NC=C1)/c1ccc(cc1)N(=O)=O
RUSHES,O=N(=O)C1(CCC(CC1)(N=[N+]=[N-])N(=O)=O)N=[N+]=[N-]
RUSJUL,CC(=O)[C@]1(N=C1C)c1ccc(cc1)N(=O)=O
RUSKAS,C[C@H]1N(c2ccc(cc2)N(=O)=O)C(=O)N2[C@@H]1CCC(C2)(c1ccccc1)c1ccccc1
RUSNEY,C[C@H](C1CCCCC1)/C=C/[C@H](C(OC(=O)c1cc(cc(c1)N(=O)=O)N(=O)=O)(C)C)C
RUSWAF,COC(=O)[C@]1(CCOC1=O)[C@H](c1ccccc1NC(=O)OC(C)(C)C)CN(=O)=O
RUTFET,Oc1ccc2c(c1/C=N/N=C/c1ccc(cc1)N(=O)=O)cccc2
RUTNAX,C/C(=N\Nc1ccccc1N(=O)=O)/C=N/Nc1ccccc1N(=O)=O
RUTPED,O=N(=O)c1ccc(CN2N=NC(=C2N(Cc2ccccc2)Cc2ccccc2)c2ccccc2)cc1
RUTQOO,Oc1cc(ccc1/C=N/c1ccc(cc1)N(=O)=O)OCc1ccccc1
RUTZAH,C[C@H]1CC[C@H]([C@H](C2=CC[C@@H]([C@@H]12)C)c1ccccc1)OC(=O)c1cc(cc(c1)N(=O)=O)N(=O)=O
RUVNIH,O=N(=O)[C@H]1[C@H](c2ccccc2)[C@@H]2[N@]([C@@H]1c1ccccc1)[C@H](N(C2=O)C)C(C)(C)C
RUVSAC,COc1ccc(cc1OC)N(=O)=O
RUVSEG,COc1cc(cc(OC)c1OC)N(=O)=O
RUVTAD,O[C@@H]1CCCC[C@H]1Nc1ccc(cc1)N(=O)=O
RUVTAD01,O[C@@H]1CCCC[C@H]1Nc1ccc(cc1)N(=O)=O
RUWCIV,CN(c1ccccc1)c1ccc(cc1N(=O)=O)N(=O)=O
RUXFAT,O=C1C[C@H]([C@H]2O[C@@H]1OC2)N1C=C(C(=N1)N(=O)=O)N(=O)=O
RUXLEC,CCC1=Nc2ccccc2C(=O)N1[N@@]1[C@H]([C@H]1C)[C@H](OC(=O)c1ccc(cc1)N(=O)=O)C
RUZNEI,CCOC(=O)[C@@]1(N(=O)=O)[C@H](C=C)CO[C@H]1c1ccc(c(c1)OC)OC
RUZXIU,CC(C)(C)C(=O)Oc1ccc2ccccc2c1c1c(O)ccc2cc(ccc12)N(=O)=O
RUZYER,CCCCNc1c(cc(cc1N(=O)=O)C(=O)N[C@@H](C(=O)Nc1cc(C)cc(c1)C)C)N(=O)=O
RUZYIV,CCCCNc1c(cc(cc1N(=O)=O)C(=O)N[C@@H](C(=O)Nc1cc(C)cc(c1)C)C)N(=O)=O
RUZYIV01,CCCCNc1c(cc(cc1N(=O)=O)C(=O)N[C@@H](C(=O)Nc1cc(C)cc(c1)C)C)N(=O)=O
SABBOO,Cc1ccc(C=O)cc1N(=O)=O
SABCIK,Cc1ccc(cc1)c1cc(c2ccc(C)cc2)c(c(c1)c1ccc(C)cc1)N(=O)=O
SABDAC,COc1ccc(Oc2ncccc2N(=O)=O)cc1
SABDEG,O=N(=O)c1cccc(Oc2cnc3ccccc3n2)c1
SABDEG01,O=N(=O)c1cccc(Oc2cnc3ccccc3n2)c1
SABFIM,Oc1ccccc1C(=O)Nc1cccc(c1)N(=O)=O
SABGAG,Oc1c(/C=N/Nc2ccc(cc2)N(=O)=O)cc2c3c1CCCN3CCC2
SABJEM,COC(CN1CCN2C1=C(CC[C@@H]2O)N(=O)=O)OC
SABPOA,O=N(O[C@]12[C@H]3CC[C@H](C3)[C@]1([C@@H]4C[C@H]2CC4)N(=O)=O)=O
SABQOB,CO/N=C/C1=C(C(=O)OC)[C@@H](C(=C(N1)C)C(=O)OC(C)C)c1cccc(c1)N(=O)=O
SABYOL,CCOC(C[C@@H]1Nc2c(NC=C1C(OCC)=O)ccc(N(=O)=O)c2)=O
SADKUF,CCCNc1ccc(cc1N(=O)=O)/C=C/c1ccc(cc1)N(=O)=O
SADLAM,OCC(Nc1ccc(cc1N(=O)=O)/C=C/c1ccc(cc1)N(=O)=O)CO
SADXUT,O=N(=O)[C@@H]1C[C@H](C(=O)c2ccccc2)[C@](C[C@H]1c1ccccc1)(C)O
SADZUW,O=C1C=CC(=C/C/1=C/Nc1cc(C)ccc1O)N(=O)=O
SAFJOC,O=C[C@@H]([C@@H](c1ccccc1)CN(=O)=O)[C@@H]1C=CCC=C1
SAFKAL,[N-]=[N+]=C(C(O)=O)N(=O)=O
SAFMAQ,O=N(=O)c1cc2N=NNc2c(c1)N(=O)=O
SAFMAQ01,O=N(=O)c1cc2N=NNc2c(c1)N(=O)=O
SAFMEU,O=N(c1cc(N(=O)=O)c2c([N+]([O-])=NN2)c1)=O
SAFQOH,Oc1ccc(cc1)/C=N/NC(=O)c1cccc(c1)N(=O)=O
SAFQOI,CCO[C@]12C[C@H](OC)[C@@H]3[C@@H]([C@H]1[C@@H](C3)[C@@]13[C@H]4[C@@H]2C[C@@H]1[C@H](CN4CC)CC[C@@H]3OC)OC(=O)c1ccc(cc1)N(=O)=O
SAFQUO,CO[C@@H]1CC[C@H]2[C@H]3[C@@]41[C@@H](N(C2)C(=O)OC)[C@@H](C3)[C@@]12[C@@H]4C[C@@H](C=C1)[C@H](C2(OC)OC)OC(=O)c1ccc(cc1)N(=O)=O
SAFWUT,CCOC(=O)c1ccc2N(CCCN3CCCC3=O)C(=Nc2c1)c1ccc(cc1)N(=O)=O
SAFYAB,NC1=CC(=NN1c1ccc(cc1)N(=O)=O)C#N
SAFZOQ,O=C(/C=C/c1ccccc1)/C=C/c1cccc(c1)N(=O)=O
SAGJAN,COc1ccc(cc1N(=O)=O)c1ccccc1
SAGLES,CO[C@]12OCCC[C@@H]2C=C[C@@H]1COC(=O)c1ccc(cc1)N(=O)=O
SAGLIW,CO[C@]12OCC[C@@H]2C=C[C@H]1COC(=O)c1ccc(cc1)N(=O)=O
SAGLOC,CO[C@@]12OCCC[C@H]2C=C[C@@H]1COC(=O)c1ccc(cc1)N(=O)=O
SAGLOD,CCOC(=O)c1ccccc1NC(=O)c1cc(cc(c1)N(=O)=O)N(=O)=O
SAGNAS,O=C(Nc1cccc2c1nccc2)/C=C(\c1cccc(c1)N(=O)=O)/c1ccccc1
SAGPIZ,O=N(=O)c1ccc(cc1)O[C@H]1CCCO1
SAGQUP,CCOC(=O)C1=C(C)NC2=Nc3c(N2[C@H]1c1ccccc1N(=O)=O)cccc3
SAGRAT,O=C(OCc1ccccc1)c1ccc(cc1)N(=O)=O
SAGRAT01,O=C(OCc1ccccc1)c1ccc(cc1)N(=O)=O
SAGRAT02,O=C(OCc1ccccc1)c1ccc(cc1)N(=O)=O
SAGSAV,CC(C)[NH+]=C1N(C(C)C)C(=O)N(C(C)C)C2(N1C(C)C)C(=CC(C=C2N(=O)=O)=[N+]([O-])[O-])N(=O)=O
SAGVUT,CC(C)Nc1ccc(cc1N(=O)=O)C#N
SAGWOP,COc1ccc2c(c1)[C@H]([C@@H]([C@H](N2)c1ccc(cc1)N(=O)=O)c1ccccc1)C1=C(C)c2c(N1)cccc2
SAGZOR,OC(=O)c1ccc(c(c1)C(O)=O)N(=O)=O
SAHBEK,CNC(=O)c1cc(cc(c1)N(=O)=O)N(=O)=O
SAHCOV,COc1c(O)ccc(c1N(=O)=O)/C=N/c1cc(C)cc(c1)C
SAHHUG,OC1=C(C(=O)CCC1)[C@H](C1=C(O)CCCC1=O)/C=C/c1ccccc1N(=O)=O
SAHLEU,OC(=O)c1ccccc1Nc1ccccc1N(=O)=O
SAHSID,O=N(=O)c1cc2ccccc2cc1N(=O)=O
SAJBIS,C=C1CC[C@@]2([C@@]1(CCCOCc1ccccc1)[C@@H](C)/C(=N\Nc1ccc(cc1N(=O)=O)N(=O)=O)/CC2)C
SAJBUD,CC([C@H](c1ccccc1)CN(=O)=O)(c1ccc(cc1)N(=O)=O)C
SAJSEF,Cc1cc(ccc1NCc1ccccc1)N(=O)=O
SAJYAD,Oc1ccc(nc1)/N=N/c1cccc(c1)N(=O)=O
SAKDIR,O=C1C[C@H]2[C@@](CCCC2)(N(=O)=O)[C@@]1(O)C
SAKDOZ,O=COCC(=O)c1ccc(cc1)N(=O)=O
SAKXIO,CC1=NC2=C(C(=O)N1)[C@@H](C1=C(O2)C(=O)c2c(C1=O)cccc2)c1ccccc1N(=O)=O
SALLIA,OC(=O)[C@@H]1C=CCC[C@H]1c1ccc(cc1)N(=O)=O
SALWUA,CN1c2ccccc2C(=C1c1ccc(cc1)N(=O)=O)c1ccc(cc1)N(=O)=O
SALXAH,CN1c2ccccc2C(=C1c1ccc(cc1)C#N)c1ccc(cc1)N(=O)=O
SALXEJ,O=N(=O)c1ccc(N2CCC=N2)c(c1)N(=O)=O
SALXIN,CC1=NN([C@H]([C@@H]1C)C)c1c(cc(cc1N(=O)=O)N(=O)=O)N(=O)=O
SALYAI,COc1ccc(cc1)[C@@H]1OC[C@@]2([C@H]1[C@H]2c1ccc(cc1)N(=O)=O)C#N
SAMCUH,CCCC(=O)Nc1ccc(Oc2ccc(cc2)N(=O)=O)cc1
SANQAA,O=N(=O)/C=C/C1=Nc2c(N1C)cccc2
SANREG,O=N(=O)C[C@H]1c2ccccc2OC(=O)[C@@]21CCc1c(C2=O)cccc1
SANWEL,CCN1c2ccc(cc2-c2c1cccc2)N1C(=C(C#N)[C@H](C(=C1C(=O)OC)C(=O)OC)c1cccc(c1)N(=O)=O)N
SANXAI,COC(=O)C1(CN(C)c2cc(cc(c12)N(=O)=O)N(=O)=O)C(=O)OC
SANXEM,COC(=O)C1(CN(C)c2cc(ccc12)N(=O)=O)C(=O)OC
SANXOV,O=N(=O)c1ccc(cc1)[C@H]1Nc2ccccc2[C@H]2[C@@H]1CCO2
SANYAJ,CCOC(=O)C[C@@H]1C[C@@]2([C@H]([C@@H]1N(=O)=O)c1ccccc1)C(=O)N(c1c2cc(OC)cc1)C(=O)OC(C)(C)C
SAPFUN,Nc1ccc(cc1/N=C/c1ccc(cc1)N(C)C)N(=O)=O
SAPGAS,CCOC(=O)c1cc(cc(c1O)N(=O)=O)N(=O)=O
SAPSOU,C=C[C@@H](c1ccccc1OC)[C@H](c1ccc(cc1)N(=O)=O)O
SAPXEM,O=N(=O)/C=C/N1CCOCC1
SAPYEN,C/C(=C(\c1ccc(cc1)N(=O)=O)/C(=O)C)/O
SAQMIG,O=N(=O)C[C@@](c1ccccc1)(ON1O[C@](CC1(N(=O)=O)N(=O)=O)(C)c1ccccc1)C
SAQTEL,O=N(=O)c1ccc(cc1)[C@H]1[C@H]2N(C=Cc3c2cccc3)[C@H]([C@H]2N1C=Cc1c2cccc1)c1ccc(cc1)N(=O)=O
SAQVAG,C[C@H]1CC=CC(=O)N1C(=O)c1ccc(cc1)N(=O)=O
SAQVEK,CO[C@@H]1CC(=O)C[C@H]2[C@@H]1C(=O)N([C@@H](C2)C)C(=O)c1ccc(cc1)N(=O)=O
SAQVIS,CN(C)c1ccc(cc1)C1=Nc2cc(ccc2O1)N(=O)=O
SAQVIS01,CN(C)c1ccc(cc1)C1=Nc2cc(ccc2O1)N(=O)=O
SAQVUE,O=N(=O)c1ccc2OC(=Nc2c1)c1ccc(cc1)N(c1ccccc1)c1ccccc1
SAQWAL,O=N(=O)c1ccc2OC(=Nc2c1)c1ccc(cc1)N1CCCc2ccccc12
SAQZAK,O=N(=O)CN1N=NC(=N1)N(=O)=O
SARNEG,C[C@H]([C@H]1N(c2ccccc2)C(=O)[C@]2([N@@]1CCC2)Cc1ccccn1)COC(=O)c1ccc(cc1)N(=O)=O
SARXUE,CCOC(=O)[C@]([C@@](c1ccc(cc1)N(=O)=O)(C(=O)OCC)C#N)(c1ccc(cc1)N(=O)=O)C#N
SASCEW,O=N(=O)[C@@H]1[C@@H](c2ccccc2)[C@@]2(C[C@]1(C)O)c1ccccc1N(C2=O)C(=O)OC(C)(C)C
SASMEH,CCN1C(=O)/C(=N\Nc2ccc(cc2O)N(=O)=O)/C(=C(C1=O)C#N)C
SASVAM,O=N(=O)C1=NO[N+](=C1N=NC1=[N+]([O-])ON=C1N(=O)=O)[O-]
SASWAN,CCOC(=O)/C(=C/Nc1ccc2c(-c3ccccc3N2CC)c1)/N(=O)=O
SASWAN01,CCOC(=O)/C(=C/Nc1ccc2c(-c3ccccc3N2CC)c1)/N(=O)=O
SATBUL,CN(c1ccccc1N(=O)=O)N(=O)=O
SATCAS,CN(c1cccc(c1)N(=O)=O)N(=O)=O
SATCUM,O=N(=O)/C(=C/C1=C(Nc2c1cccc2)c1ccccc1)/C
SATFAV,CC(C)(C)C1=NN(c2ccccc2)c2nccc(c3ccc(cc3)N(=O)=O)c12
SATZOC,O=C1[C@H]2C[C@@H]3[C@@H]4[C@H]2[C@@]2([C@H]1C[C@@H]([C@H]42)C3(N(=O)=O)N(=O)=O)N(=O)=O
SAVFIE,CC(Nc1c(/N=[N+]([O-])/c2c(N(C)C(C)=O)ccc(N(=O)=O)c2)cc(N(=O)=O)cc1)=O
SAVGUS,COc1ccc(cc1)/N=N/Nc1ccc(cc1OC)N(=O)=O
SAVJEH01,O=C([C@H](N1CC2=CON=C2c2c(C1=O)cccc2)c1cccc(c1)N(=O)=O)NC1CCCCC1
SAVJUU,COc1ccc(cc1)/C(=N/Nc1ccc(cc1N(=O)=O)N(=O)=O)/C
SAVKEI,O=N(=O)C1=CC=C(NCc2ccc(cc2)C(c2ccccc2)=C(c2ccccc2)c2ccccc2)C2=NON=C12
SAVTOA,CC1=NN(c2ccccc2)c2nc(c3ccccc3O)c(cc12)N(=O)=O
SAVVAO,CN1C(=O)N(C)c2nc(c3ccccc3O)c(cc2C1=O)N(=O)=O
SAVVOC,COc1cc(OC)c2cc(c(nc2c1)c1ccccc1O)N(=O)=O
SAWBOH,NC(=O)c1c(cc(cc1N(=O)=O)N(=O)=O)N(=O)=O
SAWBUN,OC(=O)c1c(cc(cc1N(=O)=O)N(=O)=O)N(=O)=O
SAWDUP,O=C1N(Nc2ccc(cc2)N(=O)=O)[C@@H](c2c1cccc2)[C@@H]1c2ccccc2C=NN1c1ccc(cc1)N(=O)=O
SAWFUS,COC(=O)/C(=N\c1ccc(cc1)N(=O)=O)/c1ccccc1
SAWMIO,O=C1CCCC2=C(ON=C12)N(=O)=O
SAWMUA,O=N(=O)C1=C2[C@@H]3CO[C@@H](O3)C(=O)C2=NO1
SAWNAH,COC(=O)C1=NOC(=C1)N(=O)=O
SAWNEL,O=C(OCc1ccccc1)C1=NOC(=C1)N(=O)=O
SAWNIP,CCC(=O)C1=NOC(=C1)N(=O)=O
SAXBUR,O=N(=O)C1=C(ON=C1c1ccccc1)c1ccccc1
SAXHAA,CC(=O)OC[C@H]([C@@H]([C@@H]([C@H]([C@@H]1[C@@H](C)N=N[C@@]1(C)N(=O)=O)OC(=O)C)OC(=O)C)OC(=O)C)OC(=O)C
SAXJEJ,CN1C=[N+]([O-])C(=C1C)C(=O)Nc1ccc(cc1)N(=O)=O
SAYMUD,CCCC[C@@]1(C)C=C([C@]1(C)COC(=O)c1ccc(cc1)N(=O)=O)c1ccccc1
SAYVEV,CC(=O)C1=CN(C=C([C@H]1c1ccc(cc1)N(=O)=O)C(=O)C)Cc1ccccc1
SAYVEV01,CC(=O)C1=CN(C=C([C@H]1c1ccc(cc1)N(=O)=O)C(=O)C)Cc1ccccc1
SAYWAS,CC(=O)C1=CN(C=C([C@H]1c1ccc(cc1)N(=O)=O)C(=O)C)c1ccccc1
SAYWEW,C=CCN1C=C(C(=O)C)[C@H](C(=C1)C(=O)C)c1ccc(cc1)N(=O)=O
SAYWIB,CCCC[C@]1(C)C=C([C@H]1COC(=O)c1ccc(cc1)N(=O)=O)c1ccccc1
SAYXAT,CO[C@@H]1[C@@H](C(=O)C)[C@H](c2ccc(cc2)N(=O)=O)C(=CN1c1ccccc1)C(=O)C
SAZGUX,O=C1C=C[C@](O1)(C)[C@H](c1ccccc1)CN(=O)=O
SAZHAC,Cc1c(C)c(c(C)c(c1C)N(=O)=O)N(=O)=O
SAZJIN,CCOc1ccc(cc1OC)/C=N/Nc1ccc(cc1)N(=O)=O
SAZLIP,CC1=C(C(=O)ON2N=Nc3c2cccc3)[C@@H](C(=C(N1)C)C(=O)OC(C)(C)C)c1cccc(c1)N(=O)=O
SAZPER,O=N(=O)c1ccc2c(c1)N[C@@H](C(=N2)c1ccccc1)c1ccccc1
SEBFAJ,O=N(=O)c1ccc2c(c1)c(C#N)c1cc(ccc1c2C#N)N(=O)=O
SEBHIQ,CN(c1ccc(cc1)/N=N/c1ccccc1N(=O)=O)C
SEBSAT,O=N(=O)[C@@H]1C[C@H](C)[C@H]2[C@@]3([C@H]1[C@H]1[C@H]4C=C[C@@H]([C@H]1C3=O)C4)O2
SECCIP,O=C(COC(=O)c1ccccc1N(=O)=O)C1=Cc2ccccc2O1
SECHIT,COC(=O)[C@@H](C(C)C)NC(=O)c1cc(cc(c1)N(=O)=O)N(=O)=O
SECJER,Cc1ccc(cc1)C(=O)Oc1c(cc(cc1N(=O)=O)N(=O)=O)N(=O)=O
SECMOC,CN(C)c1cc(C)c(c(C)c1)N(=O)=O
SECPEX,COC(=O)[C@@H]1O[C@@H](N([C@H]1c1cccc(c1)N(=O)=O)C(=O)OC(C)(C)C)c1ccc(cc1)OC
SECSOK,CC(C)(C)C1=NN(C(=C1)N)c1cccc(c1)N(=O)=O
SECVON,N#C/C(=C\c1cc2OCOc2cc1N(=O)=O)/C(=O)OC
SECZIK,N#CC(=C1[C@H](CCc2c1cccc2)[C@@H](c1ccc(cc1)OC)CN(=O)=O)C#N
SEDMIZ,O=N(=O)c1ccc(cc1)/C=N/N(c1ccccc1)c1ccccc1
SEDROI,O=C([C@H]1C[C@H]2C[C@@H]1c1c2cccc1)Oc1ccc(cc1)N(=O)=O
SEDTUQ,NC(N)=C(N(=O)=O)N(=O)=O
SEDTUQ01,NC(N)=C(N(=O)=O)N(=O)=O
SEDTUQ02,NC(N)=C(N(=O)=O)N(=O)=O
SEDTUQ03,NC(N)=C(N(=O)=O)N(=O)=O
SEDTUQ04,NC(N)=C(N(=O)=O)N(=O)=O
SEDTUQ05,NC(N)=C(N(=O)=O)N(=O)=O
SEDTUQ06,NC(N)=C(N(=O)=O)N(=O)=O
SEDTUQ07,NC(N)=C(N(=O)=O)N(=O)=O
SEDTUQ08,NC(N)=C(N(=O)=O)N(=O)=O
SEDTUQ09,NC(N)=C(N(=O)=O)N(=O)=O
SEDTUQ10,NC(N)=C(N(=O)=O)N(=O)=O
SEDTUQ11,NC(N)=C(N(=O)=O)N(=O)=O
SEDTUQ12,NC(N)=C(N(=O)=O)N(=O)=O
SEFGAL,O=C(c1ccc(cc1)N(=O)=O)O[C@@H]1C[C@H](O[C@]2(O[C@]1(C)OO2)C)c1ccccc1
SEFJUK,C[C@@H]1CC[C@@]2(OC1)O[C@@H]1[C@H]([C@@H]2C)[C@@]2([C@@H](C1)[C@@H]1CC=C3[C@]([C@H]1CC2)(C)CC[C@@H](C3)OC(=O)c1ccc(cc1)N(=O)=O)C
SEFNOG,O=N(=O)c1ccc(cc1)N1[C@@H]2CCC[C@@H]2[C@@H]2[C@H]1CCC2
SEFPEY,Cc1cc(nc(c1)C)NC(=O)[C@@H](c1ccc(cc1)N(=O)=O)C
SEFQAX,CC1(C)Cc2c3OC(=Nc3c3ccccc3c2O1)c1ccc(cc1)N(=O)=O
SEFTEF,CCC1=C(N(C1)C(=O)OC(C)(C)C)c1cccc(c1)N(=O)=O
SEFTOP,CC(C)(C)OC(=O)N1CC(=C1c1cccc(c1)N(=O)=O)C#Cc1ccccc1
SEFVIL,NN1N=C(C(=C1C1=C(C(=NN1N)N(=O)=O)N(=O)=O)N(=O)=O)N(=O)=O
SEFVOR,O=N(=O)C1=NN2N=NN3N=C(C(=C3C2=C1N(=O)=O)N(=O)=O)N(=O)=O
SEFYEH,OC(=O)c1cccc(c1c1c(cccc1N(=O)=O)C(O)=O)N(=O)=O
SEGFAL,CN1N=C(N=C1N(=O)=O)N(=O)=O
SEGRUR,Nc1cc(ccn1)N(=O)=O
SEHJUN,COc1cc(CC2=Nc3ccccc3N2)c(cc1OC)N(=O)=O
SEJFIX,O=C(c1ccc(cc1)N(=O)=O)OCC/C=C\[C@@H]1[C@@H]2[C@H]1[C@@H]1C[C@H]2CC1
SEJNEA,CC(C)N(C(C)C)c1ccc(cc1N(=O)=O)N(=O)=O
SEJPOP,Cc1cc(C)c(c(c1)C)[C@@H]1N(c2ccc(cc2)N(=O)=O)C(=O)c2c1cccc2
SEKBUI,CCOC(=O)/C=C/C1=CC(=C(N1c1ccc(cc1)OC)c1ccc(cc1)N(=O)=O)C=O
SEKCIX,CCOC(=O)/C=C/C1=C(c2ccc(cc2)N(=O)=O)N(C(=C1)/C=C/C(=O)OCC)c1ccc(cc1)OC
SEKGUL,CC(=O)NC(C)(C)CC(C)(C)N(=O)=O
SEKHAR,OC[C@H]1O[C@@H](CN(=O)=O)[C@@H]([C@H]([C@@H]1O)O)O
SEKHAR01,OC[C@@H]1O[C@H](CN(=O)=O)[C@H]([C@@H]([C@H]1O)O)O
SEKHEV,OC[C@H]1O[C@@H](CN(=O)=O)[C@@H]([C@H]([C@H]1O)O)O
SEKHIZ,CC(=O)OC[C@H]1O[C@@H](CN(=O)=O)[C@@H]([C@H]([C@H]1OC(=O)C)OC(=O)C)OC(=O)C
SEKHOF,O=N(=O)C[C@@H]1OC[C@@H]([C@@H]([C@H]1O)O)O
SEKHUL,CC(=O)O[C@H]1CO[C@H]([C@@H]([C@H]1OC(=O)C)OC(=O)C)CN(=O)=O
SEKJAU,CC1(C)CC(C)(C)NC(N1)c1ccc(cc1)N(=O)=O
SEKJEX,CC(=O)O[C@@H]1CO[C@@H]([C@@H]([C@@H]1OC(=O)C)OC(=O)C)CN(=O)=O
SEKJEY,CC(C)(CC(C)(C)N(=O)=O)N(=O)=O
SEKLIG,O=N(=O)C(c1cccc(n1)C(N(=O)=O)(N(=O)=O)N(=O)=O)(N(=O)=O)N(=O)=O
SEKNAX,CCCCCCOc1ccc(cc1)C(=O)Oc1ccc(cc1)/C=C/C(=O)Oc1ccc(cc1)N(=O)=O
SELGOH,COC(=O)C1(C[C@H]2[C@@]([C@H]1c1ccccc1)(C2)N(=O)=O)C(=O)OC
SELGUN,CCCC[C@H]1C(C[C@H]2[C@@]1(C2)N(=O)=O)(C(=O)OC)C(=O)OC
SEMBUJ,Cc1cc(C)c(c(C)c1)C1=NOC(=C1)c1ccccc1N(=O)=O
SEMLUU,NC1=NN=NN1CCN1N=C(C(=C1N(=O)=O)N)N(=O)=O
SEMSAF,O=N(=O)c1ccccc1Nc1cnccn1
SEMTAF,OC(=O)Cc1ccc(cc1)N(=O)=O
SEMTAF01,OC(=O)Cc1ccc(cc1)N(=O)=O
SEMTAF02,OC(=O)Cc1ccc(cc1)N(=O)=O
SEMTAG,O=N(=O)c1ccccc1N1c2ccccc2c2ccccc12
SEMWOX,O=C([C@@]12CC[C@](C2(C)C)(C(=O)O1)C)O[C@H]1CO[C@@H](C1)OCc1ccc(cc1)N(=O)=O
SEMXAJ,COc1c(cc(c(C)c1N(=O)=O)N(=O)=O)C(C)(C)C
SEMXUE,CCOC(=O)/C(=C(/c1ccccc1N(=O)=O)\O)/C#N
SEMYAL,O/N=C(\c1ccc(cc1N(=O)=O)N(=O)=O)/C=O
SEMYIT,CO/C(=C(\C(=O)OC)/C#N)/c1ccccc1N(=O)=O
SEMYIT01,CO/C(=C(\C(=O)OC)/C#N)/c1ccccc1N(=O)=O
SEMYOZ,N#C/C(=C(\c1ccccc1N(=O)=O)/O)/C(=O)OC
SEMYOZ01,N#C/C(=C(\c1ccccc1N(=O)=O)/O)/C(=O)OC
SEMYUF,COC(=O)/C(=C(/c1ccccc1N(=O)=O)\OC(=O)c1ccccc1N(=O)=O)/C#N
SEMZAM,CN1N=C(N)C(=C1c1ccccc1N(=O)=O)C#N
SENHID,COC(=O)c1cc(Nc2ccccc2)ncc1N(=O)=O
SENMII,COC(=O)C1=C(N)Oc2c([C@@H]1c1cccc(c1)N(=O)=O)ccc1c2cccc1
SENREJ,CO/C(=C(/C(=O)OC)\C#N)/c1ccccc1N(=O)=O
SENVUE,COc1c(cc(cc1N(=O)=O)OC)[C@@H]([C@H](/C=C(/C(=O)N1C(=O)OC[C@@H]1Cc1ccccc1)\C)C)O
SENZUH,CC(C)(C)c1cc(NC(=O)c2ccc(cc2)N(=O)=O)cc(c1O)C(C)(C)C
SEPFAW,CC[C@@H]1C(=O)N([C@@H]([C@H]1N(=O)=O)c1ccccn1)c1ccc(cc1)OC
SEPGIF,N#Cc1ccc2c(c1)C=C[C@H](O2)[C@@H](C/C=N/Nc1ccc(cc1N(=O)=O)N(=O)=O)C
SEPWIV,COC(=O)/C=C/O/N=C(/c1ccc(cc1)N(=O)=O)\C
SEPYOE,COC(=O)[C@@]1(C)CCc2c(N1)cc(cc2)N(=O)=O
SEQQAJ,N#C[C@H](c1ccccc1N(=O)=O)[C@@H]1CC(=O)N(C1=O)C
SEQQEN,N#C[C@H](c1ccccc1N(=O)=O)[C@@H]1CCCC(=O)C1
SERMUZ,CCOC(=O)C1=NNc2cc(ccc12)N(=O)=O
SERROY,CO[C@H]([C@H](CO)C)C[C@@H]1OC(=O)C[C@@H](C1(C)C)OC(=O)c1ccc(cc1)N(=O)=O
SERVOA,CC(=O)OC(OC(C)=O)C1=CC=C(O1)N(=O)=O
SERXIX,COC(=O)c1cc(N(Cc2ccc(OC)cc2OC)C(=O)c2cc(c(OCC(C)C)cc2OCC(C)C)N(=O)=O)c(OC)cc1OC
SERYOF,COC(=O)[C@]12[C@H]3[C@H]4[C@@H]2[C@H]2[C@@H]1[C@@H]3[C@@]42COC(=O)c1ccccc1N(=O)=O
SERYUL,COC(=O)[C@]12[C@H]3[C@H]4[C@@H]2[C@H]2[C@@H]1[C@@H]3[C@@]42COC(=O)c1cccc(c1)N(=O)=O
SERZAS,COC(=O)[C@]12[C@H]3[C@H]4[C@@H]2[C@H]2[C@@H]1[C@@H]3[C@@]42COc1ccc(cc1)N(=O)=O
SESHIH,OCCN(CCO)c1ccc(cc1)N=Nc1ccccc1N(=O)=O
SESSIT,CC1=NN([C@@H](C1)C1=CC=CO1)c1ccc(cc1)N(=O)=O
SESSIV,O=N(=O)[C@@H]1[C@H](O)[C@@H](CCc2ccccc2)[C@H]([C@H]([C@H]1c1ccccc1)N(=O)=O)c1ccccc1
SESVIW,O=C1CC(C)(C)CC2=C1[C@@H](c1ccc(cc1)N(=O)=O)C1=C(N2C2CC2)c2c(C1=O)cccc2
SESWUJ,Nc1ccccc1NCc1ccc(cc1)N(=O)=O
SETPOW,CO[C@]1(C)C[C@H]2C[C@@H]1C/C(=N\Nc1ccc(cc1N(=O)=O)N(=O)=O)/[C@H]2C
SETPUC,CO[C@@]1(C)C[C@H]2C[C@@H]1C/C(=N\Nc1ccc(cc1N(=O)=O)N(=O)=O)/[C@H]2C
SETWEU,O=C1[C@@H]2CCN(/C/1=C\C1=CN(c3c1cc(cc3)N(=O)=O)Cc1ccccc1)CC2
SEVGOP,O=N(=O)O[C@H]1[C@H](N(=O)=O)c2ccccc2-c2c1cccc2
SEVTIY,O=N(=O)N(CN1N=C(C=C1N(=O)=O)N(=O)=O)CN1N=C(C=C1N(=O)=O)N(=O)=O
SEWQES,COc1ccc(cc1)N1C=C(C(C)C)[C@@H]([C@@H]([C@H]1CC(C)C)N(=O)=O)c1ccccc1
SEYPAQ,CN(C)c1cccc2ccc3C(=C(N(C)c3c12)c1ccc(cc1)N(=O)=O)C
SEYPEU,CN(C)c1cccc2ccc(C#Cc3ccc(cc3)N(=O)=O)c(N(C)C)c12
SEYWOL,O=N(=O)NC1=NON=C1N(=O)=O
SEZMOA,Nc1ccc(cc1)C(=O)Cc1ccc(cc1)N(=O)=O
SEZVEZ,C[C@@H](C(=O)OCc1ccc(cc1)N(=O)=O)C(=O)Nc1ccccc1
SIBTUT,COc1ccc(cc1)C(=O)O[C@H]1C(=O)N([C@H]1[C@@H](CN(=O)=O)O)c1ccc(cc1)OC
SICNUN,OC(=O)CN(c1ccc(cc1N(=O)=O)N(=O)=O)N(=O)=O
SIDKAR,CO[C@@H]([C@H]1CCC[C@@H]1/C=N/Nc1ccc(cc1N(=O)=O)N(=O)=O)c1ccccc1
SIDQEB,Oc1ccc2c(c1/C=N/c1cccc(c1)N(=O)=O)cccc2
SIDVOQ,O=N(=O)c1ccc(cc1)N/N=C/c1ccc(c(c1)O)O
SIFDUH,CCC(=O)/C(=C/C)/OC(=O)c1ccc(cc1)N(=O)=O
SIFFAP,CC(=O)[C@@]1(OC(=O)c2ccc(cc2)N(=O)=O)[C@H](C)ON([C@@H]1c1ccccc1)c1ccccc1
SIHCAO,O=C([C@@H]1[C@H](C(=O)c2ccc(cc2)N(=O)=O)[C@H]([C@H]1c1ccc(cc1)N(=O)=O)c1ccc(cc1)N(=O)=O)c1ccc(cc1)N(=O)=O
SIHCIW,CCCOc1ccc(cc1N(=O)=O)C(=O)OC
SIHXOY,C[C@@H]1/C(=N/Nc2ccc(cc2N(=O)=O)N(=O)=O)/C[C@@H]2[C@H]1CC[C@H]1[C@H]2CC[C@@H]2[C@]1(C)CCCC2
SIJYOB,O=C1OCCN(CCOC(=O)c2ccccc12)c1cccc(c1)N(=O)=O
SIKCAT,CCOC(=O)C1=C(N)OC2=C([C@@H]1c1cccc(c1)N(=O)=O)OC(=CC2=O)CO
SIKGIC,COc1cc(c2c(C(=O)N3CCc4cc5OCOc5cc4C3=C2N(=O)=O)c1OC)N(=O)=O
SIKTEL,CO[C@@H]1N(c2ccc(cc2)N(=O)=O)C(=O)C([C@@]1(O)c1ccccc1)(C)C
SIKTIP,CO[C@@H]1N(c2ccc(cc2)N(=O)=O)C(=O)[C@@H]([C@@]1(O)c1ccccc1)C
SILPUZ,OCCNc1c2cccc3C(=O)N(CCO)C(=O)c(cc1N(=O)=O)c23
SILRUB,O=N(=O)c1ccc(OCc2ccccc2)cc1
SILTOW,O=C(Nc1cccc(c1)N(=O)=O)Nc1cccc(c1)N(=O)=O
SILTOW01,O=C(Nc1cccc(c1)N(=O)=O)Nc1cccc(c1)N(=O)=O
SILTOW11,O=C(Nc1cccc(c1)N(=O)=O)Nc1cccc(c1)N(=O)=O
SILTOW12,O=C(Nc1cccc(c1)N(=O)=O)Nc1cccc(c1)N(=O)=O
SILYUK,CN1C[C@@H]2CCO[C@@H]2c2c1ccc(c2)N(=O)=O
SIMFAW,O=C1OC(=Nc2cc(ccc12)N(=O)=O)c1ccccc1
SIMJOQ,O=C(c1ccc(cc1)N(=O)=O)O[C@@H]1C[C@@H](C[C@@]1(C)C(=O)C)C(=C)C
SIMSAJ,O=C(CCC(=O)Nc1ccc(cc1)N(=O)=O)Nc1ccccc1
SIMXAO,COc1c(c(C)c2N3CN(Cc2c1N(=O)=O)c1c(C)c(c(OC)c(c1C3)N(=O)=O)N(=O)=O)N(=O)=O
SIMYIX,O=N(=O)c1ccc(cc1)N/N=C/c1ccc2c(c1)OCO2
SINBEX,CCOC(=O)c1c(C)nc(Oc2ccccc2N(=O)=O)c(C#N)c1N
SINHON,O=N(=O)c1ccc(cc1)/C=C\c1ccc(cc1)N(=O)=O
SINJIJ,CCCOc1c2Cc3cc(cc(Cc4cc(cc(Cc5cc(cc(Cc1cc(c2)N(=O)=O)c5OCCC)N(=O)=O)c4OCCC)N(=O)=O)c3OCCC)N(=O)=O
SINJIJ01,CCCOc1c2Cc3cc(cc(Cc4cc(cc(Cc5cc(cc(Cc1cc(c2)N(=O)=O)c5OCCC)N(=O)=O)c4OCCC)N(=O)=O)c3OCCC)N(=O)=O
SINRAI,O=C(C1CCCCC1)c2cc(N(=O)=O)c(O)cc2
SINRUC,O=Cc1cccn1c1ccc(cc1)N(=O)=O
SINZEW,O=C(c1cc(O)cc(c1)O)N/N=C/c1ccc(cc1)N(=O)=O
SIPBAU,C[C@H]([C@H]1C[C@H]2C[C@@H](C1=C)C2(C)C)OC(=O)c1ccc(cc1)N(=O)=O
SIPQEO,C[C@H]([C@@](C#N)(COC(=O)c1ccc(cc1)N(=O)=O)C)c1ccccc1
SIPQOY,C/C=C(/[C@H]([C@](C#N)(COC(=O)c1ccc(cc1)N(=O)=O)C)C)\C
SIQLEL,O=C(Cc1ccccc1N(=O)=O)ON(C(=O)c1ccccc1)c1ccccc1
SIQROC,CCOC(=O)/C=C/1\Oc2ccccc2C=C1c1ccc(cc1)N(=O)=O
SIRXAS,O=N(=O)[C@]1(C)C=C[C@@](c2c1cccc2)(C)C(N(=O)=O)(N(=O)=O)N(=O)=O
SIRXOG,Cc1ccc(cc1)/N=C(\c1ccc(cc1)N(=O)=O)/c1ccccc1
SIRXUM,Cc1ccc(cc1)/N=C(/c1ccc(cc1)N(=O)=O)\c1ccccc1
SIRXUM01,Cc1ccc(cc1)/N=C(/c1ccc(cc1)N(=O)=O)\c1ccccc1
SISGUW,COCO[C@@H]1CCC[C@@H]([C@H]1N(=O)=O)[C@@H]1C(=O)CCc2c1cccc2OC
SITDUX,O=C(N1CCc2ccccc2C1)c1ccccc1N(=O)=O
SITHEK,O=N(=O)c1ccc(cc1N(=O)=O)N1C=NC=N1
SITKAI,O=N(=O)c1ccccc1Oc1cccc(C#N)c1C#N
SITLUF,COc1cc(/C=N/N=C/c2ccc(cc2)N(=O)=O)ccc1O
SITPIW,O=N(=O)c1cnc(N2C=NC(=N2)N=[N+]=[N-])c(c1)N(=O)=O
SITPOC,Nc1c(cc(cc1N(=O)=O)N(=O)=O)N1C=NC=N1
SITPUI,COc1ccc(c(N2C=NC=N2)c1N(=O)=O)N(=O)=O
SITQAP,Cc1c(cc(cc1N(=O)=O)N(=O)=O)N1C=NC=N1
SITQET,Cc1cc(N2C=NC=N2)c(cc1N(=O)=O)N(=O)=O
SITQIX,Cc1c(cc(cc1N(=O)=O)N1C=NC=N1)N(=O)=O
SITQUJ,COc1c(cc(cc1N(=O)=O)N(=O)=O)N1C=NC=N1
SITRAQ,COc1cc(N2C=NC=N2)c(cc1N(=O)=O)N(=O)=O
SITROD,C[C@H]1OC(=O)[C@](C1)(O)Cc1ccccc1N(=O)=O
SIVKIR,O=N(=O)c1ccc(cc1)c1c2ccccc2c(c2ccc(cc2)N(=O)=O)c2c3ccccc3c3ccccc3c12
SIVKOZ,O=N(=O)c1ccccc1N1CCOCCOCCN(CCOCCOCC1)c1ccccc1N(=O)=O
SIVMAL,Cc1ccc2c(c1)c(c1ccc(cc1)N(=O)=O)c1c3ccccc3c3ccccc3c1c2c1ccc(cc1)N(=O)=O
SIVNAO,O=N(=O)c1ccc(cc1)[C@@H]1c2c(ccc3c2cccc3)O[C@@]2([C@H]1C(=O)c1c2cccc1)O
SIYWIH,Nc1cc(N)c(cc1N(=O)=O)N(=O)=O
SIZFOY,N#C[C@@]1(C(=C[C@]([C@@H]1c1ccccc1)(C/C(=C\c1ccccc1)/N(=O)=O)N(=O)=O)c1ccccc1)C(=O)c1ccccc1
SIZLUL,COc1ccc(NCc2ccccc2)c(c1)N(=O)=O
SOBCIW,CC(=O)O[C@@H]([C@@H]([C@H](OC(=O)C)COC(=O)C)OC(=O)C)[C@@H]1CN([C@@H](O1)c1ccc(cc1)N(=O)=O)C
SOBDIX,O=C(C=C(C)C)O/C=C/c1ccc(cc1)N(=O)=O
SOBDOD,CC1=CC(=O)O[C@@H](C1)c1ccc(cc1)N(=O)=O
SOBGIA,Cc1ccc(NCc2cc(C)cc(c2NC=O)N(=O)=O)c(c1)N(=O)=O
SOBWAI,[N+](=O)([O-])\C(=C\C1=CC=CC=C1)\C1=[N+](OC(C1)C1=CC=CC=C1)[O-]
SOBWEM,[N+](=O)([O-])/C(=C/C1=[N+](OC(C1)C1=CC=CC=C1)[O-])/C1=CC=CC=C1
SODMEE,O=N(=O)c1cccc2c1cc1C[C@@H]3C[C@H](c1n2)Cc1c3nc2cccc(c2c1)N(=O)=O
SOFKOO,COC(=O)c1c(O)c(C)c(C)cc1c1ccc(cc1)N(=O)=O
SOFQAF,C[C@@H]1CC[C@]23[C@H]1CC[C@H]2/C(C(C)=C3)=N\Nc4c(N(=O)=O)cc(N(=O)=O)cc4
SOGDAU,C/C(=N\Nc1ccc(cc1)N(=O)=O)/c1nccnc1
SOGROW,Cc1cccc(c1Nc1ccc(cc1/C=N/c1c(C)cccc1C)N(=O)=O)C
SOGVOZ,CN1NC(C)(C)N2C=NC(=C2C1=O)N(=O)=O
SOGYIX,Cc1ccc(Nc2c(cc(c3cccnc23)N(=O)=O)N(=O)=O)cc1
SOHRUC,O=N(c1c2cc(c3ccccc3)c[n+]([O-])c2cc(N(=O)=O)c1)=O
SOHXOD,[O-][n+]1c(/C=N/c2c(C(C)C)cccc2C(C)C)cc(N(=O)=O)cc1
SOJBEY,O=N(=O)[C@]12C[C@@]3(N)C[C@@](C2)(C[C@@](C1)(C3)N(=O)=O)N(=O)=O
SOJGED01,O/N=C\C1=CC=C(O1)N(=O)=O
SOJQEP,CCOC(=O)/C=C(/c1ccc(cc1)N(=O)=O)\O
SOKGUU,OC[C@H]1O[C@H](CN(=O)=O)[C@@H]([C@H]([C@@H]1O)O)O
SOKHAB,CC(=O)OC[C@H]1O[C@H](CN(=O)=O)[C@H]([C@H]([C@@H]1OC(=O)C)OC(=O)C)OC(=O)C
SOKHEF,CC(=O)O[C@@H]1CO[C@@H]([C@@H]([C@H]1OC(=O)C)OC(=O)C)CN(=O)=O
SOLDOP,CC([C@@H]([C@H](C(=O)N1CCc2c1cccc2)C)N(=O)=O)C
SOLFEH,COC(=O)CC[C@H]([C@H](C(=O)N(c1ccccc1)Cc1ccccc1)C)N(=O)=O
SOLHUX,Nc1cc(C#C)c(cc1C#C)N(=O)=O
SOLTAP,OC1=C(C=C(C=C1)[N+](=O)[O-])\[NH+]=C\C1=C(C=CC=C1)[O-]
SOMCAB,CCOC(=O)[C@@]1(N(=O)=O)[C@H](CN(=O)=O)C[C@@]2([C@H]1c1ccccc1)C(=O)Nc1c2cccc1
SOMJAG,O=N(=O)C1=NC=CN1CCN(CCN1C=CN=C1N(=O)=O)CCN1C=CN=C1N(=O)=O
SOMJEM,CC1=NN(c2ccccc2)C(=C1C=O)Oc1ccc(cc1)N(=O)=O
SOMNEQ,CC[C@@]1(C=N[C@H]([C@@H]1c1c(OC)ccc2c1cccc2)C(=O)OC(C)(C)C)N(=O)=O
SOMXOJ,N#CC1(C#N)[C@@H]2C=CC=CC=C2C=C1c1ccc(cc1)C#Cc1ccc(cc1)N(=O)=O
SONBUS,COc1nccnc1/C=N\Nc1ccc(cc1N(=O)=O)N(=O)=O
SONDEE,Cn1c(COC(N)=O)ncc1N(=O)=O
SONDEE01,CN1C(=NC=C1N(=O)=O)COC(N)=O
SONGOU,O=N(=O)c1ccc(cc1)C1=CC(=NO1)c1ccccc1
SONHEL,O=N(=O)c1ccc(cc1)C1=NOC(=C1)c1ccccc1
SOPBEH,OC[C@H]1C[C@@]2(C)C(=O)CC[C@]2([C@H]([C@@H]1c1ccccc1)N(=O)=O)O
SOPJEP,CC([C@@H]1[C@H]2[C@]1(N(=O)=O)c1ccccc1C=C2)C
SOPJIT,CC([C@H]1[C@H]2[C@]1(N(=O)=O)c1ccccc1C=C2)C
SOPJUF,CC([C@@H]1[C@H]2[C@@]1(C=Cc1c2cccc1)N(=O)=O)C
SOPKAM,O=N(=O)[C@@]12c3ccccc3C=C[C@@H]1C2(C)C
SOPKIU,O=N(=O)[C@]12[C@@H]([C@@H]2C(C)(C)C)C=Cc2c1cccc2
SOPTAS,O=C(N[C@H](C(=O)O)C)OCC(c1ccc(cc1)N(=O)=O)c1ccc(cc1)N(=O)=O
SOPZIG,CC1=NC=CN1c1ccc(cc1)N(=O)=O
SOPZOM,CC1=CN(C(=N1)C)c1ccc(cc1)N(=O)=O
SOPZUS,CCC1=NC=CN1c1ccc(cc1)N(=O)=O
SOQNEU,O=N(=O)c1cc(c(NN=C2COc3ccccc3OCCOCCOc3ccccc3OC2)c(c1)N(=O)=O)N(=O)=O
SORBAC,O=N(=O)c1ccc(cc1)N1C=CN=C1c1ccccc1
SORBEG,O=N(=O)c1ccc(cc1)N1C=CC=N1
SORBEG01,O=N(=O)c1ccc(cc1)N1C=CC=N1
SORBEG02,O=N(=O)c1ccc(cc1)N1C=CC=N1
SORBUW,O=N(=O)c1ccc(cc1)N1C=CC=C1
SORYEE,CN(C)c1ccc(c2c(ccc(N(C)C)c12)N(=O)=O)N(=O)=O
SORYEE01,CN(C)c1ccc(c2c(ccc(N(C)C)c12)N(=O)=O)N(=O)=O
SORYII,CCN(CC)c1ccc(c2c(ccc(N(CC)CC)c12)N(=O)=O)N(=O)=O
SOSFUB,OC[C@]1(O[C@@H]([C@@H]2[C@H]1OC(O2)(C)C)COC(=O)C(C)(C)C)N(=O)=O
SOSGOY,O=C1NC[C@@](C1)(O)c1ccccc1N(=O)=O
SOSHAL,CC(C)(C)OC(=O)OC1=CC(=CN1C(=O)OC(C)(C)C)c1ccccc1N(=O)=O
SOSYAC,C[C@H](OC(=O)c1ccccc1C(=O)O)CN1C(=NC=C1N(=O)=O)C
SOVNUN,CNc1cc(cc(C)[n+]1[O-])N(=O)=O
SOWCIS,O=N(=O)C[C@@]1(NC(=O)OC(C)(C)C)C(=O)N2c3c1cccc3CCC2
SOWNID,O=N(=O)C[C@H](C1=CNc2c1cccc2)c1ccc2c(c1)c(C)cc(n2)c1ccccc1
SOWNUP,O=C1c2cccc3OCCOCCOCCOCCOc4cccc1c4C(=NNc1ccc(cc1N(=O)=O)N(=O)=O)c23
SOWXUX,O=N(=O)C1=C(Nc2ccccc2)C2=NON=C2C(=C1)N(=O)=O
SOXNEA,[N-]=[N+]=CC(c1cc(N(=O)=O)ccc1)=O
SOYCIT,COC(=O)/C(=C\N(=O)=O)/C1=CC=C(O1)/C=C/N(=O)=O
SOYDIV,O=N(=O)N(C1=NON=C1/N=N/C1=NON=C1N(N(=O)=O)CC(N(=O)=O)(N(=O)=O)N(=O)=O)CC(N(=O)=O)(N(=O)=O)N(=O)=O
SOYJEW,CC(C)(C)Nc1ccc(cc1N(=O)=O)C(O)=O
SOYJOF,O=N(=O)c1ccc(NN2C=NC(=C2c2ccccc2)c2ccccc2)cc1
SOYMEZ,OCCCCCCOc1ccc(cc1)N(=O)=O
SOYRII,Cc1cc(ccc1O)N(=O)=O
SOYRUU,COC(=O)c1ccc(Nc2ccccc2)c(c1)N(=O)=O
SOZMAX,N#C[C@]1(CC(=O)N2[C@H]1OC[C@H]2c1ccccc1)c1ccccc1N(=O)=O
SOZVOU,O=N(=O)c1ccc(cc1)[C@@]1(C)Nc2cccc3c2C(=N1)C=CC3=O
SUBWIV,O=N(=O)c1ccc(NN=C(C#N)C#N)cc1
SUCSIS,OC(=O)c1cccc(c1c1ccc(cc1N(=O)=O)N(=O)=O)N(=O)=O
SUDFOM,O=N(=O)[C@@H]1OC2=C([C@H]1c1ccccc1)C(=O)NC=N2
SUDVEV,Cc1ccc(cc1)C1=CN(CCN2N=Cc3cc(ccc23)N(=O)=O)N=N1
SUDVIZ,O=N(=O)c1ccc2N(CCN3C=C(N=N3)c3cccc(c3)C3=CN(CCN4N=Cc5cc(ccc45)N(=O)=O)N=N3)N=Cc2c1
SUFJAG,OCC1=NN=C(CO)N1NCC(N(=O)=O)(N(=O)=O)N(=O)=O
SUFZIC,O=N(=O)c1ccc2OCCOCCOCCOCCOc2c1
SUFZIC01,O=N(=O)c1ccc2OCCOCCOCCOCCOc2c1
SUFZOI,O=N(=O)c1cc2OCCOCCOCCOCCOc2cc1N(=O)=O
SUFZOI01,O=N(=O)c1cc2OCCOCCOCCOCCOc2cc1N(=O)=O
SUGBAZ,O=N(=O)C[C@@H]1C[C@]2(O)c3ccccc3N[C@@H]3O[C@@]2(c2c1cccc2)C=C3
SUGBED,O=N(=O)C[C@@H]1C[C@]23O[C@@H](C=C[C@]3(c3c1cccc3)O)Nc1c2cccc1
SUGFOP,O[C@H](C(N(=O)=O)N(=O)=O)[C@H](C(N(=O)=O)N(=O)=O)O
SUGFUV,CC(=O)O[C@H]([C@@H](C(N(=O)=O)N(=O)=O)OC(=O)C)C(N(=O)=O)N(=O)=O
SUGWOJ,COc1cc(C=O)cc(c1O)N(=O)=O
SUHPUI,O=N(=O)c1cc(ccc1N/N=C/[C@@H]1[C@@H]2C=C[C@@H]3[C@H]1CC[C@H]2C3)N(=O)=O
SUHSIX,C[C@@H]([C@H](C(=C=C(OC(=O)N(C(C)C)C(C)C)C)C(C)(C)C)O)OC(=O)c1cc(cc(c1)N(=O)=O)N(=O)=O
SUHTUK,C(C)OC(=O)[C@H](C[C@@H]([C@H]1[C@H](OC(C)=O)[C@@H](OC(C)=O)[C@H](OC(C)=O)CO1)[N+](=O)[O-])N=C(C1=CC=CC=C1)C1=CC=CC=C1
SUJBAC,O=C1c2ccccc2[C@@H](N1Cc1ccccc1N(=O)=O)c1ccccc1
SUJDEJ,N#CC1=C(N)OC2=C([C@@H]1c1cccc(c1)N(=O)=O)C(=O)CCC2
SUJFUB,COC(=O)/C=C/C=C/C(=C/c1ccc(cc1)N(=O)=O)/c1ccc(cc1)OC
SUJTID,COc1ccc(cc1)/C=C/C(=O)/C(=C/c1ccc(cc1OC)N(=O)=O)/C
SUJZIJ,CC(=O)O[C@@H]1C[C@@]2([C@]([C@H]1/C(=N/Nc1ccc(cc1)N(=O)=O)/C)(C)CC(=O)[C@@]1([C@H]2CC=C2[C@H]1C[C@@H]([C@H](C2(C)C)OC(=O)C)OC(=O)C)C)C
SUKKIU,O=C(c1cc(cc(c1)N(=O)=O)N(=O)=O)N[C@@H]1C[C@@H]2C([C@@]1(C)CC2)(C)C
SUKVID,CC1=C[C@H]2C[C@H]2C[C@](C1)(C)OC(=O)c1ccc(cc1)N(=O)=O
SULROG,OCCNC(=O)CN1C=CN=C1N(=O)=O
SULSID,Cc1cc(/C=C/c2ccc(cc2N(=O)=O)N(=O)=O)cc(c1O)C
SULZOP,CCOC(=O)[C@@]1(C#N)[C@@H]([C@H]1c1cccc(c1)N(=O)=O)C(=O)c1ccccc1
SUMDEM,O=C(C1=NNC(=C1)C)N/N=C/c1ccc(cc1)N(=O)=O
SUMGAJ,O=C(c1cc(cc(c1)N(=O)=O)N(=O)=O)O[C@@H]1CC[C@]23[C@H]1C(C)(C)[C@](C=C2)([C@H]1[C@@H]3OC(O1)(C)C)C
SUMNEV,O=C1N(Cc2ccccc2)[C@@H](C[C@@]1(C)O)c1ccc(cc1)N(=O)=O
SUMVIG,CCOC(=O)C1=C(N(N=N1)c1ccc(OC)cc1)c1ccccc1N(=O)=O
SUMVOM,CCOC(=O)C1=C(N(N=N1)c1ccc(OC)cc1)c1cccc(c1)N(=O)=O
SUMYAA,COC(=O)[C@@]1(CC[C@@H](C[C@@H]1OC(=O)c1cc(cc(c1)N(=O)=O)N(=O)=O)C)C(C=C)(C)C
SUMZEF,O=C(/C=C/1\CC[C@H](N1C(=O)OCc1ccccc1)C(=O)OC(C)(C)C)OCc1ccc(cc1)N(=O)=O
SUNCIO,O=N(=O)C[C@H]([C@@H](c1ccccn1)CN(=O)=O)c1ccccn1
SUNCOU,O=N(=O)C[C@@H]([C@@H](c1ccccn1)CN(=O)=O)c1ccccn1
SUNKIV,OC[C@H]([C@H]([C@H]([C@@H](CN(=O)=O)O)O)O)O
SUNMAP,CCOC(/C=C/[C@@H](OC(c1ccc(N(=O)=O)cc1)=O)[C@H]2OC(C)(C)O[C@@H]2[C@H]3COC(C)(C)O3)=O
SUNMET,O=N(=O)c1cc(ccc1N/N=C/1\CCCC[C@@]2(C1)CCCO2)N(=O)=O
SUNWIH,CC1(C)C(=O)CCCc2ccc(cc12)N(=O)=O
SUNWIH01,CC1(C)C(=O)CCCc2ccc(cc12)N(=O)=O
SUPRIF,C[C@H]1C[C@@H](C)C[C@]([C@@H](C1)OC(=O)c1ccc(cc1)N(=O)=O)(COC(=O)c1ccc(cc1)N(=O)=O)Cc1ccccc1
SUQDEO,N=C1N(c2ccccc2)C(=O)C([C@]1(C)/N=N/c1ccc(cc1)N(=O)=O)(C)C
SUQDOY,CCOC(=O)C(C)(C)N(Nc1ccc(cc1)N(=O)=O)C(C)=O
SUQGIV,COC(=O)c1cc2ccccc2c(NC(=O)c2cc3ccccc3c(c2OC)N(=O)=O)c1OC
SUQKIA,O=CC[C@@H]([C@H]1CC[C@@H]2[C@]1(C)CC[C@H]1[C@H]2CC=C2[C@]1(C)CC[C@@H](C2)OC(=O)Oc1ccc(cc1)N(=O)=O)c1ccccc1
SURDUG,O=N(=O)C[C@H]1C2=C(COC2=O)Oc2c1cccc2
SURDUH,Oc1cc(ccc1N(=O)=O)N(=O)=O
SURSOP,CO[C@@H]1CCCC[C@H]1/C(=N\Nc1ccc(cc1N(=O)=O)N(=O)=O)/C=C(c1ccccc1)c1ccccc1
SURTOQ,COc1cc(CO[C@@H]2C[C@@H]([C@@H](O2)OCc2cc(OC)c(cc2N(=O)=O)OC)O)c(cc1OC)N(=O)=O
SUSDUG,CCN(c1ccc(cc1)/N=N/c1ccc(cc1)N(=O)=O)CCOCc1ccc(cc1)C(=O)c1ccccc1
SUTKEY,CCOC(=O)[C@@H]1[C@@]2(CCCCC2=NN([C@]1(O)c1ccc(cc1)N(=O)=O)C(=O)Nc1ccccc1)C(=O)OCC
SUTLUP,CN(C(=O)c1cccc(c1C)N(=O)=O)c1cccc(c1C)C(=O)N(Cc1ccccc1)c1ccccc1
SUTMUQ,CC([C@@H]1CC[C@@]2([C@@H]([C@H]1OC(=O)c1ccc(cc1)N(=O)=O)[C@H](C)CCC2)C)C
SUTNAX,CC([C@@H]1CC[C@@]2([C@H]([C@H]1OC(=O)c1ccc(cc1)N(=O)=O)[C@@H](C)CCC2)C)C
SUTTUY,O=C(c1ccc(cc1)N(=O)=O)OCC[C@H]1C[C@H]1c1ccc2c(c1)cccc2
SUTZAK,CC1=CC(=O)C2=C3[C@@H](CC1)C(=CC[C@@]3(C)[C@@H](C[C@H]2OC(=O)c1ccc(cc1)N(=O)=O)C)C
SUVLAW,O=N(=O)c1cccc(c1)N/N=N/c1cccc(c1)N(=O)=O
SUVLIE,O=N(=O)c1ccccc1C#CC#Cc1ccccc1
SUVNUU,N#C[C@@]12N[C@@]2(OC(=O)C)OC2=C([C@H]1c1ccc(cc1)N(=O)=O)C(=O)CCC2
SUVPIK,N#C[C@]12N[C@]2(OC(=O)Cc2ccccc2)OC2=C([C@@H]1c1ccc(cc1)N(=O)=O)C(=O)CCC2
SUVQOP,OCCCC1=CNc2ccc(cc12)N(=O)=O
SUWFIZ,O=N(=O)C1=CC=C(N2CCCCCCC2)C2=NON=C12
SUYREK,COC(CN1CCN/C/1=C\N(=O)=O)OC
SUYXOA,COc1c(/C=C/N(=O)=O)cccc1OC
SUZCEX,CN(c1ccc(cc1)/C=C(/N(=O)=O)\C#N)C
SUZCIB,O=N(=O)c1ccccc1C(=O)N1N=C(C[C@H]1c1ccccc1)c1ccccc1
SUZGUS,O=N(=O)[C@]12C[N@]3C[C@@](C2)(C[C@@](C1)(C3)N(=O)=O)N(=O)=O
SUZRAH,O=N(=O)/C=C/1\NCCN1C[C@@H]1CCOCO1
SUZYES,Cc1ccc(Nc2ncccc2N(=O)=O)cc1
SUZYES01,Cc1ccc(Nc2ncccc2N(=O)=O)cc1
TABMOB,O=N(=O)C[C@@H]([C@]1(OC(=O)N(C1=O)c1ccccc1)c1ccccc1)c1ccccc1
TABRET,O=N(=O)C1=CC=C(O1)/C=N/N1N=CN=C1
TABTIC,CCN(c1ccc(c(c1)O)/C=N/c1cccc(c1)N(=O)=O)CC
TABTIC01,CCN(c1ccc(c(c1)O)/C=N/c1cccc(c1)N(=O)=O)CC
TABZII,CC1=NN([C@H](C1)c1ccccc1O)C(=O)c1ccc(cc1)N(=O)=O
TACGIN,O=N(=O)C1=CN(CN2C=C(C=N2)N(=O)=O)N=C1
TACSAV,NC(=O)COC(=O)c1ccc(cc1)N(=O)=O
TACWID,CN(C)c1c(NC(=O)C2(N)CCCC2)cc(cc1N(=O)=O)N(=O)=O
TACWOJ,CN(C)C1=Nc2cc(cc(c2NC21CCCC2)N(=O)=O)N(=O)=O
TACWOL,CCOC(=O)COc1cc(OCC(=O)OCC)c2cc1[C@H](c1cccc(c1)N(=O)=O)c1cc(c(cc1OCC(=O)OCC)OCC(=O)OCC)[C@H](c1cccc(c1)N(=O)=O)c1cc([C@H](c3cc([C@H]2c2cccc(c2)N(=O)=O)c(OCC(=O)OCC)cc3OCC(=O)OCC)c2cccc(c2)N(=O)=O)c(cc1OCC(=O)OCC)OCC(=O)OCC
TACYOO,O=N(=O)C[C@@H]1[C@H](O[C@H]2[C@@H]1OC(O2)(C)C)[C@H]1COC(O1)(C)C
TADNAP,O=N(=O)C[C@H](/C(=C\C1=CC=CO1)/N(=O)=O)C1=CC=CO1
TADVAW,CC(/C=N/Nc1ccc(cc1N(=O)=O)N(=O)=O)C
TAFCAE,O=N(=O)c1cc(c(Nc2ccc(cc2)N(c2ccccc2)c2ccccc2)c(c1)N(=O)=O)N(=O)=O
TAFCEI,O=N(=O)c1cc(c(Nc2ccc(cc2)c2ccccc2)c(c1)N(=O)=O)N(=O)=O
TAFDUZ,O=N(=O)C1(N(=O)=O)[C@@H]2C[C@@H]3C[C@H]1C([C@H](C2)C3)(N(=O)=O)N(=O)=O
TAFFIP,O=N(=O)[C@@H]1c2ccccc2[C@H](c2c1cccc2)N(=O)=O
TAFLOD,O=N(=O)c1cccc(c1)N1N=Nc2ccccc12
TAFMEV,COc1ccc(Nc2ncccn2)c(c1)N(=O)=O
TAFMIY,CO[C@]1(C)C[C@H](CN(=O)=O)c2c(O1)c(OC)ccc2
TAFMIZ,CN1C=[N+](C=N1)[N-]C(=O)c1ccc(cc1N(=O)=O)N(=O)=O
TAFMOE,COc1ccc2c(c1)[C@@H](CN(=O)=O)C[C@](O2)(C)OC
TAFMOF,O=C([N-][n+]1ccccc1)c1cc(cc(c1)N(=O)=O)N(=O)=O
TAFMUK,CO[C@]1(C)C[C@H](CN(=O)=O)c2c(O1)ccc1c2cccc1
TAFSAX,COc1cc(cc(c1O)N(=O)=O)C(O)=O
TAFTOJ,COc1ncc(cc1N(=O)=O)N(=O)=O
TAGBOV,O=C(NC(NC(=O)c1ccc(cc1)N(=O)=O)c1ccccc1)c1ccc(cc1)N(=O)=O
TAGYEI,O=N(=O)C[C@@H](C1=C(N=C2N1C=CC=C2)c1ccccc1)c1ccccc1
TAHGAO,O=N(=O)C1=NN(CCN2C=NN=N2)C=N1
TAHGES,CC(C)(C)N1N=NC(=N1)CN1C=NC(=N1)N(=O)=O
TAHMEV,O=N(=O)[C@]12[C@H]3[C@H]4[C@@H]2[C@H]2[C@@H]1[C@@H]3[C@@H]42
TAHTUU,CCOC(=O)C1(N[C@@H]([C@]2([C@@H]1c1ccccc1)C(=NN(C2=O)c1ccccc1)C)c1ccc(cc1)N(=O)=O)C(=O)OCC
TAHYEH,O=C(NCc1ccccc1)c1ccc(cc1)N(=O)=O
TAHYEH01,O=C(NCc1ccccc1)c1ccc(cc1)N(=O)=O
TAJFAL,C=C[C@@H]([C@@H](C(C)C)OC(=O)c1ccc(cc1)N(=O)=O)c1ccccc1
TAJFER,CCOC(=O)[C@@H](N(=O)=O)CC(=O)N[C@@H]1O[C@H](COC(=O)C)[C@H]([C@@H]([C@H]1OC(=O)C)OC(=O)C)OC(=O)C
TAJHAR,COC(=O)N1N(C=C([C@]21c1cc(ccc1N(C2=O)C)N(=O)=O)C(=O)OC)c1ccc2c(c1)cccc2
TAJJUJ,CCC(CC)(c1ccccc1)C(CC)(CC)c1ccc(cc1)N(=O)=O
TAJKEU,CCC(CC)(c1ccc(cc1)N(=O)=O)C(CC)(CC)c1ccc(cc1)N(=O)=O
TAJKIY,CCC(CC)(c1ccc(cc1)N(C)C)C(CC)(CC)c1ccc(cc1)N(=O)=O
TAJLAR,CC([C@]([C@](c1ccccc1)(C(C)C)C)(c1ccc(cc1)N(=O)=O)C)C
TAJSIG,COC(=O)NN1C(=O)C(=C(C1=O)c1ccc(cc1)N(=O)=O)c1ccc(cc1)N(=O)=O
TAJZIQ,CCN(CC)c1ccc2c(Oc3cc(ccc3C32N(C(=O)c2ccccc32)c2ccc(cc2OC)N(=O)=O)N(CC)CC)c1
TAKMUQ,COc1cc(/C=C\c2ccc(c(c2)N(=O)=O)OC)cc(c1OC)OC
TAKNAX,COc1cc(/C=C/c2ccc(c(c2)N(=O)=O)OC)cc(c1OC)OC
TAKQOM,Oc1ccc(cc1C(N1CCOCC1)N1CCOCC1)N(=O)=O
TAKRON,OC(=O)/C(=C/c1ccc(cc1)N(=O)=O)/c1ccccc1
TAKSAA,COc1cccc(c1)OC(=O)/C(=C/c1ccc(cc1)N(=O)=O)/c1ccccc1
TALDAO,OC[C@H]1O[C@H](O)[C@@H]([C@H](C1)N(=O)=O)O
TALDES,O=N(=O)[C@H]1[C@H](O)[C@@H](C)O[C@@H]([C@@H]1O)O
TALDIW,OC[C@H]1O[C@H](O)[C@@H]([C@H]([C@@H]1O)N(=O)=O)O
TALDOC,C[C@H]1O[C@H](O)[C@@H]([C@H](C1)N(=O)=O)O
TALKIA,COC(=O)c1c(c2ccccc2)c(c2ccccc2)n(C)c1c1ccc(cc1)N(=O)=O
TALVAG01,CCOC(=O)CN1N=Cc2ccc(cc12)N(=O)=O
TAMLID,O=C(N[C@H](C(=O)Oc1ccccc1N(=O)=O)CC1=CNc2c1cccc2)OCc1ccccc1
TAMQEG,COc1cccc(c1N(=O)=O)C[C@@H]1C(=C)C=C(CC1(C)C)C
TAMSUX,O=C(N[C@@H](C(=O)OC(C)(C)C)C[C@H]1O[C@H]([C@@H]([C@@H]1O)O)N1C=CC(=O)NC1=O)Nc1ccc(cc1)N(=O)=O
TAMTUW,Cc1c(cc2c(c1N(=O)=O)C(C)(C)CCC2(C)C)N(=O)=O
TAMWAF,O=N(=O)c1ccc(cc1)N1N=C(NN=C1c1ccccc1)c1ccccc1
TANGAQ,O=C(c1ccc(cc1)N(=O)=O)O[C@@]1(C[C@@H]2C[C@H]1C=C2)C(=O)C
TANHAR,N#C[C@]1(C=C1c1ccccc1)N(=O)=O
TANPUT,O=C1NC(=O)[C@H](C1)c1cccc(c1)N(=O)=O
TAPLUU,Cc1cccc(OCC2=C(c3ccccc3)C(=NO2)c2ccc(cc2)N(=O)=O)c1
TAPMIH,Oc1ccc(Oc2ccc(cc2)N(=O)=O)cc1
TAPMON,COc1ccc(Oc2ccc(cc2)N(=O)=O)cc1
TAPNII,O=N(=O)c1ccc(Oc2ccc(cc2)C#C)cc1
TAPPIK,CN(C)c1ccc(Oc2ccc(cc2)N(=O)=O)cc1
TAPPOQ,Cc1ccc(Oc2ccc(cc2)N(=O)=O)cc1
TAPQAD,O=N(=O)c1ccc(Oc2ccc(cc2)C#N)cc1
TAPSAH,O=C1CCCC2=C1[C@H](c1ccccc1N(=O)=O)[C@@H]1[C@@](O2)(O)CCCC1=O
TAQTEN,O=N(=O)[C@@H]1[C@@H](c2ccccc2)[C@@H]([C@@]21C(=O)CN2C(c1ccccc1)c1ccccc1)c1ccccc1
TARDIC,CC([C@@H]1Oc2cc(ccc2N(C1=O)C1CCCCC1)N(=O)=O)C
TARLOQ,COc1ccc(c(c1)N(=O)=O)O[C@H](C(C)(C)C)C(=O)NCCc1ccccc1
TASBOF,COc1ccc(c(OC)c1)C(O)(c1ccc(cc1)N(=O)=O)c1ccc(OC)cc1OC
TASLII,C=C1CC[C@@]23C[C@@H]1C(C)(C)[C@@H]2[C@H](C[C@@H]3C)OC(=O)c1ccc(cc1)N(=O)=O
TASRUA,O=N(=O)C[C@@H](c1ccccc1)[C@@H](OCc1ccccc1)C
TATGOM,O=N(=O)c1ccc(OCc2cc3OCCOCCOCCOCCOc3cc2COc2ccc(cc2)N(=O)=O)cc1
TATMUX,CCOC(=O)C[C@H]([C@@H]1C(=C(O)C=CC1(OCC)OCC)C(=O)OC)N(=O)=O
TATNBZ,Nc1c(c(N)c(c(N)c1N(=O)=O)N(=O)=O)N(=O)=O
TATNBZ03,Nc1c(c(N)c(c(N)c1N(=O)=O)N(=O)=O)N(=O)=O
TATNIM,CCOC(=O)C1=C(O)C[C@@H]2C([C@H]1CC(=O)[C@@H]2c1ccccc1N(=O)=O)(OC)OC
TATZEW,CCOC(=O)c1cnc(cc1c1cccc(c1)N(=O)=O)c1ccccc1
TATZUL,COC(=O)[C@@H](NC(=O)[C@@H]([C@H]([C@H](N(=O)=O)C)c1ccccc1)Cc1ccccc1)Cc1ccccc1
TAVKOT,COC(=O)C1(C[C@@H](CC1(c1ccccc1)c1ccccc1)c1ccc(cc1)N(=O)=O)C(=O)OC
TAVVUJ,CC(=CCC[C@@]1(C)C[C@H]2[C@H](C)CC[C@H]2[C@@H](CCC1=O)COC(=O)c1cc(cc(c1)N(=O)=O)N(=O)=O)C
TAVWEU,CCOC(=O)/C(=C/C)/C=C/c1cccc(c1N(=O)=O)OC
TAWBAV,O=N(=O)c1ccc(CN2CCOCCOCCN(Cc3ccc(cc3)N(=O)=O)Cc3ccccc3OCCOc3ccccc3C2)cc1
TAWBIE,COc1cc2/C(=C/c3ccc(cc3)N(=O)=O)/C=Cc2cc1OC
TAWBOJ,O=N(=O)c1ccccc1CN1CCN(Cc2cccc(CN(CCN(Cc3cccc(C1)n3)Cc1ccccc1N(=O)=O)Cc1ccccc1N(=O)=O)n2)Cc1ccccc1N(=O)=O
TAWCOL,C[C@@H]1CC[C@@H]([C@@H]1COC(=O)c1ccc(cc1)N(=O)=O)OC(=O)c1ccc(cc1)N(=O)=O
TAWDEC,CCON(OC)C(=O)c1ccc(cc1)N(=O)=O
TAWDIG,CON(OCc1ccc(cc1)N(=O)=O)C(=O)c1ccccc1
TAWLIN,CCN(N(CC)c1ccccc1N(=O)=O)c1ccccc1N(=O)=O
TAWLUZ,O=N(=O)c1ccc(cc1)N1c2ccccc2c2ccccc12
TAWLUZ01,O=N(=O)c1ccc(cc1)N1c2ccccc2c2ccccc12
TAWSAM,O=N(=O)/C=C/c1cccc2c1c(ccc2)N(C)C
TAWSEQ,O=N(=O)/C(=C/c1cccc2c1c(ccc2)N(C)C)/C
TAWSIU,O=N([C-](C(c1ccccc1)=O)[C@@H]2c3c4c([N+]2(C)C)cccc4ccc3)=O
TAWYIC,COc1ccc(c(c1)C[C@@H]1C(=O)C=C(CC1(C)C)C)N(=O)=O
TAXLUB,CC([C@@H]1OC(=NN1C(=O)COCc1ccccc1)c1ccc(cc1)N(=O)=O)C
TAXSER,CCC/C(=N\Nc1ccc(cc1N(=O)=O)N(=O)=O)/N(=O)=O
TAXSOB,CCOC(=O)C(=CC1=C(N(C)C=N1)N(=O)=O)C(=O)OCC
TAXTUJ,CCOC(=O)C1=CC[C@H]([C@@H](C1)N(=O)=O)c1ccc(cc1)OC
TAXWIA,O=C(N1CC[C@H]2[C@@H]1C[C@@]1(C)CC[C@@]2(C1)O)c1cc(cc(c1)N(=O)=O)N(=O)=O
TAXWOG,O=C(N1CC[C@@H]2[C@H]1[C@H]1CCC[C@]31C[C@]2(O)CCC3)c1cc(cc(c1)N(=O)=O)N(=O)=O
TAXWUM,O=C(N1CC[C@@H]2[C@H]1[C@@H]1CCC[C@H]3[C@@H]1C[C@]2(O)CC3)c1cccc(c1)N(=O)=O
TAYBIG,COC(=O)[C@@H](c1ccc(cc1)N(=O)=O)CC(=O)c1ccccc1
TAYBIG01,COC(=O)[C@@H](c1ccc(cc1)N(=O)=O)CC(=O)c1ccccc1
TAYHOR,O=N(=O)c1cc2N(N=Nc2c(c1)N(=O)=O)C1=NC2=NON=C2C2=NON=C12
TAYHUX,O=N(=O)c1cc2N3[N+](=Nc2c(c1)N(=O)=O)[N-]c1c3nc(cc1N(=O)=O)N(=O)=O
TAYJUA,CCN(C(=O)[C@@H](NC(=O)c1cccc(c1)N(=O)=O)CC(C)C)CC
TAYNIS,COC(C1=C(C=C(C)C[C@H]1c2ccc(N(=O)=O)cc2)NC3CCCCC3)=O
TAYROD,O=C([C@H]1N[C@H]([C@@H]([C@H]1c1ccccc1)N(=O)=O)c1ccccc1)OC(C)(C)C
TAYRUJ,COC(=O)[C@H]1N(C)[C@H]([C@@H]([C@H]1c1ccccc1)N(=O)=O)c1ccccc1
TAYSAQ,O=N(=O)[C@@H]1[C@H](c2ccccc2)N([C@@H]([C@H]1c1ccccc1)C(=O)OC(C)(C)C)C
TAYTIY,O=C(c1cc(cc(c1)N(=O)=O)N(=O)=O)O[C@@H]1C[C@@]23CC[C@@]1(C)C([C@H]3CC[C@@H]2C)(C)C
TAYVUN,CC1=C2Oc3cc(ccc3N=C2c2ccccc2C1=O)N(=O)=O
TAYWAU,CC1=C2Oc3ccc(cc3N=C2c2ccccc2C1=O)N(=O)=O
TAZBAY,CC(C)c1cc(cc(C(C)C)c1NC(C)=O)N(=O)=O
TAZVAS,O=N(=O)c1ccc(cc1)/C=N/c1cccc2c1cccc2
TAZWIB,CCCC1=C(C[C@@H](N1c1ccccc1)c1ccccc1)N(=O)=O
TAZWIC,COC(=O)[C@@H]1C(=O)OC[C@H]1C(=C(C)C)c1ccc(cc1)N(=O)=O
TBMNBZ01,CC(C)(C)C(OC(=O)c1ccc(cc1)N(=O)=O)(C(C)(C)C)C(C)(C)C
TBMNBZ10,CC(C)(C)C(OC(=O)c1ccc(cc1)N(=O)=O)(C(C)(C)C)C(C)(C)C
TEBBEH,O=N(=O)c1ccc(N(C2CCCCC2)C2CCCCC2)c(c1)N(=O)=O
TEBBUX,O=C1[C@H]2C[C@@H]3[C@@H]4[C@H]2[C@@H]2[C@H]1C[C@@H]([C@]42N(=O)=O)C3=O
TEBCAE,O=N(=O)[C@]12[C@@H]3[C@@H]4[C@H]1[C@@H]1[C@@]5([C@H]2C[C@H]3[C@@]5([C@H]4C1)N(=O)=O)N(=O)=O
TEBHAJ,O=N(=O)c1cc2ccccc2c(c1)N(=O)=O
TEBKEQ,CCCOc1c2Cc3cc(cc(Cc4cc(Cc5ccccc5C)cc(Cc5cc(cc(Cc1ccc2)c5OCCC)N(=O)=O)c4OCCC)c3OCCC)N(=O)=O
TEBXON,CC[C@@H]([C@@H](C1CCCCC1)NC(=O)c1cc(cc(c1)N(=O)=O)N(=O)=O)OC(=O)[C@@H](c1ccccc1)OC
TECCUC,CC([C@@H]1CC[C@@](CC1)(COC(=O)c1cc(cc(c1)N(=O)=O)N(=O)=O)c1ccncc1)C
TECDAJ,O=C(c1cc(cc(c1)N(=O)=O)N(=O)=O)OC([C@@H]1CC[C@@](CC1)(C)c1ccncc1)(C)C
TECPOG,COC(C[C@@H]([C@@H]([C@H]1COC(O1)(C)C)O)N(=O)=O)OC
TECPUM,O=N(=O)[C@@H]([C@@H](c1ccccc1)Nc1ccccc1)CC1OCC(CO1)(C)C
TECQUN,COC(=O)/C(=C(/N(=O)=O)\C)/NC(=O)c1ccccc1
TECRUO,O=C1c2cccc(c2C(=O)c2c1cccc2N(=O)=O)N(=O)=O
TECSAX,CCNc1cc(c(C)c[n+]1[O-])N(=O)=O
TECSEB,CCNc1[n+]([O-])ccc(c1C)N(=O)=O
TECSUQ,CC1=C(/N=C/c2cccc(c2)N(=O)=O)C(=O)N(N1C)c1ccccc1
TECSUQ01,CC1=C(/N=C/c2cccc(c2)N(=O)=O)C(=O)N(N1C)c1ccccc1
TEDXUV,O=N(=O)c1c(C)cc(nc1C)/C=C/c1ccccc1
TEDYAC,N#C/C(=C\c1ccccc1)/c1cc(C)nc(c1N(=O)=O)C
TEFVEG,N#CC1=C(N)OC2=C([C@@H]1c1cccc(c1)N(=O)=O)C(=O)OC(=C2)C
TEGMAW,Cc1cc(ccc1N(Cc1ccccc1)Cc1ccccc1)N(=O)=O
TEGSEG,O=N(=O)c1cc(c(C#N)c(c1)N(=O)=O)N(=O)=O
TEHFER,O=C1CCCN1C1=C[C@@](C)(Oc2c1cc(cc2)N(=O)=O)C1OCCO1
TEHGUI,Cc1ccc(N)c(c1)N(=O)=O
TEHGUI01,Cc1ccc(N)c(c1)N(=O)=O
TEHKIC,COc1ccc(c(c1)O)/C=N/c1cc(cc(c1)N(=O)=O)N(=O)=O
TEHLOH,C[C@@H]([C@@H]1C[C@H]1/C(=N\Nc1ccc(cc1N(=O)=O)N(=O)=O)/C)OCc1ccccc1
TEHQOP,O=C1NC(=O)[C@@]2(C[C@@]1(C)C[C@](C2)(C)C#CC#Cc1ccc(cc1)N(=O)=O)C
TEHXIN,CCCCOC(=O)C1=C(C)NC(=C([C@H]1c1cccc(c1)N(=O)=O)C(=O)OCCCC)C
TEHXUZ,CC1=C(C(=O)OC(C)(C)C)[C@H](C(=C(N1)C)C(=O)OC(C)(C)C)c1cccc(c1)N(=O)=O
TEJQII,COC(=O)C1=C(C)NC2=C([C@@H]1c1cccc(c1)N(=O)=O)C(=O)CC(C2)(C)C
TEJREG,COc1cc(CC=C)c(cc1OC(C)=O)N(=O)=O
TEJSUX,COc1cc2CCN[C@@H](c2c(c1OC)N(=O)=O)O
TEKMIF,COc1ccc(cc1)/C=N/c1cccc(c1)N(=O)=O
TEKMOL,COc1ccc(cc1)/C=N/c1ccc(cc1)N(=O)=O
TELNED,CO/C(=C\c1ccc(cc1)N(=O)=O)/C(=O)c1ccccc1
TELNIH,CO/C(=C\c1cccc(c1)N(=O)=O)/C(=O)c1ccccc1
TELNUT,O=C1CC(C)(C)CC2=C1[C@H](C1=C(N2)CC(CC1=O)(C)C)c1ccccc1N(=O)=O
TELWIQ,O=C1NCCCC/C/1=N\OCc1ccc(cc1)N(=O)=O
TELZUH,Cc1ccc(cc1)c1ccc(cc1)N(=O)=O
TEMBIW,O=C(c1ccccc1)O/N=C/1\CC(C)(C)Oc2c1cc(cc2)N(=O)=O
TEMWUD,Oc1cccc(O)c1N(=O)=O
TEMYUI,COc1ccc(cc1)C(=O)N(Cc1cccc(c1)N(=O)=O)c1cccc(OC)c1
TENJAZ,COC(=O)C(C(=O)OC)CCC(=O)/C=C(/c1ccc(cc1)N(=O)=O)\O
TENTOY,NC1=C(C2=NON=C2N=N1)N(=O)=O
TENVAM,NC1=C(C2=NON=C2[N+](=N1)[O-])N(=O)=O
TENZOD,NN1N=C(C(=N1)N(=O)=O)N(=O)=O
TENZUJ,O=N(=O)NC1=NNN=C1N(=O)=O
TEPCOJ,C/C(=N\Nc1ccc(cc1N(=O)=O)N(=O)=O)/C[C@@H]1Cc2ccccc2-c2c1cccc2
TEPDID,Oc1c(cc2CCC(=O)c2c1c1ccccc1)c1ccc(cc1)N(=O)=O
TEQNIO,CCOC(=O)[C@@]1(O)C[C@@H](c2cccc(c2)N(=O)=O)C(=C[C@]21CCCC2=O)C(=O)OC
TEQZEU,CC(C)(C)N1N=C(c2ccc(cc2)N(=O)=O)c2c(N)ncnc12
TERKUX,COc1cc(/C=C/C(=O)c2cccc(c2)N(=O)=O)cc(c1)OC
TERMUZ,O=Cc1cc(cc(c1)N(=O)=O)N(=O)=O
TERWIW,CC(=O)OC[C@H]1O[C@@H](Oc2ccc(cc2)N(=O)=O)[C@@H]([C@H]([C@@H]1OC(=O)C)OC(=O)C)OC(=O)C
TERWIW01,CC(=O)OC[C@H]1O[C@@H](Oc2ccc(cc2)N(=O)=O)[C@@H]([C@H]([C@@H]1OC(=O)C)OC(=O)C)OC(=O)C
TERZUO,COC(=O)/C=C/c1cccc2c1C(=CN2)[C@@H](c1ccccc1)CN(=O)=O
TESBAX,COC(=O)/C=C/c1cccc2c1C(=CN2C)[C@@H](c1ccccc1)CN(=O)=O
TESBEB,COC(=O)C[C@@H]1c2cccc3c2C(=CN3C)[C@@H]([C@H]1N(=O)=O)c1ccccc1
TESBIF,COC(=O)C[C@@H]1c2cccc3c2C(=CN3C)[C@@H]([C@@H]1N(=O)=O)c1ccccc1
TESJOT,N#C/C(=C\1/C=CN(c2c1cccc2)C)/c1ccc(cc1)N(=O)=O
TESKIL,O=N(=O)O[C@@H]1c2ccccc2-c2c([C@H]1C(N(=O)=O)(N(=O)=O)N(=O)=O)cccc2
TESKOR,O=N(=O)[C@@H]1c2ccccc2-c2c([C@H]1C(N(=O)=O)(N(=O)=O)N(=O)=O)cccc2
TETNOW,O=C(c1cc(cc(c1)N(=O)=O)N(=O)=O)O[C@H]1CC[C@]2([C@H](C1(C)C)CC[C@@]1([C@@H]2CC[C@H]2[C@@]1(C)CC[C@@]1([C@@H]2[C@@H](CC1)[C@]1(C)OC1)C)C)C
TETXIC,O=N(=O)c1ccc(cc1)N1c2ccc3ccccc3c2c2c1ccc1ccccc21
TETZIB,O=N(=O)c1ccc2-c3c(/C(=N/c4ccccc4)/c2c1)cc(cc3N(=O)=O)N(=O)=O
TETZOH,CCc1cccc(c1/N=C/1\c2cc(ccc2-c2c1cc(cc2N(=O)=O)N(=O)=O)N(=O)=O)CC
TEVBUS,C=CCC[C@@]1(COC(=O)c2ccc(cc2)N(=O)=O)O[C@@H]1[C@@H](c1c(OC)ccc(c1CC(=C)C)OC)O
TEVDOQ,NC1=NON=C1C1=[N+]([O-])ON=C1C1=NON=C1N(=O)=O
TEVDOQ01,NC1=NON=C1C2=[N+](ON=C2C3=NON=C3N(=O)=O)[O-]
TEVGAF,CN1C(=NC=C1N(=O)=O)/C=N/OCc1ccc(cc1)C
TEVGUZ,CC1(C)CC(=C(C(=O)C1)C1=C(Nc2ccc3ccccc3c12)c1ccc(cc1)N(=O)=O)O
TEVHEH,O=N(=O)C1=NC(=CN1)N(=O)=O
TEVHEH01,O=N(=O)C1=NC(=CN1)N(=O)=O
TEVHIN,COC(=O)[C@@]12C[C@]34C[C@@]2(CC[C@@H]4CCC3)[C@H](OC1=O)COC(=O)c1ccc(cc1)N(=O)=O
TEVSET,CC1=C(/N=C/c2cc(ccc2O)N(=O)=O)C(=O)N(N1C)c1ccccc1
TEVSET01,CC1=C(/N=C/c2cc(ccc2O)N(=O)=O)C(=O)N(N1C)c1ccccc1
TEWHOS,CC(C)Nc1c(c(N(C)C)c(c(N(C)C)c1N(=O)=O)N(=O)=O)N(=O)=O
TEWHUY,CC(C)Nc1c(c(NC(C)C)c(c(N(C)C)c1N(=O)=O)N(=O)=O)N(=O)=O
TEWJAG,Nc1c(c(N2CCCCC2)c(c(N2CCCCC2)c1N(=O)=O)N(=O)=O)N(=O)=O
TEWJIO,CC(C)Nc1c(c(N)c(c(NC(C)C)c1N(=O)=O)N(=O)=O)N(=O)=O
TEWJOU,Nc1c(c(N)c(c(N2CCCCC2)c1N(=O)=O)N(=O)=O)N(=O)=O
TEWJUA,CC(C)Nc1c(c(N)c(c(N)c1N(=O)=O)N(=O)=O)N(=O)=O
TEXMIU,CCOC(=O)C1=C(C)NC(=O)N([C@H]1c1ccc(cc1)N(=O)=O)CN1N=NC(=C1)c1ccccc1
TEYHIO,COC(=O)Nc1ccc(cc1/C(=C(/C(=O)OC)\C#N)/C(=O)OC)N(=O)=O
TEYLIS,CCOC(=O)[C@H]1[C@H](N(=O)=O)[C@H](N(N1CC)c1ccccc1)C
TEYMAN,O=C1CC(C)(C)CC2=C1[C@H](c1ccc(cc1)N(=O)=O)C(=C(N2)c1ccccc1)c1ccccc1
TEYPOD,N#C[C@]12CCCC[C@H]1CC[C@@H]2OC(=O)c1ccc(cc1)N(=O)=O
TEZBAC,CCOC(=O)C[C@@H]1O[C@@H](CC[C@@]1(C)OC(=O)c1ccc(cc1)N(=O)=O)C(=C)C
TEZGOV,O=N(=O)C[C@]1(C)CCC[C@]2([C@H]1CCc1c2ccc(c1)C(C)C)C
TEZXOM,O=N(=O)c1ccc(Oc2ccc(cc2)c2ccc(Oc3ccc(cc3)N(=O)=O)cc2)cc1
TIBGET,O=N(=O)c1ccc2c(c1)[C@]1(OCc3c(N1)cccc3)C(=O)N2
TIBHES,COC(=O)/C(=C\C(=O)OC)/N1C=NC(=C1)N(=O)=O
TIBKIY,COC(=O)CC1=C(N2CCOCC2)c2cc(ccc2O1)N(=O)=O
TIBKOE,COC(=O)C1=Cc2cc(ccc2O[C@@H]1N1CCOCC1)N(=O)=O
TIBMIA,Nc1[n+]([O-])c(N)c(cc1N(=O)=O)N(=O)=O
TIBMIA01,Nc1[n+]([O-])c(N)c(cc1N(=O)=O)N(=O)=O
TIBMOG,O=N(c1c(N)c(N(=O)=O)c(N)[n+]([O-])c1N)=O
TIBMUM,Nc1nc(N)c(c(N)c1N(=O)=O)N(=O)=O
TICDAN,O=N(=O)c1cc2Oc3ccccc3c2cc1C1OCCO1
TICJUN,O=N(=O)C1=CN(N=C1N1C=NN=N1)C(N(=O)=O)(N(=O)=O)N(=O)=O
TICKIC,O=N(=O)C1=CC(=NN1C(N(=O)=O)(N(=O)=O)N(=O)=O)N1C=NN=N1
TICPIE,O=C(c1ccc2c(c1)cccc2)/C=C/c1ccc(cc1)N(=O)=O
TICSAZ,OC[C@H]1O[C@H](C[C@@H]1N(=O)=O)N1C=C(C)C(=O)NC1=O
TICSED,CCCO[C@@H]1[C@H](N(=O)=O)[C@H](O[C@H]1N1C=C(C)C(=O)NC1=O)CO
TICTOO,Cc1cc(cc2COCc3cc(cc(C)c3c12)N(=O)=O)N(=O)=O
TICYEJ,C#Cc1ccc(cc1)/C=C/c1ccc(cc1)N(=O)=O
TICYIN,C#Cc1ccc(cc1)/C=C\c1ccc(cc1)N(=O)=O
TICYOT,Oc1c(c(O)c(c(O)c1N(=O)=O)N(=O)=O)N(=O)=O
TIDBUG,CC(=O)C1(CC1)c1cccc(c1)N(=O)=O
TIDCIS,Oc1cccc2C(=O)c3c(c(O)ccc3N(=O)=O)C(=O)c12
TIDDUI,O=N(=O)c1ccc(cc1)C1=C(N=NN1CCOc1ccccc1)C#N
TIDHOE,COC(=O)C1(CC2=C[C@H](CC2=O)Cc2c([C@@H]1CN(=O)=O)cccc2)C(=O)OC
TIDHUK,O=C1/C=C\C[C@H](OC(=O)c2cc(cc(c2)N(=O)=O)N(=O)=O)c2c([C@@H](CO1)C)cccc2
TIDJAS,C[C@H]1OC(=O)/C=C\C[C@@H](c2c(C1)cccc2)OC(=O)c1cc(cc(c1)N(=O)=O)N(=O)=O
TIDJEW,C[C@H]1CCCc2ccccc2[C@@H](C/C=C/C(=O)O1)OC(=O)c1cc(cc(c1)N(=O)=O)N(=O)=O
TIDSAC,CCOC(=O)C1=C(C)N(Nc2ccc(cc2)N(=O)=O)N=N1
TIFHAS,C/C(=C\[C@@H]1C(=CCCC1(C)C)C)/[C@H](OC(=O)c1ccc(cc1)N(=O)=O)C
TIFHEW,CC[C@@H](OC(=O)c1ccc(cc1)N(=O)=O)/C=C/[C@@H]1C(=CCCC1(C)C)C
TIFSAC,O=C(OCc1ccc(cc1)N(=O)=O)c1cncc(c1)C(=O)OCc1ccc(cc1)N(=O)=O
TIFTUY,C[C@H](C[C@@H](C[C@@H](C[C@@H]([C@H](OC(=O)c1ccc(cc1)N(=O)=O)C)C)C)C)COC(=O)c1ccc(cc1)N(=O)=O
TIFWOX,O=C(c1ccccc1N)/C=C/c1ccc(cc1)N(=O)=O
TIGVOX,COC(=O)C([C@H]1[C@@H](CC2=CN(c3c2c1ccc3)Cc1ccccc1)N(=O)=O)C(=O)OC
TIGYOX,CCOC(=O)C(CC(=O)OC(C)(C)C)(CC(=O)OC(C)(C)C)N(=O)=O
TIGZIT,CC(OC(=O)/C(=C\c1cccc(c1)N(=O)=O)/C(=O)C)C
TIHBES,CC1=C(/N=C/C2=CC=C(O2)N(=O)=O)C(=O)N(N1C)c1ccccc1
TIHBES01,CC1=C(/N=C/C2=CC=C(O2)N(=O)=O)C(=O)N(N1C)c1ccccc1
TIHHIC,COC1=C(N=C(C)N1c1ccccc1)N(=O)=O
TIJJED,CN(C)CCN(Cc1cc(cc(c1O)C(C)(C)C)N(=O)=O)Cc1cc(cc(c1O)C(C)(C)C)N(=O)=O
TIJLIH,Oc1ccc(cc1N1C=NN=N1)N(=O)=O
TIJPAE,O=N(=O)C1=CC2=NOC(=C2C=C1)c1ccccn1
TIJPEI,O=C1c2cccc[n+]2[N-]c2cc(ccc12)N(=O)=O
TIJPIM,O=N(=O)c1cc(ccc1[C@H]([C@@H](c1ccc(cc1N(=O)=O)N(=O)=O)c1ccccn1)c1ccccn1)N(=O)=O
TIJROU,CC(=O)C(=NNc1ccccc1N(=O)=O)C(C)=O
TIJRUA,CC(=O)C(=NNc1c(cccc1N(=O)=O)N(=O)=O)C(C)=O
TIKVIV,O=C1N(CCN2CCOCC2)C(=O)c2cc(cc3cccc1c23)N(=O)=O
TILBAT,O=N(=O)[C@H]1[C@@H](O)c2c([C@@H]1C1=CNc3c1cccc3)cccc2
TILJOP,[O-][N+]1=C(C(N(=O)=O)=NO1)C2=NNN=N2
TILJUV,CON1N=NN=C1NCC(N(=O)=O)(N(=O)=O)N(=O)=O
TIMFAZ,COC(=O)[C@]1(c2ccccc2)[C@H](C)C(=O)O[C@H]1c1ccc(cc1)N(=O)=O
TIMGOM,CC(=O)C[C@H](C1=C(OC(=O)C)c2c(OC1=O)cccc2)c1ccc(cc1)N(=O)=O
TIMKIL,CN1N=C([C@@H]2C[C@@]1(O)CCC2)c1cccc(c1)N(=O)=O
TIMTAK,C=C1C[C@@H]([C@H]2[C@@]1(C)CC[C@@H]2OCc1ccccc1)COC(=O)c1cc(cc(c1)N(=O)=O)N(=O)=O
TIMYUL,CC([C@@H]1COC(=O)N1C1=C[C@H]2CC[C@@H]1C[C@H]2C(=O)c1ccc(cc1)N(=O)=O)C
TIMZAQ,O=C(NN=Cc1ccccc1N(=O)=O)c1ccncc1
TIMZAQ01,O=C(c1ccncc1)N/N=C/c1ccccc1N(=O)=O
TIMZAQ02,O=C(c1ccncc1)N/N=C/c1ccccc1N(=O)=O
TIMZAQ03,O=C(c1ccncc1)N/N=C/c1ccccc1N(=O)=O
TINWUJ,OC(=O)CCC(=O)Nc1ccc(cc1)N(=O)=O
TINXIY,COC(=O)C1=CC(=O)N2CCN(C)C2=C1N(=O)=O
TIPHIL,OC(=O)c1c(cccc1N(=O)=O)N(=O)=O
TIPMEM,O=C(NCN(CC(N(=O)=O)(N(=O)=O)N(=O)=O)N(=O)=O)OCC(N(=O)=O)(N(=O)=O)N(=O)=O
TIPMIQ,OC(=O)CN(CC(N(=O)=O)(N(=O)=O)N(=O)=O)N(=O)=O
TIPMUC,O=C(CN(CC(N(=O)=O)(N(=O)=O)N(=O)=O)N(=O)=O)N=[N+]=[N-]
TIPNEN,CCOC(=O)CNC(=O)OCC(N(=O)=O)(N(=O)=O)N(=O)=O
TIPNIR,O=C(CN(CC(N(=O)=O)(N(=O)=O)N(=O)=O)N(=O)=O)OCC(N(=O)=O)(N(=O)=O)N(=O)=O
TIQHOQ,Cc1nc(C)c(C(=O)OCC(C)(C)C)c(c2cccc(c2)N(=O)=O)c1C(=O)OCC(C)(C)C
TIQHUW,CCCCCCOC(=O)c1c(C)nc(C)c(C(=O)OCCCCCC)c1c1cccc(c1)N(=O)=O
TIQLUD,C=C[C@H]1[C@@]2([C@@]1(C)CN(C2=O)Cc1ccc(cc1)OC)/C(=N/Nc1cccc(c1)N(=O)=O)/C
TIQXEW,CO[C@H]1CC[C@H](O[C@]21CCCCO2)CCCOC(=O)c1ccc(cc1)N(=O)=O
TISJUB,OC(c1[n+]([O-])ccc(N(=O)=O)c1)=O
TISJUB01,OC(c1[n+]([O-])ccc(N(=O)=O)c1)=O
TISNEP,COC(=O)c1ccc(c(c1)N(=O)=O)N([C@H](c1ccccc1)C(=O)NCc1ccccc1)Cc1ccccc1
TITCUU,C/C=C(/C(=O)C)\OC(=O)c1ccc(cc1)N(=O)=O
TITKUC,O=N(=O)/C(=C/C=C/N1CCCC1)/C
TITWAV,O=C(Nc1ccccc1N(=O)=O)c1cnccn1
TITXAW,Cc1ccc(cc1NC(=O)c1cnccn1)N(=O)=O
TIVBOQ,CCN(c1ccc(cc1)/N=N/c1ccc(cc1)N(=O)=O)CCOC(=O)c1c2ccccc2cc2c1cccc2
TIVMER,O=C(Nc1ccc(cc1)C#N)Nc1ccc(cc1)N(=O)=O
TIVMUH,Cc1cccc(NC(=O)Nc2ccc(cc2)N(=O)=O)c1
TIVPUK,CN(C)c1ccc(NC(=O)Nc2ccc(cc2)N(=O)=O)cc1
TIVQEV,Cc1ccc(NC(=O)Nc2ccc(cc2)N(=O)=O)cc1
TIVRIA,COC(=O)c1ccc(cc1)/C/1=C/2\C=CC(=N2)/C(=C\2/C=C/C(=C(/C3=N/C(=C(\C4=CC=C1N4)/c1ccccc1)/C=C3)\c1ccc(cc1)N(=O)=O)/N2)/c1ccccc1
TIVSIA,O=N(=O)[C@H]1C=CC2=C([C@@H]1C(N(=O)=O)(N(=O)=O)N(=O)=O)c1ccccc1O2
TIVSOG,O=N(=O)C([C@H]1C=C[C@H](C2=C1c1ccccc1O2)O)(N(=O)=O)N(=O)=O
TIVSUM,O=N(=O)C(c1ccc2c(Oc3ccccc23)c1)(N(=O)=O)N(=O)=O
TIVTUP,O=N(=O)[C@H]1[C@@H]2CC[C@H]([C@H]1ON1C(C)(C)CCCC1(C)C)C2
TIXPEV,O/N=C(\N1N=C(C=C1N)C)/c1cccc(c1)N(=O)=O
TIXQUM,Cc1ccc(cc1N)N(=O)=O
TIXQUM01,Cc1ccc(cc1N)N(=O)=O
TIXQUM02,Cc1ccc(cc1N)N(=O)=O
TIXWIH,CCOC(=O)/C(=C(/Nc1ccc(cc1)N(=O)=O)\N[C@H](c1ccccc1)C)/C#N
TIZMAQ,O=N(=O)C1=NON=C1OC1=NON=C1N(=O)=O
TIZMOG,CO[C@H]1O[C@H]2/C(=N\Nc3ccc(cc3N(=O)=O)N(=O)=O)/CO[C@H]2[C@@H]([C@H]1OC)OC
TIZVEG,O=C([C@H]1O[C@@H]1c1ccccc1N(=O)=O)c1ccccc1
TNBENZ10,O=N(=O)c1cc(cc(c1)N(=O)=O)N(=O)=O
TNBENZ11,O=N(=O)c1cc(cc(c1)N(=O)=O)N(=O)=O
TNBENZ12,O=N(=O)c1cc(cc(c1)N(=O)=O)N(=O)=O
TNBENZ13,O=N(=O)c1cc(cc(c1)N(=O)=O)N(=O)=O
TNBENZ14,O=N(=O)c1cc(cc(c1)N(=O)=O)N(=O)=O
TNBMAN10,COc1ccc(cc1)N(C)Cc1c(cc(cc1N(=O)=O)N(=O)=O)N(=O)=O
TNDPAM,O=N(=O)c1cc(c(Nc2ccccc2)c(c1)N(=O)=O)N(=O)=O
TNDPAM02,O=N(=O)c1cc(c(Nc2ccccc2)c(c1)N(=O)=O)N(=O)=O
TNFLUO,O=C1c2cc(ccc2c2c1cc(cc2N(=O)=O)N(=O)=O)N(=O)=O
TNFLUO01,O=C1c2cc(ccc2c2c1cc(cc2N(=O)=O)N(=O)=O)N(=O)=O
TNIOAN,Nc1c(cc(cc1N(=O)=O)N(=O)=O)N(=O)=O
TNIOAN01,Nc1c(cc(cc1N(=O)=O)N(=O)=O)N(=O)=O
TNIOAN02,Nc1c(cc(cc1N(=O)=O)N(=O)=O)N(=O)=O
TNITAN,Nc1c(cc(c(c1N(=O)=O)N(=O)=O)N(=O)=O)N(=O)=O
TNITAN01,Nc1c(cc(c(c1N(=O)=O)N(=O)=O)N(=O)=O)N(=O)=O
TNOXYL,Cc1c(cc(c(C)c1N(=O)=O)N(=O)=O)N(=O)=O
TNOXYL01,Cc1c(cc(c(C)c1N(=O)=O)N(=O)=O)N(=O)=O
TNPHNT,CCOc1c(cc(cc1N(=O)=O)N(=O)=O)N(=O)=O
TOBJAX,N#C/C(=C\c1cccc(c1OC)OC)/c1ccc(cc1)N(=O)=O
TOBJEC,CC1=NN(C(=O)/C/1=N\Nc1ccccc1N(=O)=O)c1ccccc1
TOBJIG,CC1=NN(C(=C1/N=N/c1ccc(cc1)N(=O)=O)N)c1ccccc1
TOCBAR,COC(=O)C1=C(C)OC(=C([C@H]1c1ccc(cc1)N(=O)=O)N(=O)=O)NC
TOCNEG,CCN(c1ccc2c(c1)Oc1c(C32N(/N=C/c2ccc(cc2)N(=O)=O)C(=O)c2c3cccc2)ccc(c1)N(CC)CC)CC
TODCEW,O=N(=O)c1ccc(C#N)c(c1)C#N
TODMEH,O=C(CN1C=NC(=C1)N(=O)=O)N/N=C(/c1ccccn1)\C
TODMIL,O=C(CN1C=CN=C1N(=O)=O)N/N=C(/c1ccccn1)\C
TODMOR,O=C(CN1C=NC(=C1)N(=O)=O)N/N=C(\c1ccccn1)/c1ccccc1
TODMUX,O=C(CN1C=NC(=C1)N(=O)=O)N/N=C(/c1ccccn1)\c1ccccc1
TOFCUP,CN(C)c1ccccc1c1cc(ccc1C=O)N(=O)=O
TOFFEC,Cc1ccc(cc1)N1CCN(c2ccc(C)cc2)C(=C1)N(=O)=O
TOFNAD,CC1=C(C)[C@](C(=C[C@@H]1C(N(=O)=O)(N(=O)=O)N(=O)=O)C)(C)N(=O)=O
TOFNEH,Cc1cc(c(C)c(C)c1C)C(N(=O)=O)(N(=O)=O)N(=O)=O
TOGKUY,CCOC(=O)C1=C(c2ccc(cc2)N(=O)=O)c2ccc(OC)cc2C1
TOGWIX01,CC1(C)CCCCc2c(cc(cc2N(=O)=O)N(=O)=O)C1=O
TOGZAS,CN(c1ccc(cc1)N1C=C(N(=O)=O)[C@H](C(=C1)N(=O)=O)c1ccccc1)C
TOGZEW,O=N(=O)C1=NO[N+](=C1CCCCCCC1=[N+]([O-])ON=C1N(=O)=O)[O-]
TOHDIG,O=C(CN1C=CN=C1N(=O)=O)NC[C@]12[C@H]3[C@H]4[C@@H]2[C@H]2[C@@H]1[C@@H]3[C@@H]42
TOHXAP,Nc1ccccc1C#Cc1ccccc1N(=O)=O
TOHXAP01,Nc1ccccc1C#Cc1ccccc1N(=O)=O
TOJWIA,CC1(C)C(=O)c2ccc(cc2C1=O)N(=O)=O
TOJWOG,CC1(C)CCc2ccc(cc2C1=O)N(=O)=O
TOKKUC,COc1ccc(cc1)/N=N/Nc1ccccc1N(=O)=O
TOLCUU,COC(=O)C1(CC1)C1=CC(=NN1c1ccc(cc1)N(=O)=O)C
TOLGAF,O=N(=O)c1cc(c(N=[N+]=[N-])c(c1N=[N+]=[N-])N(=O)=O)N(=O)=O
TOLHIL,O=N(=O)[C@@]1(C)[C@@H](C1(C)C)[C@H]1COC(O1)(C)C
TOLHOR,O=N(=O)[C@]1(C)[C@@H](C1(C)C)[C@H]1COC(O1)(C)C
TOMMIS,Cc1ccc(Oc2cc(cc3Oc4ccc5ccccc5c4N=Cc23)N(=O)=O)cc1
TOMMUE,COC1=CC(=O)N[C@@H]1[C@@H](c1ccccc1)CN(=O)=O
TOMXID,CC(CCC(=O)[C@H]1C(=O)OC[C@@H]1CN(=O)=O)C
TONFUA,C[C@H]1[C@H](C[C@H]2[C@@H]1COCC2)OC(=O)c1ccc(cc1)N(=O)=O
TONFUX,O=N(=O)c1ccc(N2CCCCC2)c(c1)N(=O)=O
TONZUS,CCO[C@@H]1CCC(=C(O1)C)OC(=O)c1ccc(cc1)N(=O)=O
TOPYUU,CC(=O)Nc1ccccc1C(=O)C(=O)Nc1ccc(cc1)N(=O)=O
TOQBEI,Cc1ccnc(NNc2nccc(C)c2N(=O)=O)c1N(=O)=O
TORKUJ,NNC(=O)c1ccccc1N(=O)=O
TORLIW,CCOC(=O)[C@@H]1[C@@H](C(C)C)N(O[C@]1(C)O)C(=O)c1cc(cc(c1)N(=O)=O)N(=O)=O
TORMUJ,CC[C@@H]1[C@H](N(=O)=O)[C@@H](c2ccccc2)C([C@H](C1(C#N)C#N)c1ccccc1)(C#N)C#N
TORTOJ,C1(=CCCCC1)C=1N(C=C(C1\C=C\C=C\C1=CC=CC=C1)[N+](=O)[O-])C
TOSROL,COc1ccc(cc1)C1=NOC(=C1N(=O)=O)C
TOTLIA,COc1ccc(cc1NC(Nc1cc(ccc1OC)N(=O)=O)c1ccccn1)N(=O)=O
TOTWOQ,O=C1N(Cc2ccccn2)C(=O)c2cc(cc3cccc1c23)N(=O)=O
TOVLUN,O=C[C@]12CCC[C@@]2(C=CC1)COC(=O)c1ccc(cc1)N(=O)=O
TOXCNB,CC(C)CCC[C@@H](C)[C@H]1CC[C@@H]2[C@@]1(CC[C@H]3C2=C[C@H]4[C@@]35C[C@@H](OC(c6cc(N(=O)=O)cc(N(=O)=O)c6)=O)CC[C@]45C)C
TOXISA10,CC([C@H](/C=C/[C@H]([C@H]1CC[C@@H]2[C@]1(C)CCC[C@@]12C=CC2=C(CC[C@@H]([C@@H]12)OC(=O)c1cc(cc(c1)N(=O)=O)N(=O)=O)C)C)C)C
TOYGIZ,Cc1cc(ccc1N(=O)=O)C(O)=O
TOYGIZ01,Cc1cc(ccc1N(=O)=O)C(O)=O
TOYGIZ02,Cc1cc(ccc1N(=O)=O)C(O)=O
TOYGIZ03,Cc1cc(ccc1N(=O)=O)C(O)=O
TOYGIZ04,Cc1cc(ccc1N(=O)=O)C(O)=O
TOYNAZ,CN1c2ccccc2C(C)(C)c2nc3ccc(cc3nc12)N(=O)=O
TOYNED,CN1c2ccccc2C(C)(C)c2nc3cc(ccc3nc12)N(=O)=O
TOYYAH,Cc1ccnc(Cc2ccc(cc2N(=O)=O)N(=O)=O)c1
TOYYEL,O=N(=O)c1cc(ccc1[C@@H](c1ccccn1)C)N(=O)=O
TOYYIP,Cc1ccnc(c1)c1cc(Cc2ccc(cc2N(=O)=O)N(=O)=O)ccn1
TOZYUE,Cc1ccc(Oc2ccccc2N(=O)=O)c(Oc2ccccc2N(=O)=O)c1
TUBFEB,O=CN[C@H]([C@@H](c1ccccc1)O[C@@H](CN(=O)=O)CC)C
TUBFUR,C=CCC[C@H]([C@@H](C(C)(C)C)OC(=O)c1cc(cc(c1)N(=O)=O)N(=O)=O)Oc1ccc(cc1)OC
TUBSOA,COc1ccc(NC(=O)CCC(O)=O)c(c1)N(=O)=O
TUBVIY,O=N(=O)c1cc(ccc1O/N=C/1\CCCCC1(C)C)N(=O)=O
TUBYIY,OCC(CO)(N(=O)=O)N(=O)=O
TUBYIY01,OCC(CO)(N(=O)=O)N(=O)=O
TUBYIY02,OCC(CO)(N(=O)=O)N(=O)=O
TUBYIY03,OCC(CO)(N(=O)=O)N(=O)=O
TUCJOS,O=C1NC(=O)c2cc(ccc2N1)N(=O)=O
TUCJUZ,O=N(=O)C1=CN(N=N1)[C@]12C[C@H]3C[C@@H](C2)C[C@@H](C1)C3
TUCROZ,O=N(=O)c1ccc2c(c1)C(=CN2)[C@H](c1ccccc1)/C=C(/c1ccccc1)\C#Cc1ccccc1
TUDVUM,Nc1nc(N=[N+]=[N-])nc(N)c1N(=O)=O
TUDXEW,C=C/C(=C\C[C@@]1(C)[C@H](C)CCC[C@@H]1OC(=O)c1cc(cc(c1)N(=O)=O)N(=O)=O)/C
TUDXOH,O=C(Nc1ccccc1N(=O)=O)c1ccccc1N(=O)=O
TUFFAB,O=N(=O)c1cccc2CCCc12
TUFFEF,O=N(=O)c1ccc2CCCc2c1
TUFHOU,COC(=O)/C(=C\1/C(=O)N(c2c1cccc2)C)/[C@@H](OC(=O)c1ccc(cc1)N(=O)=O)C/C=C/c1ccccc1
TUFHUA,COC(=O)[C@@H]([C@@H](/C(=C\1/c2ccccc2N(C1=O)C)/C(=O)OC)OC(=O)c1ccc(cc1)N(=O)=O)/C=C/c1ccccc1
TUFKIQ,O=C1N[C@@H](c2ccccc2)C(=C(N1)c1ccccc1O)N(=O)=O
TUFNEP,O=C([C@H]([C@@H](N1N=C(C(=C1C)N(=O)=O)C)c1ccc(cc1)c1ccccc1)O)c1ccccc1
TUGTUL,CCOC(=O)/C=C/1\CC[C@@H](O1)c1cccc(c1N(=O)=O)OC
TUGZUR,COc1ccc(cc1)[C@@H]1Oc2ccccc2[C@H]([C@H]1N(=O)=O)C1=CNc2c1cccc2
TUHBAA,COc1ccc(cc1)[C@@H]1Oc2ccccc2[C@H]([C@@H]1N(=O)=O)C1=CNc2c1cccc2
TUHBEE,O=N(=O)[C@@H]1[C@@H](c2ccccc2OC1(C)C)C1=CNc2c1cccc2
TUHBEE01,O=N(=O)[C@@H]1[C@@H](c2ccccc2OC1(C)C)C1=CNc2c1cccc2
TUHBII,O=N(=O)[C@@H]1[C@H](c2ccccc2OC1(C)C)C1=CNc2c1cccc2
TUHNAN,CCOC(=O)C1=C(N)[C@@]([C@@H]([C@H]([C@@H]1c1ccc(cc1)C)N(=O)=O)c1ccc(cc1)C)(C#N)C(=O)OCC
TUJPUL,CC(=O)OCc1ccc(c(N)c1)N(=O)=O
TUJRUN,CN1C(=O)C(C(=O)N(C1=O)C)[C@H](c1ccccc1)CN(=O)=O
TUJVUR,CC(=O)C1=NN(c2ccccc2)C(=O)C(=C1)c1ccc(cc1)N(=O)=O
TUKBUW,O=C([N-][N+]1=C(N(N=C1c1ccccc1)c1ccc(cc1)N(=O)=O)c1ccccc1)c1ccccc1
TUKRIB,O=C(c1cc(cc(c1)N(=O)=O)N(=O)=O)O[C@H]1CC[C@H]2C(=C1)C[C@@H]2CCc1ccccc1
TUKROH,O=C(c1cc(cc(c1)N(=O)=O)N(=O)=O)O[C@@H]1CC[C@@]2(C(=C1)C[C@H]2CCc1ccccc1)C
TUKWII,O=N(=O)C(C1=NON=C1N(=O)=O)N(=O)=O
TUKXOP,O=N(=O)C1=CC2=C([C@]3([C@@H]1N(C)c1c3cccc1)C)C(=O)C=CC2=O
TUKXOP01,O=N(=O)C1=CC2=C([C@]3([C@@H]1N(C)c1c3cccc1)C)C(=O)C=CC2=O
TUKZIK,O=C(Oc1ccc(cc1)N(=O)=O)/C=C\C1=C(C)OC(=C1)C
TULGAK,Oc1ccc(cc1/C=N/C1=C(Nc2c(C1=O)cccc2)c1ccccc1)N(=O)=O
TUMBAE,Cc1cc(C)c(CC(N(=O)=O)(N(=O)=O)N(=O)=O)c(C)c1
TUMBEI,O=N(=O)[C@]1(C)C(=C[C@@](C=C1C)(C)C(N(=O)=O)(N(=O)=O)N(=O)=O)C
TUMHIV,CNC(=O)C1=NO[C@](C1)(C)c1cccc(c1)N(=O)=O
TUMSUQ,O=N(=O)c1cc(ccc1N/N=C\1/Cc2ccccc2C#Cc2c1cccc2)N(=O)=O
TUMTIE,CC(=O)Nc1cc(COC(C)=O)ccc1N(=O)=O
TUMXOQ,O=C(c1ccc(cc1)N(=O)=O)OC[C@H]1C[C@@H]2[C@@H]3[C@H]1C[C@H]([C@@H]3OC2)OC(=O)c1ccc(cc1)N(=O)=O
TUMYAD,O=C(c1ccc(cc1)N(=O)=O)OC[C@@H]1C[C@@H]([C@H]2[C@@H]1C[C@@H]1[C@H]2O1)COC(=O)c1ccc(cc1)N(=O)=O
TUNCUD,O=N(=O)c1ccc(cc1)CN1N=NN=C1[C@@H]1N=C1c1ccccc1
TUNPIC,CN1CCN(CC1)c1ccc(c(N)c1)N(=O)=O
TUNSEA,O=C1/C(=C/c2ccc(cc2)N(=O)=O)/CCc2c1cccc2
TUNSEA01,O=C1/C(=C/c2ccc(cc2)N(=O)=O)/CCc2c1cccc2
TUNWAB,O=N(=O)c1ccccc1NN=C1CCCCC1
TUNYIM,O=N/C(=C\1/CCCN1)/N(=O)=O
TUPBOY,O=N(=O)c1ccc2NC=Cc2c1
TUPNEY,COc1ccc(cc1)CN1C[C@H]2[C@H](C1=O)[C@@H](c1ccc(cc1)N(=O)=O)[C@H](C=C2)c1ccccc1
TUPVIL,O=N(=O)c1cc(/C=C/c2ccc(cc2)N(c2ccccc2)c2ccccc2)c(cc1/C=C/c1ccc(cc1)N(c1ccccc1)c1ccccc1)N(=O)=O
TUPZUA,CN(/C=C/1\N=C(OC1=O)c1ccc(cc1)N(=O)=O)C
TUPZUA01,CN(/C=C/1\N=C(OC1=O)c1ccc(cc1)N(=O)=O)C
TUQCOX,O=N(=O)/C(=C/C1=CN=CN1Cc1ccccc1)/c1ccccc1
TUQCOX01,O=N(=O)/C(=C/C1=CN=CN1Cc1ccccc1)/c1ccccc1
TUQCUF,O=N(=O)c1ccccc1/C=C/C=C/C=C/c1ccccc1N(=O)=O
TUQDAM,O=N(=O)c1cccc(c1)/C=C/C=C/C=C/c1cccc(c1)N(=O)=O
TUQHET,CNc1ccc(cc1C(O)=O)N(=O)=O
TUQPAZ,C[C@H]1OC(=O)[C@]2(C1)N[C@@H]([C@@H]([C@H]2c1ccccc1)N(=O)=O)c1ccccc1
TUQXOU,CCOC(=O)c1cc2cc(ccc2cc1COc1ccccc1)N(=O)=O
TURBUG,CCN1CCNc2ccc(cc2Oc2ccccc2C1=O)N(=O)=O
TURDAO,O=C1NNC(=O)N1NCC(N(=O)=O)(N(=O)=O)N(=O)=O
TURXEM,COc1c(cc(NC(C)=O)c(c1N(C)C)N(=O)=O)N(C)C
TUSFAR,COC(=O)C1=C(C)NC2=Nc3c(N2[C@H]1c1ccccc1N(=O)=O)cccc3
TUSJAT,O=C(/C=C\[C@H]1O[C@@H]([C@@H]([C@H]1OCc1ccccc1)O)CN(=O)=O)OCc1ccccc1
TUSLOL,COC(=O)/C=C/[C@H]1[C@@H]([C@@H]1C1=C(N(=O)=O)C(=NO1)C)c1ccccc1
TUSYAJ,O=N(=O)[C@]1(C)N=NC[C@H]1[C@H]1CN=N[C@]1(C)N(=O)=O
TUSZOX,OC[C@H](CN1N=NC(=C1)CNc1cccc(c1)N(=O)=O)O
TUTFAQ,COC(=O)/C(=C/c1c(C)cc(cc1C)C)/c1ccccc1N(=O)=O
TUVMEE,OCCCNc1cc(NCCCO)c(cc1N(=O)=O)N(=O)=O
TUVMEE01,OCCCNc1cc(NCCCO)c(cc1N(=O)=O)N(=O)=O
TUVMEE02,OCCCNc1cc(NCCCO)c(cc1N(=O)=O)N(=O)=O
TUVMUU,OCCCCNc1cc(NCCCCO)c(cc1N(=O)=O)N(=O)=O
TUVMUU01,OCCCCNc1cc(NCCCCO)c(cc1N(=O)=O)N(=O)=O
TUVNEF,OCCCCCNc1cc(NCCCCCO)c(cc1N(=O)=O)N(=O)=O
TUVZEP,COc1cc2CC[N@@]3[C@H](c2cc1OC)C[C@H](O[C@@H]3c1ccc(cc1)N(=O)=O)c1ccccc1
TUWBAQ,CC(=O)O[C@@H]1[C@H](OC(=O)C)[C@@H](OC(=O)C)[C@@H](O[C@@H]1N1C(=O)/C(=C/C(=O)c2ccc(cc2)N(=O)=O)/c2c1cccc2)C
TUWFOG,O=C1N(C)C(=O)[C@H]2[C@@H]1C[C@](O)(C=C2)[C@@H](c1ccc(cc1)N(=O)=O)O
TUXSIQ,CCOC(=O)c1ccc(cc1)N1O[C@@H](C)C=C[C@H]1NC(=O)OCc1ccc(cc1)N(=O)=O
TUYMEF,CN(C)c1ccc(cc1)[N+]([O-])=Cc1ccc(c(NC(C)=O)c1)N(=O)=O
TUZNUZ,CCOC(=O)[C@]1(CCC=C1C)/C(=N/Nc1ccc(cc1N(=O)=O)N(=O)=O)/C
TUZWIX,O=C([C@@H]1N=C[C@]([C@H]1C1=C(Nc2c1cccc2)c1ccccc1)(C)N(=O)=O)OC(C)(C)C
UBARIC,O=N(=O)c1ccc(cc1)[C@@]12O[C@@]2(c2ccccc2)c2c(C1=O)cccc2
UBATOI,OC[C@]1(CN(C[C@H]1c1ccc(cc1)C)C)N(=O)=O
UBAWEB,O=C1[C@H](O)[C@H](OCCN1[C@H](c1ccccc1)C)c1cccc(c1)N(=O)=O
UBAWUR,O=N(=O)C1=NON=C1C1=NOC(=NO1)C1=NON=C1N(=O)=O
UBENAU,CC(=O)N1CN(Cc2ccccc2)CC(=N1)c1ccc(cc1)N(=O)=O
UBOLII,CCOC(=O)C1=C(Nc2ccc3c(-c4ccccc4N3CC)c2)C(=O)O[C@@H]1c1ccc(cc1)N(=O)=O
UBUBAX,N#CC([C@@H](c1ccccc1)CC(=O)c1ccccc1)(Cc1ccc(cc1)N(=O)=O)C#N
UBUJUZ,Cc1nc2NC(=O)C=Nc2cc1N(=O)=O
UBUNUA,O=N(=O)c1cc(ccc1N/N=C\1/CCC[C@@H]2[C@H]1[C@@](C)(O)CCC2)N(=O)=O
UBUPAI,CCOC(=O)[C@]12CCCC[C@]2(O)[C@H](CC1)/C(=N/Nc1ccc(cc1N(=O)=O)N(=O)=O)/C
UBUPEM,CCOC(=O)[C@@]12CCC[C@@H]([C@@]2(O)CCCC1)/C(=N/Nc1ccc(cc1N(=O)=O)N(=O)=O)/C
UBUWAR,CCN(c1ccc2c(c1)OC1=C/C(=N\c3ccc(cc3C#N)N(=O)=O)/c3c(C1=N2)cccc3)CC
UCAPUM,CN1C=C(NC(=O)Cc2ccc(cc2)N(=O)=O)c2ccccc12
UCAQUN,O=C1N(Cc2cccnc2)C(=O)c2ccc(c3cccc1c23)N(=O)=O
UCAWUU,CCOC(=O)[C@]1(C(=O)C)[C@H]2O[C@]3(C[C@@H]1C(=O)C[C@@H]2O3)c1ccc(cc1)N(=O)=O
UCAXAZ,O=N(=O)[C@H]1[C@H](c2ccccc2)[N@]2[C@H](COC[C@@H]2C[C@@]1(C)O)Cc1ccccc1
UCAXED,O=N(=O)[C@H]1C[N@@]2[C@@H](C[C@@]1(C)O)COC[C@@H]2Cc1ccccc1
UCAXOO,O=C(NOC(=O)c1cc(cc(c1)N(=O)=O)N(=O)=O)c1ccccc1
UCAYOO,CC[C@@H]([C@H](C(=O)c1ccccc1)[C@@H](CN(=O)=O)NC(=O)C)c1ccccc1
UCEJIZ,COc1nc(nc2cc(ccc12)N(=O)=O)N1CCOCC1
UCEWIJ,O=N(=O)c1ccc(cc1)/C=C\c1ccc2c3c1ccc1c3c(cc2)ccc1
UCIHOF,CC1=N/C(=C\c2cc(ccc2O)N(=O)=O)/C(=O)N1C
UCINEC,CCCCCCCCCCCCCCCCCC/N=C/c1ccc(cc1)N(=O)=O
UCIRAA,O=N(=O)c1ccc(cc1)N1C(=O)N(c2ccc(cc2)N(=O)=O)[C@@]2(C(C1=O)(C)C)OCC(N2C)(C)C
UCIREE,O=C1N(c2ccc(cc2)N(=O)=O)C(=O)N(c2ccc(cc2)N(=O)=O)C(=O)N1c1ccc(cc1)N(=O)=O
UCIVEL,Oc1cccc(c1O)N(=O)=O
UCIVIP,Oc1ccc(cc1O)N(=O)=O
UCIVOV,Cc1cc(O)c(O)c(c1)N(=O)=O
UCIVUB,Cc1cc(O)c(O)cc1N(=O)=O
UCIXOT,Cc1cccc(C)c1OC(=O)c1cc(cc(c1)N(=O)=O)N(=O)=O
UCIXUC,CN(CC(=O)NC(=O)OCC(N(=O)=O)(N(=O)=O)N(=O)=O)N(=O)=O
UCOKOQ,Cc1ccc(cc1Nc1nccc(n1)c1ccccn1)N(=O)=O
UCOLII,O=C(NNC(=O)c1cc(cc(c1)N(=O)=O)N(=O)=O)c1ccncc1
UCOWOB,COc1c(C)cnc(c1C)/C=C/c1cccc(c1)N(=O)=O
UCUCIG,O=N(=O)c1cc(ccc1N/N=C/1\CC[C@@H](CC1)OCc1ccccc1)N(=O)=O
UCUCOM,O=N(=O)c1cc(ccc1N/N=C/1\CC[C@H]([C@@H]2[C@@H]1CCCC2)OCc1ccccc1)N(=O)=O
UDADIO,O=C1c2c3OCCOCCOCCOCCOc4cccc(C(=Nc5ccc(cc5)N(=O)=O)c2ccc3)c14
UDEQEB,O=N(=O)N(CC(N(=O)=O)(N(=O)=O)N(=O)=O)C1=NON=C1N(CC(N(=O)=O)(N(=O)=O)N(=O)=O)N(=O)=O
UDEYAF,CC1=NON=C1N(CC(N(=O)=O)(N(=O)=O)N(=O)=O)N(=O)=O
UDEYEJ,O=N(=O)N(CC(N(=O)=O)(N(=O)=O)N(=O)=O)C1=NON=C1C#N
UDOQIP,O=C(c1cc(cc(c1)N(=O)=O)N(=O)=O)O[C@@H]1CCc2c1nccc2
UDOQUC,O=N(=O)C1=NNC(=N1)C1=NON=C1N(=O)=O
UDOYOC,O=C(c1cc(cc(c1)N(=O)=O)N(=O)=O)OC[C@@H]1O[C@@]2([C@H]([C@@H]1COC(=O)c1cc(cc(c1)N(=O)=O)N(=O)=O)C)CCC(O2)(C)C
UDUQUG,COC1=NC(=CN1C)N(=O)=O
UDUROB,COC(=O)C1=C(C)NC(=C([C@H]1c1cccc(c1)N(=O)=O)C(=O)OCCN1C(=O)c2c(C1=O)cccc2)C
UFADIQ,COc1ccc(CC2(COC(C)(C)OC2)N(=O)=O)cc1
UFAJIV,COCCOC(=O)C1=C(C)NC(=C([C@@H]1c1cccc(c1)N(=O)=O)C(=O)OC)C
UFALOC,CC(=O)OCCN(c1ccc(cc1)/N=N/c1ccc(cc1)C1=Nc2c(O1)cc(cc2)N(=O)=O)CCOC(=O)C
UFEDOY,O=N(=O)C1=CC=C(N2CCCC2)C2=NON=C12
UFEDUE,O=N(=O)C1=CC=C(N2CCCCC2)C2=NON=C12
UFEFAM,O=N(=O)C1=CC=C(N2CCCCCC2)C2=NON=C12
UFEQAX,CN1[C@@H]2N(C)C=C([C@H]1N(C=C2N(=O)=O)C)N(=O)=O
UFIMEE,OC/C(=C\c1ccc2c(c1)OCO2)/N(=O)=O
UFINEE,COc1cc(N(=O)=O)c2c3c1O[C@@H]1[C@@]43CCN([C@H](C2)[C@@H]4C=C[C@@H]1O)C
UFOCIE,O=C(c1ccc(cc1)N(=O)=O)OC[C@H]1[C@@H]2CN(Cc3ccccc3)C[C@@H](C2)C2=CC=CC(=O)N12
UFOGUT,COC(=O)[C@]1(C[C@@H](ON([C@@H]1c1ccccc1)c1ccccc1)c1ccccc1)N(=O)=O
UFOHAA,COC(=O)[C@]1(C[C@H](ON([C@H]1c1ccccc1)c1ccccc1)c1ccccc1)N(=O)=O
UFOHEE,O=N(=O)[C@H]1C[C@@H](ON([C@@H]1c1ccccc1)c1ccccc1)c1ccccc1
UFOWIV,C=C[C@@H]1CCCC[C@@]21CCCN2C(=O)c1ccccc1N(=O)=O
UFUGOS,CN1CC[C@]23[C@H]([C@H]1CCC2)Oc1c3cc(cc1)N(=O)=O
UFUXOI,NC1=C(NN=C1N(=O)=O)N(=O)=O
UGAHOZ,N#C[C@@]1(CC[C@H](CC1)C(=C)C)OC(=O)c1ccc(cc1)N(=O)=O
UGAVOQ,O=N(=O)N1CNC(=NC1)C(N(=O)=O)(N(=O)=O)N(=O)=O
UGAVUW01,O=N(=O)N1CNC(NC1)=C(N(=O)=O)N(=O)=O
UGECOZ,CCCCCC(=C=C=C(CCCCC)c1ccccc1)C(=O)c1ccc(cc1)N(=O)=O
UGERUW,O=C(c1ccc(cc1)N(=O)=O)/C=C/c1ccc(cc1)N1c2ccccc2-c2c1cccc2
UGETAE,COC(=O)[C@]1(CCC/C(=N\Nc2ccc(cc2N(=O)=O)N(=O)=O)/C1)[C@@]1(C)OC(=O)C(=C1C)C
UGETIM,CCOC(=O)[C@]([C@@]1(C)OC(=O)C(=C1C)C)(C/C(=N/Nc1ccc(cc1N(=O)=O)N(=O)=O)/C)C
UGIROT,CC(=O)O[C@H]1CC[C@]2([C@H](C1)CC[C@@H]1[C@@H]2CC[C@]2([C@H]1CC=C2/C(=N/Nc1ccc(cc1)N(=O)=O)/C)C)C
UGIXUF,Oc1ccc(c(C=O)c1)N(=O)=O
UGOCAV,CCOC(=O)[C@H]1[C@@H]2CCC[C@H]2C(=O)N[C@H]1c1ccccc1N(=O)=O
UGOFUR,O=C1OC(=N/C/1=C\c1ccccc1N(=O)=O)c1ccccc1
UGOMEJ,CCCCC1=Cc2ccccc2[C@@H](N1[C@H](c1cccc2c1cccc2)C)CN(=O)=O
UGOQOX,O=C([C@H]1C[C@]2(ON1c1ccccc1)CCOC2=O)c1ccc(cc1)N(=O)=O
UGOQUD,O=C1OC(=O)[C@@]2(C1)C[C@@H](N(O2)c1ccccc1)C(=O)c1ccc(cc1)N(=O)=O
UGUHEJ,CC(=O)Nc1cccc(c1)N(=O)=O
UGUHEJ01,CC(=O)Nc1cccc(c1)N(=O)=O
UGULEN,O=N(=O)C1(CO[C@@H]2[C@H]1OCC2(N(=O)=O)N(=O)=O)N(=O)=O
UHAFAN,O=C(OCc1ccc(cc1)N(=O)=O)CO[C@@H](C(C)(C)C)c1ccccc1
UHAMAR,[O-]/[N+](C1=NON=C1N(=O)=O)=N\C2=NON=C2N(=O)=O
UHAMEV,O=N(=O)C1=NON=C1NNC1=NON=C1N(=O)=O
UHASIG,O=C(N1c2ccccc2C([C@H]1Oc1ccc2c(c1)cccc2)(C)C)c1ccc(cc1)N(=O)=O
UHATON,O/N=C1N[C@@H](c2c(N(=O)=O)cccc2)[N+]([O-])=C\1N
UHAVEF,O=C(N1CCCCC2=C1c1ccccc1N2)c1ccc(cc1)N(=O)=O
UHEQON,CC(=O)OCCN(c1ccc(cc1)/N=N/c1ccc(cc1)C1=NN=C(O1)c1ccc(cc1)N(=O)=O)CCOC(=O)C
UHIBIW,CO[C@@H]1O[C@H]2[C@@H]([C@@H]1[C@@H]([C@H]2OCc1ccccc1)N(=O)=O)OCc1ccccc1
UHIFOI,CCC1=NOC(=C1N(=O)=O)[C@@H]([C@@]1(O)C(=O)Nc2c1cc(OC)cc2)C
UHIPOS,O=N(=O)C1=C(ON=C1C)C[C@@]1(O)C(=O)Nc2c1cccc2
UHIQEH,COc1ccc(c(c1)[C@@]1(CCN(C1=O)C(=O)C)OOC(C)(C)C)N(=O)=O
UHIWIR,N#C[C@@H]1OC2C[C@@](C[C@H]3[C@@H]2O3)(N(=O)=O)C1
UHOPIQ,COc1ccc(cc1)N(C(C)=O)c1ccc(cc1)N(=O)=O
UHOQUE,CC(C)(NC=O)C(C)(C)N(=O)=O
UHOQUE01,CC(C)(NC=O)C(C)(C)N(=O)=O
UHUDUZ,Cc1cc(ccc1OC(=O)c1ccccc1N(=O)=O)C1(CCCCC1)c1ccc(OC(=O)c2ccccc2N(=O)=O)c(C)c1
UHUGUZ,O=N(=O)/C=C/[C@]12OC[C@@H]3[C@H]([C@@H]2OC(O1)(C)C)OC(O3)(C)C
UHUHEK,COc1ccc2c(c1)C=C([C@H](O2)[C@]12OC[C@@H]3[C@H]([C@@H]2OC(O1)(C)C)OC(O3)(C)C)N(=O)=O
UHUJAK,O=C(Nc1ccccc1N(=O)=O)C1=COc2ccccc2C1=O
UHULOZ,O=N(=O)c1ccc(cc1)C1=C(N=CN1)c1ccc(cc1)N(=O)=O
UHUMER,COC[C@](c1ccccc1)(COC(=O)c1cc(cc(c1)N(=O)=O)N(=O)=O)/C=C/C
UHURAS,O=N(=O)c1ccc(cc1)[C@@H]1O[C@@H]1c1ccc(cc1)N(=O)=O
UHUREW,COc1ccc(c(c1)[C@H]1O[C@@H]1c1cc(OC)ccc1N(=O)=O)N(=O)=O
UJAVUX,C=C1C=CC[C@@H]2[C@@]1(CCCC2)OC(=O)c1ccc(cc1)N(=O)=O
UJAWAE,O=C(c1ccc(cc1)N(=O)=O)OC([C@@H]1C=CC2=CCCC[C@@H]2C1)(C)C
UJAWOS,O=N(=O)c1cc(ccc1N/N=C\1/[C@H]2CCCC[C@@H]2C[C@H]2[C@@H]1C2(C)C)N(=O)=O
UJEMEB,NC(=O)c1cc(cc(c1)N(=O)=O)N(=O)=O
UJEMEB01,NC(=O)c1cc(cc(c1)N(=O)=O)N(=O)=O
UJEREG01,O=N(=O)c1ccccc1N=[N+]=[N-]
UJIGIE,CC(=O)Nc1ccc(cc1)/C=N/Nc1ccc(cc1)N(=O)=O
UJIHAX,CC1=CC(=NN1)NC(=O)Nc1cccc(c1)N(=O)=O
UJIHUS,Cc1cc(C)cc(CC2=CNC(=C2N(=O)=O)NCC#Cc2cc(C)cc(C)c2)c1
UJOKUA,O=C(NC1CCCCC1)c1ccccc1N(=O)=O
UJUDOU,COc1cc(ccc1O)[C@@H]1NN=C(C1)c1cccc(c1)N(=O)=O
UJUJOA,O=N(=O)c1ccc2N(CC#C)N=Cc2c1
UJUKOB,O=N(=O)c1ccc2N(Cc3ccccc3)N=Cc2c1
UKAXAG,O=N(=O)C1=CC=C(NC(c2ccccn2)c2ccccn2)C2=NON=C12
UKEPIK,CC[C@H]1C(=O)Oc2c([C@H]1CN(=O)=O)cccc2
UKEPIK01,CC[C@H]1C(=O)Oc2c([C@H]1CN(=O)=O)cccc2
UKEQAF,O=C[C@@]([C@@H](c1ccc(cc1)C)CN(=O)=O)(Cc1ccccc1)NC(=O)OCc1ccccc1
UKEQOR,CC(=O)[C@H]([C@H](c1ccc(cc1)N(=O)=O)O)CN1C(=O)c2c(C1=O)cccc2
UKEVOX,CCCCCCCCCCCCOc1cc(ccc1N/N=C/C1=C(C#N)C(=C(C#N)C#N)OC1(C)C)N(=O)=O
UKEYEQ,CC[C@@H]1C=C(C(=O)C[C@H]1CC#N)c1ccccc1N(=O)=O
UKIHIH,O=N(=O)C(N1C=CC(=N1)N(=O)=O)N(=O)=O
UKIJIJ,OCC(N1N=NC(=N1)N(=O)=O)(N(=O)=O)N(=O)=O
UKIMIM,C[C@H]1C[C@@H]([C@H](O1)c1ccccc1)COC(=O)c1cc(cc(c1)N(=O)=O)N(=O)=O
UKOHEK,O=N(=O)C1=NNc2c(N=[N+]=[N-])n[n+]([O-])nc12
UKOZUP,CC(=C)[C@H]1C[C@H](OC(=O)c2ccc(cc2)N(=O)=O)[C@@]2([C@@](C1)(O)[C@H](C)C=CC2)C
UKOZUP02,CC(=C)[C@@H]1C[C@H](OC(=O)c2ccc(cc2)N(=O)=O)[C@]2([C@@](C1)(O)[C@@H](C)C=CC2)C
UKUWEF,COc1cc2c(cc1OC)C[C@H]([C@@]12C=C[C@H]2[C@@H]1[C@@H]2COC(=O)c1ccc(cc1)N(=O)=O)O
ULABER,COc1ccc(cc1)N(C(=O)c1ccccc1)[C@H]([C@@H](C(=O)/N=N/N(C(C)C)C(C)C)c1ccccc1)c1ccc(cc1)N(=O)=O
ULANAW,Oc1c(cc2ccccc2c1c1c(O)c(cc2ccccc12)C(=O)c1ccc(cc1)N(=O)=O)C(=O)c1ccc(cc1)N(=O)=O
ULAQON,O=C(c1ccc(cc1N(=O)=O)N(=O)=O)O[C@@H]1CC[C@@H](CC1)C(C)(C)C
ULAQUT,O=C(c1cc(cc(c1)N(=O)=O)N(=O)=O)O[C@@H]1CC[C@@H](CC1)C(C)(C)C
ULARII,CC([C@@H]1CC[C@@H](CC1)Oc1ccc(cc1)N(=O)=O)(C)C
ULAROO,O=C(c1ccccc1N(=O)=O)O[C@@H]1CC[C@H](CC1)C(C)(C)C
ULASEF,O=N(=O)c1ccc(cc1)O[C@@H]1[C@@H]2C[C@@H]3C[C@H]1C[C@H](C2)C3
ULASIJ,O=C(c1ccc(cc1N(=O)=O)N(=O)=O)O[C@@H]1[C@@H]2C[C@@H]3C[C@H]1C[C@H](C2)C3
ULASOP,O=C(c1cccc(c1)N(=O)=O)O[C@@H]1[C@@H]2C[C@@H]3C[C@H]1C[C@H](C2)C3
ULAVUA,CC1=NON=C1C1=NNC=C1N(=O)=O
ULECOF,COC1=C(C)C(=O)N([C@H]([C@@]1(C)O)c1ccc(cc1)N(=O)=O)C
ULEDEV,CCCCCCCCN1C(=O)Nc2cc(ccc12)N(=O)=O
ULEFUM,O=C(c1ccc(cc1)N(=O)=O)OCC[C@]1(C)CC[C@@H]2[C@@](O1)(C)CCCO2
ULEMIH,C[C@H]1CC[C@H]2[C@H]1C[C@H](CC[C@@]2(C)O)OC(=O)c1ccc(cc1)N(=O)=O
ULEPIL,CCCCCCCCCCN1C(=O)Nc2cc(ccc12)N(=O)=O
ULEYUH,COc1nc(OC)nc(n1)C(N(=O)=O)(N(=O)=O)N(=O)=O
ULEZAN,CCCCCCCCCN1C(=O)Nc2cc(ccc12)N(=O)=O
ULEZES,CN(C)c1nc(nc(n1)C(N(=O)=O)(N(=O)=O)N(=O)=O)N(C)C
ULIZOF,COC[C@H]1O[C@@H]2O[C@H]1[C@@H](/C=N/Nc1ccc(cc1N(=O)=O)N(=O)=O)C[C@@H]2C
ULIZUL,COc1ccc(cc1)[C@H]([C@H](C(=O)C(=O)Nc1ccccc1)C)CN(=O)=O
ULURAX,O=C([C@@H]([C@@H](c1ccccc1)O)CC(N(=O)=O)(C)C)N(C)C
UMAKIE,NC(=O)N/N=C/c1ccc(cc1)N(=O)=O
UMAXIR,COc1ccc(cc1/C(=N/OC(=O)c1ccc(cc1)N(=O)=O)/C)OC
UMEYIX,CN1C=CC(=N1)c1cc(ccc1O)N(=O)=O
UMIJOP,O[C@H]1CC[C@@H]([C@@H]2O[C@H]1CC2)OC(=O)c1cc(cc(c1)N(=O)=O)N(=O)=O
UNAPAD,C=C=C[C@H]([C@H]([C@H]1[C@H]2[C@H](C2(C)C)C[C@H]([C@]1(O)C#C)C)OC(=O)c1cc(cc(c1)N(=O)=O)N(=O)=O)C
UNAXEP,COC(=O)[C@@H]([C@@H]1c2cc(ccc2C=C1c1ccccc1)N(=O)=O)C(=O)O
UNAXIT,COC(=O)/C(=C/C(=C/C1=CC=C(O1)N(=O)=O)/c1ccccc1)/C(=O)O
UNAYUD,COC(=O)C1=C(OC)C(=O)O[C@@H]1c1ccc(cc1)N(=O)=O
UNOBII,O=C(c1ccc(cc1)N(=O)=O)OC[C@@H]1OC[C@H](C1)c1ccccc1
UNOGAF,CCOC(=O)C(C(=O)OCC)c1ccc(cc1)N(=O)=O
UNOHIQ,CCO[C@@H]1Oc2c(OC)ccc3c2[C@]2(C1)C=C(OC)C(=O)C[C@@H]2C(=C3)N(=O)=O
UNOWEB,O=N(=O)c1ccccc1C1=C2N(CCc3ccccc23)C=C1C#N
UNOWOK,O=N(=O)c1ccc(CN2CCOCC2)cc1
UNUFOZ,OCCCCOc1ccc(cc1)N(=O)=O
UNUHIV,COc1ccccc1/C=N/NC(=O)c1ccc(cc1)N(=O)=O
UNUJUJ,CCNC(=O)c1cc(cc(c1)N(=O)=O)N(=O)=O
UNUXOS,Oc1ccc(cc1/C=N/N1C=NN=C1)N(=O)=O
UPAHAV,O=N(=O)c1cc(cc(c1Nc1ccc(cc1)/N=N/c1ccccc1)N(=O)=O)N(=O)=O
UPAJIF,O=N(=O)c1cccc2cccnc12
UPETEQ,C[C@H]1[C@@H]2O[C@H](N1C(=O)[C@@]1(C)O[C@@H]1c1ccc(cc1)N(=O)=O)[C@@H](N2C(=O)[C@@]1(C)O[C@@H]1c1ccc(cc1)N(=O)=O)C
UPICED,C=CCCC(=O)OCCN1c2ccccc2C([C@@]21C=Cc1c(O2)c(OC(=O)CCC=C)cc(c1)N(=O)=O)(C)C
UPIMOX,COC(=O)C[C@@H]1[C@@H](N(=O)=O)[C@H](C2=C1Nc1c2cccc1)c1ccccc1
UPIQOA,O=C(c1ccc(cc1)N(=O)=O)OC[C@@H]1OC[C@@H]2[C@H](C1=C(C)C)C2
UPISES,O=C1N(C=C[C@@H]([C@]21CC(CC2=O)(C)C)c1ccccc1)c1ccc(cc1)N(=O)=O
UPIYEY,COc1ccc(cc1)C1=C(O)C(=O)O[C@@H]1c1ccccc1N(=O)=O
UPOBOT,CCOC(=O)C1=C(N)N(C2=C([C@H]1c1ccc(cc1)N(=O)=O)C(=O)N(C2=O)C)c1ccc(cc1)C
UPOCEJ,OC[C@H]1O[C@H]([C@@H]([C@@H]1O)O)N1C(=O)NC(=O)/C(=N/Nc2ccc(cc2)N(=O)=O)/C1=O
UPOJIU,COC(=O)/C=C/Oc1c(OC)cccc1[C@@H]1O[C@@]2([C@H]([C@@H]1N(=O)=O)c1ccccc1)c1ccccc1N(C2=O)Cc1ccccc1
UPOJOA,COC(=O)/C=C/Oc1c(OC)cccc1[C@@H]1O[C@@]2([C@H]([C@@H]1c1ccccc1)N(=O)=O)C(=O)N(c1c2cccc1)Cc1ccccc1
UPOREZ,CO[C@@H](c1ccccc1N(=O)=O)ON1C(C)(C)CCCC1(C)C
UPUMUQ,CC(=O)/C=C/C1(CC1)N1C=C(c2c1cccc2)N(=O)=O
UPUWUY,O=C1Oc2ccccc2C2=C1[C@@H]1C[C@H](O2)N(c2c1ccc1c2nccc1)Cc1ccc(cc1)N(=O)=O
UPUXAF,O=C1CC(C)(C)CC2=C1[C@H]1C[C@@H](O2)N(c2c1ccc1c2nccc1)Cc1ccc(cc1)N(=O)=O
UPUXOT,O=N(=O)C[C@@H](C1=C(O)c2c(OC1=O)cccc2)c1ccccc1
UQACAR,COC(=O)/C(=N\Nc1ccc(cc1)N(=O)=O)/C
UQACEV,COC(=O)C1=Cc2cc(ccc2N1)N(=O)=O
UQELOT,O=C(Nc1ccccc1N(=O)=O)C[C@@H]1C(=O)NC(=O)[C@]21CCCc1c2nc2CCCCc2c1
UQIYIE,O=C([C@H]1O[C@@H]1c1cccc(c1)N(=O)=O)c1ccccc1
UQIYOK,O=C([C@@H]1O[C@H]1c1cccc(c1)N(=O)=O)c1ccccc1
UQOHIS,O=C(c1ccccc1)N[C@@]1(C)CCO[C@@H](C1)c1cccc(c1)N(=O)=O
UQOMIZ,COc1ccc(cc1)N1[C@H]2OC3=C([C@@H]([C@H]2[C@@H](C2([C@@H]1c1ccc(cc1)N(=O)=O)C(=O)c1c(C2=O)cccc1)c1ccccc1)c1ccc(cc1)N(=O)=O)C(=O)c1c3cccc1
UQOTEC,N#C[C@@]1(CC(=C([C@@H]1c1ccccc1)N(=O)=O)c1ccccc1)C(=O)N
URAGIF,C[C@@H]1O[C@@]23O[C@H]1C[C@@H]1[C@H]3[C@]([C@@H](CC2)O)(O)OC2=C1C(=O)[C@@H](CC2)OC(=O)c1ccc(cc1)N(=O)=O
URAXAO,O=C1CCCCN1c1ccc(cc1)N(=O)=O
UREDOL,COc1c(/C=N/Nc2ccc(cc2N(=O)=O)N(=O)=O)cccc1OC
UREJAD,O=N(=O)c1cnccc1c1ccncc1N(=O)=O
UREJIL01,O=C(NC(=O)c1ccc(cc1)N(=O)=O)c1ccc(cc1)N(=O)=O
URELAF,O=Cc1ccc(OCCOCCOCCN2C=CN=C2N(=O)=O)cc1
UREMUA,CC1(C)OC(=O)C(=CNc2ccccc2N(=O)=O)C(=O)O1
UREXOF,COc1ccc2c(c1)[C@@H](CN(=O)=O)C(=C(O2)NC)N(=O)=O
URICOP,O=N(=O)c1ccc(cc1)c1nccc(n1)c1ccccc1
URICOP01,O=N(=O)c1ccc(cc1)c1nccc(n1)c1ccccc1
URODAH,O=N(=O)c1ccc(cc1)/N=N/c1ccc(cc1)N(c1ccc2-c3c(C(c2c1)(C)C)cccc3)c1ccc2-c3c(C(c2c1)(C)C)cccc3
URUGEW,CN(O)C(=O)c1ccc(cc1)N(=O)=O
URUVEL,O=N(=O)c1cccc(C=[NH+]CCN2CCOCC2)c1[O-]
URUYAK,CN1N=CC=C1NC1=C(C=NN1C)N(=O)=O
USAGEB,COc1ccc(cc1)[C@H]1O[C@@H]([C@@]2(O1)C(=O)N(c1c2cccc1)Cc1ccccc1)c1ccc(cc1)N(=O)=O
USAGUT,CC(C)Oc1nc(OCC(N(=O)=O)(N(=O)=O)N(=O)=O)nc(n1)C(N(=O)=O)(N(=O)=O)N(=O)=O
USAHAA,CC(C)Oc1nc(OCC(N(=O)=O)(N(=O)=O)N(=O)=O)nc(OC(C)C)n1
USAHAY,O=N(=O)c1ccc(cc1)N1O[C@H]2CC[C@@H]1C=C2
USAHEC,O=N(=O)c1ccc(cc1)COc1ccc(cc1)N1O[C@H]2CC[C@@H]1C=C2
USESUJ,CN([C@@H](c1c(O)ccc2c1cccc2)c1cccc(c1)N(=O)=O)C
USIZEC,CN1C=C2C=CC(=CC2=N1)N(=O)=O
USODEM,O=N(=O)C[C@@]1(O)[C@H](O[C@H]2[C@@H]1OC(O2)(C)C)[C@H]1COC(O1)(C)C
USOKIX,CCOC(=O)[C@]1(CN(=O)=O)CC(=O)[C@H]2[C@@H]1[C@@H]1C=C[C@H]2C1
USOPOK,CC(=O)[C@@]12C[C@@H]3[C@@H]([C@@](C1)(OC2=O)C)CC[C@@]3(C)OC(=O)c1ccc(cc1)N(=O)=O
USORUQ,CCN1C(=O)c2cc(ccc2c2cc3N(CC)c4ccccc4c3cc12)N(=O)=O
USULOK,CCOC(=O)[C@H](/C(=C\c1ccccc1)/N(=O)=O)O
USUMEB,Cc1ccc(cc1)C(=O)/C=C\1/C(=C2N([C@@]1(O)c1ccc(cc1)C)CCCN2)N(=O)=O
USUSEJ,O=C[C@@H]1[C@H](/C=C/c2ccc(cc2)N(=O)=O)CC(=O)C[C@H]1c1ccc(cc1)N(=O)=O
UTIFIN,O=C1CCNc2cccc(c12)N(=O)=O
UTIJIT,COc1ccc(cc1)C/N=C/C=C/c1ccc(cc1)N(=O)=O
UTIJOZ,O=N(=O)c1ccc(cc1)/C=C/C=N/CCc1ccccc1
UTIKOZ,CCOC(=O)C1(N[C@@H]2[C@H]([C@@H]1c1ccccc1OC)C(=O)Oc1c2cc(cc1)N(=O)=O)C(=O)OCC
UTOCUD,CCOC(=O)[C@@H]1N(C=C([C@H]([C@@H]1N(=O)=O)c1ccccc1)C)c1ccccc1
UTOHUH,O=Cc1cc(ccc1N1CCOCC1)N(=O)=O
UTOMUO,CC/C(=C\1/c2ccccc2N(C1=O)Cc1ccccc1)/N(=O)=O
UTONAV,CCOC(=O)[C@H]1C[C@@H]([C@@]2([C@@]31C(=O)N(c1c3cccc1)C)C(=O)N(c1c2cccc1)Cc1ccccc1)N(=O)=O
UTONEZ,Cc1ccc(cc1)[C@H]1C[C@@H]([C@@]2(C31C(=O)c1c(C3=O)cccc1)C(=O)N(c1c2cccc1)Cc1ccccc1)N(=O)=O
UTONID,CCOC(=O)[C@H]1C[C@H]([C@@]2([C@@]31C(=O)N(c1c3cc(C)cc1C)Cc1ccccc1)c1ccccc1N(C2=O)Cc1ccccc1)N(=O)=O
UTOWEI,CC1=CC[C@]23C[C@@H]1C/C(=N\Nc1ccc(cc1N(=O)=O)N(=O)=O)/[C@@H]3CCC2
UTUVUD,O=N(=O)c1ccc(cc1)c1cccc2ccc[n+]([O-])c12
UVABUR,O=C1NC(=C([C@@H](N1)c1cccc(c1)N(=O)=O)C(=O)OCc1ccccc1)C
UVACEC,CCOC(=O)C1=C(C)NC(=O)N[C@@H]1c1ccc(cc1)N(=O)=O
UVACUQ,CCOC(=O)C[C@@H]([C@@H]([C@@H](C(C)C)COC(=O)[C@@]12CC[C@](C2(C)C)(C(=O)O1)C)c1ccccc1)N(=O)=O
UVAHIJ,O=C([C@H]1CC=C[C@@H]([C@@]21C(=O)N(c1c2cccc1)C(=O)OC(C)(C)C)C/C=N/Nc1ccc(cc1N(=O)=O)N(=O)=O)OC(C)(C)C
UVAQIU,C[C@@H]1/C(=N/Nc2ccc(cc2N(=O)=O)N(=O)=O)/C[C@H]2N([C@@H]1CC2)C(=O)OC(C)(C)C
UVATIW,CC[C@@](c1ccccc1)(N(=O)=O)CCC(=O)O
UVAZAV,O=N(=O)N1CN(CC(C1)(N=[N+]=[N-])N(=O)=O)N(=O)=O
UVICEK,O=C(Nc1ccccc1N(=O)=O)O[C@@H](c1ccc2c(c1)cccc2)C
UVICIO,O=C(Nc1ccccc1N(=O)=O)N[C@H](c1ccccc1)C
UVILAO,NN1N=C(C2=C1C(=NN2N)N(=O)=O)N(=O)=O
UVIPAR,Cc1nc2cc(ccc2c2ccccc12)N(=O)=O
UVISOI,CC(=O)N1CC[C@]23[C@@]1(c1ccc(cc1)N(=O)=O)C(=O)N([C@H]2Nc1c3cccc1)C1CCCCC1
UVOPIH,O=N(=O)[C@@H]1CO[C@@]2([C@@]([C@H]1c1ccccc1)(CCCC2)CCc1ccccc1)O
UVORAB,O=N(=O)[C@H]1C[C@H]2CCc3c([C@@H]2O[C@@H]1C)cccc3
UWINEW,COC(=O)[C@@H]1CC/C(=N\Nc2ccc(cc2N(=O)=O)N(=O)=O)/c2c([C@@H]1c1ccccc1)cccc2
UWIRID,O=C[C@H]([C@@H](c1ccccc1)CN(=O)=O)c1ccccc1
UWOFAP,Cc1ccc(cc1)/N=N/Nc1ccc(cc1N(=O)=O)C
UWUGEA,O=N(=O)C1=C2NCCCN2[C@@H]2C(=C1)C(=O)c1ccccc1O2
UWUHOL,COc1ccc(cc1)C(=O)C1=NN(N=C1c1ccccc1)c1ccccc1N(=O)=O
UWUJED01,N#CC1=C(O[C@@H]([C@H]1c1ccccc1)N(=O)=O)c1ccccc1
UWUPUZ,Cc1ccc2c(c1)[C@@H](C[C@H]1N2C(=O)c2c1cccc2)c1ccc(cc1)N(=O)=O
UWUSOV,CO[C@H]1CC(C[C@H]2[C@@]1(C3=NO[N+]([O-])=C3C4=NO[N+]([O-])=C24)N(=O)=O)=O
UWUXOB,O=N(=O)c1cc(ccc1N/N=C\1/[C@H]2CC[C@H]2C[C@@H]2[C@H]1C2)N(=O)=O
UWUXUH,O=N(=O)c1cc(ccc1N/N=C\1/[C@H]2CCCC[C@@H]2CC[C@H]2[C@@H]1C2)N(=O)=O
UWUZAP,O=N(=O)C[C@@H]1/C(=C/c2ccccc2)/OC2=C1C(=O)CCC2
UWUZET,O=N(=O)C[C@@H]1C=C(OC2=C1C(=O)N(C(=O)N2C)C)c1ccccc1
UXAFEG,O=N(=O)[C@@H]1[C@@H](c2ccccc2)[C@H](N(=O)=O)[C@@]2([C@@]([C@@H]1c1ccccc1)(C)C(=O)CC2)O
UXAFIK,O=N(=O)c1ccccc1[C@H]1[C@H](N(=O)=O)[C@H](c2ccccc2N(=O)=O)[C@@]2([C@@]([C@@H]1N(=O)=O)(O)CCC2=O)C
UXAFIK01,O=N(=O)c1ccccc1[C@H]1[C@H](N(=O)=O)[C@H](c2ccccc2N(=O)=O)[C@@]2([C@@]([C@@H]1N(=O)=O)(O)CCC2=O)C
UXAFIK02,O=N(=O)c1ccccc1[C@H]1[C@H](N(=O)=O)[C@H](c2ccccc2N(=O)=O)[C@@]2([C@@]([C@@H]1N(=O)=O)(O)CCC2=O)C
UXAFUW,O=N(=O)[C@H]1[C@@H](c2ccccc2)[C@H](N(=O)=O)[C@@]2([C@@]([C@H]1c1ccccc1)(C)C(=O)CC2)O
UXAYEY,C#CCO[C@H]1O[C@H](COCc2ccccc2)[C@@H]([C@@H]([C@@]1(CCC(=O)OC)N(=O)=O)OCc1ccccc1)OCc1ccccc1
UXOMAW,COC(=O)C1=C(C(=O)OC)C(=CN1Cc1ccccc1)c1cccc(c1)N(=O)=O
UXOQUU,C=C[C@@]([C@@H](c1ccc(cc1)N(=O)=O)O)(CN1C(=O)c2c(C1=O)cccc2)C
UXUCUM,COc1ccc(cc1)/C=N/C1=C(C#N)C(=C(N1c1ccc(cc1)C)c1ccc(cc1)OC)c1ccc(cc1)N(=O)=O
UXUFOJ,CN1C=C(N=C1C=O)N(=O)=O
UXUGAW,CN1C=C(N=C1C1OCCO1)N(=O)=O
UXUHUS,N#CC1=C(N)OC2=C([C@H]1c1ccc(cc1)N(=O)=O)C(=O)CCC2
UXUKUV,O=N(=O)C1=CNN=C1N(=O)=O
UXUKUV01,O=N(=O)C1=CNN=C1N(=O)=O
UXUNAF,CO[C@H]([C@H]([C@H](/C=C(/COC(=O)c1cc(cc(c1)N(=O)=O)N(=O)=O)\C)C)OC(=O)c1cc(cc(c1)N(=O)=O)N(=O)=O)C=C
UYADAA,O=C(C1=C(O[C@@]2([C@H]1CC2)Cc1ccc(cc1)N(=O)=O)c1ccccc1)c1ccccc1
UYISEC,O=C(Cc1ccc(cc1)N(=O)=O)c1ccc(cc1)C(c1ccccc1)=C(c1ccccc1)c1ccccc1
UYOPUW,O=N(=O)C[C@@H](c1ccccc1C(=O)N(C(C)C)C(C)C)CCc1ccccc1
UYOZOA,CC(=O)O[C@@H]1C[C@]2(O)[C@@H](C3=C[C@H]([C@H]4C[C@@H]1[C@@H]3O4)OC(=O)c1ccc(cc1)N(=O)=O)CC[C@]1([C@H]2CC[C@@H]1[C@@H](COC(=O)c1ccc(cc1)N(=O)=O)C)C
UYURUD,O=N(=O)[C@]12CN(C[C@H]1C=C[C@@H]1[C@]2(CN(C1)Cc1ccccc1)N(=O)=O)Cc1ccccc1
UZAWEZ,NC(=O)CCC(N(=O)=O)(N(=O)=O)N(=O)=O
UZAWOJ,O=C(CCC(N(=O)=O)(N(=O)=O)N(=O)=O)N=[N+]=[N-]
UZAXIE,O=C(CCC(N(=O)=O)(N(=O)=O)N(=O)=O)OCC(N(=O)=O)(N(=O)=O)N(=O)=O
UZAZIH,N#C[C@H]1C[C@@H](N(O1)c1ccccc1)c1ccc(cc1)N(=O)=O
UZENUK,O=N(=O)[C@H]1[C@@H]2CCC[N@@]2O[C@H]1c1ccccc1
UZEVUS,O=N(=O)C(=C1N[C@@H]2[C@H](N1)OCCO2)N(=O)=O
UZEWAZ,O=N(=O)N1[C@H]2OCCO[C@H]2N=C1C(N(=O)=O)(N(=O)=O)N(=O)=O
UZEWED,O=N(=O)N1CCCN=C1C(N(=O)=O)(N(=O)=O)N(=O)=O
UZEWIH,CC(=O)O[C@H]1N=C(N([C@@H]1OC(=O)C)N(=O)=O)C(N(=O)=O)(N(=O)=O)N(=O)=O
UZEWON,C[C@@H]1CN(C(=N1)C(N(=O)=O)(N(=O)=O)N(=O)=O)N(=O)=O
UZEWUT,O=N(=O)N1[C@@H]2CCCC[C@H]2N=C1C(N(=O)=O)(N(=O)=O)N(=O)=O
UZEXAA,O=N(=O)N1[C@@H]2CCCC[C@@H]2N=C1C(N(=O)=O)(N(=O)=O)N(=O)=O
UZIRIF,CCOC(=O)/C(=C/1\C[C@H]([N@]2N1C(=O)CC2)c1ccc(cc1)N(=O)=O)/CC(C)C
UZISEC,CCOC(=O)[C@H]1C=CN2[N@]([C@@H]1c1ccc(cc1)N(=O)=O)CCC2=O
UZISUS,CCOC(=O)C1=C(C)C(=CCN2[N@@]([C@H]1c1ccc(cc1)N(=O)=O)CCC2=O)C(=O)OCC
UZITAZ,CCOC(=O)[C@H]1[C@H](c2ccc(cc2)N(=O)=O)[N@]2CCC(=O)N2CC=C1C(=O)OCC
UZONOP,CN1N=C(C(=C1N(=O)=O)N(CCON(=O)=O)N(=O)=O)N(=O)=O
UZONUV,O=N(=O)OCN1C=CC(=N1)N(=O)=O
UZOPAD,O=N(=O)OCN1C=C(C(=N1)N(=O)=O)N(=O)=O
UZOPEH,O=N(=O)OCN1C=NC(=C1)N(=O)=O
UZOPIL,O=N(=O)OCCN1C=C(C(=N1)N(=O)=O)N(=O)=O
UZOPOR,COC1=C(N(CCON(=O)=O)N=C1N(=O)=O)N(=O)=O
UZOPUX,CC1=C(N(CON(=O)=O)N=C1N(=O)=O)N(=O)=O
UZOQAE,COC1=C(N(CON(=O)=O)N=C1N(=O)=O)N(=O)=O
UZORAF,O=N(=O)c1ccc(cc1)/C(=N\Nc1ccccn1)/c1ccccn1
VABHIT,O=N(=O)C(N1N=C(C#N)C(=N1)C#N)(N(=O)=O)N(=O)=O
VABJEQ,CCCC/C(=C(\c1ccccc1)/Cc1ccc(cc1)C)/C=N/Nc1ccc(cc1N(=O)=O)N(=O)=O
VABNUH,COC[C@@H]1CCCN1C(=O)[C@@]1(C)/C(=N/Nc2ccc(cc2N(=O)=O)N(=O)=O)/CCC=C1C
VABPEX,CC1=Nc2cc(cc(c2O1)N(=O)=O)N(=O)=O
VABXED,OC[C@@]1(N(=O)=O)[C@H](CN([C@]21C(=O)Nc1c2cccc1)C)c1ccccc1C
VABXEF,O=C(C[C@@H](c1ccccc1)NCc1ccccc1)Nc1ccc(cc1)N(=O)=O
VABYEE,Oc1ccc(cc1)/C=N/NC(=O)c1ccc(cc1)N(=O)=O
VACBAC,N#C/C(=C(/N)\C)/[C@@H](c1ccccc1N(=O)=O)O
VACFAI,COc1ccc2ccc(OC)c(C(=O)c3cccc(c3)N(=O)=O)c2c1
VACMET,O=N(=O)/C=C/c1ccc(cc1)OCc1ccccc1
VACROG,OCCNC(=O)CN1C=NC(=N1)N(=O)=O
VACTOL,Oc1ccc2C=C(C(=O)Oc2c1)c1ccc(cc1)N(=O)=O
VACWIH,COc1ccc2cc(ccc2c1c1c(OC(=O)C(C)(C)C)ccc2ccccc12)N(=O)=O
VACWON,COc1ccc2cccc(c2c1c1c(OC(=O)C(C)(C)C)ccc2ccccc12)N(=O)=O
VADGAK,O=C1C[C@@H]2C[C@H]([C@@H]1C)[C@@H](OC2(C)C)/C=C/c1ccc(cc1)N(=O)=O
VADHEQ,O=C1[C@H]2[C@H](C[C@H]2N1c1cccc2c1nccc2)c1cccc(c1)N(=O)=O
VADWAY,CCCCC[C@@H]1OC(=O)/C(=C\2/CC[C@H](O2)CCCC)/C(=O)[C@@H]1OC(=O)c1ccc(cc1)N(=O)=O
VADZAB,O[C@@H]1CCCC[C@H]1OC(=O)c1ccc(cc1)N(=O)=O
VADZEF,O[C@H]1CCCC[C@@H]1OC(=O)c1ccc(cc1N(=O)=O)N(=O)=O
VAFCAG,Cc1cccc(C)c1COc1ccc(cc1)N(=O)=O
VAFCEK,Cc1cccc(C)c1COC(=O)c1ccc(cc1)N(=O)=O
VAFCIO,O=C(c1ccc(cc1)N(=O)=O)O[C@H]1CCc2c1cccc2
VAFCIO01,O=C(c1ccc(cc1)N(=O)=O)O[C@@H]1CCc2c1cccc2
VAGCOW,CCOC(=O)C1=C(C)OC(=C([C@@H]1c1cccc(c1)N(=O)=O)C(=O)OC)C
VAGSAZ,COC(=O)C1(CC2=CC=C([C@@H](C3=C(OC(=C23)C1)C)c1ccccc1)c1ccc(cc1)N(=O)=O)C(=O)OC
VAGWUW,O=N(=O)c1ccc(cc1)/C=C(\C=C(\c1ccccc1)/C#Cc1ccccc1)/C#Cc1ccccc1
VAGZOW,CCN(C(=O)/C(=C/c1cc(O)c(c(c1)N(=O)=O)O)/C#N)CC
VAHFIU,CN1C(=NC(=C1N(=O)=O)N(=O)=O)N(=O)=O
VAJFUH,OC[C@H]1O[C@@H]([C@@H]([C@@H]1O)O)CN(=O)=O
VAJFUL,CC(C)(C)N1c2ccc(cc2C=C1c1ccccc1)N(=O)=O
VAJGAO,OC[C@H]1O[C@H]([C@@H]([C@H]1O)O)CN(=O)=O
VAJGES,OC[C@H]([C@@H]1O[C@@H]([C@@H]([C@H]1O)O)CN(=O)=O)O
VAJXOW,COC(=O)/C(=C/c1ccccc1N(=O)=O)/CN1C=NN=N1
VAKBEP,CC1=C[C@@]2(C)[C@H]([C@]3([C@@H]1[C@H]3[C@]12CCOC1=O)C)c1ccc(cc1)N(=O)=O
VAKBIT,CC1=C[C@@]2(C)[C@H]([C@]3([C@@H]1[C@H]3[C@@]12CCOC1=O)C)c1ccc(cc1)N(=O)=O
VAKROR,CC[C@@H]1C[C@@]2([C@H]([C@H]1COC(=O)c1ccc(cc1)N(=O)=O)[C@@](CO2)(O)CC)CC
VALLIF,O=N(=O)C[C@H]1OC(=Cc2c1cccc2)c1ccccc1
VALTEJ,O=N(=O)C(COCOCC(N(=O)=O)(N(=O)=O)N(=O)=O)(N(=O)=O)N(=O)=O
VALTEJ01,O=N(=O)C(COCOCC(N(=O)=O)(N(=O)=O)N(=O)=O)(N(=O)=O)N(=O)=O
VALVEK,O=N(=O)c1ccc(cc1)C1=CN=C(O1)/C=C/C=C/N1CCCCCC1
VALVIO,O=N(=O)c1ccc(cc1)C1=CN=C(O1)/C=C\C=C\N1CCCCC1
VAMBET,O=N(=O)c1ccc(cc1)/C=C/1\CCN2C1=Nc1ncccc1C2=O
VAMPEG,C[C@@H]1CC[C@@H]2[C@H](C1)NN(C2(C)C)C(=O)c1ccc(cc1)N(=O)=O
VAMSEH,C/C/1=C\C[C@@H](CCC/C=C/C(C1)(C)C)OC(=O)c1ccc(cc1)N(=O)=O
VANCEV,CC(C)c1cc(C)c2ccc(C)cc2c1N(=O)=O
VAPKIG,Cc1ccc(NC(=O)OCC#CC#CCOc2ccc(cc2)N(=O)=O)cc1
VAPKIG01,Cc1ccc(NC(=O)OCC#CC#CCOc2ccc(cc2)N(=O)=O)cc1
VAPMAA,CO[C@]1(C)C=CC(=O)[C@H]1OC(=O)c1cc(cc(c1)N(=O)=O)N(=O)=O
VAQHOL,COC(=O)C1=C(C)OC(=C([C@@H]1c1ccccc1N(=O)=O)C(=O)OC)C
VAQHUR,COC(=O)C1=C(C)OC2=C([C@@H]1c1ccccc1N(=O)=O)C(=O)OC(=C2)C
VAQMIL,CCCCCCNC(=O)Nc1ccccc1C#Cc1cc(ccc1O)N(=O)=O
VAQPEJ,C[C@H](OC(=O)c1cc(cc(c1)N(=O)=O)N(=O)=O)C[C@@H]1C[C@H]1COC(=O)c1cc(cc(c1)N(=O)=O)N(=O)=O
VAQZUJ,CC(C[C@@H]1N[C@@H](N(C1=O)Nc1ccccc1)c1ccccc1N(=O)=O)C
VARCUO,CCN(c1ccc(c(c1)O)/C=N/c1cc(cc(c1)N(=O)=O)N(=O)=O)CC
VARPOW,O=N(=O)c1ccc2c(c1)CN1[C@@](O2)(/C=C/c2c3ccccc3cc3c2cccc3)C(c2c1cccc2)(C)C
VASFAW,OC1=C2CCCCCCC[C@@](CC1)(C2=O)N(=O)=O
VASFIE,CCC1=C(O)CC[C@](C1=O)(CC)N(=O)=O
VASFUQ,O=C1CC[C@]2(C(=O)[C@H]1CCCCCC2)N(=O)=O
VASKOQ,CC(C)(O)C#Cc1cc(c(cc1N)C#Cc1ccccc1)N(=O)=O
VASKUV,O[C@@H]1CC[C@@]2(C(=O)[C@@H]1CCCCCCCCC2)N(=O)=O
VASLOQ,COC1=C2CCCCCCCCC[C@@](CC1)(C2=O)N(=O)=O
VASNAF,O=C(c1ccc(cc1)N(=O)=O)OC[C@@]12C[C@H]3C[C@@H]1[C@]2(C)C3(C)C
VASQEL,O=N(=O)[C@]12CCCCCCCCCC(=C(CC1)OC(=O)[C@@]13CC[C@](C3(C)C)(C(=O)O1)C)C2=O
VASTAM,Cc1ccc(cc1)c1cc(c(c2ccc(C)cc2)c2c1Nc1ccccc21)N(=O)=O
VATWUK,COc1ccc(c(O)c1)C(=O)c1cccc(c1)N(=O)=O
VATXAR,CCOc1ccc(c(O)c1)C(=O)c1cccc(c1)N(=O)=O
VAVMEM,C[C@@H]1[C@@H](C)O[C@@]2([C@@H]([C@@H]1NC(=O)c1ccc(cc1)N(=O)=O)C)CCCC[C@H]2C
VAVNIR,C#CC(Oc1cc(ccc1N(=O)=O)[C@H]([C@@H]1OC1(C)C)O)(C)C
VAVPEP,OC[C@H](c1ccccc1)NC(=O)[C@@H]1[C@H]2C(=CC(=C[C@]2([C@H]1c1ccc(cc1)N(=O)=O)C)C)C
VAVQEQ,O=C([C@@H]1O[C@H](COCc2ccccc2)[C@H]([C@@H]([C@H]1N(=O)=O)OCc1ccccc1)OCc1ccccc1)c1ccc2c(n1)cccc2
VAVVIZ,C=C1[C@H]2CC[C@@]3([C@H]1OC(=O)c1ccc(cc1N(=O)=O)N(=O)=O)[C@H](C2)CCCC3
VAWDOO,O=C([C@@]1(O)C=C([C@@H]([C@H]1N(=O)=O)c1ccccc1)C)OC(C)(C)C
VAWFII,O=C1c2cccc(c2c2ccc(cc12)N(=O)=O)N(=O)=O
VAWFIK,CN1CN(C)C2=C(C1=O)[C@H]1C[C@@H](c3ccccc3)[C@@H](C[C@@H]1[C@H](O2)c1ccccc1)N(=O)=O
VAWFOO,O=C1c2cccc(c2c2c1cccc2N(=O)=O)N(=O)=O
VAWFUW,O=C1C[C@H]2C[C@@H](c3ccccc3)[C@@H](C[C@@H]2[C@H](O1)c1ccccc1)N(=O)=O
VAWJAG,OC[C@H]([C@H]1OC(O[C@@H]1C#C)(C)C)OC(=O)c1ccc(cc1)N(=O)=O
VAWWEV,COCCOC(=O)C1=C(C)NC(=C([C@H]1c1cccc(c1)N(=O)=O)C(=O)OC(C)C)C
VAWWEV03,COCCOC(=O)C1=C(C)NC(=C([C@H]1c1cccc(c1)N(=O)=O)C(=O)OC(C)C)C
VAWWEW,COCCOC(C1=C(NC(C)=C(C(OC(C)C)=O)[C@H]1c2cc(N(=O)=O)ccc2)C)=O
VAWWEW01,COCCOC(=O)C1=C(C)NC(=C([C@H]1c1cccc(c1)N(=O)=O)C(=O)OC(C)C)C
VAWWEX,O=N(=O)c1cccc2c1nc1[C@@H]3C[C@H](Cc1c2)c1c(C3)cc2c(n1)c(ccc2)N(=O)=O
VAXKUC,CC(C)(C)OC(=O)Nc1cc(NC(=O)OC(C)(C)C)c(c(NC(=O)OC(C)(C)C)c1N(=O)=O)N(=O)=O
VAXLAJ,CC(C)(C)OC(=O)Nc1ccc(cc1N(=O)=O)N(=O)=O
VAXPIV,O=C/C(=C/c1ccc(cc1)N(=O)=O)/C1=CNc2c1cccc2
VAXZUQ,C=CCC[C@@H]1[C@H](C=C[C@@H]2[C@H]1CC(=O)O2)OC(=O)c1ccc(cc1)N(=O)=O
VAYCUU,O=C(NCCCNCc1ccccc1N(=O)=O)C(=O)NCCCNCc1ccccc1N(=O)=O
VAYFAD,CC(=O)N1[C@@H]2CCC[C@H]([C@@H]2c2c1cccc2)OC(=O)c1cc(cc(c1)N(=O)=O)N(=O)=O
VAYKAH,CC(=O)C[C@@]1(O)c2cc(cc(c2-c2c(C1=O)cc(cc2)N(=O)=O)O)N(=O)=O
VAYLOW,O=C1Oc2ccccc2c2ccc(cc12)N(=O)=O
VAYLUC,O=C1Oc2cc(ccc2c2c1cccc2N(=O)=O)N(=O)=O
VAYSEU,O=C1CC(C)(C)CC2=C1[C@H](c1ccc(cc1)N(=O)=O)C1=C(N2)CC(CC1=O)(C)C
VAYTAR,CCCC1=CC(=NN1c1ccccc1N(=O)=O)C1=NN(C(=C1)CCC)c1ccccc1N(=O)=O
VAYYAW,CCCOC(=O)c1cc(ccc1O)N(=O)=O
VAZBOP,O=N(=O)C(CNN1C=NN=N1)(N(=O)=O)N(=O)=O
VAZBUV,NN1N=NC(=N1)N(=O)=O
VAZCAC,NN1N=C(N=C1N(=O)=O)N(=O)=O
VAZCAC01,NN1N=C(N=C1N(=O)=O)N(=O)=O
VAZMEO,CC(C1=C[C@@](C)(N(=O)=O)[C@@H]([C@@](C1=O)(C)Cc1ccccc1)N(=O)=O)(C)C
VAZMEP,O=N(=O)c1ccnc2N=CNc12
VAZMIS,CC(C1=C[C@@](C)(N(=O)=O)[C@H]([C@](C1=O)(C)Cc1ccccc1)N(=O)=O)(C)C
VAZMOY,CC([C@@]1(C=C(C)[C@@H]([C@@](C1=O)(C)Cc1ccccc1)N(=O)=O)N(=O)=O)(C)C
VAZMUE,CC([C@]1(C=C(C)[C@@H]([C@@](C1=O)(C)Cc1ccccc1)N(=O)=O)N(=O)=O)(C)C
VAZNAL,CC(C1=C[C@@](C)(N(=O)=O)C(=O)[C@@]([C@@H]1N(=O)=O)(C)Cc1ccccc1)(C)C
VAZNEP,CC(C1=C[C@@](C)(O)C(=O)[C@]([C@@H]1N(=O)=O)(C)Cc1ccccc1)(C)C
VEBDIQ,CCO/C(=C(/C(=O)O)\C)/c1ccc(cc1)N(=O)=O
VEBVOQ,COC(=O)C1(CC2=C(C)[C@H]([C@@H]([C@]2(O[C@H]1c1ccc(cc1)N(=O)=O)C)c1ccccc1)c1ccccc1)C(=O)OC
VEBWAB,O=N(=O)c1cc(ccc1N/N=C/1\C[C@H]2CC[C@@H]1C1=C2CCCC1)N(=O)=O
VECBOU,O=C1OCOC[C@]1(C)NC(=O)c1ccc(cc1)N(=O)=O
VECCOV,CCOC(C1([C@H](c2ccccc2)CC(N1c3cc(N(=O)=O)ccc3)=O)C(OCC)=O)=O
VECFIT,CCN1C(=O)c2cc(cc(c2)N(=O)=O)N(CC)C(=O)c2cc(cc(c2)N(=O)=O)N(CC)C(=O)c2cc1cc(c2)N(=O)=O
VECGIV,O=N(=O)C1=NNC(=N1)C1=NC(=NN1)N(=O)=O
VECGIV02,O=N(=O)C1=NNC(=N1)C1=NC(=NN1)N(=O)=O
VECRED,O=C1CC[N@@]2N1[C@H]1c3ccccc3O[C@@H]([C@]1([C@@H]2c1ccccc1)N(=O)=O)c1ccccc1
VEDVOS,[N-]=[N+]=C1N=NN(/C/1=N/N(=O)=O)c1ccc(cc1)N(=O)=O
VEDYEL,CCOc1ccc(cc1)/C=N/N=C(/c1ccc(cc1)N(=O)=O)\C
VEDZAH,COc1ccc(CN2C=C3C(=N2)C=CC=C3N(=O)=O)cc1
VEFBUF,O[C@H]1CN(c2ccccc2)C2=C(N=CN2C1)N(=O)=O
VEFDAN,COc1ccccc1[C@@H]1NC(=O)[C@H]([C@@H]([C@@H]1N(=O)=O)c1ccccc1OC)C(=O)OC
VEGBEO,CN/C(=N/C)/c1ccc(cc1)N(=O)=O
VEGBIS,CN/C(=N\O)/c1ccc(cc1)N(=O)=O
VEGJIA,CC(=O)OC[C@H]([C@H]([C@@H]([C@@H]([C@H]1[C@H]2C=C[C@@H]([C@@H]1N(=O)=O)C2)OC(=O)C)OC(=O)C)OC(=O)C)OC(=O)C
VEGJOG,CC(=O)OC[C@H]([C@H]([C@@H]([C@@H]([C@H]1[C@@H]2C=C[C@H]([C@@H]1N(=O)=O)C2)OC(=O)C)OC(=O)C)OC(=O)C)OC(=O)C
VEGLUP,COC(=O)C1=C(C)N(C(=O)N[C@@H]1c1cccc(c1)N(=O)=O)C
VEHGEX,C/C=C/C[C@@H]1NC(=O)[C@H](CC(C)C)NC(=O)[C@H](C[C@@H](C(=O)O)C)N(C)C(=O)[C@H](C)NC(=O)[C@@H](NC(=O)[C@@H](N(C(=O)[C@@H](NC1=O)CC1=CN(c2c1cccc2)C(C=C)(C)C)C)CC(C)C)Cc1ccc(c(c1)N(=O)=O)O
VEHTOR,CC[C@@H]1/C(=N/Nc2ccc(cc2N(=O)=O)N(=O)=O)/C[C@@H]2[C@@H]1[C@@H](CCC2=C)C(C)C
VEHTOU,CC1(C)CC(=C(C(=O)O1)c1ccccc1)c1ccc(cc1)N(=O)=O
VEJLAZ,CCOC(=O)C(=C)[C@]1(CC(=C(C1(C#N)C#N)c1ccc(cc1)C)C(=O)OC)c1ccc(cc1)N(=O)=O
VEKGUN,O=N(=O)c1cc(cc(c1NC1COc2ccccc2OCCOCCOc2ccccc2OC1)N(=O)=O)C#N
VEKKUS,CC(=O)Oc1c2cc(cc1Cc1cccc(c1OC(=O)c1ccccc1)Cc1c(c(Cc3c(c(C2)ccc3)OC(=O)c2ccccc2)cc(c1)/N=N/c1ccc(cc1N(=O)=O)N(=O)=O)OC(=O)C)/N=N/c1ccc(cc1N(=O)=O)N(=O)=O
VEKNUV,N=C1OC2(CCCC2)Nc2ccc(cc12)N(=O)=O
VELKIH,O=C(/C(=N\c1ccc(cc1)N(=O)=O)/c1ccccc1)c1ccccc1
VELNUY,COC(=O)[C@@H]1[C@H]([C@@]21C(=NN(C2=O)c1ccccc1)C)c1ccccc1N(=O)=O
VELQEK,O=N(=O)c1ccccc1c1nc2ccccc2c(n1)c1ccccc1
VELTIQ,O=C(OC(=O)c1ccccc1N(=O)=O)c1ccccc1N(=O)=O
VELZUI,COCCOC(=O)C1=C(C)NC(=C([C@@H]1c1cccc(c1)N(=O)=O)C(=O)OC/C=C/c1ccccc1)C
VEMBOG,C=C[C@H]([C@]12C[C@H]3[C@@H]2[C@@H](OC1=O)CC3)OC(=O)c1cc(cc(c1)N(=O)=O)N(=O)=O
VEMLUX,COC(=O)C1(C[C@@]2([C@](C1)(C2)c1ccc(cc1)C(=O)OC)/C=N/Nc1ccc(cc1N(=O)=O)N(=O)=O)C(=O)OC
VEMTOW,O=C(Oc1ccccc1N(=O)=O)Oc1ccccc1N(=O)=O
VEMTOW01,O=C(Oc1ccccc1N(=O)=O)Oc1ccccc1N(=O)=O
VEMTUC,O=C(Oc1ccc(cc1N(=O)=O)N(=O)=O)Oc1ccc(cc1N(=O)=O)N(=O)=O
VENBIC,CC(C)c1c(C(C)=O)c2cc(C)ccc2c(C)c1N(=O)=O
VENCEZ,O=Cc1cccc(c1)N(=O)=O
VENGUT,O=N(=O)c1ccc2c(c1)N1N=NN=C1[C@@]1(CO2)CO1
VENKOP,COc1ccc(cc1)/N=C/C=C/c1ccccc1N(=O)=O
VENLEG,O=N(=O)c1ccccc1/C=N/CCN(CC/N=C/c1ccccc1N(=O)=O)CC/N=C/c1ccccc1N(=O)=O
VENLOQ,O=C(Nc1ccc(cc1)N(=O)=O)C(=O)Nc1ccc(cc1)N(=O)=O
VENPEK,O=N(=O)C[C@@]1(O)[C@@H](COC(=O)c2ccccc2)O[C@H]2[C@@H]1OC(O2)(C)C
VENREL,O=C1/C(=C/c2cccc(c2)N(=O)=O)/CCCc2c1cccc2
VENRIP,O=C1/C(=C/c2ccc(cc2)N(=O)=O)/CCCc2c1cccc2
VENVUG,CCCCC[C@]1(O)[C@@H](OC(=O)c2cc(cc(c2)N(=O)=O)N(=O)=O)C(C)(C)C(=O)C(C1=O)(C)C
VEPDIG,CCOC(=O)C(/C(=C\C=C\c1ccc(cc1)N(=O)=O)/C(=O)c1ccccc1)C(=O)OCC
VEPFOO,CCOC(=O)C1=C(C)N(C)C[C@@H]([C@@H]1c1cccc(c1)N(=O)=O)C(=O)OC
VEPXIY,O=NC1(CCCCC1)OC(=O)c1ccc(cc1)N(=O)=O
VEQBIF,O=N(=O)c1ccc2c(c1)C(C)(C)[C@]1(N2C(=O)c2c([C@@H]1C(=O)O)cccc2)C
VEQJAD,O=C/C(=C/1\C(=C(c2c1cc(C)cc2)c1ccc(cc1)C)c1ccc(cc1)N(=O)=O)/C
VERHOQ,COC1=CC2=C(/N=C(/C(C)(C)C)\C)N(N=C2C=C1)c1ccc(cc1)N(=O)=O
VERJAE,O=N(=O)c1ccc2c(c1)[C@@H]1c3c([C@H]2c2c1cc(cc2)N(=O)=O)ccc(c3)N(=O)=O
VERXIC,OC(=O)CN(Cc1ccc(cc1)N(=O)=O)C(=O)OCC1c2ccccc2c2ccccc12
VESYOH01,C/C(=C\c1ccccc1)/N(=O)=O
VETFUW,O=C(c1cc(cc(c1)N(=O)=O)N(=O)=O)OCC1=CC[C@@]2([C@H]1C(=O)[C@@H]1[C@H]2C[C@](C1)(C)COC(=O)c1cc(cc(c1)N(=O)=O)N(=O)=O)C
VETLIQ,C=NNc1ccc(cc1N(=O)=O)N(=O)=O
VETMUD,Nc1ccc(OCc2ccccc2)cc1N(=O)=O
VETPAL,O=C(c1ccc(cc1)N(=O)=O)Oc1cc(C)c2c(c1)C[C@]1(O2)[C@@H](C)CCCC1(C)C
VETQET,O=N(=O)C1=Cc2ccccc2O[C@H]1c1ccc2c(c1)cccc2
VEVCUV,CCOC(=O)[C@@H]1C[C@]1(C(=O)OC)c1ccccc1N(=O)=O
VEVDIK,COC(=O)[C@@]1(C[C@H]1C(=O)Nc1ccccc1)c1ccccc1N(=O)=O
VEVLEP,O=N(=O)c1ccc(NCNc2ccc(cc2)N(=O)=O)cc1
VEVLOZ,O=N(=O)c1ccccc1NCNc1ccccc1N(=O)=O
VEWMES,N#CC(=C1OC(C(=C1C#N)/C=C/c1ccc(cc1)N(=O)=O)(C)C)C#N
VEWXED,C[C@@H]1CCO[C@H](CC1)CCCOC(=O)Nc1ccc(cc1)N(=O)=O
VEWXIH,O=C(Nc1ccc(cc1)N(=O)=O)OCCC[C@H]1OCC[C@@H](CC1)OCc1ccccc1
VEWXUT,O=C(Nc1ccc(cc1)N(=O)=O)OCCC[C@@H]1OCCCC[C@H]1C
VEXDEJ,O=N(=O)C[C@H]([C@@]1(CCC(=O)O1)C(=O)Nc1ccccc1)c1ccccc1
VEXFEJ,CCOC(=O)c1cc(cc2C(=O)c3cc(cc(c3c12)N(=O)=O)N(=O)=O)N(=O)=O
VEXHIP,C[C@H]1CCC[C@]21/C(=N/Nc1ccc(cc1N(=O)=O)N(=O)=O)/CCC[C@]12OCCC1=C
VEXNEU,CC1(C)CC(=O)N(C1=O)c1cc(ccc1O)N(=O)=O
VEXWAX,O[C@H]1CCCCCC[C@@H]1OC(=O)c1ccc(cc1)N(=O)=O
VEZTUQ,O=N(=O)c1ccc(cc1)/C=C/c1c2ccccc2cc2c1cccc2
VEZWIH,O=C(OC1=C2CCC=CCN2c2ccccc12)c1ccc(cc1)N(=O)=O
VEZYAD,O=N(=O)C1=C(N=[N+]=[N-])N2N=NN3C(=C(N=C3C2=N1)N(=O)=O)N=[N+]=[N-]
VIBPEE,O=N(=O)c1ccc(cc1)c1cc(cc(c2ccccc2)c1c1ccc2ccccc2n1)c1ccccc1
VICVAE,CN(c1ccccn1)c1c(cc(cc1N(=O)=O)N(=O)=O)N(=O)=O
VIDCES,Cc1c(nc2CC(C)(C)CC(=O)c2c1c1ccc(cc1)N(=O)=O)c1ccccc1
VIDFIY,CCOC(=O)C1=C(C)OC2=C1C(=O)N(C(=N2)Oc1cccc(c1)N(=O)=O)c1ccccc1
VIFBAN,O=C(OC(=O)c1cccc(c1)N(=O)=O)c1cccc(c1)N(=O)=O
VIFBER,N#C/C=C/c1ccccc1N(=O)=O
VIFSAF,CC1=Nc2cc(ccc2N1)N(=O)=O
VIGDAS,CN1c2cccc3c2C(=N[C@@]1(C)c1ccccc1N(=O)=O)C=CC3=O
VIGPIN,N#C[C@@H]1O[C@H]2[C@@H]([C@@H]1CN(=O)=O)C[C@](CO2)(C)N(=O)=O
VIGPOT,CO[C@@H]1O[C@H]2[C@@H]([C@@H]1CN(=O)=O)C[C@](CO2)(C)N(=O)=O
VIGWOY,C#C[C@]1(OC(=O)c2cc(cc(c2)N(=O)=O)N(=O)=O)C(=O)OC[C@]1(C)CCOCc1ccccc1
VIHGAU,CN(c1ccccc1)c1c(cc(cc1N(=O)=O)N(=O)=O)N(=O)=O
VIHVAL,COC(=O)[C@@H]1O[C@]2(O[C@H]1C(=O)OC)CC[C@H](C=C2)OC(=O)c1cc(cc(c1)N(=O)=O)N(=O)=O
VIJFOK,OC[C@H]1O[C@H]([C@@H]([C@@H]1O)O)N1C=Cc2c1ccc(c2)N(=O)=O
VIKBOJ,O=N(=O)C[C@H]([C@@]1(CN(OC1=O)C(=O)OC(C)(C)C)c1ccccc1)c1ccccc1
VIKNUY,CO[C@@]12CC[C@H](C3=C(C[C@H]([C@@H]23)C(=O)O1)COC(=O)C)OC(=O)c1cc(cc(c1)N(=O)=O)N(=O)=O
VIKVIU,OC(=O)[C@]1(N(=O)=O)[C@@H]([C@@H]1C)C
VIKVOA,OC(=O)[C@]1(N(=O)=O)[C@H]([C@H]1C)C
VIKVUG,CC1(C)C(C)(C)C1(C#N)N(=O)=O
VIKWAN,CC1(C)C(C)(C)C1(C(N)=O)N(=O)=O
VIKWER,C[C@@H]1[C@@H]([C@@]1(N(=O)=O)[C@]1(N(=O)=O)[C@H]([C@H]1C)C)C
VIKYOF,O=C1CCN1COC(=O)c1ccc(cc1)N(=O)=O
VIKYUJ,O=N(=O)C1(N(=O)=O)[C@@H]2[C@@H]3[C@@H]4[C@H]1[C@@H]1C([C@H]2[C@H](C3)[C@H]41)(N(=O)=O)N(=O)=O
VILQEP,N#CCN1[C@@H](c2ccccc2)C(=C(C1=O)O)C(=O)c1cccc(c1)N(=O)=O
VILROA,N#CC1=C(OC(=C([C@@H]1c1cccc(c1)C)N(=O)=O)NC)C(C)(C)C
VIMFUV,CC(=O)c1ccc(NC2=C(C3=NON=C3C=C2)N(=O)=O)cc1
VIMLAH,CCOC(=O)C1=C(C)NC(=O)N[C@@H]1C1=CC=C(O1)c1ccc(cc1)N(=O)=O
VIMLUB,O=N(=O)[C@H]1N(C(=O)C)C(=O)C=C1c1ccccc1
VIMRER,OC/C=C\[C@@H]([C@@H](c1cccc(c1)N(=O)=O)O)C=C
VINCIE,Nc1c2ccccc2c(c2ccccc12)c1c(cc(cc1N(=O)=O)N(=O)=O)N(=O)=O
VINCOK,O=N(=O)c1cc(c(Nc2cccc3ccccc23)c(c1)N(=O)=O)N(=O)=O
VINDAX,COc1ccc(Nc2c(cc(cc2N(=O)=O)N(=O)=O)N(=O)=O)cc1
VINMAG,COc1ccc(cc1)/N=N/c1cccc2c1c(ccc2)N(=O)=O
VINYOH,COc1ccc2c(c1)[C@H]1C3=C(N[C@@](N2C)(C1(C)C)c1ccc(cc1)N(=O)=O)c1c(OC3=O)cccc1
VINZAW,Cc1cc(C)c(c(c1)C)c1c2ccccc2c(c2c1cccc2)/C=C/c1ccc(cc1)N(=O)=O
VINZEA,Cc1cc(C)c(c(c1)C)c1c2ccccc2c(c2c1cccc2)/C=C/c1ccccc1N(=O)=O
VIPPEQ,O=C1CC[C@@H]2[C@]1(C)CC[C@@H](C2)OC(=O)c1ccc(cc1)N(=O)=O
VIPVEX,C=CCN1C=C2C=CC=C(C2=N1)N(=O)=O
VIPYAV,O=N(c1c(c2c(N(=O)=O)cccn2)[n+]([O-])ccc1)=O
VIPYEZ,[O-][n+]1cccc(N(=O)=O)c1c2[n+]([O-])cccc2N(=O)=O
VIPYOJ,Cc1c[n+]([O-])c(c2[n+]([O-])cc(C)cc2N(=O)=O)c(N(=O)=O)c1
VIPYUP,O=N(c1c2[n+]([O-])cccc2ccc1)=O
VIQCUW,CCCCN1C=C(COc2ccc(cc2)N(=O)=O)N=N1
VIQDAD,CCOC(=O)CN1C=C(COc2ccc(cc2)N(=O)=O)N=N1
VIQWOI,O=N(=O)c1ccc(cc1)/N=C\1/C(=O)[C@@]2(C([C@H]1CC2)(C)C)C
VIQWUO,O=N(=O)c1cccc(c1)/N=C\1/C(=O)[C@@]2(C([C@H]1CC2)(C)C)C
VIRVAV,O=C(Nc1ccccc1N(=O)=O)Nc1ccccc1N(=O)=O
VIRVAV01,O=C(Nc1ccccc1N(=O)=O)Nc1ccccc1N(=O)=O
VIRZAA,COc1ccc(C(=O)Oc2ccc(cc2)C(=O)Oc2ccc(cc2)N(=O)=O)c(OC)c1
VIRZIG,COc1ccc(cc1)[C@H]1C=CO[C@@H](OC1)c1ccc(cc1)N(=O)=O
VITDAD,O=N(=O)c1ccc(cc1)N1N=C(N2[C@@]1(c1ccccc1)C(=NN(C2)c1ccccc1)c1ccccc1)c1ccccc1
VITMEQ,C[C@@H]1CC2(CCCCC2)N[C@@H](c2c1ccc(c2)N(=O)=O)C
VITNIW,CO\N=C(\C1=CC=C(C=C1)[N+](=O)[O-])/N=[N+]=[N-]
VIVFOY,COC(=O)C1=C(c2c(N1)cccc2)C1=C[C@@](c2c1ccc(c2)C)(c1ccccc1)c1ccc(cc1)N(=O)=O
VIVYOR,OC1=CC(=O)/C(=N\Nc2ccccc2N(=O)=O)/C=C1
VIWGEO,O=N(=O)c1ccc(cc1)/N=C/1\[C@@H]2CC[C@]([C@]31OC[C@]1(C3)C=C(NN=C1c1ccccn1)c1ccccn1)(C2(C)C)C
VIWGOY,COC(=O)C1=NNC(=C[C@]21CO[C@@]1(C2)/C(=N/c2ccc(cc2)N(=O)=O)/[C@H]2C([C@]1(C)CC2)(C)C)C(=O)OC
VIWTAW,N#Cc1ccc(cc1)[C@@]1(CO[C@H](OC1)c1ccccc1)N(=O)=O
VIWYEI,C[C@@H]1Cc2c(N1C(=O)Nc1ccc(cc1)N(=O)=O)cccc2
VIYBAI,C=C=Cc1c2ccccc2c(CC2=CN(Cc3ccc(cc3)N(=O)=O)N=N2)c2ccccc12
VIYYIL,O=N(=O)c1ccccc1OCCCN(CCCOc1ccccc1N(=O)=O)CCCOc1ccccc1N(=O)=O
VIZMAU,CN(C1=N/C(=N\c2ccccc2N(=O)=O)/c2c1cccc2)C
VIZZIP,NC(=O)c1ccc(cc1C(N)=O)N(=O)=O
VOBBEV,COC(=O)c1ccc(c2ccc(cc2N(=O)=O)C(=O)OC)c(c1)N(=O)=O
VOBVAL,N#C[C@@]1(c2ccc(cc2)N(=O)=O)[C@]2(C)c3ccccc3[C@](C1(C#N)C#N)(c1c2cccc1)C
VOBVOX,O=C1CN(C[C@H]2N1CCc1c2cccc1)C(=O)c1cccc(c1)N(=O)=O
VOBWAN,CNc1cc(cc(N)c1N(=O)=O)N1CCOCC1
VOBWIV,CN(C)c1cc(cc(N)c1N(=O)=O)N1CCOCC1
VOBWOB,CNc1cc(cc(NC)c1N(=O)=O)N1CCOCC1
VOBXAO,Nc1cc(cc(NC2CC2)c1N(=O)=O)N1CCOCC1
VOBYAP,CN(C)c1ccc(c(c1)N1CCOCC1)N(=O)=O
VOBZOD,CCOC(=O)C(C1=NC(=NO1)C1=NOC(=N1)C(C(=O)OCC)(N(=O)=O)N(=O)=O)(N(=O)=O)N(=O)=O
VOCHUR,O=C1NC(N=C(N1)C(=[N+]([O-])[O-])N(=O)=O)=[N+]1CCCCC1
VODQEK,O=N(=O)C([C@@H](C1=CC=CO1)CC(=O)c1ccccc1)(C)C
VODVUG,COC[C@@H](N1CC[C@@H](CCC1=O)C(C)(C)C)COC(=O)c1ccc(cc1)N(=O)=O
VOFBID,Oc1ccc(NC(=O)c2ccccc2N(=O)=O)cc1
VOFDIF,Oc1ccc(CCNC(=O)Nc2ccc(cc2)N(=O)=O)cc1
VOFDOL,Oc1ccc(NC(=O)Nc2ccc(cc2)N(=O)=O)cc1
VOFMAH,CCOC(=O)[C@@H]1C=CCC=C[C@@H]1CCOC(=O)c1cc(cc(c1)N(=O)=O)N(=O)=O
VOFROY,CCOC(=O)[C@@H]1CC(=O)C[C@@H](N1Cc1ccccc1)c1ccccc1N(=O)=O
VOFWUI,[N+](=O)([O-])C1=CC=C(C=C1)[C@@H]1N[C@H]1C(C1=CC=CC=C1)=O
VOGXIB,CCCCCCCCCC[C@H](NC(=O)c1ccc(cc1)N(=O)=O)CC#N
VOHVUL,O=N(=O)c1ccccc1[C@@H]1CN([C@@]2([C@@]31N=C(OC3=O)c1ccccc1)C(=O)c1c3c2cccc3ccc1)C
VOHYAT,CCOC(=O)c1cc(ccc1N/N=C/c1ccc(cc1)N(C)C)N(=O)=O
VOHYUN,COc1cc(C=O)ccc1OCc1ccc(cc1)N(=O)=O
VOHZOI,O=N(=O)c1cc(ccc1N/N=C(/c1ccccc1)\N(=O)=O)N(=O)=O
VOJHAF,C=CCN1C(=O)N(Cc2ccc(cc2)N(=O)=O)c2ccccc12
VOKKUB,COC(=O)[C@]1(N(=O)=O)[C@@H]2CCC[C@H]1[C@H]2N(=O)=O
VOKPAN,O=C(c1ccc(cc1)N(=O)=O)O[C@@H]1CC[C@@]2([C@@H](C1(C)C)CCC(=C2)C)C
VOKQOE,CCOC(=O)/C(=N\Nc1ccc2c(c1)ccc(c2)N(C)C)/c1ccc(cc1)N(=O)=O
VOKRET,COc1c2Cc3cccc(Cc4cccc(Cc5cccc(Cc1ccc2)c5OC(=O)c1cc(cc(c1)N(=O)=O)N(=O)=O)c4O)c3O
VOLJUC,CCOC(=O)[C@H]([C@@H]1CC[C@@H](O1)C[C@H](OC(=O)c1cc(cc(c1)N(=O)=O)N(=O)=O)CC(C)C)C
VOLVAU,OC1=C(Cc2ccccc2N(=O)=O)C(=O)CC1
VONPIA,O=C(NC1=C(C(=O)c2ccccc2C1=O)N(=O)=O)c1ccccc1
VONTAW,COc1ccc(cc1/C=C/C1=Nc2c(C1(C)C)cccc2)N(=O)=O
VOPNAR,CCOC(=O)[C@H]1[C@@H]([C@]1(C)C(=O)c1ccccc1)c1ccc(cc1)N(=O)=O
VOPVUR,O=N(=O)[C@@H]1[C@H](c2ccccc2)[C@H]([C@H]1c1ccccc1)N(=O)=O
VOPXAZ,COc1ccc(cc1)/C=C/N(=O)=O
VOPXAZ02,COc1ccc(cc1)/C=C/N(=O)=O
VOPXED,O=N(=O)/C=C/c1ccc2c(c1)OCO2
VOPXIH,COc1cc(ccc1OC)/C=C/N(=O)=O
VOPZAB,CC1=C(N2C=CC=CC2=C1)N(=O)=O
VOPZEF,CC1=CC=CN2C1=CC(=C2N(=O)=O)C
VOPZIJ,CC1=CN2C=CC=CC2=C1N(=O)=O
VOPZOP,CC1=CC=CN2C=C(C)C(=C12)N(=O)=O
VOQJER,CCc1ccc(cc1N)N(=O)=O
VOQKES,Cc1ccc(cc1)/C(=N/Nc1ccc(cc1N(=O)=O)N(=O)=O)/C
VOQQAU,CC(COCOCC(C)(N(=O)=O)N(=O)=O)(N(=O)=O)N(=O)=O
VOQSEC,O=C(Oc1ccccc1N1Cc2ccccc2C1=O)c1cccc(c1)N(=O)=O
VOQVEE,CN1N=C(N=C1N(=O)=O)C(N(=O)=O)(N(=O)=O)N(=O)=O
VORDOX,COc1ccc(cc1)[C@H]1O[C@H]([C@@]2(O1)C(=O)N(c1c2cccc1)Cc1ccccc1)c1ccc(cc1)N(=O)=O
VORHUG,C[C@H]([C@@H]1N(C(=O)OC(C)(C)C)C(=O)C=C1c1ccccc1N(=O)=O)O
VORJAO,COC(=O)CC[C@@H]([C@@H]1N(C(=O)OC(C)(C)C)C(=O)C=C1c1ccccc1N(=O)=O)O
VORLEU,O=N(=O)c1cc(cc(c1)N(=O)=O)c1cc(cc(c1)N(=O)=O)N(=O)=O
VORSUT,COC(=O)[C@@H]1C[C@H]([C@@H]1NC(=O)OC(C)(C)C)OC(=O)c1ccc(cc1)N(=O)=O
VOSRIH,O=N(=O)c1cccnc1N1N=Nc2ccccc12
VOVHAR,N=C1Oc2ccccc2C=C1c1ccc(cc1)N(=O)=O
VOWLUR,CN1C=CC=C1c1cccc(c1)N(=O)=O
VOXNOL,O=C(Cc1ccc(cc1)N(=O)=O)c1ccccc1
VOXPIH,Oc1ccccc1/C=N/c1cccc(c1)N(=O)=O
VOYJAX,CC(C)N(CC(=O)Nc1ccc(cc1)N(=O)=O)CC(=O)Nc1ccc(cc1)N(=O)=O
VOYQIL,CC(=O)[C@@H]1[N@](C1(C)C)N1C(=Nc2c(C1=O)cccc2)[C@@H](OC(=O)c1ccc(cc1)N(=O)=O)C
VOZHAT,O=N(=O)c1ccccc1/N=N(=O)/C(N(=O)=O)(C)C
VOZHAT10,O=N(c1c(/N=[N+]([O-])/C(C)(C)N(=O)=O)cccc1)=O
VOZJOL,O=C1/C(=C/c2ccc(cc2)N(=O)=O)/Oc2c1cc(C)c(c2)C
VOZVIS,CCOC(=O)C1(C[C@H](c2ccc(cc2)OC)N(C(=O)N1OCc1ccc(cc1)N(=O)=O)OCc1ccccc1)C(=O)OCC
VUBBEC,CC1=C(CC1)c1cccc(c1)N(=O)=O
VUBVOG,CCOC(=O)[C@]1(N(=O)=O)[C@@H](CN(=O)=O)C[C@@]2([C@@H]1c1ccc(cc1)C)C(=O)Nc1c2cccc1
VUBWIB,O=N(=O)C[C@H]1C[C@@]2([C@@H]([C@H]1N(=O)=O)c1ccccc1)c1ccccc1N(C2=O)C
VUBXAU,O=N(=O)C[C@H]1C[C@]2([C@@H]([C@H]1N(=O)=O)c1ccccc1)c1ccccc1N(C2=O)C
VUCBAW,O=N(=O)C1(CC(C1)(N(=O)=O)N(=O)=O)N(=O)=O
VUCNUF,O=C(c1ccc(cc1)N(=O)=O)O[C@H]1c2ccccc2OC(=C)[C@@H]1c1ccccc1
VUFBIK,O=C(c1ccc(cc1)N(=O)=O)OC[C@]12CCCCC[C@@H]2OC[C@H]1C
VUFCAD,C[C@H]1CO[C@H]2[C@@]1(CCC2)COC(=O)c1ccc(cc1)N(=O)=O
VUFJIR,C/C=C/[C@@]1(CCC/C/1=N\Nc1ccc(cc1N(=O)=O)N(=O)=O)c1ccccc1
VUGMIV,COc1nccnc1C(N(=O)=O)(N(=O)=O)N(=O)=O
VUGVUQ,O=C1CC(C)(C)CC(=O)C1=C/C=C/c1ccc(cc1)N(=O)=O
VUHHOX,COc1ccc(cc1)[C@@H]1[N@]2CCC(=O)N2[C@@H](C1(C#N)C#N)c1ccc(cc1)N(=O)=O
VUHNAN,O=C(c1cc(cc(c1)N(=O)=O)N(=O)=O)O[C@@H]1C[C@H]2CC[C@@H]([C@]31CCCO3)C2
VUHPOD,O=C(c1cc(cc(c1)N(=O)=O)N(=O)=O)O[C@H]1C[C@H]2CC[C@@H]([C@]3([C@@]41CCCO4)CCCO3)C2
VUJDIQ,O=N(=O)N(CC(N(=O)=O)(N(=O)=O)N(=O)=O)c1nc(nc(n1)N(CC(N(=O)=O)(N(=O)=O)N(=O)=O)N(=O)=O)N(CC(N(=O)=O)(N(=O)=O)N(=O)=O)N(=O)=O
VUJVOL,CCN1c2ccccc2c2cc(ccc12)N(=O)=O
VUJVUR,O=N(=O)c1ccc2N(CCCN3c4ccccc4c4ccccc34)c3ccccc3c2c1
VUJWEC,OC[C@@H]1CC[C@@H](N1C(=O)c1ccccc1N(=O)=O)OC
VUKCOW,OC(=O)C1=C(NN=C1N(=O)=O)N(=O)=O
VUKHIS,CC(=O)N(C(C)=O)c1ccccc1c1ccccc1N(=O)=O
VUKPOI,O=N(=O)c1ccccc1/C=C/C=N/CC/N=C/C=C/c1ccccc1N(=O)=O
VUKPOI01,O=N(=O)c1ccccc1/C=C/C=N/CC/N=C/C=C/c1ccccc1N(=O)=O
VUKSEZ,O=C1C(=C/C(=N/c2ccc(cc2O)N(=O)=O)/C=C1C(C)(C)C)C(C)(C)C
VULRUS,COC(=O)[C@@]1(OO[C@H]2[C@@H]1C[C@@H](O2)c1ccccc1)c1ccc(cc1)N(=O)=O
VUMTUU,O=N(=O)c1ccc(cc1)[C@H]1[C@@H]2CC[C@@H](C2)C(=O)c2c1cccc2
VUMWOP,C=C[C@H]([C@H]([C@H](OCc1ccccc1)C)OC(=O)c1cc(cc(c1)N(=O)=O)N(=O)=O)C
VUMXEJ,N#CCN1C(=O)C(=C([C@@H]1c1ccc(cc1)OC)C(=O)c1ccc(cc1)N(=O)=O)Nc1ccc(cc1)CC
VUNMEX,O=N(=O)c1ccc(cc1)/C=N/c1ccc(c(c1)C)C
VUNMIB,Cc1cc(/N=C/c2cccc(c2)N(=O)=O)ccc1C
VUPPED,C=CC[C@]12[C@H](CON1C(=O)CN(=O)=O)CO[C@H]2c1ccccc1
VUPQAB,NC1=C(C(=C(C2=CN(N=C12)c1ccccc1)N(=O)=O)N)N(=O)=O
VUQDOB,CCOC1=C(N=CN1C[C@H](COc1ccc(cc1)C(=O)C)O)N(=O)=O
VUQFOD,CCOC(=O)C1(C(=O)OCC)[C@@H]([C@H]1c1ccc(cc1)N(=O)=O)C(=O)c1ccc(cc1)C
VUQVOU,CC(=O)C1=C(O)C[C@H]([C@@H]([C@@H]1c1ccccc1)N(=O)=O)c1ccccc1
VUSQUX,COc1cc2c(cc1OCc1cccc(c1)N(=O)=O)CN1C3=C(C=CC[C@]23C)C=C1
VUSRUZ,O=N(=O)C1=C(C2=NN=NN2)C(=NN1)N(=O)=O
VUSWAI,OC(=O)[C@H]1[C@@H]2C[C@@H]3[C@H]1C(=O)N([C@@H]3[C@H]2O)c1cccc(c1)N(=O)=O
VUWCAT,COC(=O)c1cccc(c1N(=O)=O)c1ccc2c(c1)C=C1[C@H](O2)CCCC1=O
VUWGIF,OCCN1C(=NC(=C1c1ccccc1)c1ccccc1)c1ccc(cc1)N(=O)=O
VUWRIO,O=C(c1cc(cc(c1)N(=O)=O)N(=O)=O)O[C@@H]1CCC[C@@]2([C@H]1[C@@H]1[C@@H]2C[C@@H]2C([C@@](C1=O)(O)CC2)(C)C)C
VUXBIZ,CC(=O)O[C@@H]1C=CCC[C@]1(OC(=O)c1ccc(cc1)N(=O)=O)C(=O)C
VUXFOL,O=N(=O)C[C@@H]1C2=C(CCCC2)N(c2c1cccc2)C(=O)C
VUXLUV,COC[C@H](CN1C=CN=C1N(=O)=O)O
VUXWIW,Cc1ccc(cc1)/C(=N/Nc1ccc(cc1N(=O)=O)N(=O)=O)/C=C/C#Cc1ccccc1
VUXWUI,CCOc1cccc2C=C(C(=O)Oc12)c1ccc(cc1)N(=O)=O
VUYKUV,CN(/C=N/c1ccc(cc1)N(=O)=O)C
VUYLAC,CN(/C(=N/c1ccc(cc1)N(=O)=O)/C)C
VUYLEG,CN(/C(=N\c1ccc(cc1)N(=O)=O)/C(C)(C)C)C
VUYWUI,Nc1ccc(cc1Oc1ccccc1)N(=O)=O
VUZHII,O=C(c1ccccc1C)N/N=C/c1ccc(cc1)N(=O)=O
VUZLUY,COc1ccc2c(c1)c(c(cc2)O)/C(=N\c1cccc(c1)N(=O)=O)/c1ccccc1
VUZQUC,COC([C@@]1(C)C[C@@H](OC(=O)[C@H](c2ccccc2)OC)c2c(O1)ccc(c2)N(=O)=O)OC
VUZTUG,COc1cc(/C=N/C2=C(C)N(N(C2=O)c2ccccc2)C)cc(c1OCc1ccc(cc1)N(=O)=O)N(=O)=O
VUZVIW,O=N(=O)c1ccc(cc1)C1=NN([C@H](C1)c1c2ccccc2cc2c1cccc2)c1ccccc1
VUZYIZ,OC1=C(C(=O)CC(C1)(C)C)[C@H](C1=C(O)CC(CC1=O)(C)C)c1cccc(c1)N(=O)=O
WABDUC,C[C@@H](c1ccc2c(c1)cccc2)NC(=O)c1ccc(cc1)N(=O)=O
WABGAK,O=N(=O)c1ccc(cc1)[C@H](C1=CNc2c1cccc2)C1=CNc2c1cccc2
WABNEW,O=C(CCC(=O)c1ccccc1)/C=N/Nc1ccccc1N(=O)=O
WABZAD,COc1cc(OC)cc(c1[C@H]1CC(Oc2c1cc(cc2)N(=O)=O)(c1ccccc1)c1ccccc1)OC
WACBIL,COc1ccc(cc1)C[C@@H]1[C@@H](OC(=O)c2ccc(cc2)N(=O)=O)[C@]2(C([C@@H]1CC2)(C)C)C
WACFUD,Oc1ccc2c(c1/C=N/c1cccc(c1C)N(=O)=O)cccc2
WACGOW,O=N(=O)c1cc(c(Cc2c(cc(cc2N(=O)=O)N(=O)=O)N(=O)=O)c(c1)N(=O)=O)N(=O)=O
WACHUG,O=N(=O)c1ccc2c(c1)[C@H](C=C(c1ccccc1)c1ccccc1)CC(O2)(c1ccccc1)c1ccccc1
WACLOF,O=CC[C@@H](c1ccc(cc1)C)CN(=O)=O
WACQEY,Oc1c2ccccc2c(cc1N(=O)=O)N(=O)=O
WACTAX,C[C@@H]1CCCN(C1)[C@H](c1c(O)ccc2c1cccc2)c1cccc(c1)N(=O)=O
WADBEK,O=C(Nc1ccc(cc1)N(=O)=O)c1cc(cc(c1)N(=O)=O)N(=O)=O
WADCOW,CC1(C)c2ccccc2Nc2ccc(cc12)N(=O)=O
WADFUE,CCOC(=O)C1(C[C@H]([C@H](N1)c1ccccc1N(=O)=O)C(=O)C)C(=O)OCC
WADGEP,CCOC(=O)C1=C(/N=C(/Oc2cccc(c2)N(=O)=O)\NC(C)C)N(N=N1)Cc1ccccc1
WADWUX,CCOC(=O)C1=C(O)C(=O)N([C@@H]1c1ccccc1N(=O)=O)c1ccccc1
WADYAD,CCOC(=O)C1=C(c2ccc(cc2)N(=O)=O)C2=NC=CN2C=C1
WADZUY,O=C(Nc1ccccc1)c1ccc(Nc2ccccc2)c(c1)N(=O)=O
WAFBAI,O=N(=O)c1cc(ccc1Nc1ccccc1)C#N
WAFRUS,O=N(=O)C[C@H]([C@@H]1CCCCC1=O)c1ccccc1
WAGKEU,CCOC(=O)C#Cc1ccccc1N(=O)=O
WAGLUO,COC(=O)c1cc(OC(=O)c2ccc(cc2)N(=O)=O)ccc1c1ccccc1
WAGZIO,CO[C@@H]1CCC[C@H](O1)[C@@H](C1=CCCCC1)OC(=O)c1ccc(cc1)N(=O)=O
WAGZOU,O=C(c1ccc(cc1)N(=O)=O)OC1=CC[C@]2([C@]31CC=CC(C[C@H]23)(C)C)C
WAHDOA,CC(=O)OC[C@H]([C@@H]([C@@H]([C@H]([C@@H]1[C@@H](N(=O)=O)[C@]2(O[C@]1(C)C=C2)C)OC(=O)C)OC(=O)C)OC(=O)C)OC(=O)C
WAHLEW,CN1[C@@H]2CCCC[C@H]2O[C@@H]1c1ccc(cc1)N(=O)=O
WAHLIA,CN1[C@H]2CCCC[C@H]2O[C@H]1c1ccc(cc1)N(=O)=O
WAHPUR,CCOC(=O)[C@]12CC=C([C@]2(O)CCC(=CC1)C)/C(=N/Nc1ccc(cc1N(=O)=O)N(=O)=O)/C
WAHYAI,CCCCC[C@H]1N=N[C@H]2[C@@H]1CC[C@@H]2OC(=O)c1ccc(cc1)N(=O)=O
WAHYIP,O=N(=O)C1=CC=C(O1)/C=N/N1N=C2C(=N1)C(=O)c1c(C2=O)cccc1
WAJGAS,O[C@H](c1ccc(cc1N(=O)=O)N(=O)=O)NN1C(=NN=C1c1ccccn1)c1ccccn1
WAJMED,COc1cc(ccc1O)C(=O)/C=C/c1ccc(cc1)N(=O)=O
WAJMUT,O=N(=O)c1ccccc1OCC1=Nc2ccccc2N1CCC#N
WAJNAA,O=N(=O)c1ccc(OCC2=Nc3ccccc3N2CCC2=NN=NN2)cc1
WAJREH,O=N(=O)C[C@@H]1c2ccccc2C(=C)[C@]21C(=NN(C2=O)C)C
WAJRIL,O=N(=O)C[C@H]1c2ccccc2/C(=C/c2ccccc2)/[C@@]21C(=NN(C2=O)c1ccccc1)C
WAJSIM,O=N(=O)c1ccc2c(c1)[C@@H]1[C@@H]3N2CC[C@]13C
WAJWUA,CC1=C(/N=C/c2ccc(cc2)N(=O)=O)C(=O)N(N1C)c1ccccc1
WAJWUA01,CC1=C(/N=C/c2ccc(cc2)N(=O)=O)C(=O)N(N1C)c1ccccc1
WAKCAN,O=N(=O)c1ccccc1CCc1ccccc1N(=O)=O
WAKDIW,C/C(=N\Nc1ccc(cc1N(=O)=O)N(=O)=O)/C=C/c1ccccc1
WAKGIZ,COc1ccc(cc1)C(=O)[C@@H](Oc1ccccc1N(=O)=O)C
WAKNIG,O=N(=O)C1=NON=C1NCc1ccccc1
WAKNOM,O=N(=O)C1=NON=C1N1CCc2ccccc2C1
WAKSIM,COc1ccc(cc1)C1=C(C#N)N2C=CC=CC2=C1N(=O)=O
WAKWAG,CN1c2cccc(c2C(=C1c1ccccc1)N(=O)=O)N(=O)=O
WAKWEK,CN1c2ccc(cc2C(=C1c1ccccc1)N(=O)=O)N(=O)=O
WAKWIO,CN1c2cc(ccc2C(=C1c1ccccc1)N(=O)=O)N(=O)=O
WAKZUH,N#C/C=C(/c1ccccc1)\OC(=O)c1ccc(cc1)N(=O)=O
WALDIA,O=N(=O)c1ccc(cc1)CNC[C@H]1C[C@@H]2c3c([C@H]1c1c2cccc1)cccc3
WALFUM,CCOc1nc(cc(c1O)N(=O)=O)N(=O)=O
WALLUS,O=N(=O)c1ccccc1NN=C(c1ccccn1)c1ccccn1
WALWEO,O=C1N(Cc2ccccc2)C(=O)c2cc(c(NCc3ccccc3)c3cccc1c23)N(=O)=O
WAMCIZ,COC(=O)N1c2ccc(cc2[C@@]2(C1=O)Cc1ccccc1N1[C@H]2CCC1)N(=O)=O
WAMGIA,O=C(OC(=O)C(c1ccccc1)(c1ccccc1)c1ccccc1)c1cc(cc(c1)N(=O)=O)N(=O)=O
WAMLIG,COC(=O)c1cccc(c1)N(=O)=O
WAMNAZ,COC[C@H]1[C@@H](C)C(=O)C[C@@H]([C@H]1N(=O)=O)c1ccccc1
WAMTOW,CCOC(=O)C1=C(C)NC(=O)N([C@H]1c1cccc(c1)N(=O)=O)CCC#N
WANFOH,O=N(=O)c1cccc(c1)c1ccc2c3ccc(cc3C3(c2c1)c1cc(ccc1c1ccc(cc31)c1cccc(c1)N(=O)=O)c1cccc(c1)N(=O)=O)c1cccc(c1)N(=O)=O
WAPGEZ,O=N(=O)c1cc(c(N2CCCC2)c2ccccc12)N(=O)=O
WAPTAJ,O[C@@H](c1ccccc1)[C@H]1ON=C(C1)c1ccc(cc1)N(=O)=O
WAPTEN,CO[C@@H](C(C)(C)C)[C@@H]1ON=C(C1)c1ccc(cc1)N(=O)=O
WAPTIR,C[C@H]([C@@]1(C)ON=C(C1)c1ccc(cc1)N(=O)=O)O
WAQKAD,Cc1cccc(c2ccccc2N(=O)=O)c1C(=O)Nc1cccc2cccnc12
WAQYEV,CCOC(=O)/C(=C/c1ccccc1N(=O)=O)/C#N
WAQYUK,CN(C)C(=Nc1c(N=C(N(C)C)N(C)C)c(c(N=C(N(C)C)N(C)C)c(N=C(N(C)C)N(C)C)c1N(=O)=O)N(=O)=O)N(C)C
WARVOC,COc1cc(ccc1OC)[C@@H]1CC=C[C@@H]([C@H]1N(=O)=O)O
WASGOO,O=C([C@H]1[C@H]2CC[C@@H]([C@@H]1N(=O)=O)C=C2)O[C@H]1C(=O)N(CC1(C)C)c1ccc(cc1)C(=O)OCc1ccccc1
WASMAE,COC(=O)[C@]12[C@H]3[C@H]4[C@@]2([C@H]2[C@@H]1[C@@]3([C@@H]42)N(=O)=O)N(=O)=O
WASRAJ,NNc1ccc(cc1N(=O)=O)N(=O)=O
WASRAJ01,NNc1ccc(cc1N(=O)=O)N(=O)=O
WASRAJ02,NNc1ccc(cc1N(=O)=O)N(=O)=O
WASTIT,COCCOC(=O)C1=C(C)NC(=C([C@H]1c1cccc(c1)N(=O)=O)C(=O)OCCCON(=O)=O)C
WATSUG,COC(=O)[C@H]([C@H](N(C(=O)c1cc(cc(c1)N(=O)=O)N(=O)=O)[C@@H](c1ccccc1)C)c1ccccc1)CC
WATTAN,COC(=O)[C@@H]1C(=O)C=C(N[C@H]1c1cccc(c1)N(=O)=O)C
WAVJOV,CCC[C@@]([C@@H](c1ccc(cc1)N(=O)=O)O)(C(=O)OCC)Nc1c(C)cc(cc1C)C
WAVLOU,CCC1=C(CC)C2=CC3=NC(=C(C4=C(CC)C(=C(N4)C=C4N=C(C=C1N2)C(=C4CC)CC)CC)N(=O)=O)C(=C3CC)CC
WAWBAY,COCCN1C=Nc2ccc(cc12)N(=O)=O
WAWFIK,CC(=O)Nc1cc(ccc1C)N(=O)=O
WAWXAV,O=N(=O)C1=CC=C(O1)[C@H]1C[C@H]2ON1c1ccccc1C2
WAXCAB,O=C1c2ccccc2c2nc(c3ccccc3)c(c3ccccc3)c(c3ccc(cc3)N(=O)=O)c12
WAXFAE,O=N(=O)C1=C/C(=C\2/C=C(N(=O)=O)/C(=N/N(c3ccccc3)c3ccccc3)/C3=NON=C23)/C2=NON=C2/C/1=N\N(c1ccccc1)c1ccccc1
WAXJUC,N[C@@H]([C@@H](c1cccc(c1)N(=O)=O)N)c1cccc(c1)N(=O)=O
WAZGAI,CC(CCC[C@H]([C@H]1CC[C@@H]2[C@]1(C)CC[C@H]1[C@H]2CC=C2[C@]1(C)CC[C@@H](C2)OC(=O)c1ccc(cc1)N(=O)=O)C)C
WECNID,C[C@H]1CCc2c(/C/1=C/1\[C@@H]3[C@H]4CC[C@@H]([C@@H]3c3c1ccc(c3)N(=O)=O)C4)c(C)ccc2
WECYUA,O=N(=O)c1ccc(cc1)c1nc2ccccc2c(Cc2ccccc2)[n+]1[O-]
WECZEJ,O=N(=O)/C(=C/NC(C)(C)C)/C=N/C(C)(C)C
WECZIN,CC(C)(C)NC=C(C=O)N(=O)=O
WEDLEZ,COc1ccc(cc1)[C@]1(CCC/C(=N\Nc2ccc(cc2N(=O)=O)N(=O)=O)/C1)c1ccc(cc1)C
WEFBAM,Nc1ccc(cc1NCc1ccccc1)N(=O)=O
WEFBEQ,Nc1ccc(cc1NCc1ccccn1)N(=O)=O
WEFJEZ,CN(C)C(=O)c1cccc(c1c1c(cccc1N(=O)=O)C(=O)N(C)C)N(=O)=O
WEFJID,CN(C)c1cccc(c1c1c(cccc1N(=O)=O)N(C)C)N(=O)=O
WEFMIE,Oc1cccc(c1)/C=C/C(=O)c1ccc(cc1)N(=O)=O
WEFSEG,CCN(CC)c1ccc(cn1)N(=O)=O
WEGPUV,O=N(=O)C[C@@H]1c2ccccc2OC(=O)[C@]21CCCC2=O
WEGROQ,O=N(=O)[C@@H]1CCCC[C@]1(O[C@@H]1CCCC[C@@]1(O)c1ccccc1)c1ccccc1
WEGXUD,COC(=O)C1(CC2=C(C([C@H]2C1)(C)C)CC/C(=N\Nc1ccc(cc1N(=O)=O)N(=O)=O)/c1ccc(cc1)N(=O)=O)C(=O)OC
WEHCIX,N#C/C=C(\c1ccccc1)/Oc1ccc(cc1)N(=O)=O
WEHCOD,O=N(=O)c1ccc2OC(=C(C#N)c2c1)c1ccccc1
WEHTEI,OC[C@H]1O[C@@H](CN(=O)=O)[C@@H]([C@H]([C@@H]1O[C@@H]1O[C@H](CO)[C@H]([C@@H]([C@H]1O)O)O)O)O
WEHTIM,CC(=O)OC[C@H]1O[C@@H](CN(=O)=O)[C@@H]([C@H]([C@@H]1O[C@H]1O[C@H](COC(=O)C)[C@H]([C@@H]([C@H]1OC(=O)C)OC(=O)C)OC(=O)C)OC(=O)C)OC(=O)C
WEJJOL,O=C(c1ccc(cc1)N(=O)=O)/C=C/C1=CC=CO1
WEKBOE,COC(=O)[C@H]([C@H](N(C(=O)c1cc(cc(c1)N(=O)=O)N(=O)=O)[C@@H](c1ccccc1)C)c1ccccc1)C(C)C
WEKBUK,COC(=O)[C@H]([C@H](N(C(=O)c1cc(cc(c1)N(=O)=O)N(=O)=O)[C@@H](c1ccccc1)C)c1ccccc1)Cc1ccccc1
WEKCEV,O=C([C@H]1COC(O1)(C)C)O[C@H]([C@H]([C@H]([C@H]1COC(O1)(C)C)OC(=O)c1cc(cc(c1)N(=O)=O)N(=O)=O)/C=C/c1ccccc1)c1ccccc1
WEKGEB,Nc1ccccc1NC(=O)c1ccccc1N(=O)=O
WEKGIF,O=C(Nc1ccccc1NC(=O)c1ccccc1N(=O)=O)c1cccc(n1)C(=O)Nc1ccccc1NC(=O)c1ccccc1N(=O)=O
WEKGOJ,O=N(=O)c1cc(nc(c1)N(=O)=O)N(=O)=O
WEKGUP,O=N(c1cc(N(=O)=O)[n+]([O-])c(N(=O)=O)c1)=O
WEKHOM,CN1C=C(C(=O)C2=C(c3ccccc3OC(=O)c3ccc(cc3)N(=O)=O)c3ccccc3N2C)c2ccccc12
WELKEF,Oc1cccc2c1nc(/C=C/c1ccc(cc1N(=O)=O)N(=O)=O)cc2
WELZIZ,O=N(=O)C[C@@H]1C=C(O[C@H]2[C@@H]1C[C@@H](O2)c1cccc(c1)N(=O)=O)c1ccccc1
WEMTAK,Cc1ccc(cc1)/C=N/c1cc(N(=O)=O)c(c(c1)N(=O)=O)C
WENRAJ,O=C1Nc2ccc(cc2C1=O)N(=O)=O
WEPCEC,COc1ccc(cc1)N1C2=C([C@@H](C=C1C(=O)OC)c1ccc(cc1)N(=O)=O)[C@H](N(C2=O)c1ccc(cc1)OC)c1ccccc1
WEPLUB,CN1C(=O)CCc2cc(cc(N3CCOCC3)c12)N(=O)=O
WEPMAG,COc1cc(OC)c(cc1/C=C/C(=O)c1ccc(cc1)N(=O)=O)OC
WEPWAQ,NNC(=O)c1ccccc1N(=O)=O
WEPWOE,O=C(Cc1ccc(cc1)N(=O)=O)OC1CCCCCCCCC1
WEPXAT,N#C/C(=C\c1cccc(c1)OC)/c1ccc(cc1)N(=O)=O
WEPXEX,N#C/C(=C\c1cccc(c1)OC)/c1ccc(cc1)N(=O)=O
WEPXOF,COC(=O)[C@@H]([C@@H](N(C(=O)c1cc(cc(c1)N(=O)=O)N(=O)=O)[C@H](c1ccccc1)C)c1ccccc1)CC
WERPUE,OCCn1c(/C=C/c2ccccc2)ncc1N(=O)=O
WERSAN,CN1CCN(CC1)Cc1cc(cc(CN2CCN(C)CC2)c1O)N(=O)=O
WERVEU,NC(=O)N/N=C/C1=CC=C(O1)N(=O)=O
WERVEU01,NC(=O)N/N=C/C1=CC=C(O1)N(=O)=O
WERVEU02,NC(=O)N/N=C/C1=CC=C(O1)N(=O)=O
WERVEU03,NC(=O)N/N=C/C1=CC=C(O1)N(=O)=O
WERVEU04,NC(=O)N/N=C/C1=CC=C(O1)N(=O)=O
WERVEU05,NC(=O)N/N=C/C1=CC=C(O1)N(=O)=O
WERVEU06,NC(=O)N/N=C/C1=CC=C(O1)N(=O)=O
WESMOZ,N#Cc1ccc(c(c1)N(=O)=O)/C=C/c1ccc(cc1)N(C)C
WETGEJ,CN1[N-]C(=C([N+]#N)C1=O)N(=O)=O
WETGIN,NN1N=C(C(=C1N(=O)=O)N)N(=O)=O
WETGUA,CNC(=O)Nc1ccc(cc1N(=O)=O)N(=O)=O
WETZEB,O=C1N[C@@H]2[C@@H](O1)[C@@H](O)[C@@H](CCCC2)OC(=O)c1ccc(cc1)N(=O)=O
WEVSIZ,COC(=O)[C@]12CC[C@@](C2=CC(CC1)(C)C)(C)Cc1cccc(c1)N(=O)=O
WEVVEZ,COC(=O)c1ccc(NC2=NNC(=C2)C)c(c1)N(=O)=O
WEWBIJ,O=C1CCCC[C@@H]1Oc1ccc(cc1)N(=O)=O
WEWPUK,CC(C[C@@H]([C@@H]([C@H](C(=O)C)C)OC(=O)c1cc(cc(c1)N(=O)=O)N(=O)=O)N(C(=O)OC(C)(C)C)C)C
WEWQEV,CC(C[C@@H]([C@H]([C@@H](C(=O)C)C)OC(=O)c1cc(cc(c1)N(=O)=O)N(=O)=O)NC(=O)OC(C)(C)C)C
WEXFAG,CC(CNC(=O)C(C)(N(=O)=O)N(=O)=O)(N(=O)=O)N(=O)=O
WEZKUK,CC([C@@H]1CC[C@H]([C@]2([C@H]1C(=O)CC[C@H]2N(=O)=O)O)C)C
WICCIU,O=N(=O)c1c(cc(cc1c1ccccc1)c1ccccc1)c1ccccc1
WICHOH,O=C1[C@H](Cc2ccccc2)N[C@@H](NC2=C1N1C=CC=CC1=N2)c1ccc(cc1)N(=O)=O
WICJAV,O=C1O[C@@]23[C@@]4([C@H]1C[C@H]([C@]3(C)OC(=O)c1ccc(cc1)N(=O)=O)C4)[C@H](C)CCC=C2
WICVUZ,CC(=O)O[C@H]1CC[C@]2(OC(=C(N(=O)=O)[C@@H]3[C@@H]2CC[C@]2([C@H]3CC[C@@H]2OC(=O)C)C)C1)C
WICWAG,CC(=O)O[C@H]1CC[C@]2([C@](C1)(ON(=O)=O)[C@@H](N(=O)=O)[C@@H]1[C@@H]2CC[C@]2([C@H]1CC[C@@H]2OC(=O)C)C)C
WICXIP,C[C@H]1C[C@@H]1[C@H]([C@@H]([C@H]1C[C@@H]1C)OC(=O)c1cc(cc(c1)N(=O)=O)N(=O)=O)OC(=O)c1cc(cc(c1)N(=O)=O)N(=O)=O
WIDJAX,COc1ccc(cc1)[C@@H]1[C@H](COc2c1c1ccccc1cc2)N(=O)=O
WIFHID,C[C@@H]1CCCCCCCCCCCC[C@H](C1)OC(=O)c1c(cccc1N(=O)=O)C(=O)O
WIFLUS,O=C(c1cccc2c1cccc2)/C=C/c1ccc(cc1)N(=O)=O
WIFMOQ,O=C1[C@H]2CN(C[C@@H]1[C@]1([C@@H]([C@H]2c2ccc(cc2)N(=O)=O)C(=O)c2c1cccc2)O)Cc1ccccc1
WIFQEI,COc1ccc(cc1)[C@H](C1=CNc2c1cccc2)CN(=O)=O
WIFQUY,O=C1OCCC(=C1)CCCCOC/C(=N\Nc1ccc(cc1N(=O)=O)N(=O)=O)/Cc1ccccc1
WIGBIY,COC(=O)[C@]1(ON([C@H](C1)c1ccccc1)C)c1ccccc1N(=O)=O
WIGCOF,CO[C@H]1CCCC/C/1=C/C[C@H](c1ccc(cc1)N(=O)=O)OC(=O)c1ccc(cc1)N(=O)=O
WIGJAY,COC(=O)C1(N[C@@H]1c1ccc(cc1)N(=O)=O)C(=O)OC
WIGJAY01,COC(=O)C1(N[C@@H]1c1ccc(cc1)N(=O)=O)C(=O)OC
WIGTOX,CC(=O)CN1C(=NC=C1N(=O)=O)C
WIGVEP,O=N(=O)c1ccc(cc1)/C=C/C=N/c1cccc2c1cccc2
WIGXAN,OC1=CC=CC=C(C1=O)N(=O)=O
WIGYOC,Oc1ccc(NC(=O)c2ccc(cc2)N(=O)=O)cc1
WIGYOC01,Oc1ccc(NC(=O)c2ccc(cc2)N(=O)=O)cc1
WIHBEV,O=C(NNC(=O)c1ccccc1N(=O)=O)c1ccccc1
WIHBIA,O=C1C(=COc2ccccc12)Cc1ccc(cc1)N(=O)=O
WIJCEX,N#C/C(=C\C=C\c1ccc(cc1)N(=O)=O)/N(c1ccccc1)C
WIJCOH,N#C/C(=C\C=C\c1ccccc1N(=O)=O)/N(c1ccccc1)C
WIJJAC,CC1(C)CN2N=C(C=C2C1)c1ccc(cc1)N(=O)=O
WIJMEH,N#C/C(=C\C(=C=Nc1cc(ccc1C)N(=O)=O)C(C)(C)C)/C(C)(C)C
WIKBAT,OC(=O)/C=C/C1=CC=C(O1)N(=O)=O
WIKCIE,O=N(=O)C(C1=NNN=N1)(N(=O)=O)N(=O)=O
WIKYEU,Cc1c(cc2c(c1N(=O)=O)C(C)(C)CC2(C)C)N(=O)=O
WIKYIY,C[C@@H]1C(C)(C)c2c(C1(C)C)cc(c(c2)C)N(=O)=O
WIKYOE,C[C@@H]1C(C)(C)c2c(C1(C)C)cc(c(c2N(=O)=O)C)N(=O)=O
WIKYUK,C[C@@H]1CC(C)(C)c2c(C1(C)C)cc(c(c2)N(=O)=O)C
WIKZAR,C[C@@H]1CC(C)(C)c2c(C1(C)C)c(N(=O)=O)c(c(c2)N(=O)=O)C
WIKZEV,C[C@@H]1CC(C)(C)c2c(C1(C)C)cc(c(c2N(=O)=O)N(=O)=O)C
WIKZUL,O=N(=O)C1=CNN=C1
WIKZUL01,O=N(=O)C1=CNN=C1
WILBAU,CC(C)(C)C1=C(C(=NN1)C(C)(C)C)N(=O)=O
WILBEY,O=N(=O)C1=C(NN=C1c1ccccc1)c1ccccc1
WILLIP,Cc1ccc2c(c1)CN1CN2Cc2c1ccc(c2)c1cccc2c1c(ccc2)/C=C/N(=O)=O
WILRUF,C[C@H]1[C@H](C[C@@H]2[C@H]1C=C(C2(C)C)C)OC(=O)c1cc(cc(c1)N(=O)=O)N(=O)=O
WIMWAQ,CC[C@@H]1C[C@]21N=C(O[C@@H]2C(=O)OC)c1ccc(cc1)N(=O)=O
WIMWEU,C[C@H]([C@@H]1[C@H]2CC=CC[C@@H](N2C1=O)C(=O)OCc1ccc(cc1)N(=O)=O)O
WINJAF,O=N(=O)c1ccc(Nc2ccc(cc2N(=O)=O)N(=O)=O)c(c1)N(=O)=O
WINJAF01,O=N(=O)c1ccc(Nc2ccc(cc2N(=O)=O)N(=O)=O)c(c1)N(=O)=O
WINLUA,CCN(CC)c1ccc(cc1)C=CN(=O)=O
WINVEV,COc1cc(C=C2c3ccccc3C(=O)c3ccccc23)cc(c1O)N(=O)=O
WIPFUX,Cc1ccccc1NC(=O)c1ccccc1N(=O)=O
WIPJEM,Cc1ccc(Nc2ccc(C)cc2N(=O)=O)cc1
WIQDIJ,O=N(=O)c1ccc(CC#N)cc1
WIQDIJ01,O=N(=O)c1ccc(CC#N)cc1
WIQJOX,COc1ccc(cc1)/C=C/C=C/C1=CC=C(C(=C2C1=C(C)C=C(C=C2C)C)C(=O)OC)/C=C/C=C/c1ccc(cc1)N(=O)=O
WIQJUD,COc1ccc(cc1)/C=C/C1=CC=C(C2=CC(=CC=C(C2=C1C(=O)OC)C)C(C)C)/C=C/c1ccc(cc1)N(=O)=O
WIQMAK,CCN1C(=Nc2c3ccccc3c3ccccc3c12)c1ccccc1N(=O)=O
WIQWAU01,O=N(=O)c1ccccc1CN1N=NC2=C1C1=C(C=CC=C1)C1=C2C=CC=C1
WIQYUT,Cc1ccc(cc1)[C@@H]1C[C@@]2(C1)O[C@@]1(CCCO1)C=C/C/2=N\Nc1ccc(cc1N(=O)=O)N(=O)=O
WIRKIU,CCOC(=O)C[C@@H](c1cccc2c1nc(cc2)c1ccc(cc1)N(=O)=O)O
WISBIJ,COc1ccc(cc1)N1C=C(N=C1C)N(=O)=O
WISBOP,CC(=O)c1ccc(cc1)N1C=C(N=C1C)N(=O)=O
WISFAI,O=C1C=C[C@]2([C@@H](C1)C(=CCO2)C(=O)c1ccc(cc1)N(=O)=O)C
WISVEC,CC1=NN(C(=C1/C(=N/Nc1ccc(cc1)N(=O)=O)/c1ccccc1)O)c1ccccc1
WITMER,C/C(C)=N\[C@@H](ON1C(C)(C=[N+]([O-])C1(C)C)C)C(C)(C)N(=O)=O
WITTUQ,C=C[C@@H]([C@H]([C@@H](c1ccccc1)C)OC(=O)c1cc(cc(c1)N(=O)=O)N(=O)=O)OC(=O)c1cc(cc(c1)N(=O)=O)N(=O)=O
WITWII,O=C1N(C)C(=C(C(=O)N1C)[C@@H](c1ccccc1N(=O)=O)C1=C(O)CCCC1=O)O
WIWGIV,O=N(=O)c1cc(ccc1N/N=C/C1=NN(N=C1)c1ccccc1)N(=O)=O
WIWLUJ,CCOC(=O)COc1c2Cc3cc(cc(Cc4cccc(Cc5cccc(Cc1ccc2)c5OCC(=O)OCC)c4OCC(=O)OCC)c3O)N(=O)=O
WIWMAQ,CCOC(=O)COc1c2Cc3cccc(Cc4cc(cc(Cc5cccc(Cc1ccc2)c5OCC(=O)OCC)c4OCC(=O)OCC)N(=O)=O)c3OCC(=O)OCC
WIWYUX,O=N(=O)[C@H]([C@@H](c1cccc2c1cccc2)/N=C/c1cccc2c1cccc2)C
WIWZAE,COc1ccc(cc1)/C=N/[C@@H]([C@@H](N(=O)=O)CC)c1ccc(cc1)OC
WIXBUB,COc1ccc(c(c1)[C@@H](c1cccc(c1)N(=O)=O)NC(=O)C)O
WIXCAI,CC(=O)N[C@@H](c1c(O)ccc2c1cccc2)c1cccc(c1)N(=O)=O
WIXCAI01,CC(=O)N[C@H](c1c(O)ccc2c1cccc2)c1cccc(c1)N(=O)=O
WIXGOB,O=N(=O)c1ccc(cc1)C#CC#CC#CC#Cc1ccc(cc1)N(=O)=O
WIXJIZ,O=N(=O)c1ccccc1/C=C/c1ccccc1N(=O)=O
WIXJIZ01,O=N(=O)c1ccccc1/C=C/c1ccccc1N(=O)=O
WIXTUT,O=N(=O)[C@@H]1N([C@H]1[C@H]1COC(N1C(=O)OC(C)(C)C)(C)C)C(=O)OCc1ccccc1
WIZGAP,O=C1[C@H](Cc2ccc(cc2)N(=O)=O)C[N@@]2[C@@H]3N1CC[N@]1[C@@H]3[N@](CC2)CCC1
WIZTIK,CCCCCOc1ccc(cc1)/C=C/c1ccc(cc1)N(=O)=O
WIZTOQ,CCCCCCCCOc1ccc(cc1)/C=C/c1ccc(cc1)N(=O)=O
WIZWUA,O=N(=O)C[C@@H](C1=C[C@@](OC1=O)(C)[C@@H](c1ccccc1)CN(=O)=O)c1ccccc1
WOBHOK,COc1ccc(cc1)/C=C/C=N/c1cccc(c1)N(=O)=O
WOBHUQ,COc1ccc(cc1)/C=C/C=N/c1ccc(cc1)N(=O)=O
WOBJAY,CN(c1ccc(cc1)/C=C/C=N/c1cccc(c1)N(=O)=O)C
WOBJEC,CN(c1ccc(cc1)/C=C/C=N/c1ccc(cc1)N(=O)=O)C
WOBJIG,CN(c1ccc(cc1)/C=C/C=N/c1ccc(cc1C)N(=O)=O)C
WOBLUU,O=N(=O)CN1C=NC(=N1)N(=O)=O
WOBXUI,O=C(OC1=C(CCC(=C1)C(=O)c1ccccc1)c1ccccc1)c1ccc(cc1)N(=O)=O
WOCHAX,O=N(=O)c1ccc(cc1)/C=C/C1=Nc2c(C(=O)O1)cccc2
WOCHEB,COc1cc2N=C(/C=C/c3ccc(cc3)N(=O)=O)OC(=O)c2cc1OC
WOCMUZ,NC1=NC=C(N1)C(=O)c1ccc(cc1)N(=O)=O
WOCVUF,CN(/C=N/C1=NN(C(=C1N(=O)=O)/N=C/N(C)C)C)C
WODFEB,O=N(=O)c1ccc(cc1)/C(=C/1\C=CC=N1)/C1=CC=CN1
WODKEH,CCCN/C=C(/[C@@H]1C(=CN(C=C1N(=O)=O)CCC)N(=O)=O)\N(=O)=O
WODVET,Cc1ccc(cc1)C1=NN2C(=C)COc3ccc(cc3C2=C1)N(=O)=O
WODXEV,O=N(=O)[C@@H]1CO[C@H](C2([C@H]1c1ccccc1)C(=O)c1c(C2=O)cccc1)c1ccccc1
WOFJUX,O=N(=O)C[C@H](c1ccccc1N1CCCCC1)[C@@H]([C@H](c1ccccc1N1CCCCC1)CN(=O)=O)N(=O)=O
WOFJUX01,O=N(=O)C[C@H](c1ccccc1N1CCCCC1)[C@@H]([C@H](c1ccccc1N1CCCCC1)CN(=O)=O)N(=O)=O
WOFQIS,O=N(=O)c1ccc2OCOc2c1
WOGHAE,O=C(c1cccnc1)N/N=C/c1ccccc1N(=O)=O
WOGNUB,CC1=NN(C(=O)C1)c1ccc(cc1N(=O)=O)N(=O)=O
WOGPAJ,CC1=CC(=NN1c1ccc(cc1N(=O)=O)N(=O)=O)O
WOGVIY,COc1ccc(cc1OC)/N=C/c1ccc(cc1)N(=O)=O
WOGWOG,O=C(COc1ccccc1N(=O)=O)N/N=C/c1ccccc1O
WOJCUV,COc1ccccc1/C=C/C1=NC(=CN1C)N(=O)=O
WOJDAC,Cc1ccc(cc1)/C=C/C1=NC(=CN1C)N(=O)=O
WOJHAG,COc1ccc(cc1)[C@@H]1C2=C(OC(=C1N(=O)=O)NC)CC(CC2=O)(C)C
WOJJUC,O=N(=O)c1ccccc1/C=N/N(c1ccccc1)c1ccccc1
WOJJUC01,O=N(=O)c1ccccc1/C=N/N(c1ccccc1)c1ccccc1
WOJKIQ,C[C@@H]1[C@@H](OC(=O)c2cc(cc(c2)N(=O)=O)N(=O)=O)[C@@H]([C@@]1(O)c1ccccc1)c1ccccc1
WOJLOZ,NC1=NN2C(=NN=C2N(=O)=O)N=[N+]1[O-]
WOJPES,Cc1ccc(c(c1)N(=O)=O)/C=C/c1c(cc(c(c1N(=O)=O)/C=C/c1ccc(cc1N(=O)=O)C)N(=O)=O)N(=O)=O
WOJSOG,NNC(=O)c1ccc(N2CCOCC2)c(c1)N(=O)=O
WOKMOY,O=N(=O)c1ccc(Nc2ncccc2N(=O)=O)nc1
WOKRAS,CO[C@@H](c1ccccc1)C(=O)NCC[C@H](CCOC(=O)c1ccc(cc1)N(=O)=O)C
WOKSIY,CN(c1ccc(cc1)/N=N/c1ccc(c(c1)N(=O)=O)C)C
WOKSIY01,CN(c1ccc(cc1)/N=N/c1ccc(c(c1)N(=O)=O)C)C
WOLDAC,O=C(c1ccc(cc1)N(=O)=O)O[C@H]1CCC[C@@]21CCC=C2c1ccccc1
WOLNIW,NN1N=C(C=C1N(=O)=O)N(=O)=O
WOLNOC,NN1C=NC(=N1)N(=O)=O
WOLWOM,Cc1cccc(Nc2ccccc2N(=O)=O)c1C(=O)Nc1cccc[n+]1[O-]
WOLZAA,CCc1cccc(c1)[C@@H]([C@@H](c1ccc(cc1)C)NC(=O)OC(C)(C)C)N(=O)=O
WOMDEI,Cc1ccc2c(n1)c(ccc2/N=N/c1ccc(cc1)N(=O)=O)OC(=O)c1ccccc1
WOMHEN,O=C(Nc1ccccn1)Nc1ccccc1N(=O)=O
WOMHUD,O=C(Nc1cccnc1)Nc1ccccc1N(=O)=O
WOMREV,OCCCC(=O)/C(=C\c1ccc(cc1)N(=O)=O)/C(=O)OC(C)(C)C
WOMWUR,O=C(Nc1ccc(cc1)N(=O)=O)c1ccccc1N(=O)=O
WONLUJ,NN1C=NN=C1N1N=Cc2c1cc(cc2N(=O)=O)N(=O)=O
WONLUJ02,NN1C=NN=C1N1N=Cc2c1cc(cc2N(=O)=O)N(=O)=O
WONTUO,CC(=O)C(=C)[C@H](c1ccc(cc1)N(=O)=O)O
WOPTEC,CCCCN1c2ccccc2-c2c1ccc(c2)/C=C(/c1ccc(cc1)N(=O)=O)\C#N
WOPXUX,C/C(=N\c1c(C)cccc1C)/c1c(C)nc2c(c1Nc1ccc(cc1)N(=O)=O)cccc2
WOQNUO,O=N(=O)c1ccc(cc1)c1ccc(cc1)C(c1ccc(cc1)c1ccc(cc1)N(=O)=O)=C(c1ccc(cc1)c1ccc(cc1)N(=O)=O)c1ccc(cc1)c1ccc(cc1)N(=O)=O
WOQXIL,O/N=C/c1cc(cc(c1O)N(=O)=O)N(=O)=O
WOQXOR,O/N=C/c1ccc(c(c1)N(=O)=O)O
WORWAB,CCOC(=O)[C@@]1(C#N)CCC[C@@]([C@@H]1CC(=O)C)(C)N(=O)=O
WORWEF,CCOC(=O)[C@@]1(C#N)CCC[C@H]([C@@H]1CC(=O)C)N(=O)=O
WORWIJ,CCOC(=O)[C@]1(C#N)CC[C@]([C@H]1CC(=O)C)(C)N(=O)=O
WORWOP,CCOC(=O)[C@@]1(C#N)CC[C@]([C@@H]1CC(=O)C)(C)N(=O)=O
WORZUY,CC1(C)OC(=O)C(=Cc2ccc(cc2)N(=O)=O)C(=O)O1
WOTFUG,CO[C@H]1C[C@H]2C(=CC[C@@H]([C@H]2[C@@H](O[C@]1(C)COC(=O)c1ccc(cc1)N(=O)=O)OC)C(C)C)C
WOTGAN,COC([C@H]1[C@@H](COC(=O)c2ccc(cc2)N(=O)=O)C(=CC[C@@H]1C(C)C)C)OC
WOTGEU,N#CC([C@@H](c1ccc(cc1)N(=O)=O)CC(=O)C1=NC=CN1C(C)C)(Cc1ccccc1)C#N
WOTKUL,O=C([C@]12CC[C@]([C@@H](C1)O)([C@H](C2)O)N(=O)=O)OC(C)(C)C
WOTRAA,O=C(c1ccc(cc1)c1ccccc1)/C=C/c1cccc(c1)N(=O)=O
WOTSOQ,O=C(OCCCCc1ccc2ccc3cccc4ccc1c2c34)c1cccc(c1)N(=O)=O
WOTVAC,CCCCCCOC(=O)Nc1ccc(cc1)N(=O)=O
WOTYUC,CC(C)=NOc1c(cc(cc1N(=O)=O)N(=O)=O)N(=O)=O
WOVCIT,O=C(c1ccc(cc1)N(=O)=O)O[C@H](c1ccccc1)[C@@H]1C[C@@H]1C(=C)C
WOVDAP,COc1ccc2c(c1C/C=C(/COC(=O)c1ccc(cc1)N(=O)=O)\C)OC(=O)C=C2
WOVXOU,O=N(=O)C1=CN(C=N1)c1ccccc1
WOVXOU01,O=N(=O)C1=CN(C=N1)c1ccccc1
WOVXOU02,O=N(=O)C1=CN(C=N1)c1ccccc1
WOVXUA,O=N(=O)C1=CN(C=N1)C1=CN(C=N1)c1ccccc1
WOYTOT,O=C(CCN1N=Nc2ccccc12)c1ccc(cc1)N(=O)=O
WOZJAZ,COc1ccc(cc1)C1=C(C=C(N1)c1ccccc1)c1ccc(cc1)N(=O)=O
WOZLOO,CN(CN1N=NC(=N1)C(N(=O)=O)(N(=O)=O)N(=O)=O)N(=O)=O
WUDHEL,COC(=O)c1cc(OCC(C)C)c2ccc(c(NCc3ccccc3)c2n1)N(=O)=O
WUDHIP,COC(=O)c1cc(OCC(C)C)c2c(n1)c(N[C@@H]1[C@H](O)Cc3c1cccc3)c(cc2)N(=O)=O
WUDNAL,CC1=C2CCOc3ccc(c(c23)C1(C)C)N(=O)=O
WUDVAV,O=N(=O)c1ccc(cc1)[C@@H]1[C@H](c2ccc(cc2)N(=O)=O)[C@H]([C@H]1c1ccccn1)c1ccccn1
WUDYID,O=N(=O)c1ccc2c(c1)C=C1[C@@]3(O2)N(C)c2c([C@@]3(C)CCC1)cccc2
WUDYOJ,O=N(=O)c1ccc2c(c1)C=C1[C@]3(O2)N(C)c2c([C@]3(C)CCCCC1)cccc2
WUFJIT,O=N(=O)c1ccc(cc1)/C=C/C=C\1/N(C)c2c(C1=O)cccc2
WUFNUI,O=C(CCc1ccccc1N(=O)=O)ON(C(=O)c1ccccc1)c1ccccc1
WUFSEY,CC[C@@H](C[C@@]1(CCC/C/1=N\Nc1ccc(cc1N(=O)=O)N(=O)=O)c1ccccc1)C=C
WUGCUX,[NH3+]CCNC(=O)c1cc(ccc1[O-])N(=O)=O
WUGYIJ,COC(=O)C1(C[C@H]1CCCO/N=C/c1ccc(cc1)N(=O)=O)C(=O)OC
WUGYUV,COC(=O)C1(C[C@H]1c1ccccc1CO/N=C/c1ccc(cc1)N(=O)=O)C(=O)OC
WUGZAC,O/N=C\c1ccc(cc1)N(=O)=O
WUGZEG,COC(=O)C1(C[C@H]2[N@@]([C@H]1c1ccc(cc1)N(=O)=O)OCc1c2cccc1)C(=O)OC
WUGZIK,COC(=O)C1(C[C@@H]2[N@@]([C@H]1c1ccc(cc1)N(=O)=O)OCCC2)C(=O)OC
WUHGIP,O=C1[C@@H]2C[C@H](c3c1cc(cc3)c1cccc(c1)N(=O)=O)C(=O)c1c2ccc(c1)c1cccc(c1)N(=O)=O
WUHSEA,O=N(=O)[C@@H]1COc2c([C@H]1c1ccccc1)c1ccccc1cc2
WUHSIE,O=N(=O)[C@@H]1Cc2c(O[C@H]1c1ccccc1)ccc1c2cccc1
WUKCUD,O=C(C(=C)[C@]1(O)c2ccccc2N(C1=O)C)Nc1ccc(cc1)N(=O)=O
WUKVOO,CCOC(=O)C/C(=C\c1cccc(c1)N(=O)=O)/C=C/c1ccccc1
WUKVUU,CCOC(=O)C/C(=C\c1cccc(c1)N(=O)=O)/C=C/C(=O)OC
WULKOF,COc1ccc(N2C(=Nc3ccccc3C2=O)C)c(c1)N(=O)=O
WULQOJ,CO[C@]1(C)O[C@@H](CO[C@@]1(C)OC)[C@H](OC(=O)c1ccc(cc1)N(=O)=O)C
WULRAW,C=C[C@H]([C@@H]1CO[C@@]([C@](O1)(C)OC)(C)OC)OC(=O)c1ccc(cc1)N(=O)=O
WULREA,CC#C[C@H]([C@@H]1CO[C@@]([C@](O1)(C)OC)(C)OC)OC(=O)c1ccc(cc1)N(=O)=O
WULTUU,CC(=O)/C=C/C=C/c1ccc(cc1)N(=O)=O
WUMDIR,COC(=O)/C(=C/c1ccccc1)/C=C/c1ccc(cc1)N(=O)=O
WUMDIR01,COC(=O)/C(=C/c1ccccc1)/C=C/c1ccc(cc1)N(=O)=O
WUMHES,O=CN1C[C@@H]2[C@]([C@@H]1C(C)C)(C2)N(=O)=O
WUMHUI,O=N(=O)[C@]12C[C@H]1CO[C@@H]2C1CCCCC1
WUMJAQ,O=N(=O)[C@@]12C[C@@H]1CCO[C@@H]2C1CCCCC1
WUNPED,Oc1ccc(cc1/C=N/c1cccc2c1CCC2)N(=O)=O
WUNXIP,CCOC(=O)c1ccc(c2ccc(cc2)N(=O)=O)c(c1)c1cc(C)ccc1O
WUNYUZ,COC(=O)N(Cc1ccccc1)/N=C/C(=O)C1=C(N=CN1Cc1ccccc1)N(=O)=O
WUPMAW,O=C(c1ccccc1)C1=C2C=C(C=CC2=NO1)N(=O)=O
WUQQIJ,CCN(CC)c1ccc(NC(C)=O)c(OC(C)C)c1N(=O)=O
WURTEI,CN1CCC(CC1)OC(=O)c1ccc(cc1N(=O)=O)N(=O)=O
WUSPAB,COC(C(N(=O)=O)=[N+]=[N-])=O
WUSPEF,COC(=O)[C@]1(N(=O)=O)[C@H]2[C@@H]1c1c(C2)cccc1
WUSVOW,CCOC(=O)[C@@H]1[C@H]([C@@H](ON1c1ccccc1)c1ccc(cc1)N(=O)=O)C(=O)c1ccccc1
WUTXAL,COC(=O)c1ccc(cc1N(=O)=O)C(=O)c1cc2c(cc1C)C(C)(C)CCC2(C)C
WUTZUI,N#CC1=C(N)OC2=C([C@@H]1c1cc(ccc1O)N(=O)=O)C(=O)N(c1c2cccc1)C
WUVLUU,CCOC(=O)/C=C/C(=C/C(=C/C(=C/c1ccc(cc1)N(=O)=O)/C)/C)/C
WUVWAL,Oc1ccccc1/C=N/Nc1ccc(cc1)N(=O)=O
WUVWAL01,Oc1ccccc1/C=N/Nc1ccc(cc1)N(=O)=O
WUVXIU,O=N(=O)c1ccc2c(c1)OC[C@H]1N2CCO1
WUWBIC,Cc1ccc(CN2CCN(CC2)c2ccc(cc2)N(=O)=O)c(O)c1
WUWHIG,O=N(=O)[C@@]12C[C@H]2C[C@H](COC1=O)N1C(=O)c2c(C1=O)cccc2
WUWHOM,O=N(=O)[C@@]12C[C@H]2C[C@@H](COC1=O)N1C(=O)c2c(C1=O)cccc2
WUWHUS,OC[C@@H]1C[C@H]2C[C@]2(C(=O)N1)N(=O)=O
WUWLIK,O=N(=O)[C@@]1(CCC=C[C@@H]1OCc1ccccc1)C/C=C/c1ccccc1
WUWZUM,CCOc1ccc(NC(C)=O)c(c1)N(=O)=O
WUXFAX,O=C(Cc1ccc(cc1)N(=O)=O)Cc1ccc(cc1)N(=O)=O
WUXHAY,O=N(=O)c1cc(ccc1N/N=C/c1ccccc1)N(=O)=O
WUXHAY01,O=N(=O)c1cc(ccc1N/N=C/c1ccccc1)N(=O)=O
WUXHUS,OC(=O)c1cccc(c1C(O)=O)N(=O)=O
WUXJOO,COc1ccc(cc1N(=O)=O)/C=C(\c1ccc(cc1N(=O)=O)N(=O)=O)/N(=O)=O
WUYLUZ,CCCN1Cc2cc(ccc2C(=C1N)C#N)N(=O)=O
WUYYAT,O=C1N(c2ccc(cc2)N(=O)=O)C(=O)[C@@H]2[C@H]1[C@@H]1C=C[C@]2(C(=O)O1)O
WUYYEX,CCOC(=O)[C@]12C[C@H](C[C@H]1O)[C@@H]([C@H]2c1ccccc1)N(=O)=O
XABCOT,CC[NH+]=Cc1cc(cc(c1[O-])N(=O)=O)N(=O)=O
XABCUB,O=C(OCC(N(=O)=O)(N(=O)=O)N(=O)=O)c1cc(c(cc1N(=O)=O)C(=O)OCC(N(=O)=O)(N(=O)=O)N(=O)=O)N(=O)=O
XABCUZ,O=N(=O)c1ccc([O-])c(C=[NH+]C2CCCCC2)c1
XABGUG,CC(C)(C)Oc1c(O)c(cc(c1N(=O)=O)C(C)(C)C)C(C)(C)C
XABLUL,C[C@H]1CC[C@@H]2[C@H]3[C@]1(C)Cc1c(cccc1[C@H]3CCC2(C)C)OC(=O)c1cc(cc(c1)N(=O)=O)N(=O)=O
XACBUC,COC(=O)C(CCN=[N+]=[N-])(Cc1ccc(cc1)N(=O)=O)C(=O)OC
XACCOW,O=C(OCC(N(=O)=O)(N(=O)=O)N(=O)=O)c1c(cc(c(C(=O)OCC(N(=O)=O)(N(=O)=O)N(=O)=O)c1N(=O)=O)N(=O)=O)N(=O)=O
XACCUC,O=C(OCC(N(=O)=O)(N(=O)=O)N(=O)=O)c1c(cc(cc1N(=O)=O)N(=O)=O)N(=O)=O
XACDAJ,CC1=[N+]([O-])ON=C1C(=O)OCC(N(=O)=O)(N(=O)=O)N(=O)=O
XACJOE,Cc1ccc(cc1)N1C(=C(N=[N+]=[N-])C(=C1c1ccccc1)N(=O)=O)c1ccccc1
XACKEV,O=N(=O)/C=C/C1=CC=CN1C(=O)OC(C)(C)C
XACKIZ,O=N(=O)/C=C/C1=COC=N1
XACQEZ,N#C/C(=C\c1ccccc1)/c1ccc(cc1)N(=O)=O
XACVIH,CC1(C)COC(=N1)[C@@]1(O[C@H]1c1ccccc1)c1ccc(cc1)N(=O)=O
XACZIN,CN(CN1N=Nc2cc(cc(c12)N(=O)=O)N(=O)=O)N(=O)=O
XAFVIK,COC(=O)[C@@H](N1[C@@H](Nc2c(C1=O)cccc2)c1ccccc1N(=O)=O)C
XAGPAX,CO[C@@H]1OC[C@H]2[C@@H]1N2C(=O)c1ccc(cc1)N(=O)=O
XAHBEN,O=C(OCCCCCCOC(=O)c1ccc(cc1)N(=O)=O)c1ccc(cc1)N(=O)=O
XAHQUV,CC1=NN(C2=C1[C@H](c1ccccc1)[C@H](CO2)N(=O)=O)c1ccccc1
XAHZIS,O=N(=O)c1cc(cc(c1[C@@H]1O[C@H]1c1cccc(c1)N(=O)=O)N(=O)=O)N(=O)=O
XAJKAW,C=CCOC(=O)NC1=CC(=O)[C@@H]2[C@H]([C@@H]1OC(=O)c1ccc(cc1)N(=O)=O)O2
XAKDIA,O=N(/N=[N+]([O-])/C1=NON=C1/N=[N+]([O-])/C2=NON=C2N(=O)=O)=O
XAKLAZ,O=N(=O)C1=C2/C(=C/c3ccccc3)/CCCN2N=C1
XAKLED,O=N(=O)C1=C2/C(=C/c3ccccc3)/CCN2N=C1
XAKLIF,CN(C)CCN(Cc1c2ccccc2cc2ccccc12)c1ccc(cc1N(=O)=O)N(=O)=O
XAKLOL,CN(C)CCN(Cc1c2ccccc2cc2ccccc12)c1ccc(cc1)N(=O)=O
XAKLUR,CN(C)CCN(Cc1c2ccccc2cc2ccccc12)c1ccc(cn1)N(=O)=O
XAKMAY,CN(C)CCNc1ccc(cc1N(=O)=O)N(=O)=O
XAKMEC,O=N(=O)c1ccc(NCCNCc2c3ccccc3cc3ccccc23)c(c1)N(=O)=O
XAKVOX,CCOC(=O)C[C@]1(OC(=O)C(=C1c1ccccc1)c1ccccc1)c1ccc(cc1)N(=O)=O
XAKWOV,C[C@@H]([C@H]1OC(C1(C)C)(c1ccccc1)c1ccccc1)OC(=O)c1ccc(cc1)N(=O)=O
XAKYIS,N#C/C(=C\c1cccc(c1)N(=O)=O)/C1=NNC(=N1)C
XAKZOB,O=N(=O)/C=C/1\OC(=Cc2c1cccc2)c1ccc(cc1)C
XALNEF,CCOC(=O)C1=CC[C@H]2[C@@H]1C(=O)N(C2=O)c1ccccc1N(=O)=O
XALQEJ,COc1cc2N(C=CC(=O)c2cc1OC)c1ccc(cc1)N(=O)=O
XAMBIY,O=C1OCCN1/C(=C\c1cccc(c1)N(=O)=O)/OC(=O)c1ccccc1
XAMJUT,COc1cc(/C=N/c2cc(ccc2N)N(=O)=O)ccc1O
XANLAC,O=N(=O)c1ccc(cc1)c1cnc2ccccc2n1
XANXAN,COc1cc(OC)c2c(OC)c(cc(OC)c2c1OC)C(CN(=O)=O)CN(=O)=O
XAPFIF,O=N(=O)c1ccccc1N1C(=O)N(C(=O)[C@@]21ON=C(C2)c1ccccc1)C
XARMUA,O=N(=O)c1cccc(c1)/C=C/1\Cc2c(C1=O)cccc2
XARMUA01,O=N(=O)c1cccc(c1)/C=C/1\Cc2c(C1=O)cccc2
XARREN,O=C(C/C=C/C#Cc1ccccc1)OCc1ccc(cc1)N(=O)=O
XARXUM,COC(=O)C(Nc1ccc(cc1)N(=O)=O)C(=O)OC
XARYIY,[O-][N+]1=C2C(C(N(=O)=O)=C[C@]3(N(=O)=O)[C@H]2[C@@H]4CC[C@H]3C=C4)=NO1
XARYOE,[O-][N+]1=C2[C@H](C3=[N+](ON=C3[C@@]4(N(=O)=O)[C@@H]2[C@@H]5C=C[C@H]4C5)[O-])[C@H]6[C@H](C=CC6)O1
XATFIJ,C=C=C1CCCC[C@H]1OC(=O)c1cc(cc(c1)N(=O)=O)N(=O)=O
XATHOR,CC1=CC(C)(C)CC2=Nc3cc(ccc3N12)N(=O)=O
XATWIA,COc1ccc(cc1)COC[C@H](N1C[C@H](C)[C@@H](CN(C(=O)OC(C)(C)C)C)Oc2c(CC1=O)cc(cc2)N(=O)=O)C
XATWOG,COc1ccc(cc1)COC[C@H](N1C[C@@H](C)[C@H](OC/C=C/C[C@@H](Oc2c(C1=O)cc(cc2)N(=O)=O)C)CN(C(=O)OC(C)(C)C)C)C
XATZUO,O=C(c1ccccc1)N/N=C/c1ccc(cc1)N(=O)=O
XAVLEL,CN1N=C(c2ccccc2)C2=NN(N=C2/C/1=N\c1ccccn1)c1ccc(cc1)N(=O)=O
XAVMOW,ONC(=O)c1ccc(cc1)N(=O)=O
XAVPEQ,O=N(=O)c1cc(ccc1N/N=C/c1ccccn1)N(=O)=O
XAWLAL,C=C[C@@H]([C@@H]1O[C@@H]2C[C@H](O[C@@H]2C[C@@H]1O)[C@H](COC(=O)c1cc(cc(c1)N(=O)=O)N(=O)=O)O)C
XAXRIX,Cc1ccc(cc1)N(CC#C)CC1=CC=C(O1)N(=O)=O
XAXTOF,O=N(=O)c1cnccc1Nc1ccccc1
XAYCEF,CCOC(=O)C1=C(CN2CCCCC2)NC(=C([C@H]1c1cccc(c1)N(=O)=O)C(=O)OC)CN1CCCCC1
XAYKEO,CC1=CC=C(C)N1c1ccc(cc1)N(=O)=O
XAYSAR,CO[C@H]1O[C@@H]([C@@H]([C@H]1OC(=O)c1ccc(cc1)N(=O)=O)O)CO
XAYYAA,O=N(=O)C[C@H](C(C(=O)C)C(=O)C)c1ccccc1
XAYZEE,COC(=O)CCc1ccc(OCc2ccc(cc2)N(=O)=O)cc1
XAZCEI,OCc1ccc(cc1)N(=O)=O
XAZFIO,O=C1CO[C@@]2([C@@]1(C)CCC2)Nc1ccc(cc1)N(=O)=O
XAZFOU,CCOC(=O)[C@H]1O[C@@]2([C@@](C1=O)(C)CCCC2)Nc1ccc(cc1)N(=O)=O
XAZGAI,O=C1Cc2cc(ccc2O1)N(=O)=O
XAZJOZ,Cc1ccc(cc1)N1N=C(/C(=C(\C=C\c2cccc(c2)N(=O)=O)/O)/C1=O)C
XAZMUI,C/C(=C\c1ccc(cc1)C)/N(=O)=O
XAZQAR,O=N(=O)c1ccc2CCCNc2c1
XEBCEO,COc1cccc(c1)/C(=N/Nc1ccc(cc1N(=O)=O)N(=O)=O)/C
XEBKEW,Cc1cccc(c1)C(=O)Oc1c(cc(cc1N(=O)=O)N(=O)=O)N(=O)=O
XEBNOJ,COC(=O)[C@H]1C(=O)C[C@@]([C@H]([C@@H]1c1cccc(c1)N(=O)=O)C(=O)OC)(C)O
XEBRIG,CN(C)c1cccc2c([NH+]=Cc3cc(ccc3[O-])N(=O)=O)ccc(N(C)C)c12
XECYEK,O=N(=O)c1ccc(cc1)/N=N/c1ccc2c(c1)CN1[C@](O2)(C)C(c2c1cccc2)(C)C
XECYIO,O=N(=O)c1ccc(cc1)/N=N/c1ccc2c(c1)CN1[C@](O2)(c2ccccc2)C(c2c1cccc2)(C)C
XEDMIF,CC1=CCN2C(=CC(=C2C=C1C(=O)c1ccc(cc1)N(=O)=O)c1ccccc1)c1ccccc1
XEDSOP,CN(C)c1ccc(cc1C=C1C(=O)N(C)C(=O)N(C)C1=O)N(=O)=O
XEDTAC,CC[C@H]([C@H]1NC(=C(N([C@@H]1OC)CC)C#N)C#N)N(=O)=O
XEDTEG,CCN1[C@@H](OC)[C@@H]2[C@@H](N(=O)=O)[C@H]3[C@@H](N2C(=C1C#N)C#N)Nc1c(N3C)cccc1
XEFPOQ,CCCCCCN1c2ccc(cc2c2c1c(c1ccccc1)c1c3cc(ccc3N(CCCCCC)c1c2c1ccccc1)N(=O)=O)N(=O)=O
XEFPUW,CCN1c2ccccc2c2c1c(c1c3ccccc3N(CC)c1c2N(=O)=O)N(=O)=O
XEFQEH,CCN1c2ccccc2c2c1c(c1c3cc(C=O)ccc3N(CC)c1c2N(=O)=O)N(=O)=O
XEGDIX,CCO[C@H]1OC/C(=C\c2ccc(cc2)N(=O)=O)/C1
XEGDOD,O=N(=O)c1ccc(cc1)/C=C/1\CO[C@H](C1)O[C@H]1CCCCO1
XEGTOS,CCOC(=O)C(Cc1ccccc1)(Cc1ccccc1)N(=O)=O
XEHCAR,O=N(=O)C(C1=NN=C(O1)C(N(=O)=O)(N(=O)=O)N(=O)=O)(N(=O)=O)N(=O)=O
XEHHUN,CC(=O)/C(=N/Nc1ccc(cc1)N(=O)=O)/C(=O)Nc1ccccc1C
XEJLOP,C=C=C(C(/C=N/N=C/c1ccc(cc1)N(=O)=O)(C)C)CN1CCOCC1
XEKDUP,Cc1ccc(cc1)/C/1=C/2\C=C/C(=C(\c3ccc(cc3)N(=O)=O)/C3=N/C(=C(\c4c5Oc6c1cccc6-c5ccc4)/c1ccc(cc1)C)/C=C3)/N2
XEKGUS,Cc1cc(C)c(Nc2c3cccc4C(=O)N(C(=O)c(cc2N(=O)=O)c34)c2c(C)cc(C)cc2C)c(C)c1
XEKLAB,C=C[C@H]1CC[C@@H]([C@@H]2[C@@H]1CCC/C/2=N\Nc1ccc(cc1N(=O)=O)N(=O)=O)O
XEKLOR,O=N(=O)c1ccccc1CN1CN1Cc1ccccc1N(=O)=O
XEKMAC,CC(C)=C(OC(=O)c1ccc(cc1)N(=O)=O)C#CC(OC(=O)c1ccc(cc1)N(=O)=O)=C(C)C
XEKWIW,O=C=Nc1ccc(cc1)N(=O)=O
XELDUO,O=N(=O)c1cc(ccc1N/N=C/[C@]1(CCCO1)[C@@H]1CCCO1)N(=O)=O
XELGAX,O=N(=O)c1cccc(c1)N1COCN(COC1)c1cccc(c1)N(=O)=O
XEMNOU,COC1=C[C@H]2CN(C[C@]2(C2=NON=C12)N(=O)=O)C
XENCAV,C/C=N/Nc1ccc(cc1N(=O)=O)N(=O)=O
XENGAZ,COc1ccccc1/N=C/C=C/c1ccccc1N(=O)=O
XENJOQ,CC1=C(C(=O)C)[C@H](C(=C(N1)C)C(=O)C)C1=CC=C(O1)N(=O)=O
XENPOX,CC1(CN(CCN(Cc2ccccc2)C1)Cc1ccccc1)N(=O)=O
XENPOX01,CC1(CN(CCN(Cc2ccccc2)C1)Cc1ccccc1)N(=O)=O
XENPUD,COc1ccc(CN2CCN(Cc3ccc(OC)cc3OC)CC(C2)(c2ccccc2)N(=O)=O)c(OC)c1
XENWAQ,CCCOc1c2Cc3cc(cc(Cc4cc(cc(Cc5cc(cc(Cc1cc(c2)N(=O)=O)c5OCCC)C(C)(C)C)c4OCCC)N(=O)=O)c3OCCC)C(C)(C)C
XEPZID,COc1nc(Oc2ccc(cc2)N(=O)=O)nc(Oc2ccc(cc2)N(=O)=O)n1
XEQXUP,O=C(c1cc(cc(c1)N(=O)=O)N(=O)=O)OCC[C@H]1O[C@H]2CCCC[C@@H]2Oc2c1cccc2
XERGUW,O=C1[C@@H]2[C@@H]([C@@H]2N(=O)=O)C(=O)N1Cc1ccccc1
XERJIN,CC1=CC[C@@H]2C([C@H]1C[C@@H](CC2=O)OC(=O)c1ccc(cc1)N(=O)=O)(C)C
XERNIS,COC(=O)[C@]1(C)CCC[C@]2([C@H]1CCc1c2cc(c(c1)C(C)C)/N=C/c1cccc(c1)N(=O)=O)C
XERPAM,O=N(C1=NON=C1C2=[N+](ON=C2C3=NON=C3N(=O)=O)[O-])=O
XERPAM01,O=N(C1=NON=C1C2=[N+](ON=C2C3=NON=C3N(=O)=O)[O-])=O
XERPAM02,O=N(=O)C1=NON=C1C1=NO[N+](=C1C1=NON=C1N(=O)=O)[O-]
XERZUS,CC(OC(=O)[C@@](CN(=O)=O)(/C=C/c1ccccc1)O)C
XESCEG,N=C([C@H](N(=O)=O)ON1C(C)(C)CCCC1(C)C)c1ccc(cc1)C
XESLUE,COC(=O)[C@H]1C(=O)N2CCc3c([C@@H]2[C@@H]([C@@H]1c1ccccc1)N(=O)=O)cc(c(c3)OC)OC
XESMAL,C=CCN1[C@H](C(=O)O)[C@@H](N(=O)=O)[C@@H]([C@]2(C1=O)CCN(C2=O)C)c1ccccc1
XESMEP,O=N(=O)[C@@H]1[C@H]2c3ccccc3CCN2C(=O)[C@@]2([C@H]1c1ccccc1)CCN(C2=O)C
XESMIT,O=N(=O)[C@@H]1[C@H]2c3ccccc3CCN2C(=O)[C@]2([C@H]1c1ccccc1)CCN(C2=O)C
XESMOZ,COC(=O)[C@@]1(CCN(C1=O)C)[C@H](C1=COC=C1)CN(=O)=O
XESSAS,O=C([C@@H]1C=C[C@@H](C1)OC(=O)c1cc(cc(c1)N(=O)=O)N(=O)=O)OCc1ccccc1
XESTEV,CC(=O)O[C@H]1[C@@H](NNc2ccc(cc2N(=O)=O)N(=O)=O)O[C@H]([C@@H]([C@H]1OC(=O)C)OC(=O)C)C
XESVOJ,N/C(=C\N(=O)=O)/c1ccccc1
XETJIR,COc1c(cc(cc1N(=O)=O)N(=O)=O)N1C=CN=N1
XETJOX,COc1cc(N2C=CN=N2)c(cc1N(=O)=O)N(=O)=O
XETJUD,COc1ccc(c(N2C=CN=N2)c1N(=O)=O)N(=O)=O
XETKAK,O=N(=O)c1ccc(CN2C=CN=N2)cc1N(=O)=O
XETKEO,O=N(=O)c1cc(CN2C=CN=N2)cc(c1)N(=O)=O
XETKIS,O=N(=O)c1ccc(CN2C=CN=N2)c(c1)N(=O)=O
XETKOY,O=N(=O)c1ccc(CN2C=C(N=N2)N(=O)=O)c(c1)N(=O)=O
XETXOL,Cc1ccc(cc1)C1=Cc2ccccc2[C@H](C2=C1Nc1c2cccc1)CN(=O)=O
XETYUS,CCC1=NN(C(=N1)N)c1ccccc1N(=O)=O
XETZAZ,CCC1=NN2C=CC=C(C2=N1)N(=O)=O
XEVDAG,Oc1ccc(C=O)cc1OCc1ccccc1N(=O)=O
XEVFEL,CC(O[C@H]1O[C@H](COC(=O)C)C(=O)C2=C(N(N=C12)c1ccccc1)c1ccc(cc1)N(=O)=O)C
XEVMET,O=N(=O)C1=CC=C(NCc2ccc(cc2)c2c3ccccc3c3ccccc3c2c2ccccc2)C2=NON=C12
XEVRIB,O[C@@H]1CCC[C@H]([C@@H]1N(=O)=O)CC(=O)c1ccccc1
XEVYEE,CCCCCCCCCCCOc1ccc(cc1)/C=C/c1ccc(cc1)N(=O)=O
XEVYII,CCCCCCCCCOc1ccc(cc1)/C=C/c1ccc(cc1)N(=O)=O
XEWLOA,O=N(=O)c1ccccc1N1N=C2c3ccccc3c3ccccc3C2=N1
XEXBUZ,CCOC(=O)[C@@]1(CCCC1=O)Cc1ccc(cc1)N(=O)=O
XEXPEX,O=C1Oc2ccccc2C2=C1[C@@H](c1cccc(c1)N(=O)=O)C1=C(O2)CC(CC1=O)(C)C
XEXWAY,CN1c2ccccc2N(c2c1cccc2)[C@@H](c1ccc(cc1)N(=O)=O)CN1c2ccccc2N(c2c1cccc2)C
XEXWEC,CN1c2ccccc2N(c2c1cccc2)[C@H](c1ccc(cc1)N(=O)=O)CC[C@@H](N1c2ccccc2N(c2c1cccc2)C)c1ccc(cc1)N(=O)=O
XEXWIG,CN1c2ccccc2N(CCc2ccc(cc2)N(=O)=O)c2ccccc12
XEYGOZ,CCOC(=O)C1=C(O[C@@]2([C@H]1C(=C(O2)N)C#N)c1ccc(cc1)N(=O)=O)c1ccccc1
XEYVON,COc1cc(ccc1N1C(=O)COCC1=O)N(=O)=O
XEZBAI,O=C1CC[N@@]2N1[C@@H](c1ccccc1)C1=C(C)OC(=C1[C@@H]2c1ccc(cc1)N(=O)=O)c1ccccc1
XIBTOU,NC(NO)=C(N(=O)=O)N(=O)=O
XICBOB,CCOc1ccc(cc1)C1=NN(C=C1[C@@H]1N(O[C@@H]([C@H]1N(=O)=O)c1ccccc1)c1ccccc1)c1ccccc1
XICFIZ,CCOC(=O)[C@]1(CC2=CNc3c2cccc3)N[C@@H]([C@@H]([C@H]1c1ccc(cc1)C)N(=O)=O)[C@@H]1[C@H](c2ccccc2)C(=O)N1c1ccc(cc1)OC
XICFUL,O=N(=O)[C@H]1[C@H]2CCC[N@]2C2([C@@H]1c1cccc(c1)N(=O)=O)C(=O)c1c(C2=O)cccc1
XICGIB,CC(C)(C)c1cc2OCc3ccc4Oc5ccc(cc5c4c3c2c2c1Oc1ccc(cc21)N(=O)=O)N(=O)=O
XICJOJ,CNC1=C(N(=O)=O)[C@@H](c2c(O1)cccc2)c1ccccc1OC(=O)C
XICKUQ,Cc1ccc(cc1)/C=N/Nc1c(cc(cc1N(=O)=O)N(=O)=O)N(=O)=O
XICLAX,NC(=O)[C@@H]1CCCN1c1ccc(cc1)N(=O)=O
XICPII,COc1ccc(cc1)[C@@H]1O[C@@H]([C@H](C[C@@H](Cc2c(OC)c(OC)cc(c2OC)N(=O)=O)C)OC)C(=O)O[C@H]1c1ccc(cc1)OC
XICRIK,Cc1ccc2N3CN(Cc2c1)c1ccc2N4CN(Cc2c1C3)c1ccc(cc1C4)N(=O)=O
XIDGIB,CON([C@H]1CCCC[C@H]1N(C=O)OC)/C=C/N(=O)=O
XIDKAX,COC1=CC=CC2=CC(=CN12)c1ccc(cc1)N(=O)=O
XIDKIF,CC(C)OC1=CC=CC2=CC(=CN12)c1ccc(cc1)N(=O)=O
XIDPEF,CC(=O)N1CCc2cc(ccc12)N(=O)=O
XIDSUA,CN(C)c1ccc(NC(=O)c2ccccc2)c2c(ccc(N(C)C)c12)N(=O)=O
XIDXEQ,CN1C=NC(=C1N(=O)=O)C=[N+]=[N-]
XIFFEX,CN1N=C(C2=C(OCCCN2Cc2ccccc2)C1=O)N(=O)=O
XIFFIB,CN1N=C(C2=C(N(CCCO2)Cc2ccccc2)C1=O)N(=O)=O
XIFGUP,CON1C=C(c2c1cccc2)[C@@H]1OC([C@H](/C/1=N/OC(=O)c1ccc(cc1)N(=O)=O)COC(=O)c1ccc(cc1)N(=O)=O)(C)C
XIFQIN,CC1=NC(=CN1c1ccc(cc1)N(=O)=O)N(=O)=O
XIGQAG,CN(CCN(C)c1ccc(cc1N(=O)=O)N(=O)=O)Cc1c2ccccc2cc2ccccc12
XIJLOT,CC1=C[C@]2(OC[C@@H]1[C@@H]1[C@H]2C(=O)N(C1=O)c1ccc(cc1)N(=O)=O)c1ccccc1
XIKBIE,O=C1CCC[C@@H](/C/1=C\c1ccccc1N(=O)=O)C1=C(Nc2c1cccc2)c1ccccc1
XIKHAD,O=C1N(Cc2ccccc2)c2ccccc2N=C1c1cccc(c1)N(=O)=O
XIKHEH,COC(=O)C(=O)c1cccc(c1)N(=O)=O
XIKXUM,O=N(=O)/C(=C\C1=Nc2c(N1C)cccc2)/c1ccccc1
XILGUX,CCC1=C(C(=O)OC)C(=NN1Nc1ccc(cc1N(=O)=O)N(=O)=O)c1ccccc1
XILHAE,COC1=C(/C(=N\Nc2ccc(cc2N(=O)=O)N(=O)=O)/c2ccccc2)C(=NO1)c1ccccc1
XILVOE,OC(=O)[C@H](c1ccccc1N(=O)=O)O
XILXOI,C#C[C@H](N1C=C(C=C(C1=O)N(=O)=O)N(=O)=O)CCc1ccccc1
XIMHIK,O=C(c1ccc(cc1)N(=O)=O)OC[C@H]1O[C@@H]([C@H](C1)OC(=O)c1ccc(cc1)N(=O)=O)c1ccccc1
XIMHUW,C[C@H]1[C@H](COC(=O)c2ccc(cc2)N(=O)=O)O[C@H]([C@@H]1OC(=O)c1ccc(cc1)N(=O)=O)c1ccccc1
XIMJAE,C[C@@H]1O[C@@H]([C@H]([C@@H]1OC(=O)c1ccc(cc1)N(=O)=O)C)COC(=O)c1ccc(cc1)N(=O)=O
XIMJEI,C[C@@H]1O[C@@H]([C@H]([C@H]1OC(=O)c1ccc(cc1)N(=O)=O)C)COC(=O)c1ccc(cc1)N(=O)=O
XIMRIX,O=N(=O)C[C@@H]1c2ccccc2O[C@]21c1ccccc1N(C2=O)C(=O)OC(C)(C)C
XIMROD,CC(=O)O[C@@H]1[C@@H]2C[C@]3(O[C@]2(C)C(=C3)[C@H]([C@@H]([C@]2(C1=CCCC2)C)OCc1ccccc1)OCc1ccccc1)COC(=O)c1ccc(cc1)N(=O)=O
XINFAE,CC1=NN(C(=O)/C/1=N\Nc1ccc(cc1O)N(=O)=O)c1ccccc1
XINJAF,CC(=O)C[C@@]1(O)C(=O)c2ccccc2-c2c1cc(cc2)N(=O)=O
XINNAJ,CC1=CC(=O)[C@@]2([C@H]1[C@H]1OC(=O)[C@@H]([C@@H]1CC[C@@]2(C)N(=O)=O)C)N(=O)=O
XINNAJ01,CC1=CC(=O)[C@@]2([C@H]1[C@H]1OC(=O)[C@@H]([C@@H]1CC[C@@]2(C)N(=O)=O)C)N(=O)=O
XIQBIL,Nc1c(cc(cc1C1=CN(N=N1)c1ccccc1)N(=O)=O)C1=CN(N=N1)c1ccccc1
XIQBIL01,Nc1c(cc(cc1C1=CN(N=N1)c1ccccc1)N(=O)=O)C1=CN(N=N1)c1ccccc1
XIQKAM,CON1c2ccccc2[C@]2(C1=O)C[C@H](N(=O)=O)[C@H]1C[C@]2(O)[C@@H](OC1)O[C@H]1C[C@@H](C)CC[C@@H]1C(C)C
XIQKEQ,CON1c2ccccc2[C@@]2(C1=O)C[C@@H](N(=O)=O)[C@H]1CO[C@@H]2C(=O)C1
XIQQOG,O=N(=O)c1cccc(c1)c1ccccc1c1nc2ccccc2nc1c1ccccc1
XIQXOL,Oc1ccc2C(=O)C(=COc2c1)c1ccc(O)c(c1)N(=O)=O
XIQYAY,Nc1c(C#N)c(cc(c2ccccc2)c1N(=O)=O)C1=CC=CO1
XIRJEP,N#C/C(=C\c1ccc(cc1)N(c1ccccc1)c1ccccc1)/c1ccc(cc1)N(=O)=O
XIRJEP01,N#C/C(=C\c1ccc(cc1)N(c1ccccc1)c1ccccc1)/c1ccc(cc1)N(=O)=O
XIRJEP02,N#C/C(=C\c1ccc(cc1)N(c1ccccc1)c1ccccc1)/c1ccc(cc1)N(=O)=O
XIRQUM,COC(=O)[C@H]1[C@@H](ON=C1c1ccc(cc1)N(=O)=O)C(=O)OC
XIRROF,CC(C)C1=NC=C(N1C)N(=O)=O
XIRSAS,C/C(=N\Nc1ccc(cc1N(=O)=O)N(=O)=O)/C=C/C1=C(C)CCCC1(C)C
XIRVIG,Cc1c(C)c(ccc1N(=O)=O)N(=O)=O
XIRVOM,CO/N=C(/c1ccc(cc1)/N=C/c1cc(ccc1O)N(=O)=O)\C
XIRWED,CC1=C(C(=O)C(=C(C)C1=O)N(=O)=O)N(=O)=O
XIRXED,Oc1ccccc1[C@@H](c1ccccc1N(=O)=O)C(=O)N(Cc1ccccc1)Cc1ccccc1
XISGAI,Cc1ccc(cc1)/C=C/C(=O)c1cccc(c1)N(=O)=O
XISGAI01,Cc1ccc(cc1)/C=C/C(=O)c1cccc(c1)N(=O)=O
XISJAL,COCCOc1ccc(cc1)N(=O)=O
XISJIV,COC(=O)C1=C(C)NC2=C([C@H]1c1ccc(c(c1)N(=O)=O)O)C(=O)CCC2
XISJUF,CC(=O)OC(OC(C)=O)c1cccc(c1)N(=O)=O
XISKAM,O=N(=O)c1ccc(OCN2C=NC=N2)cc1
XISZIL,O=N(=O)C1=CC2=Cc3c(N2C(=O)C[C@@H]1c1ccccc1)cccc3
XITMAP,COC(=O)C1=C(C)N(c2ccccc2OC)C(=C([C@@H]1c1ccccc1N(=O)=O)C(=O)OC)C
XITSOJ,COc1cc2N(C)C(=N/N=N/c3ccc(cc3)N(=O)=O)N(c2cc1OC)C
XITTEC,COC(=O)C1=C(C)N(CCOC(C)=O)C(=O)c2ccc(cc12)N(=O)=O
XIVCUC,Nc1cc(ccc1C1=Nc2cc(ccc2C(=O)O1)N(=O)=O)N(=O)=O
XIVDIQ,[N+](=O)([O-])C1=C(C=CC(=C1)[N+](=O)[O-])NN=C(CC[C@H]1[C@]2(C[C@@H](C[C@@]1(OC2)C)OC(C2=CC=C(C=C2)[N+](=O)[O-])=O)C)C
XIVJES,COC(=O)C1=C(C)NC(=O)N[C@@H]1c1cccc(c1)N(=O)=O
XIVNIZ,C[C@@H]1CC[C@H]([C@H](C1)c1ccccc1OC(=O)c1ccc(cc1)N(=O)=O)C(C)C
XIWHOA,CCCN(CCC)c1ccc(cc1)N(=O)=O
XIWHUG,CCCCCCCCCCN(CCCCCCCCCC)c1ccc(cc1)N(=O)=O
XIWXOQ,O=C1C2=C(OC(CC2)(C)C)c2c(/C/1=N/c1ccc(cc1)N(=O)=O)cccc2
XIXBEM,O=C1C[C@H]2CCCC[C@@H](C2=CCC[C@H]1C)OC(=O)c1ccc(cc1)N(=O)=O
XIXJAP,CC(=O)C1=C(C)N(C(=C1C(C)=O)C)c1cccc(c1)N(=O)=O
XIXKUK,C[C@@H]1CCC[C@@H](N1c1ccc(cc1N(=O)=O)N(=O)=O)C
XIYBEM,COc1ccc(cc1)C(=O)C[C@@H](C(N(=O)=O)(C)C)c1ccccc1
XIZCUF,CC(c1ccc2c(c1)CC[C@@H]1[C@]2(C)CCC[C@@]1(C)CNc1ccc(cc1N(=O)=O)N(=O)=O)C
XIZSAD,CN1N=C(C(=C1N/N=C(/c1ccccn1)\C)N(=O)=O)C
XIZVAD,O=N(=O)c1ccc2c3c1cccc3O[C@]1(O2)[C@@H]2O[C@@H]2C(=O)c2c1cccc2O
XOCBUO,O=N(=O)C1=NN(NCC(N(=O)=O)(N(=O)=O)N(=O)=O)C(=C1N(=O)=O)N=[N+]=[N-]
XOCCAV,NN1N=C(C(=C1N)N(=O)=O)N(=O)=O
XOCDID,O=C1OC[C@@H](C1)[C@H](c1cccc(c1)N(=O)=O)O
XOCNUA,NC1=C(N(NCC(N(=O)=O)(N(=O)=O)N(=O)=O)N=C1N(=O)=O)N(=O)=O
XOCROX,OC[C@H](N1CC[C@H](CCC1=O)C(C)(C)C)c1ccc(cc1)N(=O)=O
XOCYOE,COC(=O)C(=Cc1ccc(cc1)N(=O)=O)C(=O)OC
XOCYUK,COC(=O)C1(O[C@@H]1c1ccc(cc1)N(=O)=O)C(=O)OC
XODBOK,CC(C)(Cc1ccc(cc1)N(=O)=O)CC(C)(C)NC(=O)c1ccccn1
XODGAA,C=C[C@]1(C)CC[C@@]2(O[C@H]1[C@H](O2)c1ccc(cc1)OC(=O)c1ccc(cc1)N(=O)=O)C(C)C
XODXOF,O=N(=O)c1ccccc1[C@@H]1N(N2CCOCC2)C(=O)C21c1ccccc1Oc1c2cccc1
XOFGUU,O=C(N1CCCC[C@@]21CCC[C@H]1[C@@H]2O1)c1ccc(cc1)N(=O)=O
XOGHOR,COC(=O)C1=C(NC(C)(C)C)OC(=C1C(=O)OC)c1ccc(cc1)N(=O)=O
XOGZUO,COC(=O)[C@]1(CCC(=O)N1Cc1ccccc1)[C@H](c1ccccc1)CN(=O)=O
XOHCEE,CC[C@H]([C@H]1CCOC1=O)N(=O)=O
XOHCII,CC[C@H]([C@H](C(=O)c1ccccc1)C)N(=O)=O
XOHDUT,OC[C@H]1OC(=O)[C@@H]([C@H]1CN(=O)=O)Cc1ccccc1
XOHFAB,OC[C@H]1OC(=O)[C@H]([C@H]1CN(=O)=O)C
XOJCOO,O=C(c1ccc(cc1)N(=O)=O)O[C@]12C[C@H]3[C@@H]([C@]42C[C@H]4C(C1)(C)C)C3
XOJMIT,O=N(=O)c1ccc(cc1)N/N=C/C1=CC=CN1
XOJMIT01,O=N(=O)c1ccc(cc1)N/N=C/C1=CC=CN1
XOKKOY,COc1ccc(c(c1)O)/C=N/c1cccc(c1)N(=O)=O
XOLGUD,COC(=O)/C(=N\Nc1ccc(cc1N(=O)=O)N(=O)=O)/CC(=O)OC
XOLJAM,O=N(=O)c1cccc(C=[NH+]CC2=CC=CO2)c1[O-]
XOLNAQ,CCCC[C@@H]1CC[C@@H]2[C@@]3(N1C(=O)C[C@H]3OC(=O)c1ccc(cc1)N(=O)=O)CCCC2
XOLNEU,CCCCCC[C@@H]1CC[C@@H]2[C@@]3(N1C(=O)C[C@H]3OC(=O)c1ccc(cc1)N(=O)=O)CCCC2
XOLRUN,O=N(=O)c1ccc(cc1)[C@@H]1Nc2ccccc2C2=Nc3c(N12)cccc3
XONVOL,O=C(c1ccc(cc1)N(=O)=O)OC[C@H]1CCC([C@@]1(C)O)(C)C
XOPDAK,O=N(=O)[C@@]1(C)CN(Cc2ccccc2)C[C@@H]2[N@@](C1)CCCC2
XOPROJ,CC[C@H]([C@@H]1OC(=O)C[C@@H]1CC)OC(=O)c1ccc(cc1)N(=O)=O
XORDUD,COC(=O)c1cccc(c1)c1ccc(cc1c1ccccc1)N(=O)=O
XORZOW,COc1nc(N)nc(N2c3ccccc3N=C2c2ccc(cc2)N(=O)=O)c1NCc1ccc(cc1)N(=O)=O
XOSHAO,O=N(=O)c1ccccc1CC#N
XOSHES,O=N(=O)c1cccc(CC#N)c1
XOSKAU,CC(C)(C)c1cc(c(C=O)c(c1)N(=O)=O)N(=O)=O
XOSKEY,CC(C)(C)c1c(cc(C=O)cc1N(=O)=O)N(=O)=O
XOSQON,COC(=O)CN(c1ccc(c(c1)NC(=O)C)/N=N/c1ccc(cc1C#N)N(=O)=O)CC(=O)OC
XOTHIZ,COc1ccc(cc1)/N=C/c1ccc(cc1N(=O)=O)N(=O)=O
XOTJOH,CC(=O)OCCN(c1ccc(cc1)/N=N/c1ccc(cc1)N(=O)=O)CCOC(=O)C
XOTJUN,N#CCCN(c1ccc(cc1)/N=N/c1ccc(cc1)N(=O)=O)Cc1ccccc1
XOTJUN01,N#CCCN(c1ccc(cc1)/N=N/c1ccc(cc1)N(=O)=O)Cc1ccccc1
XOTQEE,O=N(=O)c1ccc2c(c1)[C@]1(C(=O)N2)[N@]2CCC[C@H]2[C@@H]([C@]21C(=O)/C(=C\c1ccc(cc1)N(=O)=O)/c1c2cccc1)c1ccc(cc1)N(=O)=O
XOWGIZ,CCCOc1c2cccc1Cc1cccc3c1OCCOCCN(CCOCCOc1c(C2)cccc1Cc1cccc(C3)c1OCCC)c1ccc(cc1)/N=N/c1ccc(cc1)N(=O)=O
XOWTUY,CC(CCC[C@H]([C@H]1CC[C@@H]2[C@]1(C)CC[C@H]1[C@H]2CC(=C2[C@]1(C)CCCC2)N(=O)=O)C)C
XOYNOQ,O=N(=O)c1ccccc1/C=C/[C@H]1Nc2ccccc2C2=Nc3c(N12)cccc3
XOYQUA,O=C1C=C([C@](O1)(OC(=O)c1ccc(cc1)N(=O)=O)c1ccc(cc1)N(=O)=O)c1ccccc1
XOYYOA,CN1N=C2C=C(C=CC2=C1C)N(=O)=O
XOZBUK,O=N(=O)/C=C/C1=CC=CO1
XOZBUK01,O=N(=O)/C=C/C1=CC=CO1
XOZFEY,O=C([C@H]1c2cc(ccc2Oc2c3N1C(=O)c1ccccc1-c3c(cc2C)C)N(=O)=O)NC1CCCCC1
XOZQAH,O=C(NC(=O)c1cccc(c1)N(=O)=O)c1cccc(c1)N(=O)=O
XOZZAP,O=N(=O)c1ccc(cc1)CO/N=C/c1ccccn1
XOZZAP01,O=N(=O)c1ccc(cc1)CO/N=C/c1ccccn1
XUBGUX,CCOC(=O)C1=C(NC[C@H]([C@@H]1C(=O)OCC)c1ccccc1)Cc1ccc(cc1)N(=O)=O
XUBHAE,CCOC(=O)C1=C(N[C@H](C[C@H]1C(=O)OCC)C)Cc1ccc(cc1)N(=O)=O
XUBKAJ,O=N(=O)c1ccc2NCCCc2c1
XUBMEM,CCOC(=O)[C@]1(O)OC(=C([C@H]1c1ccccc1N(=O)=O)C(=O)OC(C)(C)C)C
XUBMIQ,CCOC(=O)C1=C(C)O[C@@H]([C@H]1c1ccccc1N(=O)=O)O
XUBRES,CC(=O)Nc1ccc(OC(C)=O)c(c1)N(=O)=O
XUBZAV,COc1cc(ccc1N1CCOCCOCCN(CCOCCOCC1)c1ccc(cc1OC)N(=O)=O)N(=O)=O
XUBZEZ,COc1cc(ccc1N1CCOCCOCCOCCOCC1)N(=O)=O
XUCJEM,CN1C=NC(=C1)N(=O)=O
XUCJEM01,CN1C=NC(=C1)N(=O)=O
XUCNUE,CCOC(=O)C1=C(C)NC2=C([C@@H]1c1cccc(c1)N(=O)=O)C(=O)CC(C2)(C)C
XUCSOD,CC(=O)O[C@H]1[C@H](Oc2ccccc2)O[C@@H]([C@H]([C@@H]1OC(=O)C)OC(=O)C)N(=O)=O
XUCVEZ,O=N(=O)[C@H]1[C@H](c2ccccc2)c2c([C@@]31COc1c(N3)cccc1)cccc2
XUCVID,Cc1ccc(cc1)[C@H]1c2ccccc2[C@@]2([C@@H]1N(=O)=O)COc1c(N2)cccc1
XUDROF,NN1N=NC(=C1C1=C(N=NN1N)N(=O)=O)N(=O)=O
XUDRUL,CN1N=C(C(=N1)N(=O)=O)C1=C(N=NN1C)N(=O)=O
XUDSIA,O=N(=O)NC1=C(C(=NN1)N(=O)=O)N(=O)=O
XUFBIM,O=C(c1ccc(cc1)N(=O)=O)OC[C@]1(C)CCC[C@]2([C@H]1CC[C@@H]1[C@@]32CC[C@H](C3)[C@](C1)(C)O)C
XUFBOS,O=C1C[C@H]2[C@@]3([C@H]1CCC3)[C@@]1(C)CCC[C@@]([C@@H]1CC2)(C)COC(=O)c1ccc(cc1)N(=O)=O
XUFBUY,O=C1C[C@@H]2CC[C@@H]3[C@]([C@@]42C(=O)[C@H]1CC4)(C)CCC[C@@]3(C)COC(=O)c1ccc(cc1)N(=O)=O
XUFDEK,O=C(c1ccc(cc1)N(=O)=O)OCC1=C[C@@H]2CC[C@@H]3[C@]([C@@]42C[C@H]1CC4)(C)CCC[C@@]3(C)COC(=O)c1ccc(cc1)N(=O)=O
XUFFAH,O=C(N1CCC[C@@H]([C@H]1c1ccc2c(c1)cccc2)C(C)(C)C)c1ccc(cc1)N(=O)=O
XUFFEL,O=C(N1CC[C@H]([C@@H]([C@H]1c1ccc2c(c1)cccc2)C(C)(C)C)C)c1ccc(cc1)N(=O)=O
XUFSAT,O[C@H]1[C@@H](OC(=O)[C@H]1O)[C@H](c1ccccc1)CN(=O)=O
XUGNES,Oc1ccc(cc1)/N=N/c1ccc(cc1)N(=O)=O
XUGNIW,COc1ccc(cc1)/N=N/c1ccc(cc1)N(=O)=O
XUGWOL,O=N(=O)c1ccccc1/C=C/1\Cc2c(C1=O)cccc2
XUGXOM,O=C1/C(=C/c2ccccc2N(=O)=O)/CCCc2c1cccc2
XUHBOU,OC(=O)c1cccc(C(O)=O)c1N(=O)=O
XUHKAP,C/C(=N\Nc1ccc(cc1N(=O)=O)N(=O)=O)/CC[C@H]1[C@@H]2[C@@]1(C)CC[C@@H]1[C@H]2C1(C)C
XUHKOD,C/C(=N\Nc1ccc(cc1N(=O)=O)N(=O)=O)/CC[C@H]1[C@H]2[C@]1(C)CC[C@H]1[C@@H]2C1(C)C
XUHREX,C=CC1=NO[C@@H](C1)C1=NOC(=C1)N(=O)=O
XUKQEB,COC(=O)c1ccc(NC(=O)c2ccc(NC(=O)c3ccc(c(OCC(=O)OC(C)(C)C)n3)N(=O)=O)c(OC3CCCCC3)n2)c(OCC(=O)OC(C)(C)C)n1
XULQAZ,OC[C@H](C(C)C)/N=C/c1cc(ccc1O)N(=O)=O
XUMRIH,C/C(=N\Nc1ccc(cc1N(=O)=O)N(=O)=O)/Cc1ccccc1
XUMRON,O=N(=O)c1cc(ccc1N/N=C/[C@H](c1ccccc1)C)N(=O)=O
XUMRUT,Cc1ccc(cc1)C/C=N/Nc1ccc(cc1N(=O)=O)N(=O)=O
XUMYEL,NN1C(=NN=C1CN1N=C(C(=C1N(=O)=O)N(=O)=O)N(=O)=O)CN1N=C(C(=C1N(=O)=O)N(=O)=O)N(=O)=O
XUMZUD,O=N(=O)/C(=C/C=C/c1ccccc1)/c1ccccc1
XUNPUU,O=C1C=C[C@](O1)(C)[C@@H]1CC(=O)c2c(O1)ccc(c2)N(=O)=O
XUPLEC,CC(=O)CC[C@@H]1[C@H](CC1(C)C)[C@]1(COC(=O)c2ccc(cc2)N(=O)=O)CCC(=O)O1
XUQKAW,OC[C@H]1O[C@H](C[C@@H]1O)N1C=Nc2c1ncnc2Nc1ccc(cc1)N(=O)=O
XUQMUR,C[C@H]1[C@@H]2CC/C(=N\Nc3ccc(cc3N(=O)=O)N(=O)=O)/[C@@H]2[C@@H]2[C@H]1CCC12CC1
XUQNAY,C[C@@H]1[C@@H]2C/C(=N\Nc3ccc(cc3N(=O)=O)N(=O)=O)/C(=C2[C@@H]2[C@H]1CCC2(C)C)C
XUQTUZ,O=N(=O)C[C@H]([C@H](C(=O)c1ccccc1)C(=O)C)c1ccccc1
XURBES,CCN(N1N=C2C(=C1[C@H](C(=O)OC)O)C=C(C=C2)N(=O)=O)CC
XURHEY,O=C1CC[C@]2([C@@H](C1)CCCC[C@@H]2OC(=O)c1cc(cc(c1)N(=O)=O)N(=O)=O)C
XURWAL,COc1ccccc1/C=C/c1ccc2c(n1)ccc(c2)N(=O)=O
XUSHUQ,CC(C)N1C=Nc2c1ncnc2c1ccccc1Nc1cccc(c1)N(=O)=O
XUSQUX,O=C1C2=C([C@@H](OC(c3ccc(N(=O)=O)cc3)=O)[C@@]4(C)[C@@]2(CCC4)C)CC1(C)C
XUTLAC,O=N(=O)[C@@H]1C[C@@]2(C)C(=O)CC[C@]32[C@@H]([C@H]1c1ccccc1)C(=O)O3
XUTNUV,COc1ccc(c(C)c1C(OC(C)=O)OC(C)=O)N(=O)=O
XUTWEQ,C=C[C@H]1[C@H](C=CC(=O)[C@H]1C)OC(=O)c1ccc(cc1)N(=O)=O
XUTYAO,C=C[C@H]1[C@@H](OC(=O)c2ccc(cc2)N(=O)=O)[C@@H]2O[C@@H]2C(=O)[C@@H]1C
XUWCEX,O=N(=O)c1ccc(cc1)/C=C/c1ccc(cc1)N(=O)=O
XUXFIG,CC(C[C@@H](C(=O)NC(C(=O)Nc1cccc(c1)N(=O)=O)(C)C)NC(=O)OC(C)(C)C)C
XUXFOM,O=C(OC(C)(C)C)N[C@@H](C(=O)NC(C(=O)Nc1cccc(c1)N(=O)=O)(C)C)Cc1ccccc1
XUXMOS,CO[C@]12CCCC[C@H]1[C@@H]1C(=O)C=CC(=O)C1=C[C@@H]2N(=O)=O
XUXQUF,O=N(=O)c1ccc(cc1)C1=NNC(=C1)C1OCCCO1
XUYHUX,O=N(=O)[C@H]1COC2=C([C@@H]1c1ccccc1)C(=O)c1c(C2=O)cccc1
XUYYIC,CCCCCCCCCCOc1ccc(cc1)/C(=N/N=C(/c1ccc(cc1)N(=O)=O)\C)/C
YABFOX,CCN1C(=Nc2c1cc(cc2)N(=O)=O)/C=C/c1ccc(cc1)/N=N/c1ccc(cc1)N(CCOC(=O)C)CCOC(=O)C
YABFOZ,O=C[C@@H]1[C@@H]([C@H]1C1=Nc2c(O1)cc(cc2)N(=O)=O)c1ccc(cc1)N(=O)=O
YABHIW,CC(C)(C)OC(=O)C1=C(N)C(=C2NC(=O)C(=NN12)C(C)(C)C)N(=O)=O
YABMAQ,O=N(=O)C[C@@H]1[C@@H](C)C[C@@]23[C@H]1CC(=O)N3Cc1c(N2)cccc1
YABMIY,O=N(=O)C[C@@H]1[C@@H](C)C[C@@]23[C@H]1CC(=O)N3[C@@H](CO2)c1ccccc1
YABMOE,O=N(=O)C[C@@H]1[C@@H](C)C[C@]23[C@@H]1CC(=O)N3[C@H](CO2)c1ccccc1
YABTEA,OC(=O)c1cccc2Oc3c(Oc12)cccc3N(=O)=O
YACBUZ,COC(=O)[C@@H]1[C@H](CCOC(=O)c2ccc(cc2)N(=O)=O)CC[C@H]1C(C(=O)OC)(C)C
YACFOX,OC[C@@H]([C@H]([C@@H]1O[C@H](CO)[C@@H]([C@@H]([C@H]1O)O)O)N(=O)=O)O
YACLOD,O=C1Oc2ccccc2N1C3=C(N(=O)=O)C=C(N(=O)=O)C4=NO[N+]([O-])=C34
YADHAP,O=C(N[C@@H]1C(=O)N2[N@@]([C@H]1C(C)C)[C@@H](C(=C2)C(=O)[C@@H](NC(=O)OC(C)(C)C)C)c1ccc(cc1)N(=O)=O)OCc1ccccc1
YADHET,O=C(OC(C)(C)C)N[C@H](C(=O)C1=CN2[N@]([C@@H]1c1ccc(cc1)N(=O)=O)[C@H](CC2=O)c1ccccc1)C
YADHIX,O=C(OC(C)(C)C)N[C@H](C(=O)C1=CN2[N@@]([C@H]1c1ccc(cc1)N(=O)=O)[C@@H](CC2=O)c1ccccc1)C
YADKOF,OC(=O)c1ccc(c(c1)N(=O)=O)N(=O)=O
YADWIK,COc1ccc(cc1)c1cccc2cccc(c12)c1c(cc(cc1N(=O)=O)N(=O)=O)N(=O)=O
YADXAG,O=N(=O)c1ccc(cc1)C1=CC=C(N2c3ccccc3N=C12)c1ccccc1
YAFLAT,O=N(=O)c1ccc(cc1)C1CCC(CC1)=C1CCC(CC1)c1ccc(cc1)N(=O)=O
YAFSOP,COC(=O)c1c(C)nc(C)c(C(=O)OC)c1c1ccccc1N(=O)=O
YAGHEW,COc1ccc(cc1)N(C)C(=O)Nc1ccc(cc1)N(=O)=O
YAGHIA,COC(=O)N(C(=O)N(C)c1ccc(OC)cc1)c1ccc(cc1)N(=O)=O
YAGHUL,O=N(=O)c1ccc(CCc2c(cc(cc2N(=O)=O)N(=O)=O)N(=O)=O)c(c1)N(=O)=O
YAGTIL,COc1ccc(c(c1)O)/C=N/NC(=O)c1cccc(c1)N(=O)=O
YAGTOR,O=N(=O)c1ccc(cc1)/C=C/1\Oc2c(C1=O)cccc2
YAGVAF,Oc1ccccc1/C=N/c1ccc(c(c1)N)N(=O)=O
YAHDIW,O=N(=O)c1cccc(NCc2ccccc2)c1
YAHJIB,Cc1cc(c(c(c1)N(=O)=O)N(=O)=O)N(=O)=O
YAHJOH,Cc1ccc(c(c1N(=O)=O)N(=O)=O)N(=O)=O
YAHJOH01,Cc1ccc(c(c1N(=O)=O)N(=O)=O)N(=O)=O
YAHJUN,CC(=O)Nc1ccc(c(C)c1N(=O)=O)N(=O)=O
YAHMUR,COc1ccc(c(c1)C(=O)/C=C/c1cccc(c1)N(=O)=O)OC
YAHPEG,CC(NC1=CC=C(C=C/C/1=N\C(C)C)N(=O)=O)C
YAHPII,O=C1CCC2=C1[C@H](c1cccc(c1)N(=O)=O)c1c(N2)c2ccccc2cc1
YAHQAB,CN1C=NC=C1N(=O)=O
YAHQUV,Cc1ccc(Oc2ccc(cn2)N(=O)=O)cc1
YAHREG,O=N(=O)c1ccc(Oc2ccc3ccccc3c2)nc1
YAHRUW,O=N(=O)c1cc(ccc1N/N=C(/c1ccccc1N(=O)=O)\C)N(=O)=O
YAJGAT,COc1ccc(cc1)N1C(=C(C(=O)OC(C)C)[C@H](C(=C1C)C(=O)OC(C)C)c1cccc(c1)N(=O)=O)C
YAJGUL,O=N(=O)c1cc(cc(c1)N(=O)=O)N1O[C@]2([C@@]3(O1)[C@@H]1C[C@@H]4C[C@H]3C[C@H](C1)C4)[C@@H]1C[C@@H]3C[C@H]2C[C@H](C1)C3
YAJMAY,CCCN1C(=O)C(=O)C=C1c1ccc(cc1)N(=O)=O
YAJQEF,CC(=O)OC(OC(C)=O)c1ccc(cc1)N(=O)=O
YAJROR,C=C1CCC/C([C@H]2[C@]13C=C[C@@H](C2)C3)=N\Nc4c(N(=O)=O)cc(N(=O)=O)cc4
YAJSAE,CC1=C2C=CC[C@H]2C[C@@H]2[C@H]1CCC/C/2=N/Nc1ccc(cc1N(=O)=O)N(=O)=O
YAKCIW,CC1=C(CC(C)(C)N(=O)=O)C(=O)CC(C)(C)C1
YAKLEF,CC(C)C1=CC=C(C)C2=C(C=C(C)C2=C1)C#CC#Cc1ccc(cc1)N(=O)=O
YAKMUU,O=N(=O)c1cccc(CN(Cc2cccc(c2)N(=O)=O)Cc2cccc(c2)N(=O)=O)c1
YAKVOY,O=C([C@@H](N(C(=O)C1=CC[C@H]2[C@@]1(C)CC[C@@H]1[C@@H]2CC=C2[C@@]1(C)CC[C@H](C2)OC(=O)c1ccc(cc1)N(=O)=O)C)Cc1ccccc1)NC(C)(C)C
YALBIX,O=N(=O)C[C@@H]1OCC[C@H]2[C@@]31O[C@@H](C2)[C@H]1[C@@H]3O1
YALBOD,O=N(=O)C[C@@H]1OC[C@H]2C1=C[C@H](OC(=O)C)[C@H](C2)OC(=O)C
YALFID,O=N(=O)c1ccccc1OCc1ccc(COc2ccccc2N(=O)=O)cc1
YALHEC,O=C1NC=Nc2ccc(cc12)N(=O)=O
YALQEK,CN1N=C(N)C(=N1)N(=O)=O
YALTUA,O=N(=O)c1cc(c(Nc2ccccn2)c(c1)N(=O)=O)N(=O)=O
YALWUH,Nc1ccc(cc1C1=NC(=NO1)c1ccccc1)N(=O)=O
YAMJOL,CN(c1ccc(cc1)/C=C(/N(=O)=O)\C)C
YAMLOP,CC1=NN(C(=C1)C)[C@H](N1N=C(C=C1C)C)C(=O)NCCN1C(=NC=C1N(=O)=O)C
YAMMOR,Cc1cc(ccc1N1c2ccccc2c2ccccc12)N(=O)=O
YANLAB,O=C(C#Cc1ccccc1)c1ccc(cc1)N(=O)=O
YANWAN,O=N(=O)N1CNC(NC1)=NC1=NC(=NO1)N(=O)=O
YANWER,NC(N)=NC1=NC(=NO1)N(=O)=O
YAPGUU,O=CO[C@@H](/C(=N/O)/C)Cc1cc(OC)c(cc1N(=O)=O)OC(C)C
YAPQEO,O=C(c1cc(cc(c1)N(=O)=O)N(=O)=O)OC[C@@](CC[C@H]1CC1(C)C)(O)C
YAQHUU,CC(=O)OC[C@H]1O[C@@H](Oc2ccccc2N(=O)=O)[C@@H]([C@H]([C@H]1OC(=O)C)OC(=O)C)OC(=O)C
YAQJAC,CC(=O)OC[C@H]1O[C@@H](Oc2cccc(c2)N(=O)=O)[C@@H]([C@H]([C@H]1OC(=O)C)OC(=O)C)OC(=O)C
YARGON01,COC(=O)C1=C(C)NC(=C([C@H]1c1ccccc1N(=O)=O)C(=O)OC[C@@H]1CCCO1)C
YASXAS,O=N(=O)c1ccc(cc1)C1=Nc2ccccc2N(CC1)Cc1ccccc1
YATCOL,O=C(c1cc(cc(c1)N(=O)=O)N(=O)=O)O[C@@]1(C)C=C[C@@H]2O[C@H]1OC2
YATGUX,CC1=NN(C2=C1[C@H](c1cccc(c1)N(=O)=O)C1=C(N2)c2ccccc2OC1=O)c1ccccc1
YAVNUH,C/C/1=N\OCCc2c(Nc3c1ccc(c3)N(=O)=O)cccc2
YAWCEG,O=N(=O)c1ccc(cc1)C=C(C#N)C#N
YAWCEG01,O=N(=O)c1ccc(cc1)C=C(C#N)C#N
YAWCEG03,O=N(=O)c1ccc(cc1)C=C(C#N)C#N
YAWFUZ,O=C(c1ccc(cc1)N1CCCCC1)/C=C/c1cccc(c1)N(=O)=O
YAWHUB,COc1ccc(NCc2ccc(cc2)N(=O)=O)cc1
YAWNAL,O=C(c1ccc(cc1)N(=O)=O)O[C@H]1CCC[C@@]21CCC[C@@H]2OC(=O)c1ccc(cc1)N(=O)=O
YAWNER,CC1=NN(C(=C1)C)c1ccc(cc1)N(=O)=O
YAWPAP,CCCCCCOc1cc(c(OCCCCCC)cc1c1ccccc1N(=O)=O)c1ccccc1N(=O)=O
YAWQAR,O=N(=O)Nc1c(cc(cc1N(=O)=O)N(=O)=O)N(=O)=O
YAWWEY,O=C(c1ccccc1)C(=NNc1cccc(c1)N(=O)=O)C(=O)c1ccccc1
YAWWIE,COC(=O)[C@@H](N/C(=C\1/C(=NN(C1=O)c1ccccc1)C)/c1ccc(cc1)N(=O)=O)Cc1ccccc1
YAWXEZ,O=N(=O)[C@@H]1[C@H]2C[C@]([C@@H]3[C@H]1[C@H]1CO[C@H](O1)C3=O)(O)[C@H]1O[C@@H]2CO1
YAXHIQ,CCOC(=O)[C@@H]1O[C@H](O[C@H]1C(=O)OCC)c1ccc(cc1)N(=O)=O
YAXQAQ,CCCOc1c2Cc3cc(cc(Cc4cccc(Cc5cc(cc(Cc1ccc2)c5OC)N(=O)=O)c4OCCC)c3OC)N(=O)=O
YAXZII,[O-]c1c(/C=[NH+]/C23C[C@H]4C[C@H](C[C@H](C4)C3)C2)cc(N(=O)=O)cc1
YAYCIK,COC(=O)[C@@]12CCCC3=C2[C@@H](CCC1)[C@@H](C[C@H]3COC(=O)c1ccc(cc1)N(=O)=O)N(=O)=O
YAYCIM,O=N(=O)c1ccc(cc1)N1CCOCC1
YAYCIM01,O=N(=O)c1ccc(cc1)N1CCOCC1
YAYCIM02,O=N(=O)c1ccc(cc1)N1CCOCC1
YAYDIN,O=C1Nc2cc(ccc2N1CC#C)N(=O)=O
YAYGAI,CCCCCCCCN1c2cc(ccc2c2ccc(cc12)c1ccccc1N(=O)=O)c1ccccc1N(=O)=O
YAYPIY,CC(=O)NN1C(=C(c2ccc(O)cc12)N(=O)=O)C
YAZROJ,CCOC(=O)C1=C(C(=O)OCC)[C@@H](C(=C2N1[C@H](CCc1ccccc1)C(=O)N2)C#N)c1ccc(cc1)N(=O)=O
YAZSUQ,CCOC(=O)[C@H]1N[C@]([C@@]([C@@H]1c1cccc(c1)N(=O)=O)(C#N)C(=O)OCC)(CC(=O)OC)C(=O)OC
YAZZAD,O=N(=O)[C@H]1[C@H]2CCC[N@]2[C@@]2([C@@H]1c1ccccc1)c1nc3ccccc3nc1-c1c2cccc1
YAZZEH,O=N(=O)[C@H]1[C@@H](CN([C@@]21c1nc3ccccc3nc1-c1c2cccc1)C)c1ccccc1
YAZZIL,O=N(=O)[C@@H]1[C@H](CN([C@]21c1nc3cccnc3nc1-c1c2cccc1)C)c1ccccc1
YEBFEQ,COC1(OC)[C@H]2C=C[C@@]3(C1=O)[C@@H](C2)CCC[C@H]3OC(=O)c1cc(cc(c1)N(=O)=O)N(=O)=O
YEBQAX,COC1(OC)C(=O)[C@@H]2C=C[C@]31[C@@H](C2)CC[C@@H]3OC(=O)c1cc(cc(c1)N(=O)=O)N(=O)=O
YEBQON,O=C1O[C@@H]([C@@]2(C1=C(CCC2)/C=N/Nc1ccccc1N(=O)=O)C)C1=COC=C1
YECFIX,O=C(N1[C@@H](C[C@H](N1C(=O)OC(C)(C)C)O)c1cccc(c1)N(=O)=O)OC(C)(C)C
YEDKEA,C/C(=C(\c1c(cc(c2c1nccc2)N(=O)=O)N(=O)=O)/C(=O)C)/O
YEDWEK,CN(C)C(=O)CCC#Cc1ccc(cc1CO)N(=O)=O
YEFFAR,COc1ccc(cc1)/C=N/Nc1ccc(cc1N(=O)=O)N(=O)=O
YEFNON,O=C(CN1C=C(N=C1C)N(=O)=O)N/N=C(/c1ccc(cc1)C)\C
YEFSIN,COC(=O)C[C@H](c1ccccc1OC)[C@H](CN(=O)=O)/C=C/c1ccc(cc1)OC
YEFTEL,CCCCCCOc1ccc(cc1)C1=NN=C(O1)c1cc(cc(c1)N(=O)=O)C1=NN=C(O1)c1ccc(OCCCCCC)cc1
YEFWEO,CC(c1ccc(cc1)/C=N/N=C/c1ccc(cc1)N(=O)=O)C
YEFYEO,O=N(=O)C[C@@]1(O)CO[C@H]2[C@@H]1OC[C@H]2O
YEGFIZ,Cc1cccc2c1[C@](C)(C=C[C@@H]2C(N(=O)=O)(N(=O)=O)N(=O)=O)N(=O)=O
YEHDOF,C=CC(C[C@]12C[C@@H]2CC=C1OC(=O)c1ccc(cc1)N(=O)=O)(C)C
YEHROV,Nc1ccc(cc1C#Cc1ccc(cc1)C#Cc1cc(ccc1N)N(=O)=O)N(=O)=O
YEJCOH,CNc1ccc(cc1N(=O)=O)C(=O)OC
YEJJEF,COc1ccc(cc1)C#Cc1ccc(cc1)N(=O)=O
YEJJEF01,COc1ccc(cc1)C#Cc1ccc(cc1)N(=O)=O
YEJKIK,O=N(=O)c1ccc(cc1)C#Cc1ccc(cc1)C#Cc1ccc(cc1)N(=O)=O
YEJLOO,O=N(=O)c1ccccc1Nc1ccccc1
YEJNAC,Oc1ccc(cc1)/N=N/c1ccccc1N(=O)=O
YEJNAC01,Oc1ccc(cc1)/N=N/c1ccccc1N(=O)=O
YEJQAF,N#CC1=CC2=C(N(/C/1=N/c1ccccc1)c1ccc(cc1)N(=O)=O)c1c(N2)cccc1
YEJQEJ,O=N(=O)c1ccc(cc1)N(c1ccccc1)c1nc2c(Nc3ccccc23)cc1C#N
YEKQAG,Nc1[n+]([O-])c(N)c(nc1N(=O)=O)N(=O)=O
YEKQAG01,Nc1c(N(=O)=O)nc(N(=O)=O)c(N)[n+]1[O-]
YEKQAG03,Nc1[n+]([O-])c(N)c(nc1N(=O)=O)N(=O)=O
YEKTOY,CCCCCCN(C(=O)c1ccc(cc1)N(=O)=O)c1ccc(cc1)C(O)=O
YEKTUE,COc1ccc(CN(C(=O)c2ccc(cc2)N(=O)=O)c2ccc(cc2)C(O)=O)cc1
YELGAY,O=N(=O)c1ccc(cc1)N(c1ccc(cc1)N1c2ccccc2c2ccccc12)c1ccc(cc1)N(=O)=O
YELMOR,CC(=O)O[C@@H]1[C@@H](OC[C@H]([C@@H]1OC(=O)C)OC(=O)C)Nc1ccc(cc1)N(=O)=O
YELMUX,CC(=O)O[C@H]1[C@@H](OC[C@@H]([C@@H]1OC(=O)C)OC(=O)C)Nc1ccc(cc1)N(=O)=O
YELNAE,CC(=O)O[C@@H]1[C@@H](OC(=O)C)[C@H](CO[C@H]1N(c1ccc(cc1)N(=O)=O)C(=O)C)OC(=O)C
YELPUD,CCOC(=O)C(=O)C1=C(ON=C1)c1ccc(cc1)N(=O)=O
YELQAK,CCOC(=O)C1=C(C=NO1)C(=O)c1ccc(cc1)N(=O)=O
YELQEO,CCOC(=O)C1=NOC=C1C(=O)c1ccc(cc1)N(=O)=O
YELQIS,CCOC(=O)C1=NOC(=C1C=O)c1ccc(cc1)N(=O)=O
YEMGIJ,N#CC1(C#N)[C@@H]2C=C(C=CC=C2C2=C1c1ccccc1CC2)c1ccc(cc1)N(=O)=O
YEMZOH,O=N(=O)c1cc(CC#N)cc(CC#N)c1
YEPVUL,CO[C@@]1(CC[C@H](CC1)OCc1ccccc1)C/C(=N\Nc1ccc(cc1N(=O)=O)N(=O)=O)/C(C)C
YEPWAS,CO[C@]1(CCCOC(=O)Nc2ccc(cc2)N(=O)=O)CC[C@@H](CC1)CCc1ccccc1
YEPWEW,CC[C@]1(OC)CC[C@H](CC1)OC(=O)Nc1ccc(cc1)N(=O)=O
YEPXEX,CCC[C@]1(OC)CC[C@@H](CC1)OC(=O)Nc1ccc(cc1)N(=O)=O
YERBEC,CC1=NN(C2=C1N=C(C[C@@H](N2)c1ccccc1)c1ccccc1)c1ccc(cc1)N(=O)=O
YERTOF,COc1cccc(c1OCCOc1ccc(cc1N(=O)=O)N(=O)=O)/C=N/C1=C(C)N(N(C1=O)c1ccccc1)C
YERTUL,COc1cc(/C=N/C2=C(C)N(N(C2=O)c2ccccc2)C)ccc1OCCOc1ccc(cc1N(=O)=O)N(=O)=O
YESRAP,CO/N=[N+]([O-])/OCCOC(c1ccc(N(=O)=O)cc1)=O
YEWBIM,Cc1cc(C)c(c2c1ccc1ccccc21)N(=O)=O
YEWBOS,COc1cc(OC)c(c2ccc3ccccc3c12)N(=O)=O
YEYFAK,COc1ccccc1/C=C/C(=O)c1ccc(cc1)N(=O)=O
YEYFEO,COc1ccc(cc1)/C=C/C(=O)c1cccc(c1)N(=O)=O
YEYMAR,O/N=C(/c1ccc(cc1)N(=O)=O)\N
YEYNAS,Cc1ccc2N3CN(Cc2c1N(=O)=O)c1cc(c(C)cc1C3)N(=O)=O
YEYQOI,CC(C)C1=C(C(=NN1)C(C)C)N(=O)=O
YEYTIG,O=C(Nc1ccc(Oc2ccc(cc2)N(=O)=O)cc1)c1ccc(cc1)N(=O)=O
YEYVON,CC([C@@H]1C[C@H]2N(C[C@@H]3[C@]2([C@H](C1)C(=O)C3)C)C(=O)c1ccc(cc1)N(=O)=O)C
YEZNAT,COC(=O)[C@@]1(C)C[C@H]2[C@@H](C1)[C@]1([C@H]3[C@@H]2[C@@](C1)(C3)OC(=O)c1ccc(cc1)N(=O)=O)C
YEZQOL,CON1C(=O)CCCCCCCCCC/C=C(\C[C@H]1c1ccc(cc1)N(=O)=O)/C
YIBYUD,O=C([C@@H]1[C@H]2[C@]1(N(=O)=O)C(=O)Oc1c2cccc1)c1ccccc1
YIBZUF,Cc1ccc(c(c1)/C=N/c1ccc(cc1)N(=O)=O)O
YICFAS,CCCOc1ccc(NC(C)=O)c(c1)N(=O)=O
YICHIC,O=C(c1cccc(c1)N(=O)=O)/C=C/C=C/c1ccccc1
YICNAA,O=N(=O)c1ccc(cc1)N1N=NN=C1N1N=Nc2ccccc12
YICNUT,CCN(c1ccc(cc1)/N=C/c1cccc(c1O)N(=O)=O)CC
YICPOP,O=C1[C@@H]2N=NC[C@@H]2CN1c1ccc(cc1)N(=O)=O
YICREJ,COC(=O)[C@@H]1C2=C(c3c(N2)cccc3)[C@@H]([C@H]([C@@H]1c1ccccc1)N(=O)=O)O
YICRIN,COC([C@@H]1C2=C([C@@H](O)[C@H](N(=O)=O)[C@H]1c3ccccc3)c4ccccc4N2)=O
YIDLEC,O=N(=O)/C=C/c1ccc(c(c1)N(=O)=O)O
YIDLEC01,O=N(=O)/C=C/c1ccc(c(c1)N(=O)=O)O
YIDPIM,O=Cc1ccccc1N1N=C2C=CC(=CC2=[N+]1[O-])N(=O)=O
YIFCAU01,O=N(=O)C1=CC(=NN1)N(=O)=O
YIFMIK,COc1c(cc(cc1N(=O)=O)C(C)(C)C)N(=O)=O
YIFNUY,O=C1CN2[C@@H](CN1C1CCCCC1)CO/C/2=N\c1ccccc1N(=O)=O
YIFPEJ,O=N(=O)c1cccc(c1)/C=N/CCC/N=C/c1cccc(c1)N(=O)=O
YIFRAH,O=N(=O)c1ccccc1/C=C/C=N/c1cccc2c1cccc2
YIHJEE,CCCCCC[C@H](C(=O)N1C[C@@H](C[C@@H]1C(=O)OC)Oc1ccccc1)N1C=NC(=C1)N(=O)=O
YIHSIU,Cc1ccc(cc1)N1N=NC(=C1C)C(=O)/C=C/c1ccc(cc1)N(=O)=O
YIJPIQ,OC[C@H]1O[C@@H](Nc2ccc(cc2)N(=O)=O)[C@@H]([C@H]([C@H]1O)O)O
YIJSAL,C/C(=C/C(=O)C)/Nc1cccc(c1)N(=O)=O
YIKBUP,O[C@@H]1[C@@H](O)OCC1(N(=O)=O)N(=O)=O
YIKCIE,COc1ccc(cc1)N(C)C1=C(C(=NC2=NC=NN12)C)N(=O)=O
YIKCIH,Oc1ccc(cc1/C=N/c1ccccc1C)N(=O)=O
YILDII,COc1ccc(cc1)/C(=N\c1ccc(cc1)N(=O)=O)/Nc1ccccc1
YILFII,CN(C)C(C#N)=C1c2cc(cc(c2c2c1cc(cc2N(=O)=O)N(=O)=O)N(=O)=O)N(=O)=O
YILKEJ,CC(C)c1ccc(c(C(C)C)c1N1CCCCC1)N(=O)=O
YILLAJ,COC(=O)C1(Oc2c([C@H]1CN(=O)=O)c1ccccc1cc2)C(=O)OC
YILNIS,O=N(=O)c1cnc(nc1)N=[N+]=[N-]
YILNOW,O=C1[C@@H](OCc2ccccc2)[C@@H]2N1CO[C@@H]([C@H]([C@@H]2OCc1ccccc1)OCc1ccccc1)COC(=O)c1cc(cc(c1)N(=O)=O)N(=O)=O
YILNOY,O=N(=O)C1=CNC2=NN=NN2[C@@H]1O
YILPEQ,O=N(=O)c1cnc(nc1)N1CCOCC1
YILPOY,Cc1ccc2c(c1)[C@@H](C=C([C@H]2N(=O)=O)C)C(N(=O)=O)(N(=O)=O)N(=O)=O
YILPUE,Cc1ccc2c(c1)[C@@H](C=C([C@@H]2N(=O)=O)C)C(N(=O)=O)(N(=O)=O)N(=O)=O
YILQER,O=N(=O)c1cc(c2NC3=[N+](CCCCC3)c2c1[O-])N(=O)=O
YILYOJ,CCCCCCCCCCCCCCC[C@@H](OC(=O)c1ccc(cc1)N(=O)=O)C#C
YIMWOI,O=N(=O)c1cccc(c1)C1=CC=C(O1)C=C(C#N)C#N
YINPUJ,CC(C)C1=CC(=NN1c1ccccc1N(=O)=O)C1=NN(C(=C1)C(C)C)c1ccccc1N(=O)=O
YIPMAM,O=C([C@@H]1[C@H]2C=C[C@@H]([C@H]1N(=O)=O)C2)O[C@@H]1C(=O)N(CC1(C)C)c1ccc(cc1)C(=O)OCc1ccccc1
YIPQEV,CCN1c2ccc(cc2C([C@@]21CCc1c(O2)ccc(c1)N(=O)=O)(C)C)N(=O)=O
YIPQOF,O=N(=O)[C@@H]1CC[C@]([C@@]2([C@H]1c1ccccc1)c1ccccc1N(C2=O)C)(C)O
YIPQUL,O=N(=O)[C@@H]1CC[C@](C2([C@H]1c1ccccc1)C(=O)c1c(C2=O)cccc1)(C)O
YIPXAY,O=N(=O)c1ccc(cc1)/N=N/c1cc(CN2CCCCC2)c(c2c1cccc2)O
YIQJEQ,COc1ccc(cc1)/C=C/C=C/c1ccc(cc1)N(=O)=O
YIQRUL,O=C1C(=CC(=CC(=C1N(=O)=O)c1ccccc1)c1ccccc1)c1ccccc1
YIRSIC,O=C1C=CC(=C/C/1=C/Nc1ccccc1O)N(=O)=O
YISFUB,COC(=O)[C@@H](N1CCC2=C([C@H]1c1ccc(cc1)N(=O)=O)Nc1c2cccc1)C(C)C
YISGOW,O=C1O[C@H]2[C@@H]([C@H]1OC(=O)c1ccc(cc1)N(=O)=O)O[C@H](OC2)c1ccccc1
YISKOD,O=C1CCCC[C@@H]1N(=O)=O
YISQOJ,O=C1CCCC[C@]1(C)N(=O)=O
YISYOO,N#CC1=C(N)C(=C(C[C@@H]1c1ccccc1N(=O)=O)C1CC1)C#N
YISYOQ,COc1cc(C2=Cc3ccccc3OC2=O)c(cc1OC)N(=O)=O
YISZIJ,N/N=C(/c1ccccc1)\C[C@H](N1N=C(C[C@H]1c1ccccc1N(=O)=O)c1ccccc1)c1ccccc1N(=O)=O
YITFEO,CCC1=NC(=C2N1c1ccccc1N[C@@H]2c1ccc(cc1)N(=O)=O)C
YITJES,CN(CN(C(=O)OCC(N(=O)=O)(N(=O)=O)N(=O)=O)N(=O)=O)N(=O)=O
YITJOC,CN(CNC(=O)OCC(N(=O)=O)(N(=O)=O)N(=O)=O)N(=O)=O
YITJUG,CCOC(=O)C1=C(C)NC(=O)/C/1=C\c1ccc(cc1)N(=O)=O
YITMAR,O=N(=O)c1cc(ccc1N/N=C/C[C@@H]1C(=CC[C@@]2(N1c1ccccc1C2=O)c1ccccc1)c1ccccc1)N(=O)=O
YIVFUF,OC[C@H]1O[C@H](C[C@@H]1O)OCc1ccccc1N(=O)=O
YIVNEW,OC[C@H]1O[C@H](C[C@@H]1O)N1C=CC(=C1)N(=O)=O
YIWRUU,CC(=O)/C(=N\Nc1ccc(cc1O)N(=O)=O)/C(=O)c1ccccc1
YIWRUU01,CC(=O)/C(=N\Nc1ccc(cc1O)N(=O)=O)/C(=O)c1ccccc1
YIWYIP,O=N(=O)[N-]c1[nH+]cc(cc1)N(=O)=O
YIWYOV,O=N(=O)[N-]c1[nH+]cccc1N(=O)=O
YIXHOC,O=C(c1cc(cc(c1)N(=O)=O)N(=O)=O)OC[C@H]1CCC[C@]2(O1)CCCCO2
YIXLEW,O=C(c1cc(cc(c1)N(=O)=O)N(=O)=O)O[C@@H]([C@@]1(OC(=C1C(C)(C)C)C(C)(C)C)C(C)(C)C)C(C)(C)C
YIXNOL,CN1C=NC(=C1N(=O)=O)N
YIXNUP,CN1C=Nc2ccc(cc12)N(=O)=O
YIXQAY,O=N(=O)c1cc(ccc1N/N=C/c1cc(ccc1O)N(=O)=O)N(=O)=O
YIXQAY01,O=N(=O)c1cc(ccc1N/N=C/c1cc(ccc1O)N(=O)=O)N(=O)=O
YIYNIF,O=C([C@H]([C@H]1C(=O)N(c2c1cccc2)C)CC1=C(Cc2ccc(cc2)N(=O)=O)C(=O)N(C1=O)C(C)(C)C)c1ccccc1
YIZHIZ,O=N(=O)[C@H]1[C@@H](ON([C@@H]1c1ccc(cc1)N(=O)=O)c1ccccc1)c1ccccc1
YIZLAX,Cc1ccc(cc1)[C@]1(O)Cc2c1c1ccccc1c(c2N(=O)=O)O
YOBNOU,CCCNC1=C(C(=O)c2ccccc2C1=O)N(=O)=O
YOCJUY,O=N(=O)C1=NO[N+](=C1C1=NO[N+](=C1C1=[N+]([O-])ON=C1N(=O)=O)[O-])[O-]
YOCQEO,COc1ccc(cc1)C1=CN2C3=C1CCC[C@H]3[C@@H](OC12CCCCC1)c1ccc(cc1)N(=O)=O
YOCSEP,O=N(=O)c1ccc(Oc2ccc3ccccc3c2c2c(Oc3ccc(cc3)N(=O)=O)ccc3ccccc23)cc1
YOCTUI,Cc1ccc(cc1C)N(=O)=O
YOCWIX,OCCN(CCO)Cc1cc(cc(c1)N(=O)=O)N(=O)=O
YODFUT,CCCNc1ccc(cc1N(=O)=O)C(=O)OCC
YODFUT01,CCCNc1ccc(cc1N(=O)=O)C(=O)OCC
YODHAC,CCOC(=O)C[C@H]1CC(=O)C[C@@H]([C@H]1N(=O)=O)c1ccccc1
YODKAE,Oc1ccc(c2C(=O)C=CC(=O)c12)N(=O)=O
YODMOT,CC(OC1=[N+](COCC1(N(=O)=O)N(=O)=O)[O-])=O
YODNEL,COC(/C(/C(C)=O)=N/NC1=CC=C(C=C1)[N+](=O)[O-])=O
YODZIA,COC(=O)CN1N=C(C(=O)OC)C(=N1)C(N(=O)=O)(N(=O)=O)N(=O)=O
YOFJAG,CN1N=CC(=C1c1cccc(c1)C(C)=O)N(=O)=O
YOFJEK,Cc1ccc(CN2N=CC(=C2c2cccnc2)N(=O)=O)cc1
YOHBIH,COc1ccc(cc1)[C@@H]1O[C@@H]([C@H]([C@H]1C)OC(=O)c1ccc(cc1)N(=O)=O)c1ccccc1
YOHCII,COC([C@@]([C@@H](c1ccc(cc1)N(=O)=O)O)(c1ccc2c(c1)cccc2)C)OC
YOHDUW,Cc1cccc(c1C)N(=O)=O
YOHFAE,Cc1ccc(c(C)c1)N(=O)=O
YOHHUA,CCOc1ccc2ccc(OCC)c(C(=O)c3ccc(cc3)N(=O)=O)c2c1C(=O)c1ccc(cc1)N(=O)=O
YOHLIS,CC(=O)/C(=C/c1ccccc1)/COc1ccc(cc1N(=O)=O)N(=O)=O
YOHMUG,O=N(=O)c1ccccc1C1=CON=C1N(=O)=O
YOHWEA,O=N(=O)c1cccc(c1)C1=CON=C1N(=O)=O
YOJQAR,Cc1cc(C)c(c(c1)C)N1C(=O)C(C)(C)C(=O)N(C21O/C(=N\c1cccc(c1)N(=O)=O)/N(C2=O)c1cccc(c1)N(=O)=O)c1c(C)cc(cc1C)C
YOJQOF,CN(/C=N/C1=C([C@H](C2=C(N)N(C)C(=O)N(C2=O)C)c2ccc(cc2)N(=O)=O)C(=O)N(C(=O)N1C)C)C
YOJQOF01,CN(/C=N/C1=C([C@H](C2=C(N)N(C)C(=O)N(C2=O)C)c2ccc(cc2)N(=O)=O)C(=O)N(C(=O)N1C)C)C
YOJXIG,CC(=O)CCC(CCC(C)=O)(C#N)N(=O)=O
YOKJOY,CC1=NN(C(=C1)C)c1nnc(Nc2c(cc(cc2N(=O)=O)N(=O)=O)N(=O)=O)nn1
YOKNAO,CC(c1cccc(c1/N=C/c1ccc(cc1)N(=O)=O)C(C)C)C
YOKPOF,COc1ccc(cc1)[C@@H]1[C@@H](N(=O)=O)[C@@H]2[N@@]([C@]31c1cccc4c1c(C3=O)ccc4)CCc1c2cccc1
YOKQAQ,Oc1ccc(c2cccnc12)N(=O)=O
YOKWAX,O=C(c1ccc(cc1)N(=O)=O)OC1=C2CCCC[C@@H]2[C@@H]2[C@@]31C[C@H]3C(C2)(C)C
YOKWEB,CCC[C@@]1(CCC[C@H]1CN(=O)=O)COC(=O)[C@@]12CC[C@](C2(C)C)(C(=O)O1)C
YOKWIF,O=N(=O)C[C@@H]1CCC[C@@]1(COC(=O)[C@@]12CC[C@](C2(C)C)(C(=O)O1)C)C(C)C
YOLMUH,CC(=O)CCC1=C(C2=CC=C(C)O2)c2cc(ccc2O1)N(=O)=O
YOLNAO,CC1=CC2=C(O1)C1=C(CC[C@@]2(C)C2=CC=C(O2)C)Oc2c1cc(cc2)N(=O)=O
YOLYIJ,COc1ccc(cc1)C(=O)[C@@H]1[C@H]([C@]21C(=O)Nc1c2cccc1)c1ccc(cc1)N(=O)=O
YOMKOD,Oc1ccc(cc1)/N=N/c1ccc(cc1)Oc1ccc(cc1)N(=O)=O
YOMKUJ,O=C1C=Cc2c(/C/1=N/Nc1ccc(cc1)Oc1ccc(cc1)N(=O)=O)cccc2
YOMLAQ,Oc1ccc(c(c1)O)/N=N/c1ccc(cc1)Oc1ccc(cc1)N(=O)=O
YOMXAZ,C[C@H]1C[C@@H]1[C@H]([C@H]([C@H]1C[C@@H]1C)OC(=O)c1cc(cc(c1)N(=O)=O)N(=O)=O)OC(=O)c1cc(cc(c1)N(=O)=O)N(=O)=O
YONCOW,CCOC(=O)[C@@H]1C[C@H]1/C=C/N(=O)=O
YONDEL,CC(C)NC(=O)Oc1ccc(cc1)N(=O)=O
YONDIP,CC(C)NC(=O)Oc1ccccc1N(=O)=O
YONDOV,O=C(NC1CCCCC1)Oc1ccccc1N(=O)=O
YONDUB,O=C(Oc1ccccc1N(=O)=O)N(Cc1ccccc1)Cc1ccccc1
YONDUC,O=C1CCCC(=O)C1=Cc1ccccc1N(=O)=O
YONPEW,OC(CC/C=C\C[C@@H]1CO[C@H](C(C)(C)Oc2c(N(=O)=O)cc(C)cc2)O[C@@H]1c3cnccc3)=O
YONTIF,O=N(=O)c1ccc2c(c1)[C@H]1[C@@H]3CC[C@H]([C@H]1/C/2=C\1/CCCc2c1c1ccccc1cc2)C3
YONTOL,O=N(=O)c1ccc2c(c1)[C@@H]1[C@@H]3C[C@H]([C@@H]1/C/2=C\1/CCCc2c1c1ccccc1cc2)[C@@H]1[C@H]3O1
YONTUR,Cc1cccc2c1/C(=C/1\[C@@H]3[C@H]4CC[C@@H]([C@@H]3c3c1ccc(c3)N(=O)=O)C4)/CCC2
YOPBAJ,O=N(=O)C1=CNC=C1N(=O)=O
YOPBEN,CN1C=C(C(=C1N(=O)=O)N(=O)=O)N(=O)=O
YOPKAS,CN(c1nc(N(C)N(=O)=O)c([n+]([O-])c1N(=O)=O)N(=O)=O)N(=O)=O
YOPKIA,O=N(=O)OCCN(c1nc(N(CCON(=O)=O)N(=O)=O)c(nc1N(=O)=O)N(=O)=O)N(=O)=O
YOPPAX,O=N(=O)C1=CC(=CN1)N(=O)=O
YOPQOM,O=N(=O)c1cccc(c1)C1=C(C(=C(O1)c1ccccc1)c1ccccc1)C1=C(Nc2ccccc12)c1ccccc1
YOPQUS,O=N(=O)c1ccccc1C1=C(C(=C(O1)c1ccccc1)c1ccccc1)C1=C(Nc2ccccc12)c1ccccc1
YOPREA,O=C1Nc2c(cccc2N(=O)=O)C(=O)O1
YOQTUU,O=C(c1ccc(cc1)N(=O)=O)OC[C@]1(C)OO[C@]2(O[C@@H]1CC2)C
YOQVAE,OC(=O)CCCNC1=C(C(=O)Oc2ccccc12)N(=O)=O
YORCIR,C[C@@H]([C@H]1OC(C)(C)O[C@H]([C@@H]1C)C)COC(=O)c1ccc(cc1)N(=O)=O
YORKEW,CCCCOc1ccc(cc1)C(=O)Oc1ccc(cc1)N(=O)=O
YORKOH,C[C@@H]1CC[C@@H]2[C@](C1)(C)C=C([C@@H](C2)OC(=O)c1cc(cc(c1)N(=O)=O)N(=O)=O)C
YORSAB,COC(=O)C1=CN2[C@@H](C[C@H]1c1ccc(cc1)N(=O)=O)Oc1c2cccc1
YORYEJ,CC(CNC=O)(N(=O)=O)N(=O)=O
YOSFAQ,O=N(=O)C1=C(N=C([N-]1)C1=NC(=C([N-]1)N(=O)=O)[N+]#N)[N+]#N
YOSJUN,O=C(c1cc(cc(c1)N(=O)=O)N(=O)=O)O[C@H](COC(=O)c1cc(cc(c1)N(=O)=O)N(=O)=O)/C=C/[C@H](c1ccccc1)O[C@H](c1ccccc1)C
YOTSUW,CN(C)c1ccc(c(c1)C(=O)N(C)C)N(=O)=O
YOTTOR,O=C(C(C)(C)C)/C=C/c1cccc(c1)N(=O)=O
YOVJUP,Cc1ccnc(N)c1N(=O)=O
YOVJUP01,Cc1ccnc(N)c1N(=O)=O
YOVLON,O=C(c1cc(cc(c1)N(=O)=O)N(=O)=O)N[C@@H]([C@@H](c1ccccn1)N1CCOCC1)c1ccc(cc1)c1ccccn1
YOWLUS,CCNc1[nH+]c(nc(OC)n1)[C-](N(=O)=O)N(=O)=O
YOXMAB,O=C(c1ccc(cc1)N(=O)=O)O[C@@H]1CCC[C@]2(C1)OO[C@@]1(O2)[C@@H]2C[C@@H]3C[C@H]1C[C@H](C2)C3
YOXMAC,CN1C[C@@H]2CCCO[C@@H]2c2c1ccc(c2)N(=O)=O
YOXZUJ,COC(=O)[C@@H]1C[C@H](CN1C(=O)C)OC(=O)c1ccc(cc1)N(=O)=O
YOYBAS,O=CN1C[C@@H](C[C@H]1C(=O)OC)OC(=O)c1ccc(cc1)N(=O)=O
YOYBIA,COC(=O)[C@@H]1C[C@H](CN1C(=O)C(C)(C)C)OC(=O)c1ccc(cc1)N(=O)=O
YOYBOG,COC(=O)[C@@H]1C[C@H](CN1C(=O)CC)OC(=O)c1ccc(cc1)N(=O)=O
YOYCAT,COCC(=O)N1C[C@@H](C[C@H]1C(=O)OC)OC(=O)c1ccc(cc1)N(=O)=O
YOYCOH,COC(=O)[C@@H]1C[C@H](CN1C(=O)C(C)C)OC(=O)c1ccc(cc1)N(=O)=O
YUBMAK,CC(=O)C[C@@H](c1cc(ccc1O)N(=O)=O)O
YUCGUA,COC(=O)c1ccc(cc1)OC(=O)C(=C)[C@H]1CO[C@@H](OO1)c1ccc(cc1)N(=O)=O
YUCPOC,O=N(=O)c1c(Nc2ccccc2)ncnc1Nc1ccccc1
YUCPUI,CN1C(=NC(=C(C1=O)N(=O)=O)N(C)c1ccccc1)N
YUCTEW,COc1ccc(cc1)C(=O)CCNc1cc(ccc1NCCOC(C)=O)N(=O)=O
YUCWUQ,CCOC(=O)C(=O)C1=C(NC=C1c1ccccc1)c1cccc(c1)N(=O)=O
YUDBAC,COc1cc2CCN3[C@@](c2cc1OC)(O)c1c(C3=O)cccc1N(=O)=O
YUDKIS,C[C@@H]1C[C@@H](C)Oc2c(-c3c(O1)cccc3N(=O)=O)c(ccc2)N(=O)=O
YUFHAL,O=N(=O)N1C=C(C(=N1)C1=NN=C(O1)C1=NN(C=C1N(=O)=O)N(=O)=O)N(=O)=O
YUFHIT,O=N(=O)N1C=C(C(=N1)C1=NN=C(O1)C1=NN=C(O1)C1=NN(C=C1N(=O)=O)N(=O)=O)N(=O)=O
YUFROI,O=C(NN(=O)=O)OCC(COC(=O)NN(=O)=O)(N(=O)=O)N(=O)=O
YUFRUO,CC(COC(=O)NN(=O)=O)(N(=O)=O)N(=O)=O
YUFSAV,O=C(NN(=O)=O)OCCCC(N(=O)=O)(N(=O)=O)N(=O)=O
YUFSOJ,COC(=O)C([C@@H](C(=O)C)CC(=O)c1ccc(cc1)N(=O)=O)C(=O)OC
YUGBEH,C[C@H]([C@H](c1ccccc1)O)/N=C/c1ccc(cc1)N(=O)=O
YUGDUB,CC(=O)CC[C@H](N(=O)=O)CC[C@H](OC(=O)c1cc(cc(c1)N(=O)=O)N(=O)=O)C
YUGFAJ,NC(=O)OCC(COC(N)=O)(N(=O)=O)N(=O)=O
YUGFEN,CC(COC(N)=O)(N(=O)=O)N(=O)=O
YUGFIR,NC(=O)OCCCC(N(=O)=O)(N(=O)=O)N(=O)=O
YUGKUI,COc1ccc(cc1)[C@H]1[C@@H](CC[C@H](C21C(=O)c1c(C2=O)cccc1)O)N(=O)=O
YUGROI,CC(C[C@@H](C(=O)NC(C(=O)Nc1ccc(cc1)N(=O)=O)(C)C)NC(=O)OC(C)(C)C)C
YUGRUO,O=C(NC(C)(C)C(Nc1cc(N(=O)=O)ccc1)=O)[C@@H]2CCCN2C(OC(C)(C)C)=O
YUHVOM,O=C(Oc1ccccc1)Oc1ccccc1N(=O)=O
YUJFOA,O=N(=O)c1ccc2NC(=Nc2c1)C1CCCCC1
YUJGIT,O=N(=O)c1ccc(cc1)/C=N/Nc1ccccc1
YUJGIT01,O=N(=O)c1ccc(cc1)/C=N/Nc1ccccc1
YUJGIT02,O=N(=O)c1ccc(cc1)/C=N/Nc1ccccc1
YUJLIY01,CO[C@H]1CO[C@@H]([C@@H]1OC(=O)c1ccc(cc1)N(=O)=O)C(=C)OC(=O)N(C(C)C)C(C)C
YUJNOJ,CC(c1ccc(cc1)/C=C/1\CC/C(=C\c2ccc(cc2)C(C)C)/C1=N/Nc1ccc(cc1N(=O)=O)N(=O)=O)C
YUJQOM,O=N(=O)C1=NN(C2=NNN=N2)C2=C1N(N=C2N(=O)=O)C1=NNN=N1
YUJXUX,O=N(=O)O[C@@H]1CO[C@H]2[C@@H]1OC[C@]2(O)[C@H]1O[C@H]2[C@@H]([C@@]1(O)CN(=O)=O)OC[C@H]2ON(=O)=O
YUJYAE,O=N(=O)O[C@@H]1CO[C@H]2[C@@H]1OC[C@]2(O)[C@H]1O[C@H]2[C@@H]([C@]1(O)CN(=O)=O)OC[C@H]2ON(=O)=O
YUJYEI,O=N(=O)O[C@@H]1CO[C@H]2[C@@H]1OC[C@]2(O)[C@@H]1O[C@H]2[C@@H]([C@@]1(O)[C@@H](N(=O)=O)C)OC[C@H]2ON(=O)=O
YULCOZ,Oc1ccccc1c1ccc(cc1)N(=O)=O
YULDAM,Cc1cc(c(O)c(c1)N(=O)=O)c1ccccc1N(=O)=O
YULTUV,CCOC(=O)C1=C(O)[C@H]2[C@@H]([C@H]([C@H]1c1ccc(cc1)N(=O)=O)C=O)CCC2
YULVUY,O=C(c1cc(cc(c1)N(=O)=O)N(=O)=O)OC[C@@H]1CON1Cc1ccccc1
YULWOU,COc1ccc(cc1)C(=O)Nc1cc(ccc1C)N(=O)=O
YULWUA,Cc1ccc(cc1NC(=O)c1ccccc1)N(=O)=O
YULXAF,CN1C2=C(C(=O)c3ccccc13)C(=C(O2)c1ccccc1)c1ccc(cc1)N(=O)=O
YUMBOY,CCOC(=O)C1=CC[C@H]([C@H]([C@H]1c1ccccc1)N(=O)=O)c1ccccc1
YUMBUE,CCOC(=O)C1=CC[C@H]([C@H]([C@@H]1c1ccccc1)N(=O)=O)c1ccccc1
YUMNEA,OC[C@]1(N(=O)=O)[C@@H](CN([C@@]21C(=O)Nc1c2cccc1)C)c1ccccc1
YUMNIE,OC[C@@]1(N(=O)=O)[C@@H](c2ccc(cc2)CC)[C@H]2[N@@]([C@]31C(=O)Nc1c3cccc1)CCC2
YUNBOB,O=N(=O)c1ccc(cc1)[C@@H]1O[C@H]1c1ccc(cc1)N(=O)=O
YUNDUJ,O=N(=O)C[C@@H](NNC(=O)c1ccc(cc1)N(=O)=O)C
YUNFAR,O=N(=O)C[C@H](NNC(=O)c1ccc(cc1)N(=O)=O)C
YUNJOG,Cc1cc(ccc1NCC#CC#CCO)N(=O)=O
YUNNAZ,O=N(=O)OCC1=NC(=NN1)N(=O)=O
YUNNED,OCC1=NC(=NN1)N(=O)=O
YUNXOU,O=N(=O)c1ccc(CCc2ccc(cc2)N(=O)=O)cc1
YUPZIT,C/C(=C\c1cccc(c1)N(=O)=O)/N(=O)=O
YUQFAT,O[C@@H](c1ccccc1N(=O)=O)Nc1ncccn1
YUQFEX,O[C@H](c1ccc(cc1N(=O)=O)N(=O)=O)Nc1ncccn1
YUQGOH,Cc1c(C)cccc1/N=C/c1ccccc1N(=O)=O
YUQJOK,Cc1nc2ccc(cc2nc1C)N(=O)=O
YUQMAZ,Oc1ccc(cc1C(=O)Nc1ccccc1)N(=O)=O
YUQZUG,C/C(=N\NC(=O)C1=C(C)c2c(O1)cccc2)/C(=N\Nc1ccc(cc1)N(=O)=O)/N1CCCCC1
YURBAP,O=N(=O)c1ccc(cc1)N/N=C(\C(=N/NC(=O)C1=C(C)c2c(O1)cccc2)\C=C\c1ccccc1)/N1CCCCC1
YURGUO,CCOC(=O)CCCN1c2ccccc2C([C@@]21C=Cc1c(O2)ccc(c1)N(=O)=O)(C)C
YURHAV,COc1cc(cc(C=CC2=[N+](CCO)c3ccccc3C2(C)C)c1[O-])N(=O)=O
YURHEZ,CCOC(=O)CCCN1c2ccccc2C([C@]21C=Cc1c(O2)c(OC)cc(c1)N(=O)=O)(C)C
YUTSUD,CCOC(=O)COc1ccccc1/C(=C/C(=O)c1ccc(cc1)N(=O)=O)/O
YUVFED,O=C1NC(C(=O)N1/N=C/c1ccc(cc1)N(=O)=O)(c1ccccc1)c1ccccc1
YUVSEQ,O=N(=O)c1ccc(cc1)/C(=N/c1ccccc1)/c1ccccc1
YUVSOA,O=N(=O)c1ccc(cc1)c1nc2ccccc2c2c1ccc1ccc3ccccc3c21
YUVSUG,O=N(=O)c1ccc(cc1)c1nc2ccccc2c2ccc3ccccc3c12
YUWLUA,COc1ccc(N2C=NC(=C2)C(=O)OC)c(c1)N(=O)=O
YUWMAH,O=C(c1ccc(cc1)N(=O)=O)O[C@H]1CCCC/C=C/CCC1
YUWYOH,NC1=NON=C1C2=NO[N+]([O-])=C2C3=NON=C3N(=O)=O
YUXCUQ,O=N(=O)C[C@@]1(CCON1C)[C@H]1COC2(O1)CCCCC2
YUXMEK,COC(=O)c1cccc(NC(=O)c2cccc(c2OC)N(=O)=O)c1OC
YUXMIO,COC(=O)c1cccc(NC(=O)c2cccc(NC(=O)c3cccc(c3OC)N(=O)=O)c2OC)c1OC
YUXMOU,COC(=O)c1cccc(NC(=O)c2cccc(NC(=O)c3cccc(NC(=O)c4cccc(c4OC)N(=O)=O)c3OC)c2OC)c1OC
YUXNEL,COC(=O)c1cc(OC)cc(NC(=O)c2cccc(NC(=O)c3cc(OC)cc(c3OC)N(=O)=O)c2OC)c1OC
YUXNIP,COC(=O)c1cc(OC)cc(NC(=O)c2cc(OC)cc(c2OC)N(=O)=O)c1OC
YUXNOV,COC(=O)c1cc(OC)cc(NC(=O)c2cc(OC)cc(NC(=O)c3cc(OC)cc(c3OC)N(=O)=O)c2OC)c1OC
YUXNUB,CCCCCCCCOc1cc(NC(=O)c2cc(OC)cc(c2OC)N(=O)=O)c(OC)c(c1)C(=O)Nc1cc(OC)cc(C(=O)OC)c1OC
YUXZUP,CCOc1cc(c(NC(C)=O)cc1N(=O)=O)N(=O)=O
YUYCOK,O/N=C/C1=CC=C(O1)N(=O)=O
YUYLEJ,COC(=O)/C=C/c1cc(cc(c1)N(=O)=O)N(=O)=O
YUYNUC,CC(=O)C(=NNc1ccc(cc1N(=O)=O)N(=O)=O)C(C)=O
YUYQEP,CN(C)C(=Nc1ccc(cc1)N(=O)=O)N(C)C
YUYQEP01,CN(C)C(=Nc1ccc(cc1)N(=O)=O)N(C)C
YUYSIU,CN1C=C(N=C1C1=NC=C(N1C)N(=O)=O)N(=O)=O
ZABMIB,O=N(=O)c1ccc(cc1)/N=N/c1ccc(cc1)N(=O)=O
ZACCOV,COC(=O)[C@@]12N=NC([C@H]2CC=C[C@H]1OC(=O)c1cc(cc(c1)N(=O)=O)N(=O)=O)(C)C
ZACNEZ,CC(=O)Nc1ccc(NC(C)=O)c(c1N(=O)=O)N(=O)=O
ZACNID,Nc1ccc(N)c(c1N(=O)=O)N(=O)=O
ZAFMIF,COC(=O)C1(C[C@@H]([C@H]2[C@@H]1CC/C/2=N\Nc1ccc(cc1N(=O)=O)N(=O)=O)C)C(=O)OC
ZAGCOC,O=N(=O)NN1C(=NC(=C1N(=O)=O)N(=O)=O)C1=NC(=C(N1NN(=O)=O)N(=O)=O)N(=O)=O
ZAGFOG,COc1ccc(NC(=O)c2cccc(NC(=O)c3cccc(c3)N(=O)=O)c2)cc1
ZAGKAW,O=N(=O)NN1N=C(N=C1C1=NC(=NN1NN(=O)=O)N(=O)=O)N(=O)=O
ZAKMUW,O=N(=O)c1ccc(cc1)C=C=C(c1ccccc1)C1=C2C=CC=CC2=NN1c1ccccc1
ZAKNEE,COc1ccc(cc1)c1cccc2cccc(c3ccc(cc3)N(=O)=O)c12
ZAKWIU,COC(=O)C1=C(C)OC(=C([C@H]1c1ccccc1N(=O)=O)C#N)N
ZAKWIU01,COC(=O)C1=C(C)OC(=C([C@H]1c1ccccc1N(=O)=O)C#N)N
ZALVEQ,CC1(C)Oc2ccc(cc2O1)N(=O)=O
ZALVUG,CC1(C)Oc2cc(c(cc2O1)N(=O)=O)N(=O)=O
ZAMVEO,O=C1CCCC(=C1)Nc1cccc(c1)N(=O)=O
ZAMWEP,CC1=NC(=CN1c1ccccc1)N(=O)=O
ZAMWIT,Cc1ccc(cc1)N1C=C(N=C1C)N(=O)=O
ZAMWIT01,Cc1ccc(cc1)N1C=C(N=C1C)N(=O)=O
ZANBEY,O=N(=O)c1ccc(cc1)C1=C(c2ccccc2)C2=CC=CC=CC2=C1C#N
ZANZOF,COc1ccc(cc1OC)c1ccc(cc1)N(=O)=O
ZAPDUR,Nc1ccc(cc1)C(=O)N/N=C/c1cccc(c1)N(=O)=O
ZAPKOS,Oc1ccc(cc1)C(=O)N/N=C/c1cccc(c1)N(=O)=O
ZAPSOA,Cc1cc(C)c(N)c(c1)N(=O)=O
ZAPTAN,CCCC[C@@H](C(=O)OC)Oc1ccc(cc1C=O)N(=O)=O
ZAPTOB,O=N(=O)c1ccc([O-])c(C=[NH+]CCC[NH+]=Cc2cc(ccc2[O-])N(=O)=O)c1
ZAQTOC,CCOC(=O)COc1ccc(cc1)N(=O)=O
ZAQZIC,O[C@@H]1C[C@H]2N(C1)C(=O)/C(=C/c1ccc(cc1)N(=O)=O)/[C@@H]2O
ZARHIJ,COc1ccc(c2ccccc12)C(N(=O)=O)(N(=O)=O)N(=O)=O
ZARJOU,O=N(=O)[C@@H]1[C@H](c2ccccc2)[C@H]2c3ccccc3CC[C@@]2([C@H]([C@@H]1c1ccccc1)N(=O)=O)O
ZARXUL,O=N(=O)c1ccc(cc1)N1N=C(N(N=C1c1ccccc1)C1=NN=NN1c1ccccc1)c1ccccc1
ZASXID,CC(C)(C)c1ccc(CN2CCNCCN(CCNCC2)Cc2ccccc2NC(=O)Nc2cccc(c2)N(=O)=O)cc1
ZAVJIS,O=N(=O)c1ccccc1NC1=CC(=NN1c1ccccc1)c1ccccc1
ZAVJOY,CN1N=C(C=C1Nc1ccccc1N(=O)=O)c1ccccc1
ZAVMIV,COC(=O)[C@@H](NC(=O)c1cc(cc(c1)N(=O)=O)N(=O)=O)C
ZAWNOD,Cc1ccc(cc1)[C@@H]1[C@@H](CN(=O)=O)C2=C([C@@]3(N1O)c1ccccc1N(C3=O)C(=O)OC(C)(C)C)c1c(N2C)cccc1
ZAWRUN,COc1ccc(cc1CN(Cc1cc[n+]([O-])cc1)c1ccc(OC)c(c1)C1OCCO1)N(Cc1ccc(O)cc1)Cc1cc(ccc1OC)N(=O)=O
ZAXJOZ,C=CC[C@@H]([C@@]1(CC=CC1)c1ccccc1)OC(=O)c1ccc(cc1)N(=O)=O
ZAYRAS,O=C(c1ccc(cc1N(=O)=O)N(=O)=O)O[C@@H]1C[C@H]2C[C@@H]1CC2
ZAYRIA,CC(=O)Nc1c(O)cc(cc1N(=O)=O)C(O)=O
ZAYWAX,O=C(c1cc(cc(c1)N(=O)=O)N(=O)=O)O[C@@H]1CC=CC=CC1
ZAZLAP,CNC(=O)[C@@H](Cc1ccccc1)/N=C/c1ccc(cc1)N(=O)=O
ZBXPEN,O=C(c1ccc(cc1)N(=O)=O)O/C(=C(/c1ccccc1)\C(=O)C)/C
ZEBBEQ,O=N(=O)c1ccccc1[C@@H](N1O[C@H](c2c1cccc2)O)O
ZEBXIN,CC(=O)O[C@@H]([C@@H]1[C@@H](N(=O)=O)[C@@]2(C(=O)[C@@]1(c1ccccc1)C(=C2c1ccccc1)c1ccccc1)C)[C@H]([C@H]([C@H](OC(=O)C)COC(=O)C)OC(=O)C)OC(=O)C
ZEBXOT,CC(=O)O[C@H]([C@H]1[C@H](N(=O)=O)[C@]2(C(=O)[C@]1(c1ccccc1)C(=C2c1ccccc1)c1ccccc1)C)[C@H]([C@@H]([C@H](OC(=O)C)COC(=O)C)OC(=O)C)OC(=O)C
ZECHIA,COC(=O)c1ccc(cc1OC)N/C(=C\C(=O)c1ccc(cc1OC(C)C)N(=O)=O)/CC(C)C
ZECPIG,COC(=O)[C@@]12CC[C@@]2(C(=O)OC)[C@]2(O[C@@]1(C=C(C2=O)c1ccccc1)c1ccc(cc1)N(=O)=O)c1ccccc1
ZEDLUS,COC(=O)/C=C/c1cc(cc2c1N(N=C2)C(=O)N(C(C)C)C(C)C)N(=O)=O
ZEHDEX,O=N(=O)C1(CCCCC1)N1N=C2C=CC=CC2=N1
ZEHJUR,C/C(=N\N=C(\c1ccc(cc1)N(=O)=O)/C)/c1ccc(cc1)N(=O)=O
ZEHJUR01,C/C(=N\N=C(\c1ccc(cc1)N(=O)=O)/C)/c1ccc(cc1)N(=O)=O
ZEHJUR02,C/C(=N\N=C(\c1ccc(cc1)N(=O)=O)/C)/c1ccc(cc1)N(=O)=O
ZEJTUD,CN(c1ccc(cc1)/C=N/Nc1ccc(cc1)N(=O)=O)C
ZEJVAL,O=N(=O)c1ccc(cc1)N/N=C/c1ccc(cc1)N1CCCCCC1
ZEJWUJ,CCOC(=O)/C(=C/1\c2ccccc2N(C1=O)C)/N(=O)=O
ZEKNIO,CCOC(=O)/C(=N/Nc1ccc(cc1)N(=O)=O)/c1ccccn1
ZELPAK,CCOc1cccc(c1O)/C=N/NC(=O)c1ccc(cc1)N(=O)=O
ZELQOW,O=N(C1=[N+](N(C)N=C1N)[O-])=O
ZELXIX,CC1=NNC(=O)C=C1Cc1ccc(cc1)N(=O)=O
ZENKIM,O=N(=O)c1cccc(c1)c1ccccc1
ZENXOF,CCOC(=O)Nc1ccc(cc1)/C=C/c1ccc(cc1)N(=O)=O
ZENXUL,CCOC(=O)Nc1ccc(cc1)/C=C/c1ccc(cc1N(=O)=O)N(=O)=O
ZEQPAP,Cc1ccc(cc1)N1C(=O)O/N=C(\[C@@H]([C@@H](/C=C\1/c1ccccc1)c1ccc(cc1)N(=O)=O)C)/C
ZERJOX,O=C1O[C@@H]2[C@H]3[C@]1(CCC2(C)C)CC[C@@]1([C@@H]3CC[C@H]2[C@@]1(C)CC[C@@H]1[C@]2(C)CC(C(=O)C1(C)C)(N(=O)=O)N(=O)=O)C
ZESGAF,O=C(c1cc(cc(c1)N(=O)=O)N(=O)=O)O[C@@]1(C)CC[C@@H]2[C@@H]([C@@]3([C@H]1CC3)C)CC2(C)C
ZESNEQ,Cc1cc(C)c2c(c1)[C@H](C=C[C@@H]2N(=O)=O)C(N(=O)=O)(N(=O)=O)N(=O)=O
ZESNOA,Cc1cc(C)c2c(c1)[C@H](C=C[C@H]2N(=O)=O)C(N(=O)=O)(N(=O)=O)N(=O)=O
ZESPAO,Cc1cc2c(cc1C)[C@@](C)(C=C[C@@]2(C)C(N(=O)=O)(N(=O)=O)N(=O)=O)N(=O)=O
ZETXOO,O=C(c1cc(cc(c1)N(=O)=O)N(=O)=O)OC[C@H]1OC1
ZEVGOZ,Cc1cccc2C3=C(Nc12)c1c(CC3)c(c2ccccc2)c(c(N)c1C#N)N(=O)=O
ZEVKUI,N#CC1=C(O[C@@H]([C@@H]([C@H]1c1ccccc1)N(=O)=O)c1ccccc1)c1ccccc1
ZEVQUM,O=N(=O)C1CN(C1)N(=O)=O
ZEWFAK,CCCC[C@H](/C(=C\C=C)/[C@H](c1ccccc1)C=C)OC(=O)c1ccc(cc1)N(=O)=O
ZEWTON,O=C(c1cc(cc(c1)N(=O)=O)N(=O)=O)OC(C[C@H]1C=C[C@H]2O[C@@H]1CO2)(C)C
ZEWTUT,O=C(c1cc(cc(c1)N(=O)=O)N(=O)=O)OC(C[C@@H]1C=C[C@@H]2O[C@H]1OC2)(C)C
ZEXDIS,CCOC(=O)CCC[C@@H]1CC/C(=N\Nc2ccc(cc2N(=O)=O)N(=O)=O)/C=C1
ZEXFIU,O=N(=O)c1cc(ccc1N/N=C\1/CC[C@H]2C(=C1)CCCC2)N(=O)=O
ZEYROM,COc1ccc2c(c1)CCCN1[C@]32C[C@@H]([C@H]([C@@H]3CC1=O)CN(=O)=O)C
ZEYRUS,COc1cc2c(cc1OC)CCN1[C@]32C[C@@H]([C@H]([C@@H]3CC1=O)CN(=O)=O)C
ZEZDAL,COc1c(cc(CN2C=CN=N2)cc1N(=O)=O)N(=O)=O
ZEZTIH,CC([C@H](N1C(=O)c2c(C1=O)cccc2)C(=O)N1CCC2=C([C@H]1c1ccc(cc1)N(=O)=O)Nc1c2cccc1)C
ZEZTIH10,CC([C@H](N1C(=O)c2c(C1=O)cccc2)C(=O)N1CCC2=C([C@H]1c1ccc(cc1)N(=O)=O)Nc1c2cccc1)C
ZIBPOP,C=C[C@]1(C)O[C@H]1C[C@]1(C)O[C@H](C[C@H]1OC(=O)c1ccc(cc1)N(=O)=O)[C@]1(C)CC[C@H]2[C@H](O1)[C@H](C)C[C@H]1[C@H](O2)C[C@]2([C@H](O1)C[C@H]1[C@H](O2)COC(O1)(C)C)C
ZIBVAH,C[C@@H]1O[C@@H](O[C@@H]([C@@H]1C)c1ccccc1)c1ccc(cc1)N(=O)=O
ZIBWEM,O=N(=O)C1=C2C=C(C=C3[C@@]2([C@@]2(C(=C1N(=O)=O)C=C(C=C2C=C3)C(C)(C)C)C)C)C(C)(C)C
ZIBXOA,CCN1c2ccc(cc2-c2c1cccc2)/C=C(/c1ccc(cc1)N(=O)=O)\C#N
ZICCET,C[C@H]([C@@H]1C=C[C@@H]([C@@H]2[C@@H]1COC2=O)C)OC(=O)c1cc(cc(c1)N(=O)=O)N(=O)=O
ZICNAD,O=N(=O)c1ccccc1[C@@H]1OCCC=C1C1=CCCC1
ZICNII,Oc1ccc(cc1CN1CCOCCOCc2cccc(COCCOCC1)n2)N(=O)=O
ZIFCEW,COc1ccc(cc1)/C(=N/N=C(/c1ccc(cc1)N(=O)=O)\C)/C
ZIFHUU,CC(=CCC[C@H]([C@@H]([C@H](OC(=O)c1cc(cc(c1)N(=O)=O)N(=O)=O)COCc1ccccc1)/C=C/c1ccccc1C(=O)N1CCCC1)C)C
ZIFLIL,O=N(=O)c1ccc(cc1)c1c(nnc2c3cccc4cccc(c34)c12)c1ccccc1
ZIFLOS,O=N(=O)c1ccc(cc1)N(c1ccccc1)c1ccccc1
ZIFLOS01,O=N(=O)c1ccc(cc1)N(c1ccccc1)c1ccccc1
ZIFLUX,O=C(/C(=C\1/c2ccccc2C(C1=O)(C)C)/c1ccc(cc1)N(=O)=O)c1ccccc1
ZIFMEI,O=C(/C(=C\1/c2ccccc2N(C1=O)C(=O)c1ccccc1)/c1ccc(cc1)N(=O)=O)C1CCCCC1
ZIFMIM,O=C(/C(=C/1\C(=O)Oc2c1cccc2)/c1ccc(cc1)N(=O)=O)c1ccccc1
ZIGJUW,CCO/C(=C(/C(=O)c1ccccc1)\N=N\c1ccc(cc1N(=O)=O)N(=O)=O)/Cc1ccc(cc1)OC
ZIJSIX,COc1cc(OC)cc2c1C(=O)[C@]1(O2)O[C@H]1c1ccccc1N(=O)=O
ZIKKUZ,CC(=O)c1c(ccc(O)c1N(=O)=O)N(=O)=O
ZIKNIQ,O=C([C@H](CC1=CN(C=N1)Cc1ccccc1)NC(=O)OC(C)(C)C)OCc1ccc(cc1)N(=O)=O
ZIKYIB,O=N(=O)c1ccc2c(Oc3ccccc23)c1
ZILJUB,O=N(=O)c1ccc2c(c1)[C@H]1[C@@H](CO2)C[C@H]2[N@@]1CCc1c2cccc1
ZILKIR,C[C@@H]1C[C@@H]2[C@@](C1)(OC(=O)c1cc(cc(c1)N(=O)=O)N(=O)=O)[C@H](CC2)c1ccccc1
ZILMUC,OC(=O)C[C@H](c1ccc(cc1)N(=O)=O)O[C@H]1O[C@@H]2O[C@@]3(C)CC[C@@H]4[C@]2([C@H]([C@H]1C)CC[C@H]4C)OO3
ZILNAJ,CCOC(=O)C[C@@H](c1ccc(cc1)N(=O)=O)O[C@H]1O[C@@H]2O[C@@]3(C)CC[C@@H]4[C@]2([C@H]([C@H]1C)CC[C@H]4C)OO3
ZILNOX,CC(N(=O)=O)(N(=O)=O)C(C)(N(=O)=O)N(=O)=O
ZILNOX01,CC(N(=O)=O)(N(=O)=O)C(C)(N(=O)=O)N(=O)=O
ZILWAV,CCOC(=O)c1ccc(C(=O)OC)c(c1)c1ccccc1N(=O)=O
ZIMTIB,CCCCOc1c2Cc3cc(cc(Cc4cc(cc(Cc5cc(cc(Cc6cc(cc(Cc7cc(cc(Cc8cc(cc(Cc9cc(cc(Cc1cc(c2)N(=O)=O)c9OCCCC)N(=O)=O)c8OCCCC)N(=O)=O)c7OCCCC)N(=O)=O)c6OCCCC)N(=O)=O)c5OCCCC)N(=O)=O)c4OCCCC)N(=O)=O)c3OCCCC)N(=O)=O
ZIMZAY,O=N(=O)c1ccc(cc1)C1=Nc2ccccc2/C(=C(/c2cccnc2)\c2ccccc2)/O1
ZIMZEC,O=C(N1c2ccccc2C(=O)C1(c1ccccc1)c1ccccc1)c1ccc(cc1)N(=O)=O
ZINPAQ,O=N(=O)c1c(N=[N+]=[N-])c(N2N=C3C4=NO[N+](=C4C4=NO[N+](=C4C3=N2)[O-])[O-])c(N=[N+]=[N-])c(c1N=[N+]=[N-])N(=O)=O
ZIPREX,CCOC(=O)OC1=CN(N=C1C(=O)OCC)c1ccc(cc1)N(=O)=O
ZIQCUZ,Cc1ccc(cc1)c1ccc(cc1)C(=O)/C=C/c1cccc(c1)N(=O)=O
ZIQCUZ01,Cc1ccc(cc1)c1ccc(cc1)C(=O)/C=C/c1cccc(c1)N(=O)=O
ZISQOK,Oc1ccc(Nc2ccccc2)c2C(=O)c3c(O)ccc(c3C(=O)c12)N(=O)=O
ZISQUQ,Oc1ccc(Nc2ccccc2)c2C(=O)c3c(ccc(O)c3C(=O)c12)N(=O)=O
ZITHUH,CON1C(=O)Nc2ccc(cc12)N(=O)=O
ZIVBUB,CN1Cc2cc(ccc2OC1=O)N(=O)=O
ZIVCAI,CN(C)C(=O)Oc1ccc(cc1)N(=O)=O
ZIVMIA,OC(=O)C1=CC=C(O1)N(=O)=O
ZIVMOG,O=N(=O)C1=CN(C=N1)C(c1ccccc1)(c1ccccc1)c1ccccc1
ZIVSAB,CCCCCCCCN1c2ccc(cc2c2cc(ccc12)N(=O)=O)N(=O)=O
ZIVSAB01,CCCCCCCCN1c2ccc(cc2c2cc(ccc12)N(=O)=O)N(=O)=O
ZIVXIN,CC1(C)OC(=O)C(CC2=CNc3ccc(cc23)N(=O)=O)C(=O)O1
ZIWHOE,CC1(C)Cc2ccc(c(c2C1)N(=O)=O)N(=O)=O
ZIWWEH,COc1c(OC)ccc2c1C(=O)/C(=C/c1ccc(cc1)N(=O)=O)/O2
ZIXTOS,O=C(c1ccc(cc1)N(=O)=O)/N=C\1/OC[C@@H](N1)c1ccccc1
ZIXWIO,CN1C(=O)Nc2ccc(cc12)N(=O)=O
ZIXZIR,COc1cc(ccc1OC)C(=O)O[C@@H](CN1C(=NC=C1N(=O)=O)C)C
ZIXZOX,C[C@@H](CN1C(=NC=C1N(=O)=O)C)OC(=O)c1cccc(c1)N(=O)=O
ZIXZUD,CC(Cc1ccc(cc1)[C@H](C(=O)O[C@H](CN1C(=NC=C1N(=O)=O)C)C)C)C
ZIYBAM,C[C@@H](OC(=O)c1ccc(cc1)C)CN1C(=NC=C1N(=O)=O)C
ZIZBIV,COC(=O)C1=Cc2ccccc2CN1c1ccc(cc1)N(=O)=O
ZIZCES,CC1=C(C)C(=C(C#N)C(=O)N1)c1cccc(c1)N(=O)=O
ZIZNOO,O=N(=O)c1ccc(cc1)[C@H]1O[C@H]2CCO[C@@H](C2=C2[C@H]1CCCCC2)c1ccc(cc1)N(=O)=O
ZIZRAD,CN1N=C(C(=C1N(=O)=O)N(=O)=O)N(=O)=O
ZIZRAD01,CN1N=C(C(=C1N(=O)=O)N(=O)=O)N(=O)=O
ZIZRAD02,CN1N=C(C(=C1N(=O)=O)N(=O)=O)N(=O)=O
ZIZRAE,CCCC[C@H]1C[C@H]2[C@H]([C@@H]1COC(=O)c1cc(cc(c1)N(=O)=O)N(=O)=O)CC=CC2
ZIZROP,ON=C(Nc1ccccc1)c1ccc(cc1)N(=O)=O
ZIZSAF,Cc1ccc(O)c(n1)N(=O)=O
ZIZVIN,Nc1ccc(cc1N/C(=C\C(=O)c1ccccc1)/c1ccc(cc1)N(=O)=O)N(=O)=O
ZMBPNZ,Cc1ccc(cc1)/C(=N\Nc1ccc(cc1N(=O)=O)N(=O)=O)/c1ccccc1
ZOBCEY,CC(C)(C)Nc1nc(nc(n1)C(N(=O)=O)(N(=O)=O)N(=O)=O)C(N(=O)=O)(N(=O)=O)N(=O)=O
ZOBDOM,Cc1ccc(c2c1O[C@H](C2)C(O)(C)C)N(=O)=O
ZOBPOX,O=C1c2ccccc2O[C@@H](N1Cc1cccc(c1)N(=O)=O)c1ccccc1
ZOBXUM,CC1(C2O[C@@H](CC1OC(C2)=O)COC(C2=CC=C(C=C2)[N+](=O)[O-])=O)C
ZOCGOQ,COc1ccc(c(c1OC)OC)/C=C/C(=O)c1ccc(cc1)N(=O)=O
ZOCQIU,O=N(C1=NO[N+]([O-])=C1C2=NOC(/N=N/C3=NC(C4=[N+](ON=C4N(=O)=O)[O-])=NO3)=N2)=O
ZODLOV,O=N(=O)C(N(=O)=O)(N(=O)=O)C/N=C/C(N(=O)=O)(N(=O)=O)N(=O)=O
ZOFTAP,N#C/C(=C\C1=CC=C(O1)N(=O)=O)/C(=O)NCC1=CC=CO1
ZOFXUP,CC(=O)N[C@@H]1C=C(C)C[C@H]([C@@H]1N(=O)=O)c1ccccc1
ZOFYAW,CC(=O)N[C@H]1C=C(C)C[C@H]([C@@H]1N(=O)=O)c1ccccc1
ZOGFAE,O=C1CC[C@@H]([C@@]2([C@@H]1CC(C)(C)CC2)O)N(=O)=O
ZOGLAI,CC1=C[C@H]([C@@H](c2c1cccc2C)N(=O)=O)C(N(=O)=O)(N(=O)=O)N(=O)=O
ZOGLEM,Cc1cccc2c1[C@@H](C=C[C@@]2(C)N(=O)=O)C(N(=O)=O)(N(=O)=O)N(=O)=O
ZOGQAN,O=N(=O)c1ccc(Cc2cccc(n2)c2ccccn2)c(c1)N(=O)=O
ZOGQAN01,O=N(=O)c1ccc(Cc2cccc(n2)c2ccccn2)c(c1)N(=O)=O
ZOGQAN02,O=N(=O)c1ccc(Cc2cccc(n2)c2ccccn2)c(c1)N(=O)=O
ZOGQAN03,O=N(=O)c1ccc(Cc2cccc(n2)c2ccccn2)c(c1)N(=O)=O
ZOGQAN04,O=N(=O)c1ccc(Cc2cccc(n2)c2ccccn2)c(c1)N(=O)=O
ZOGQAN05,O=N(=O)c1ccc(Cc2cccc(n2)c2ccccn2)c(c1)N(=O)=O
ZOHBAB,C=CC[C@]1(O)[C@H](OC(=O)c2ccc(cc2)N(=O)=O)c2cccc3c2c2c1cccc2cc3
ZOKDAG,C=C1CN([C@H](c2ccc(cc2)N(=O)=O)C(=O)NC(C)(C)C)C(=O)c2c(O1)cccc2
ZOKREY,COc1ccc(NN=C2C(=O)CC(C)(C)CC2=O)c(c1)N(=O)=O
ZOKWED,Cc1ccc(NN=C2C(=O)CC(C)(C)CC2=O)c(c1)N(=O)=O
ZOLHUG,NN1C=CC(=C(C#N)C1=N)c1ccc(cc1)N(=O)=O
ZOLJIW,CCOC(=O)C1=NN2C(=C(C#N)C(=CC2=C1C(=O)OCC)c1ccc(cc1)N(=O)=O)N
ZOLPUO,O=N(=O)c1ccc(cc1)[C@H]1OCC=CC1
ZOLQID,COC(=O)[C@]1([C@H](c2ccc(cc2)N(=O)=O)NC(=O)OC(C)(C)C)N(C(=O)C)c2c(C1=O)cccc2
ZOMGAJ,CN1CCC2(CC1)O[C@H](N[C@H](C2)c1ccccc1)c1ccc(cc1)N(=O)=O
ZONFOX,COC[C@@H]1CCCN1/N=C/[C@@H](C(C)(C)C)CN(=O)=O
ZONJOB,CN(C)c1ccc(OCCOc2ccc(cc2)N(=O)=O)cc1
ZONJUH,CCN(CC)c1cccc(OCCOc2ccc(cc2)N(=O)=O)c1
ZONKAO,CN(C)c1cccc(OCCOc2ccc(cc2)N(=O)=O)c1
ZONKES,COc1ccc(cc1)N(C)CCOc1ccc(cc1)N(=O)=O
ZONYEJ,O=C1N(CCCN(CCCN2C(=O)c3ccccc3C2=O)Cc2ccccc2N(=O)=O)C(=O)c2ccccc12
ZONYEJ01,O=C1N(CCCN(CCCN2C(=O)c3ccccc3C2=O)Cc2ccccc2N(=O)=O)C(=O)c2ccccc12
ZORHUJ,O=N(=O)[C@@H]1[C@H]([C@H](N(=O)=O)C(=C([C@]1(C)N(=O)=O)C)C)C(N(=O)=O)(N(=O)=O)N(=O)=O
ZORJEV,O=N(C1=[N+](O[C@@]2(C)[C@H](N(=O)=O)[C@@H]1[C@@H](C(C)=C2C)N(=O)=O)[O-])=O
ZORJIZ,O=N([C@@H]1C(C)=C([C@]2(C)[C@H](O)[C@H]1C(N(=O)=O)=[N+]([O-])O2)C)=O
ZORJOF,Cc1cc(cc(C)c1C)C(N(=O)=O)(N(=O)=O)N(=O)=O
ZORJUL,O=N(=O)C1=C[C@@](C)(N(=O)=O)[C@]([C@](C1=O)(C)O)(C)N(=O)=O
ZORYIO,O=C1CC[C@@H]([C@H]2[C@@H]1[C@H]1C=C[C@@H]2C1)OC(=O)c1cc(cc(c1)N(=O)=O)N(=O)=O
ZOSKAT,CN(C)c1cccc2c(ccc(N(C)C)c12)N(=O)=O
ZOTREI,CCOC(=O)N(C(=O)OCC)/N=C/C(=O)c1ccc(cc1)N(=O)=O
ZOWDEU,Cc1ccc(cc1NC1=NN=NN1)N(=O)=O
ZOWDIY,CN(c1cccc(c1)N(=O)=O)C1=NN=NN1
ZOWDOE,CN(C1=NN=NN1)c1cc(ccc1C)N(=O)=O
ZOWSUZ,O=C1CCCC(=C1)Nc1ccc(cc1)N(=O)=O
ZOWSUZ01,O=C1CCCC(=C1)Nc1ccc(cc1)N(=O)=O
ZOXYIU,O=N(=O)C[C@@H]([C@@H](N(=O)=O)C)c1ccccc1
ZOXYOA,C[C@H]([C@@H]([C@@H](N(=O)=O)C)c1ccccc1)N(=O)=O
ZOYHOM,COC(=O)C1(CCC[C@H]1C/C(=N\Nc1ccc(cc1N(=O)=O)N(=O)=O)/c1ccccc1)C(=O)OC
ZOZLIM,OC1=C(C(=O)CC(C1)(C)C)[C@H](c1ccccc1N(=O)=O)C1=C(O)CC(CC1=O)(C)C
ZUBYEC,COc1ccc2c(c1)[C@H](O)[C@@H]([C@H]2[C@@H]1N(C(=O)C)c2c(C1=O)cccc2)N(=O)=O
ZUCMOB,CC1=NOC(=C1/N=N/c1ccccc1N(=O)=O)C
ZUDGOU,COC1=C[C@H](N(=O)=O)C(=C[C@@H]1C(N(=O)=O)(N(=O)=O)N(=O)=O)C
ZUDVAY,COC1(CCCCC1)O[C@@H]1OC(=O)[C@H]([C@H]1C=C(C)C)CC(=O)c1ccc(cc1)N(=O)=O
ZUGPOG,Cc1cccc(c1C#N)N(=O)=O
ZUGPOJ,O=N(=O)c1cccc(c1C#N)N(=O)=O
ZUGPUM,O=N(=O)[C@]12CN(C[C@@]2(CN(C1)N(=O)=O)N(=O)=O)N(=O)=O
ZUGXUW,O=N(=O)c1ccc(Oc2ccc3ccccc3c2)cc1
ZUHMUK,CN(C)c1ccc(cc1N(=O)=O)N(=O)=O
ZUHMUK01,CN(C)c1ccc(cc1N(=O)=O)N(=O)=O
ZUHRID,OC1CCN(CC1)c1ccc(cc1)N(=O)=O
ZUHRID01,OC1CCN(CC1)c1ccc(cc1)N(=O)=O
ZUHRID02,OC1CCN(CC1)c1ccc(cc1)N(=O)=O
ZUHVIH,O=N(=O)[C@@H]1[C@@H](Oc2c([C@H]1[C@H](C1=CCCCC1)N(=O)=O)cccc2)c1ccc2c(c1)OCO2
ZUHXAB,C/C(=N\Nc1ccc(cc1N(=O)=O)N(=O)=O)/C/C(=N/Nc1ccc(cc1N(=O)=O)N(=O)=O)/C
ZUHXAB02,C/C(=N\Nc1ccc(cc1N(=O)=O)N(=O)=O)/C/C(=N/Nc1ccc(cc1N(=O)=O)N(=O)=O)/C
ZUHXEF,CC1=NN(C(=C1)C)c1ccc(cc1N(=O)=O)N(=O)=O
ZUKDIV,O=C1O[C@@]([C@H]2[C@H]1CCCC2)(Cc1ccc(cc1)N(=O)=O)c1ccccc1
ZUKNEY,O=N(=O)/C(=C\1/C(=C(c2c1cccc2)N(=O)=O)c1ccccc1)/c1ccccc1
ZUKQUR,O=C(c1cc(cc(c1)N(=O)=O)N(=O)=O)O[C@@H]([C@]12C[C@H]3C[C@@H](C2)C[C@@H](C1)C3)[C@H]([C@]12C[C@H]3C[C@@H](C2)C[C@@H](C1)C3)OC(=O)C
ZUKYUZ,CCOC(=O)[C@@]1(Cc2ccc(cc2)N(=O)=O)C[C@@H]2N(C1=O)[C@H](OC2)c1ccccc1
ZULKEY,COc1ccc(cc1)COC[C@]1(C)C[C@H](OC1=O)COC(=O)c1cc(cc(c1)N(=O)=O)N(=O)=O
ZULNUP,CCOC(=O)Cc1cc(nc(C)c1C(=O)OCC)c1cc(ccc1O)N(=O)=O
ZULYEK,CC1=C(c2ccc(cc2)N(=O)=O)c2ccccc2N1
ZUMBIU,COC(=O)[C@@]1(CO[C@@]2(N1C(=O)O[C@@]2(C)OC)C)[C@H]1O[C@H](COCc2ccccc2)[C@@H]([C@@H]([C@H]1N(=O)=O)OCc1ccccc1)OCc1ccccc1
ZUMLIE,O=C1N(C)C(=O)N(C(=O)C1[C@@H](c1cccc(c1)N(=O)=O)CC(=O)c1ccccc1)C
ZUNPOP,C=CC[C@]1(C(c2cccc3c2c1ccc3N(=O)=O)=O)O
ZUNSEJ,NC(=O)N/N=C(\c1ccccc1)/c1ccc(cc1)N(=O)=O
ZUPMOO,CC[C@@H]([C@@]12[C@H]3C=C[C@@H]([C@]2([C@@H]1C(=O)OC)C)C3)OC(=O)c1cc(cc(c1)N(=O)=O)N(=O)=O
ZUPNAB,O=N(=O)c1ccc(cc1)/N=N/N=C1N(Cc2ccccc2)c2c(N1Cc1ccccc1)cccc2
ZUQHAW,O=N(=O)c1cccc(c1)C(=O)[C@@H]1OC2=C([C@H]1c1ccccc1)C(=O)c1c(C2=O)cccc1
ZURLIJ,CCCN1C=C(C=N1)C(=O)CC(C)(C)C(C)(C)N(=O)=O
ZURLOP,CCCCN1C=C(C=N1)C(=O)CC(C)(C)C(C)(C)N(=O)=O
ZURVAL,O=C(Nc1ccc(cc1)N(=O)=O)Nc1ccc(cc1)N(=O)=O
ZURXER,COc1ccc(cc1)[C@@]1(C(=O)CN(C1=O)Cc1ccc(cc1)OC)[C@]1(NC1)c1ccc(cc1)N(=O)=O
ZURYIW,O=N(=O)c1ccc(c(c1)OC[C@](C1=CC=CN1)(C1=CC=CN1)C)OC[C@@](C1=CC=CN1)(C1=CC=CN1)C
ZURYOC,CCC[C@@H]1C=C2CCC(=C([C@@H]2[C@H]2[C@@H]1C(=O)N(C2=O)c1ccccc1)OC(=O)c1ccc(cc1)N(=O)=O)c1ccccc1
ZUTGAZ,CCCN1C(=O)c2cccnc2Nc2ccc(cc12)N(=O)=O
ZUVMUB,CC[C@@H]([C@H](c1ccccc1)CN(=O)=O)C=O
ZUVPAK,COc1ccc(cc1)/C=C(/c1ccc(cc1)OC)\C=C(\N(=O)=O)/C
ZUVPEO,COc1ccc(cc1)/C=C(\c1ccc(cc1)OC)/C=C(/N(=O)=O)\C
ZUVQEO,C[C@@H]1Oc2cccc(c2-c2c(O[C@H]1C)cccc2N(=O)=O)N(=O)=O
ZUXJIO,C/N=C/c1cccc(c1)N(=O)=O
ZUXKEK,O=N(=O)c1ccc(cc1)C1=Cc2ccccc2CO1
ZUXNIS,O=C(C#Cc1ccccc1)c1cccc(c1)N(=O)=O
ZUXQUH,CC[C@@H]1N(C(=O)OC(C)(C)C)C(=O)C[C@@]1(OC(=O)OC(C)(C)C)c1ccccc1N(=O)=O
ZUXRAN,O=N(=O)c1ccccc1C1=C(C=NN1c1ccccc1)C#N
ZUXSES,O=C(c1cc(cc(c1)N(=O)=O)N(=O)=O)OC[C@@H]1CC=C([C@H]2[C@H]1[C@@H]1CCC=CC[C@H]2O1)C
ZUXSOC,CC1=CC[C@H]([C@H]2[C@H]1[C@H]1CC=CC[C@@H]2O1)/C=N/Nc1ccc(cc1N(=O)=O)N(=O)=O
ZUZFEH,O=CC1=C(C)C[C@@H]([C@H](C1)N(=O)=O)C1=CC=CO1
ZUZSAR,CO[C@@H]1CC(=O)C[C@@H]([C@H]1N(=O)=O)c1ccc(cc1)C
ZZZFKK01,N#C/C(=C\c1ccc(cc1)N(C)C)/c1ccc(cc1)N(=O)=O
ZZZFKK02,N#C/C(=C\c1ccc(cc1)N(C)C)/c1ccc(cc1)N(=O)=O
ZZZFKK03,N#C/C(=C\c1ccc(cc1)N(C)C)/c1ccc(cc1)N(=O)=O
ZZZFYW01,O=N(=O)c1ccccc1N(=O)=O
ZZZFYW02,O=N(=O)c1ccccc1N(=O)=O
ZZZGVU01,Cc1ccc(cc1N(=O)=O)N(=O)=O
ZZZGVU02,Cc1ccc(cc1N(=O)=O)N(=O)=O
ZZZHQU01,Cc1c(C)c(c(C)c(C)c1N(=O)=O)N(=O)=O
ZZZHQU02,Cc1c(C)c(c(C)c(C)c1N(=O)=O)N(=O)=O
ZZZJIQ01,Cc1ccc(N)cc1N(=O)=O
ZZZJIQ02,Cc1ccc(N)cc1N(=O)=O
ZZZJPA01,O=N(=O)c1ccccc1c1ccccc1N(=O)=O
ZZZLYS01,Oc1cc(O)c(cc1N(=O)=O)N(=O)=O
ZZZLYS02,Oc1cc(O)c(cc1N(=O)=O)N(=O)=O
ZZZMBE02,OC(=O)/C=C/c1cccc(c1)N(=O)=O
ZZZMBE03,OC(=O)/C=C/c1cccc(c1)N(=O)=O
ZZZMGS02,Cc1ccc(Nc2c(cc(cc2N(=O)=O)N(=O)=O)N(=O)=O)cc1
ZZZMGS03,Cc1ccc(Nc2c(cc(cc2N(=O)=O)N(=O)=O)N(=O)=O)cc1
ZZZMUC01,Cc1c(cc(cc1N(=O)=O)N(=O)=O)N(=O)=O
ZZZMUC05,Cc1c(cc(cc1N(=O)=O)N(=O)=O)N(=O)=O
ZZZMUC06,Cc1c(cc(cc1N(=O)=O)N(=O)=O)N(=O)=O
ZZZMUC08,Cc1c(cc(cc1N(=O)=O)N(=O)=O)N(=O)=O
ZZZMUC09,Cc1c(cc(cc1N(=O)=O)N(=O)=O)N(=O)=O
ZZZNQQ01,OC(=O)/C=C/c1ccccc1N(=O)=O
ZZZNQQ02,OC(=O)/C=C/c1ccccc1N(=O)=O
ZZZPGU01,O=N(=O)c1ccc(cc1)/C=C/c1ccccc1
ZZZPGU02,O=N(=O)c1ccc(cc1)/C=C/c1ccccc1
ZZZQSC01,Cc1c(cccc1N(=O)=O)N(=O)=O
ZZZQSC02,Cc1c(cccc1N(=O)=O)N(=O)=O
ZZZVIU01,O=C1c2ccc(cc2C(=O)c2cc(ccc12)N(=O)=O)N(=O)=O
ZZZWEW01,O=N(=O)C(N(=O)=O)(N(=O)=O)N(=O)=O
BATGUC,C=C[C@@H](c1ccccc1)C/C=C(/C=N/Nc1ccc(cc1N(=O)=O)N(=O)=O)\C
BAYSED,CON1C(=O)CCc2ccc(cc2C1=O)N(=O)=O
BAYTUU,CCOC(=O)C1=C(C)N(C(=C1)[C@H](C1=CC(=C(N1C)C)C(=O)OCC)c1ccc(cc1)N(=O)=O)C
BECLUU,COc1ccc(cc1)c1cc(c2ccc(cc2)N(=O)=O)c(cc1c1ccc(cc1)N(=O)=O)c1ccc(OC)cc1
CAXLEW,CCOC(=O)C1=C(NC=C1)C[C@@H](C(CC(=O)C(OC)OC)(C)C)N(=O)=O
CIYNAB01,O=N(=O)c1ccc(cc1)c1c2ccccc2c(c2ccccc2)c2c(c3ccc(cc3)N(=O)=O)c3ccccc3c(c3ccccc3)c12
DAQNES,O=C(Nc1ccc(cc1)N(=O)=O)OCCC[C@@]([C@@H](O)C)(C(C)C)O
DAXNOJ,CN(C(=O)[C@@]12CC[C@](C2(C)C)(C(=O)O1)C)[C@H]1CCCc2c1cc(cc2)N(=O)=O
DEBQUA,O[C@@H]1C=C[C@@H](O[C@@H]1COC(=O)OC(C)(C)C)CN(=O)=O
DUJBUG02,Oc1ccc(cc1C=O)N(=O)=O
EDAWIP01,N/C=C\N(=O)=O
FEBPOV,CC1=CC=C(O1)c1ccc(NCCN2CCOCC2)c(c1)N(=O)=O
FEBZUL,CN1C=C(C=N1)c1ccc(NCCN2CCOCC2)c(c1)N(=O)=O
FECDAW,O=N(=O)c1cccnc1OC(c1ccccc1)c1ccccc1
FECDEA,O=C1NC=Nc2cccc(c12)N(=O)=O
FEGXOI,CC1(C)N=C(O/C/1=C\c1ccccc1)c1ccc(cc1)N(=O)=O
GAQTEB,C=C(C=O)c1ccccc1N(=O)=O
GARCAH,O=N(=O)C1=NN(C(=C1N(=O)=O)N(=O)=O)C(N(=O)=O)(N(=O)=O)N(=O)=O
GARCAH01,O=N(=O)C1=NN(C(=C1N(=O)=O)N(=O)=O)C(N(=O)=O)(N(=O)=O)N(=O)=O
GAYYIS,CN(c1ccc(cc1)C#Cc1ccc2-c3c([C@]4(c2c1)c1ccccc1-c1c4cc(C#Cc2ccc(cc2)N(=O)=O)cc1)cccc3)C
GAZCAP,Nc1ccccc1c1nc2cc(ccc2nc1c1ccccc1)N(=O)=O
GAZMON,Cc1c(cc(cc1N(=O)=O)N(=O)=O)C(=O)Nc1ccc(NC2=CC(=O)c3ccccc3C2=O)cc1
GECMAG,Oc1cccc(Nc2c(cc(cc2N(=O)=O)N(=O)=O)N(=O)=O)c1
GEFTOE,Cc1ccc(cc1)/N=C/c1cc(ccc1N1CCCCC1)N(=O)=O
GEGWUO,NC(NN=C(CN=[N+]=[N-])CN=[N+]=[N-])=C(N(=O)=O)N(=O)=O
HAVQOO,NC1=C(C(=O)NC=N1)N(=O)=O
HAWWEL,COC(=O)C(C1=NC(=NO1)C1=NON=C1/N=N/C1=NON=C1C1=NOC(=N1)C(C(=O)OC)(N(=O)=O)N(=O)=O)(N(=O)=O)N(=O)=O
JAVNON,O=C(c1ccc(cc1)N(=O)=O)O[C@@H]1CC[C@]2(O[C@]1(C)CC[C@@H]1[C@@H]2CC1(C)C)C
JAWZIU,COC(=O)[C@@]1(CC2([C@@H]([C@H]1C1=CN(c3c1cccc3)C)N(=O)=O)CC2)c1ccccc1
JAXFEX,COC(=O)[C@]1(CC2([C@@]3([C@H]1c1ccccc1O3)N(=O)=O)CC2)c1ccccc1
JECRES,O=N(=O)C=C1COC1
JECRIW,NC1=NN(N=N1)C1(COC1)CN(=O)=O
JECROC,NC1=NN=NN1C1(COC1)CN(=O)=O
JECRUI,O=N(=O)CC1(COC1)NC1=NN(N=N1)C1(COC1)CN(=O)=O
JECSAP,O=N(=O)CC1(COC1)N1N=NC(=N1)N=[N+]=[N-]
JECSET,O=N(=O)CC1(COC1)N1N=CN=N1
JECSIX,O=N(=O)CC1(COC1)N1N=NC(=N1)N(=O)=O
JEDQAO,CCOC(=O)/C=C(/C(C)(C)C)\C(=O)c1ccc(cc1)N(=O)=O
KALLUI,COC(=O)C1(C[C@@H]1c1cc(ccc1C)N(=O)=O)C(=O)OC
KARVUY,O/N=C(/c1ccc(cc1)OC)\Cc1ccccc1N(=O)=O
KASTOR,NC1=NON=C1C1=NOC2=NC(=NN12)N(=O)=O
KASVAF,O=N(=O)C1=NN2C(=N1)ON=C2C1=NON=C1N(=O)=O
KAYHEB,CC1=C2C=CC=CN2C(=N1)c1ccc(cc1)N(=O)=O
KEBCIH,O=N(=O)c1ccc(cc1)N1C=C(CN2C=C(N=C2N2C=CC=N2)c2ccccc2)N=N1
KEBMEN,O=N(=O)C1=C(N(Cc2ccccc2)N=N1)c1ccc(cc1)N(c1ccccc1)c1ccccc1
KEBZIE,OCN1N=Cc2c1cccc2N(=O)=O
KEBZUQ,OCN1N=Cc2ccc(cc12)N(=O)=O
LAYGEB,O=C1OCC[C@]21CCC[C@@H]2/C(=N/Nc1ccc(cc1N(=O)=O)N(=O)=O)/c1ccccc1
LAZPIP,CC(C)(C)N(C=O)c1ccc2cc(ccc2n1)N(=O)=O
LEBQAO,CC([C@H]1CN([C@H](CN1C(=O)c1ccc(cc1)N(=O)=O)C(C)C)C(=O)c1ccc(cc1)N(=O)=O)C
LEBTAR,COc1ccc(cc1)c1ccc(cc1)c1nc2ccc(cc2nc1c1ccc(cc1)c1ccc(OC)cc1)N(=O)=O
LEBWAU,CCCCOc1cc(c(N)cc1OCCCN(C)C)N(=O)=O
LEBWEY,CCOc1cc(N)c(cc1OCC(C)C)N(=O)=O
LEBWEY01,CCOc1cc(N)c(cc1OCC(C)C)N(=O)=O
LEGNEU,COc1c(cc(cc1N(=O)=O)N1C=C(C(=N1)N(=O)=O)N(=O)=O)N(=O)=O
LEGNIY,O=N(=O)Nc1c(cc(cc1N(=O)=O)N1C=NC(=C1)N(=O)=O)N(=O)=O
LEGNOE,O=N(=O)C1=CN(C=N1)c1cc(c(c(c1)N(=O)=O)N(=O)=O)N(=O)=O
LEGNUK,O=N(=O)C1=CN(N=C1N(=O)=O)c1cc(c(c(c1)N(=O)=O)N(=O)=O)N(=O)=O
LEGNUK01,O=N(=O)C1=CN(N=C1N(=O)=O)c1cc(c(c(c1)N(=O)=O)N(=O)=O)N(=O)=O
LEGPEW,Nc1c(cc(cc1N(=O)=O)N1C=C(C(=N1)N(=O)=O)N(=O)=O)N(=O)=O
LEGPIA,Nc1c(cc(cc1N(=O)=O)N1C=NC(=C1)N(=O)=O)N(=O)=O
LEGPOG,Nc1c(cc(cc1N(=O)=O)N1C=C(C=N1)N(=O)=O)N(=O)=O
LEGPUM,O=N(=O)Nc1c(cc(cc1N(=O)=O)N1C=NC=C1N(=O)=O)N(=O)=O
LEGQAT,O=N(=O)C1=CN(N=C1)c1cc(c(c(c1)N(=O)=O)N(=O)=O)N(=O)=O
LEGQEX,Nc1c(cc(cc1N(=O)=O)N1C=NC=C1N(=O)=O)N(=O)=O
LEGQIB,O=N(=O)C1=CN(N=C1)c1cc([O-])c([N+]#N)c(c1)N(=O)=O
LEGQOH,O=C(N1CC(=C)N(/C/1=N/c1ccc(cc1)N(=O)=O)C(=O)OC(C)(C)C)OC(C)(C)C
LEHMEU,CC(N(C(C)C)/N=N/c1c(cccc1c1ccc(cc1)N(=O)=O)c1ccc(cc1)N(=O)=O)C
LEJJUJ,O=C1N(OCc2ccccc2)[C@@H]([C@@](N1c1ccc(cc1)N(=O)=O)(O)c1ccccc1)O
LEJKOE,Nc1cc(C#Cc2ccccc2)c(cc1C#Cc1ccccc1)N(=O)=O
LEJKUK,Nc1cc(c2ccccc2)c(cc1c1ccccc1)N(=O)=O
LEJLEV,Nc1ccc(cc1C#Cc1ccccc1)N(=O)=O
NATYEQ,COC(=O)[C@]1(C)OC[C@@H](CO1)c1ccc(cc1)N(=O)=O
NAYBIC,O[C@@H]1CO[C@@H]([C@@H]([C@@H]1O)O)Nc1ccc(cc1N(=O)=O)N(=O)=O
NAYGAZ,CCN(c1ccc(c(c1)OCc1ccccc1N(=O)=O)/C=C/1\N=C(OC1=O)C)CC
NAYJIK,CC(=O)Nc1c(c(NC(C)=O)c(c(NC(C)=O)c1N(=O)=O)N(=O)=O)N(=O)=O
NAYKEH,O=N(=O)Nc1c(c(NN(=O)=O)c(c(NN(=O)=O)c1N(=O)=O)N(=O)=O)N(=O)=O
NAZTUH,NC1=C2C(=N[N+](=N1)[O-])NN=C2N(=O)=O
NAZVAP,CN1N=C(C2=C(N)N=[N+]([O-])N=C12)N(=O)=O
NECFUA,O=N(=O)c1cc(ccc1N/N=C/c1cccc2c1cccc2)N(=O)=O
NEDRAT,O=N(=O)c1ccc(cc1C)N[C@@H]1COc2c(C1)cccc2
NEDSAU,Cc1ccc2c(c1)[C@@H](CCOC(=O)c1ccc(cc1)N(=O)=O)O[C@H]([C@H]2C)[C@H]([C@H](OC(=O)c1ccc(cc1)N(=O)=O)C)C
NEDSEY,Cc1ccc2c(c1)[C@H](CCOC(=O)c1ccc(cc1)N(=O)=O)O[C@@H]([C@@H]2C)[C@H]([C@@H](OC(=O)c1ccc(cc1)N(=O)=O)C)C
NEDWIG,O=N(=O)c1ccc(cc1)C1=C/C(=N\c2ccccn2)/C(=C(O1)c1ccccc1)c1ccccc1
NEFVIH,O=N(=O)[C@@H]1[C@@H](c2ccccc2)c2c([C@@]31Nc1c(C3=O)cccc1)cccc2
NEFVON,O=N(=O)[C@H]1[C@@H](c2ccccc2)c2c([C@]31Nc1c(C3=O)cccc1)cccc2
NEFWAA,N#C[C@@]12C(=O)CCCC[C@@H]2C(=C)CC[C@H]1OC(=O)c1ccc(cc1)N(=O)=O
NEFWEE,N#C[C@@]12[C@@H](CCC[C@H]1OC(=O)c1ccc(cc1)N(=O)=O)CCC2=O
NEGQID,N#C[C@@]12C(=O)CCCC[C@@H]2C(=C)CC[C@@H]1OC(=O)c1ccc(cc1)N(=O)=O
NEGREA,N#C[C@@]12[C@@H](CCC[C@H]2OC(=O)c2ccc(cc2)N(=O)=O)CCCCC1=O
NEGRIE,N#C[C@@]12[C@@H](CCC[C@@H]2OC(=O)c2ccc(cc2)N(=O)=O)CCCCC1=O
NEGROK,N#C[C@@]12[C@H](CCC[C@H]1OC(=O)c1ccc(cc1)N(=O)=O)CCCC2=O
NEHCIQ,COC(=O)/C=C/1\C=C(OC2=C([C@H]1c1ccc(cc1)N(=O)=O)C(=O)c1c2cccc1)c1ccccc1
PAXDIF,COc1ccc(NC(C)=O)c(c1)N(=O)=O
PAYCIF,COc1cccc(c1O)/C=N/Nc1ccc(cc1)N(=O)=O
PAYDUS,Cc1ccc(c(c1O)C(=O)c1ccccc1)N(=O)=O
PESNAF01,O=N(=O)c1ccc(cc1)N1C=Nc2ccccc12
QATHIG,CC(OC(=O)[C@@H](C(=O)O)Cc1ccc(cc1)N(=O)=O)C
QIMGOI04,CCOC(=O)C1=C(C)OC(=C([C@H]1c1cccc(c1)N(=O)=O)C#N)N
RANLEB,O=N(=O)N1C=C(C=N1)N(=O)=O
RASZEU,O=N(=O)c1ccccc1N/C(=C\1/Oc2c(C1=O)cccc2)/C1=CC=CO1
RATXOD,O=N(=O)c1ccc(cc1)N1Cc2c([C@@H]1C)cccc2
RAWYOH,CC(=O)Nc1ccc(O)cc1N(=O)=O
RAXHUX,CCOC(=O)c1c(O)c2C(=NN(C)c2c(c1c1ccccc1)N(=O)=O)C
RAXJAF,CC1=NN(c2ccccc2)c2c1c(O)cc(c1ccccc1)c2N(=O)=O
RAXNOX,N#C[C@@]1(C(=O)N)[C@@H](c2ccccc2)[C@@H](C[C@@]21C(=O)Nc1c2cccc1)N(=O)=O
RAZFIL,O=N(=O)c1ccc(cc1)[C@@H]1N=N1
RAZFUX,O=N(=O)c1ccc(cc1)[C@]1(C)N=N1
RAZRAP,O=C/C(=C/c1ccc(cc1)OC)/Cc1ccc(cc1N(=O)=O)N(=O)=O
RAZRUJ,O=C1Oc2ccccc2[C@@H]2[C@H]1[C@H]2c1ccc(cc1N(=O)=O)N(=O)=O
REBNIZ,COc1cc(N(=O)=O)c2c3c1O[C@@H]1[C@@]43CCN([C@H](C2)[C@@H]4C=C[C@@H]1NC(=O)C)C
REBXEF,O=N(=O)Nc1cc(NN(=O)=O)c(cc1N(=O)=O)N(=O)=O
RECDIQ,O=C1CCC2=C1[C@H]1c3cc(ccc3N(C[C@]31[C@@H](O2)CCOC3)C)N(=O)=O
SAWHUX,O=N(=O)C1=CC=CN1
SAYFEH,NC1=NO[N+](=C1C1=NO[N+](=C1N(=O)=O)[O-])[O-]
SAZQET,COC(=O)C[C@H]([C@H]1c2ccccc2O[C@@H]1N(=O)=O)c1ccc2c(c1)cccc2
SEDTUQ15,NC(N)=C(N(=O)=O)N(=O)=O
SEDTUQ16,NC(N)=C(N(=O)=O)N(=O)=O
SEDTUQ17,NC(N)=C(N(=O)=O)N(=O)=O
SEDTUQ18,NC(N)=C(N(=O)=O)N(=O)=O
SEDTUQ19,NC(N)=C(N(=O)=O)N(=O)=O
SEDTUQ20,NC(N)=C(N(=O)=O)N(=O)=O
SEDTUQ21,NC(N)=C(N(=O)=O)N(=O)=O
SEDTUQ22,NC(N)=C(N(=O)=O)N(=O)=O
SEDTUQ23,NC(N)=C(N(=O)=O)N(=O)=O
SEDTUQ24,NC(N)=C(N(=O)=O)N(=O)=O
SEFDIU,COC(=O)CC1=C(c2ccccc2N1Cc1ccccc1)c1ccccc1N(=O)=O
TAPHAX,CN1c2ccccc2[C@@]2(C1=O)NC(=O)[C@]1([C@@H]2c2ccccc2O1)N(=O)=O
TATNBZ04,Nc1c(c(N)c(c(N)c1N(=O)=O)N(=O)=O)N(=O)=O
TATNBZ05,Nc1c(c(N)c(c(N)c1N(=O)=O)N(=O)=O)N(=O)=O
TAXWAU,O=N(=O)c1ccc(cc1)C1=NN2C(=C1)N=CC=C2c1ccc(cc1)N(c1ccccc1)c1ccccc1
TAYROE,N/C(=N\N=C\C1=CC=C(O1)N(=O)=O)/c1nccc(c1)c1ccccc1
TAYSAR,O=C(c1nccc(c1)c1ccccc1)N/N=C/C1=CC=C(O1)N(=O)=O
TEFJEX,CN1C=C[N+](=C1N(=O)=O)[O-]
TEFJIB,CN1C=CN=C1N(=O)=O
TEFQEE,CCOc1ccc(cc1)/C=C(/c1ccc(cc1)N(=O)=O)\C#N
TEFSAC,CC1=NC(=C(N2CCN(CC2)CC#C)N1Cc1ccccc1)N(=O)=O
TEGHEW,O=N(=O)c1ccccc1C(=O)/C=C/c1ccccc1
TEGLEA,CC(C)(CCC(O)=O)N(=O)=O
TEJPOR,O=N(=O)C[C@H]1CCCCC21C(=O)CCC2=O
VASTOC,O=N(=O)C[C@@H]1c2ccccc2O[C@@H](C21C(=O)c1c(C2=O)cccc1)c1ccccc1
VASVAQ,[N-]=[N+]=CC(C1=CN(c2c(N(=O)=O)cccc2)N=N1)=O
VATCOM,CC(C)(C)N1C=C(C=C1N(=O)=O)N(=O)=O
VATCUS,CC(C)(C)N1C=C(C(=C1)N(=O)=O)N(=O)=O
VATDAZ,CC(C)(C)N1C=C(C(=C1N(=O)=O)N(=O)=O)N(=O)=O
VAVBON,CCOC(=O)C1=C(c2ccc(cc2)N(=O)=O)C(=C2C=CC=NN12)N(=O)=O
VAVMUE,O=C(OC(C)(C)C)N[C@@H]([C@@H](N(=O)=O)CCc1ccccc1)CC(C)(C)C
VAVSAQ,O=C(CCN(C(=O)C(=O)N(CCC(=O)OCC(N(=O)=O)(N(=O)=O)N(=O)=O)N(=O)=O)N(=O)=O)OCC(N(=O)=O)(N(=O)=O)N(=O)=O
VAWXUQ,COc1ccc(cc1)[C@H](C1=C(C)Nc2c1cc(cc2)N(=O)=O)C
VAXTUN,O=N(=O)c1ccc2c(c1)N[C@@]13[C@@](N2)(C)Nc2c(N3C(=O)c3c1cccc3)cc(cc2)N(=O)=O
WARCOL,O=N(=O)C1=CC(=CC2=C3N(C=Cc4ccccc34)C(=C12)C#N)C#N
WAYXIH,O=N(=O)C1=CN=C2N1CCN1C(=CN=C21)N(=O)=O
WAYXON,O=N(=O)C1=CN=C2N1CCN1C2=NC(=C1N(=O)=O)N(=O)=O
WAYXON01,O=N(=O)C1=CN=C2N1CCN1C2=NC(=C1N(=O)=O)N(=O)=O
WAYXON02,O=N(=O)C1=CN=C2N1CCN1C2=NC(=C1N(=O)=O)N(=O)=O
WEBFIW,O=N(=O)C1=C(N=C2C=CC=CN12)c1ccccc1
WEBFOC,Cc1ccc(cc1)C1=C(N2C=CC(=CC2=N1)C)N(=O)=O
WIFQEI01,COc1ccc(cc1)[C@H](C1=CNc2c1cccc2)CN(=O)=O
XAXQUM,O=N(=O)c1cccc(c1)[C@H]1C(=NN([C@]21CC(=O)N(C2=O)c1ccccc1)c1ccccc1)c1ccccc1
ZAXJER,Cc1cccc2C(=O)C(=C(c3cc(c(O)c(c3)C(C)(C)C)C(C)(C)C)c12)c1ccc(cc1)N(=O)=O
ZEDBUJ,O=C(c1ccccn1)N[C@@H](c1c(cccc1c1ccc(cc1)N(=O)=O)Cc1ccc(cc1)N(=O)=O)C(=O)NC(C)(C)C
ZEFHOL,CC(=C)C[C@H]1C=CN(C=C1N(=O)=O)Cc1ccccc1
ZEFHUR,C/C=C\C[C@H]1C=CN(C=C1N(=O)=O)Cc1ccccc1
ZEFVOZ,O=C1C=CCC[C@H]1[C@H](c1ccccc1N(=O)=O)O
ZZZJPA02,O=N(=O)c1ccccc1c1ccccc1N(=O)=O
ACAFIX,O=C(N[C@]1([C@@H](N(=O)=O)C)c2ccccc2N(C1=O)Cc1ccccc1)OC(C)(C)C
ACIDAV,O=C(Oc1ccc(cc1)N(=O)=O)CC[C@@H]1CC[C@@H]2[C@H]1CC(=O)O2
ACIXOD,O=N(=O)c1ccccc1N[C@@H]([C@H]1COc2c1cccc2)C
ACOFAD,CN1CCN(CC1)C(=O)c1cc(cc(c1)N(=O)=O)N(=O)=O
ACOTUL,O=C(O[C@@H](c1ccc(cc1)N(=O)=O)C[C@@H]1C[C@H]1c1ccccc1)Nc1ccc(cc1)N(=O)=O
ADAPII,O=N(=O)c1ccc(cc1)c1ccc2ccc3cccc4ccc1c2c34
ADAPOO,O=N(=O)c1ccc(cc1)c1c2ccccc2cc2ccccc12
ADAPUU,O=N(=O)c1ccc(cc1)c1ccc2cccc3c4cccc5cccc(c45)c1c23
ADIRAK,O=N(=O)c1ccc(cc1)N[C@H]1COc2c(C1)cccc2
ADIROY,O=N(=O)c1ccccc1NC1Cc2ccccc2C1
ADUDEM,O=C(c1ccccc1)C[C@@H]1c2ccccc2C[N@@]2C[C@]1(C=CC2)N(=O)=O
ADUDIQ,O=C(c1ccccc1)C[C@@H]1c2ccccc2C[N@]2C[C@]1(N(=O)=O)C(=CC2)C
ADUDOW,O[C@H](c1ccccc1)C[C@@H]1c2ccccc2C[N@@]2C[C@]1(C=CC2)N(=O)=O
BEFMAE,C[C@H]1CC[C@]2([C@]3([C@]1(C)Cc1cc(ccc1O3)OC(=O)c1ccc(cc1)N(=O)=O)CCC=C2C)C
BEKCED,CN(C#N)N(C)C(=O)c1ccc(cc1)N(=O)=O
BEMFUY,O=C(OCc1ccncc1)c1ccc(cc1)N(=O)=O
BUKSUY01,CCOC(=O)C1=C(C)OC(=C([C@H]1c1ccccc1N(=O)=O)C#N)N
CEDKAB,O=C1N([N-]C(=C1[N+]#N)N(=O)=O)C(N(=O)=O)N(=O)=O
CEDKAB01,O=N(=O)C(N1N=C(C(=C1[O-])[N+]#N)N(=O)=O)N(=O)=O
CEHJUY,ON1N=NN=C1CN1N=NC(=N1)N(=O)=O
CELTEW,O=Cc1ccc(Oc2ccc(cc2)N(=O)=O)cc1
CEMFOT,CC1=CC(=C(N1)C(=O)c1ccccc1N(=O)=O)C
DATFOX,CC(=O)/C(=C/c1ccccc1)/N1C=C(c2c1cccc2)N(=O)=O
DAXFOB,COc1ccc2c3c1C(=O)[C@](C(N3C(=O)[C@]12C[C@@]2([C@H](C1(C)C)C[C@@H]1[N@@](C2)CCC1)N(=O)=O)(C)C)(O)CC(=O)C
DAZZIR,O=C1O[C@H](CN1c1ccc(cc1)N(=O)=O)c1ccccc1
DEDQAI,OC1=C(C=C(C2=NON=C12)N(=O)=O)N(=O)=O
DEFBAV,CCCC[C@@]([C@H](CCc1ccccc1)COC)(NC(=O)c1ccc(cc1)N(=O)=O)C
DEFLIN,CC(=O)Oc1c(cc(cc1N(=O)=O)N(=O)=O)C1=NN(C(C)=O)C(C)(C)O1
DEGSOB,COC1=C(C=C(C2=NON=C12)N(=O)=O)N(=O)=O
DEGSUH,COC1=C(C(=C(C2=NON=C12)N(=O)=O)N1CCCCC1)N(=O)=O
DEHKUA,O=C1NC(=O)N(C1)/N=C/C=C/C1=CC=C(O1)N(=O)=O
DEHKUA01,O=C1NC(=O)N(C1)/N=C/C=C/C1=CC=C(O1)N(=O)=O
DEHROB,O=N(=O)c1cccc(c1)/C=C/C1=NC=CN1c1ncccn1
DEHWEW,Cc1ccc(cc1)C(=O)Nc1c(ccc2ccc[n+]([O-])c12)N(=O)=O
DEHWIA,Cc1ccc(cc1)C(=O)Nc1ccc2cc(ccc2[n+]1[O-])N(=O)=O
DEJWOI,CCOC(=O)/C(=N\NC(=O)C1=CC=CO1)/CN(=O)=O
DEJWUO,CCOC(=O)/C(=N\Nc1ccc(cc1N(=O)=O)N(=O)=O)/CN(=O)=O
DELFEJ,O=N(=O)C1=C(N(CCN2C=NC(=C2N(=O)=O)N(=O)=O)C=N1)N(=O)=O
DENLER,OC(=O)[C@]1(C)CO[C@@H](OC1)c1cc(ccc1O)N(=O)=O
FECLOS,O=C/C(=C/N(C)C)/c1ccccc1N(=O)=O
HAZNEF,C=C(COc1ccc(cc1)N(=O)=O)CN1N=C(c2ccccc2)C(=C(C#N)C1=O)c1ccccc1
HEBCAW,COc1ccc(cc1)[C@@H]1[C@@H](C2=C(N(=O)=O)C(=NO2)C)[C@@H]2[N@@]([C@@]31C(=O)N(c1c3cccc1)Cc1ccccc1)CCc1c2cccc1
HEBGUU,O=C(c1cccnc1)N/N=C/c1cc(ccc1O)N(=O)=O
HEBKAE,COc1cc(cc(c1O)N(=O)=O)C(C1=C(O)CC(C)(C)CC1=O)C1=C(O)CC(C)(C)CC1=O
HEGHIO,C/C(=N\N=C\c1ccccc1N(=O)=O)/C(=N/N=C/c1ccccc1N(=O)=O)/C
HELLET,Oc1ccc(cc1[C@@H]1Nc2ccccc2C2=Nc3c(N12)cccc3)N(=O)=O
IRODID01,CC1(C)CC(=C(C(c2ccc(cc2)N(=O)=O)C2=C(O)CC(C)(C)CC2=O)C(=O)C1)O
JAWDUK,[NH2+]=C1C=C(C=CN1[O-])N(=O)=O
JEPQEE,OC(=O)CCN1C=CC(=N1)N(=O)=O
JEPQII,O=N(=O)C1=NN(CCC#N)C=C1
JEPQOO,O=N(=O)C1=NN(CCC#C)C=C1
JEPROP,CN(C)C(=O)CCN1C=CC(=N1)N(=O)=O
KAVFUI02,O=N(=O)N1C=NC(=C1)N(=O)=O
KAXBAQ,CC1=C(N=CN1N(=O)=O)N(=O)=O
LIXDAY09,CC1=NC(=CN1c1ccccc1N)N(=O)=O
LIXDAY10,CC1=NC(=CN1c1ccccc1N)N(=O)=O
LIXDAY11,CC1=NC(=CN1c1ccccc1N)N(=O)=O
LIXDAY12,CC1=NC(=CN1c1ccccc1N)N(=O)=O
LIXDAY13,CC1=NC(=CN1c1ccccc1N)N(=O)=O
LIXDAY14,CC1=NC(=CN1c1ccccc1N)N(=O)=O
LIXDAY15,CC1=NC(=CN1c1ccccc1N)N(=O)=O
LIXDAY16,CC1=NC(=CN1c1ccccc1N)N(=O)=O
LIXDAY17,CC1=NC(=CN1c1ccccc1N)N(=O)=O
LIXDAY18,CC1=NC(=CN1c1ccccc1N)N(=O)=O
LIXDAY19,CC1=NC(=CN1c1ccccc1N)N(=O)=O
LIXDAY20,CC1=NC(=CN1c1ccccc1N)N(=O)=O
LIXDAY21,CC1=NC(=CN1c1ccccc1N)N(=O)=O
LIXDAY22,CC1=NC(=CN1c1ccccc1N)N(=O)=O
LIXDAY23,CC1=NC(=CN1c1ccccc1N)N(=O)=O
LIXDAY24,CC1=NC(=CN1c1ccccc1N)N(=O)=O
MAYQAI,O=N(=O)c1cc2N=C(CC(=Nc2cc1N(=O)=O)C1=CC=CN1)C1=CC=CN1
MEDBUW,CCOC(=O)C1(N[C@H]([C@H](C1)c1ccccc1O)c1ccc(cn1)N(=O)=O)C(=O)OCC
MEDFOU,O=N(=O)c1cc(cc(c1)N1c2ccccc2c2ccccc12)N1c2ccccc2c2ccccc12
PEBQEW,NC1=NN2C(=C(C(=NC2=C1N(=O)=O)N)N(=O)=O)N
PEBTAV,O=C(N[C@H](C(=O)O)Cc1ccc(cc1)N(=O)=O)OCC1c2ccccc2-c2c1cccc2
PEGFIU,OC1=C(C(=O)c2ccccc2)[C@@H]2[C@@]([C@@H](C1)c1ccccc1)(N(=O)=O)[C@H](Oc1c2cccc1)c1ccccc1
PEGKIZ,CC(=O)CN1N=C(C(=C1N(=O)=O)N)N(=O)=O
PEGKUL,N#[N+][C-]1C(N(=O)=O)=N[N+](C(N(=O)=O)(N(=O)=O)N(=O)=O)=C1[O-]
PEHKOG,C#CC1=C(C)CC[C@@H](C1)COC(=O)c1ccc(cc1)N(=O)=O
PEJTEH,CC1(C)CCc2c(O1)c1ccccc1c1N3C(=Nc21)c1ccc(cc1C(=C3c1ccccc1)c1ccccc1)N(=O)=O
PELNIH,O=C(Nc1cccc2cccc(OCCNc3ccccc3N(=O)=O)c12)c1ccccn1
QECHEP,CCCCOc1ccc(cc1)N(=O)=O
QEFMAT,O=C(c1ccc(cc1)N(=O)=O)O[C@@]1(O[C@@]2([C@H](C1=O)C(=C(C2=O)c1ccccc1)c1ccccc1)Cc1ccccc1)c1ccccc1
QEGJUL,CC1=Cc2ccccc2N(C1)C(=O)c1ccc(cc1)N(=O)=O
QEGKEW,COC(=O)c1ccc2N(CC=Cc2c1)C(=O)c1ccc(cc1)N(=O)=O
QEJXEM,O=C1N(CC[C@@]1(C)/C=N/Nc1ccc(cc1N(=O)=O)N(=O)=O)c1ccccc1
QOYJOD10,O=C1NN=C(N1)N(=O)=O
QOYJOD11,O=C1NN=C(N1)N(=O)=O
QOYJOD12,O=C1NN=C(N1)N(=O)=O
QOYJOD13,O=C1NN=C(N1)N(=O)=O
REJVIP,O=N(=O)c1cccc2ccc(nc12)C1CCCCC1
REKGUN,COc1ccc(cc1)[C@@H]1[C@@H](OC(=O)C)[C@H](CN1C(=O)OCc1ccc(cc1)N(=O)=O)OC(=O)C
REKRIM,COc1cc(/C=C/c2ccc(cc2)N(=O)=O)c(cc1/C=C/c1ccc(cc1)N(=O)=O)OC
REKZAM,CCCCNc1cc(ccc1N(=O)=O)N1CCN(CC1)c1ccc(c(NCCCC)c1)N(=O)=O
RELPIL,CC(=O)c1ccccc1OC(=O)c1ccccc1N(=O)=O
RELSIO,CCOC(=O)[C@@]12CCC[C@H](/C/2=N\Nc2ccc(cc2N(=O)=O)N(=O)=O)CN(C1)CC
RELSOU,CCN1C[C@H]2C[C@@H](C[C@@](C1)(/C/2=N/Nc1ccc(cc1N(=O)=O)N(=O)=O)C(=O)OC)C
RELTAH,CCN1C[C@H]2CCCC[C@@](C1)(/C/2=N/Nc1ccc(cc1N(=O)=O)N(=O)=O)C(=O)OC
RUFDAY01,CCCCCCCCCCOc1ccc(cc1)N(=O)=O
RUFDAY02,CCCCCCCCCCOc1ccc(cc1)N(=O)=O
SEDTUQ25,NC(N)=C(N(=O)=O)N(=O)=O
SEDTUQ26,NC(N)=C(N(=O)=O)N(=O)=O
SEDTUQ27,NC(N)=C(N(=O)=O)N(=O)=O
SEDTUQ28,NC(N)=C(N(=O)=O)N(=O)=O
SEDTUQ29,NC(N)=C(N(=O)=O)N(=O)=O
SEDTUQ30,NC(N)=C(N(=O)=O)N(=O)=O
SEHJIC,N#C[C@@]1(C=C([C@]2([C@@H]1c1ccccc1C2=C)N(=O)=O)c1ccccc1)C(=O)N
SEJNUU,O=C([C@@H]1[C@H](O[C@H]([C@]([C@H]1C1=CC=CO1)(C)N(=O)=O)/C=C/c1ccccc1)c1ccccc1)N1CCOCC1
SEJPAC,O=C([C@H]1[C@H](C2=CC=CO2)[C@@](C)(N(=O)=O)[C@@H](O[C@]1(O)c1ccccc1)/C=C/c1ccccc1)N1CCOCC1
SEJVOW,O=C1OC(=C(c2ccccc2)c2cc(ccc12)N(=O)=O)c1ccccc1
SEJWAJ,O=N(=O)c1ccc(cc1)/C=C/C[C@]1(C)COc2c1cccc2
SELYAN,CCCOc1cc(OC)ccc1C(=O)Oc1ccc(cc1)C(=O)Oc1ccc(cc1)N(=O)=O
SELYER,CCCCOc1cc(OC)ccc1C(=O)Oc1ccc(cc1)C(=O)Oc1ccc(cc1)N(=O)=O
SENTEO,CC(C)(C)OC(=O)N1CCN(CC1)C1=CC=C(C2=NON=C12)N(=O)=O
SENTEO01,CC(C)(C)OC(=O)N1CCN(CC1)C1=CC=C(C2=NON=C12)N(=O)=O
SENXOC,O=C1[C@@H](Cc2ccc(cc2)N(=O)=O)[C@@H]2CCCCCN2c2c1cccc2
SEPPIQ,CC[C@@]12C(=O)N(C(=O)[C@@]2(O)Oc2c([C@@H]1CN(=O)=O)cccc2)c1ccc(cc1)C
TODCEW01,O=N(=O)c1ccc(C#N)c(c1)C#N
VEDKOI,COC(=O)[C@@H]1CC[C@@H]([C@@]21Oc1c(C2=O)cc(cc1)OCc1ccccc1)C/C=N/Nc1ccc(cc1N(=O)=O)N(=O)=O
VEDXEL,O=C(CN(CC(=O)OCC(N(=O)=O)(N(=O)=O)N(=O)=O)N(=O)=O)OCC(N(=O)=O)(N(=O)=O)N(=O)=O
VEGMAZ,O=C1OCCN1/N=C/C1=CC=C(O1)N(=O)=O
WEDROQ,N#CC1(C#N)C[C@H]2[C@@]([C@H]1c1ccccc1N(=O)=O)(CC=C2C(=O)OCc1ccccc1)C(=O)OCc1ccccc1
WEHHOK,CCOC(=O)C1(C(=O)OCC)[C@H]([C@]1(C#N)C(=O)OCC)c1ccc(cc1)N(=O)=O
WEHJEC,O/N=C/C(=O)c1ccc(cc1)N(=O)=O
WEJMEH,CCN1[C@H](c2ccc(cc2)C)[C@@H](C(=O)OC)c2c(C1=O)cc(cc2)N(=O)=O
WEJMOR,CCCN1C(=O)c2cc(ccc2[C@@]([C@H]1c1cccc(c1)N(=O)=O)(O)C(=O)OC)N(=O)=O
WEKFUR,COC(=O)[C@@H]([C@@H](N(=O)=O)CC(=O)OC)c1ccccc1
WIQDIJ02,O=N(=O)c1ccc(CC#N)cc1
XAYGOX,O=N(=O)c1cc(/N=C/C2=NC=CN2)ccc1O
XEFSUA,C=C[C@@H]1CC[C@@H]2[C@H]1C(=C)C=C/C/2=N/Nc1ccc(cc1N(=O)=O)N(=O)=O
XEFTAH,C=C[C@@H]1CC[C@@H]2[C@H]1C(=C)C=C/C/2=N\Nc1ccc(cc1N(=O)=O)N(=O)=O
XELGAA,COc1c(OC)cc(cc1OC)[C@@H](C1(CCC1)N(=O)=O)ON(=O)=O
XELGEE,OC(c1ccccc1)(c1ccccc1)C1(CC1)N(=O)=O
YANKOR,Nc1c(cc(cc1c1ccccc1)N(=O)=O)c1ccccc1
YAZTAY,O=N(=O)C1(CN(CN2CC(C2)(N(=O)=O)N(=O)=O)C1)N(=O)=O
YECBUH,CC(C)C1=CC2=CC(=O)OC2=C(C=C1)c1ccc(cc1)N(=O)=O
YEGLIJ,NC1=C(N=NC2=NC=NN12)N(=O)=O
YEGLIJ01,NC1=C(N=NC2=NC=NN12)N(=O)=O
YEJBUO,CNc1cc(c(C)c[n+]1[O-])N(=O)=O
YEKCOK,O=C1NC=C(C(=O)N1)[C@H](c1ccc(cc1)N(=O)=O)O
ZEFQIO,OC[C@H]([C@H](COC(=O)c1ccc(cc1)N(=O)=O)O)O
ZEGPIO,O=N(=O)[C@H](Cc1cc(OCc2ccccc2)ccc1OCc1ccccc1)O
FEMREY,NC1=N[N+](=NC2=C(C(=NN12)N(=O)=O)N(=O)=O)[O-]
FENRUP,CO[C@H]1CC(=O)C[C@H]2[C@]1(N(=O)=O)c1cccnc1C(=C2)C
FEQCOX,O=N(=O)CN1C=NN=N1
FEQCUD,O=N(=O)CN1N=CN=N1
FERHOD,C#CCOc1ccc(cc1)C(=O)/C=C/c1cccc(c1)N(=O)=O
FESFES,CCNc1cc(cc(C)[n+]1[O-])N(=O)=O
FEVMOM,CN1C=NC(=C1)N(C)C(=O)c1ccc(cc1N(=O)=O)N(=O)=O
FEVMUS,CN1C=NC(=C1)N(C)C(=O)c1cc(cc(c1)N(=O)=O)N(=O)=O
FEVVEL,CN1C=C(N=C1C(N)=O)N(C)C(=O)c1ccc(cc1)N(=O)=O
FUGREE01,O=N(=O)c1ccc(cc1)[C@@H]1[C@H](O[C@@H]2[N@]1CCC2)c1ccc(cc1)N(=O)=O
GEJLOA,CON1C(=O)C[C@H]([C@]2([C@@H]1c1ccccc1O2)N(=O)=O)c1ccccc1
GEPJAQ,CCOC(=O)[C@@H]1[C@H](OC2=C1C(=O)Oc1c2cccc1)N(=O)=O
GEQWOS,CCCCCCCCOc1cc(c(OCCCCCCCC)cc1c1ccc(cc1)N(=O)=O)c1ccc(cc1)N(=O)=O
GERYOV,O=C1CCC/C=C/CCCC(=O)OCc2c(c(CO1)ccc2)N(=O)=O
GERYUB,O=C1CC/C=C/CCC(=O)OCc2c(c(CO1)ccc2)N(=O)=O
GERZAI,O=C1CC/C=C/CCC(=O)OCc2c(CO1)c(ccc2)N(=O)=O
GERZEM,O=C1CCC/C=C/CCCC(=O)OCc2c(CO1)c(ccc2)N(=O)=O
GERZOW,O=C1CCC/C=C/CCCC(=O)OCc2ccc(CO1)cc2N(=O)=O
HETJOJ,CCN(C(=O)/C(=C\c1cc(O)c(c(c1)N(=O)=O)O)/C#N)CC
JEKZOR01,Cc1c(c(O)c(c(O)c1N(=O)=O)N(=O)=O)N(=O)=O
KEKMIA,CN(/N=C/1\[C@@H](c2ccc(cc2)N(=O)=O)[C@@H]2C([C@@]1(C)CC2)(C)C)C
KEKTUT,COc1ccc(cc1OC)/C=N/Nc1ccc(cc1N(=O)=O)N(=O)=O
KEMMUO,CCN(CC)c1ccc2C=C(C(=O)Oc2c1)c1ccc(cc1)N(=O)=O
KEPQEF,O=N(=O)C(C1=NC(=NO1)C1=NON=C1/N=N/C1=NON=C1C1=NOC(=N1)C(N(=O)=O)(N(=O)=O)N(=O)=O)(N(=O)=O)N(=O)=O
KEPRUW,NC1=NN(CN2N=C(C(=C2N(=O)=O)N)N(=O)=O)N=C1N(=O)=O
KEPSAD,NC1=C(N=NN1CN1N=C(C(=C1N(=O)=O)N)N(=O)=O)N(=O)=O
KEPSAD01,NC1=C(N=NN1CN1N=C(C(=C1N(=O)=O)N)N(=O)=O)N(=O)=O
KEQBAN,CC1=NN(C(=O)/C/1=C(/Cc1ccccc1)\NNc1ccc(cc1)N(=O)=O)c1ccccc1
KERXUE,O=C(c1cc(cc(c1)N(=O)=O)N(=O)=O)OCC[C@H]1O[C@H](CC1(C)C)c1ccccc1
LEDXAX,COC(=O)/C(=C(\c1ccc(cc1)N(=O)=O)/C1=CC=C(N1)c1ccccc1)/OC(=O)OC
LEJHUH,CC(=O)C[C@H](c1ccc(cc1)N(=O)=O)O
LEKTII,CN1C=NC(=C1)N(C)C(=O)c1cccc(c1)N(=O)=O
LELGOC,CCOC(=O)[C@H]1O[C@@]2(O)CCCC[C@@H]2[C@H]([C@H]1N(=O)=O)c1ccccc1
LELMAU,CC[C@H]1O[C@@H](CCOC(c2ccc(N(=O)=O)cc2)=O)[C@@H](OC(c3ccc(N(=O)=O)cc3)=O)C1
LELMUO,O=C1C[C@](N1Cc1ccccc1N(=O)=O)(C(=O)NC1CCCCC1)C(=O)c1ccccc1
LEMDOA,O=N(=O)C1=NNC(=C1)C1=NC(=NO1)C1=NON=C1N(=O)=O
LEMDUG,O=N(=O)C1=CNN=C1C1=NC(=NO1)C1=NON=C1N(=O)=O
LEMNUQ,O=N(=O)C1=NNC(=C1N(=O)=O)C1=N[N-]C(=N1)[N+]#N
LEQJAW,O=N(=O)c1cc(cc(c1)N(=O)=O)C1=NN=C(O1)[C@]12C[C@H]3C[C@@H](C2)C[C@@H](C1)C3
LEQSIN,O=C1C(=COc2ccccc12)C(CN(=O)=O)CN(=O)=O
LETQAG,CC1=CN2C(=Nc3c2nccc3N(=O)=O)C=C1
LEVYEU,O[C@@H](c1ccc(cc1)N(=O)=O)C1=CN(C=C1)c1ccccc1
NBZOAO07,OC(=O)c1ccccc1N(=O)=O
NELFET,COc1ccc(cc1)N1C(=O)[C@@H]2[C@H](C1=O)[C@]1(/C=C/N(=O)=O)c3c([C@H]2c2c1cccc2)cccc3
NELFIX,COc1cc(OC)cc(c1)N1C(=O)[C@@H]2[C@H](C1=O)[C@]1(/C=C/N(=O)=O)c3c([C@H]2c2c1cccc2)cccc3
NELGAQ,N#C[C@@H]1C[C@@H]2c3c([C@@]1(/C=C/N(=O)=O)c1c2cccc1)cccc3
NELGEU,O=N(=O)/C=C/[C@]12c3ccccc3[C@H](c3c1cccc3)c1c2cccc1
NEQJIG,CC/C(=C\c1cccc(c1)O)/N(=O)=O
NERBIZ,O=C(C(C)C)O/C(=C(/c1ccccc1N(=O)=O)\C)/c1ccc(cc1)C
NEVDAX,Cc1cc(O)cc(OCC(=O)Nc2ccc(cc2)N(=O)=O)c1
QENNUW,CC1=C(C(=NN1)C)c1ccc(cc1)N(=O)=O
QEPDIC,CCCCC1=CC2=Nc3ccc(cc3N2C(=O)O1)N(=O)=O
ROLBAV01,O=N(=O)c1ccnc(c1)c1cc(ccn1)N(=O)=O
TEKTAI,O=C(N1CCN(CC1)c1ccc(cc1)N(=O)=O)c1ccccc1
TEPMUA,CCN1C(=O)C(=Nc2ccc(cc12)N(=O)=O)C1(CCCCC1)OC(C)=O
TEPPOX,O=C(C1=Nc2c(C(=O)N1)cccc2)/C=C/c1ccc(cc1)N(=O)=O
TERMOW,COc1ccccc1[C@]1(C=C)CO[C@@H]([C@@]1(C)N(=O)=O)c1ccccc1
TESZOK,O=C(c1cc(cc(c1)N(=O)=O)N(=O)=O)N1C[C@@H]2[C@H](C1)N(CC2)C(=O)OC(C)(C)C
VACTOL01,Oc1ccc2C=C(C(=O)Oc2c1)c1ccc(cc1)N(=O)=O
WEKZIZ,O[C@H](c1ccc(cc1)N(=O)=O)C1=CN(C=C1)c1ccccc1
WEQGIM,O=C(C1=C(C)N(N=N1)c1ccc(cc1)N(=O)=O)/C=C/c1ccc2c(c1)cccc2
WEWCUA,CCCCN1CCNc2ccc(cc2Cc2ccccc2C1=O)N(=O)=O
XEPGIM,C[C@@H](OC(=O)c1ccc(cc1)N(=O)=O)COC[C@H](OC(=O)c1ccc(cc1)N(=O)=O)C
XEPGOS,C[C@@H](OC(=O)c1ccc(cc1)N(=O)=O)COC(=O)c1ccc(cc1)N(=O)=O
XEPKEM,O=N(=O)[C@@H]1[C@@H](c2ccccc2)[C@@H]2CCCC[C@]2(C2([C@H]1c1ccccc1)C(=O)c1c(C2=O)cccc1)O
XEPKIQ,O=C1C[C@H](Nc2c1cccc2)c1ccc(cc1)N(=O)=O
XERWIE,O=[N+]1ON=C(C1=C([O-])N1CC(C1)(N(=O)=O)N(=O)=O)N(=O)=O
XERWOK,O=N(=O)C1(CN(C1)CC(N(=O)=O)(N(=O)=O)N(=O)=O)N(=O)=O
XERXUR,O=N(=O)c1cc(cc(c1)N(=O)=O)[C@]12c3ccccc3[C@H](c3c1cccc3)c1c2cccc1
GANXOM,[N-]=[N+]=N/C(C(C)=O)=N\NC1=NO[N+]([O-])=C1C2=CC=C(C)C=C2
HATJEV,[N-]=[N+]=N[C@@]1(Cc2c(C1=O)cccc2)C(=O)OC
JAPNIB,[N-]=[N+]=NC1=NON=C1NCNC1=NON=C1N=[N+]=[N-]
JAPNUN,O=N(=O)N(CN(C1=NON=C1N=[N+]=[N-])N(=O)=O)C1=NON=C1N=[N+]=[N-]
KAWJUR,[N-]=[N+]=N[C@@H]1C=C(O[C@H]([C@@H]1NC(=O)C)[C@@H]([C@H]1COC(O1)(C)C)OC)C(=O)OC
LAQLUO,Cc1cc(N=[N+]=[N-])c2N=NN(Cc3ccccc3)c2c1
TARHIH,COc1ccc(NC(=O)CN=[N+]=[N-])cc1
ZALVER,[N-]=[N+]=N[C@@]1(Cc2ccccc2)C(=O)O[C@H]2[C@@H]1C[C@H]1C(=C)CCC[C@@]1(C2)C
ABAQIG,[N-]=[N+]=N[C@H]1[C@@H]2OC[C@@H](O2)[C@H]2[C@@H]1O[C@@](O2)(OC)c1ccccc1
ABEPED,[N-]=[N+]=N[C@H]([C@@H]1O[C@H]([C@H]1O)C(=O)OC)C
ABOPEQ,[N-]=[N+]=N[C@@H]1C[C@H](N=[N+]=[N-])[C@H]([C@@H]([C@H]1OC(=O)C)OC(=O)C)O
ACETAE,[N-]=[N+]=N[C@@H]1O[C@H](COC(=O)C)[C@H]([C@@H]([C@H]1OC(=O)C)OC(=O)C)OC(=O)C
ACETAE02,[N-]=[N+]=N[C@@H]1O[C@H](COC(=O)C)[C@H]([C@@H]([C@H]1OC(=O)C)OC(=O)C)OC(=O)C
ACETAE03,[N-]=[N+]=N[C@@H]1O[C@H](COC(=O)C)[C@H]([C@@H]([C@H]1OC(=O)C)OC(=O)C)OC(=O)C
ACXPAD,C(C)(=O)O[C@@H]1[C@@H](OC[C@H]([C@H]1OC(C)=O)OC(C)=O)N=[N+]=[N-]
ACXPAZ,C(C)(=O)O[C@H]1[C@@H](OC[C@H]([C@@H]1OC(C)=O)OC(C)=O)N=[N+]=[N-]
ADEROR,[N-]=[N+]=N[C@@H]1CN([C@@H](C1)[C@H]1COC(O1)(C)C)Cc1ccccc1
AHATAH,[N-]=[N+]=N[C@@H]1C[C@H]2[C@@H]3CCC(=O)[C@@]3(C)CC[C@@H]2[C@@]2([C@]1(N=[N+]=[N-])C[C@H](CC2)OC(=O)C)C
AHIHOQ,[N-]=[N+]=NC[C@]1(O)[C@H]2OC(O[C@H]2O[C@@H]1C(=O)N1CCCC1)(C)C
AHUZUZ,[N-]=[N+]=N[C@H]1[C@@H]2OC[C@@H](O2)[C@H]([C@@H]1O)OCc1ccccc1
AJABET,[N-]=[N+]=N[C@@H]1O[C@H](COC(=O)C)[C@H]([C@@H]([C@H]1N1C(=O)C(=C(C1=O)C)C)OC(=O)C)OC(=O)C
AJAPOR,NC1=NN=NN1CCN=[N+]=[N-]
AJAPOR01,NC1=NN=NN1CCN=[N+]=[N-]
AJAROT,[N-]=[N+]=NCCN1N=NN/C/1=N\N(=O)=O
AJOJEQ,Cc1cc2ccccc2[n+]([O-])c1N=[N+]=[N-]
AJUCOY,CCOC(=O)[C@H]([C@@H]1CC[C@H](N1Cc1ccccc1)C(=O)OC(C)(C)C)N=[N+]=[N-]
AKAWOB,O=C(NN(=O)=O)N=[N+]=[N-]
ALUNIF,OC[C@H]1O[C@H](ON2C(=O)c3c(C2=O)cccc3)[C@@H]([C@@H]2[C@H]1OC(O2)(C)C)N=[N+]=[N-]
ALUNOL,OC[C@H]1O[C@H](ON2C(=O)c3c(C2=O)cccc3)[C@@H]([C@H]([C@H]1O)O)N=[N+]=[N-]
AMUSUZ,[N-]=[N+]=NC1=C2CCCC[C@H]2O[C@@]2(C1)C(=O)Nc1c2cc(OC)cc1
APOBIT,O=C(NCCOc1cccc2OC3=CN(CCN=[N+]=[N-])C(=O)N=C3Nc12)OCc1ccccc1
AQOGIW,[N-]=[N+]=N[C@H]1[C@H](O[C@@H]2[C@@H]3CO[C@H]([C@H](OC(c4ccccc4)=O)[C@H]2OCc5ccccc5)O3)O[C@H](COC(c6ccccc6)=O)[C@@H](OCc7cc8ccccc8cc7)[C@@H]1OCc9ccccc9
AQOSEH,[N-]=[N+]=NC1=Nc2ccccc2N1
ARAPIU,CCOC(=O)c1ccccc1NC(=O)N=[N+]=[N-]
ASEDIO,O=C(CN=[N+]=[N-])Nc1ccccc1
ASIYAD,[N-]=[N+]=N[C@H]1[C@@H]2OC(=O)[C@H]([C@@H]1O)CCC[C@@H]1[C@H]2OC(O1)(C)C
ASIYEH,N(=[N+]=[N-])[C@@H]1[C@H]2OC([C@@H](CCC[C@@H]3[C@H]1OC(O3)(C)C)[C@@H]2O)=O
ATOTAE,[N-]=[N+]=N[C@@H]1O[C@@H]([C@H]([C@@H]([C@H]1OC(=O)C)OC(=O)C)OC(=O)C)C(=O)N(c1ccc(cc1)N(C(=O)[C@H]1O[C@@H](N=[N+]=[N-])[C@@H]([C@H]([C@@H]1OC(=O)C)OC(=O)C)OC(=O)C)C)C
ATUMAD,O=C(c1ccc(cc1)N(=O)=O)OC[C@H]([C@H]1COC(=N1)c1ccccc1)N=[N+]=[N-]
AVEWOQ,O=C(NC(=O)N=[N+]=[N-])OC1COC1
AVEWUW,O=C(N=[N+]=[N-])C(=O)N=[N+]=[N-]
AVEXAD,NC(=O)N=[N+]=[N-]
AVEXIL,O=C(NNC(=O)N=[N+]=[N-])N=[N+]=[N-]
AWAKIT,O=C(N=[N+]=[N-])N=[N+]=[N-]
AWOFEA,N#Cc1cnc2cc(ccc2c1)N=[N+]=[N-]
AWOFIE,N#Cc1cc2cccnc2cc1N=[N+]=[N-]
AWOMEE,[N-]=[N+]=N[C@H]1[C@H](O)O[C@@H]([C@H]([C@@H]1OC(=O)c1ccccc1)OCc1ccccc1)COC(=O)c1ccccc1
AWUTOC,CO[C@H]1O[C@H](CN=[N+]=[N-])[C@@H]([C@@H]([C@H]1O)O)O
AXETEE02,[N-]=[N+]=NC[C@]1(c2ccccc2)c2ccccc2C2=C(N=NN12)c1ccccc1
AZIDCH,O=C(c1ccccc1)C(=Cc1ccccc1)N=[N+]=[N-]
BABHUH,[N-]=[N+]=N[C@H]1[C@H](O[C@@H]([C@H]([C@@H]1OCc1ccccc1)OCc1ccccc1)COC(=O)C)O[C@H]1O[C@H](COC(=O)C)[C@H]([C@@H]([C@@H]1OC(=O)C)OC(=O)C)OC(=O)C
BABWEK,[N-]=[N+]=Nc1ccc(cc1)C(=O)/C=C/C1=C(Oc2ccccc2C)N(N=C1C)c1ccccc1
BARQAM,[N-]=[N+]=NC[C@@H](CO[C@@H]1O[C@H](COC(=O)C)[C@H]([C@@H]([C@H]1OC(=O)C)OC(=O)C)OC(=O)C)N=[N+]=[N-]
BAWWEC,[N-]=[N+]=NCCC[C@@H](CNC(OCc1ccccc1)=O)C(N2C(OC(c3ccccc3)(c4ccccc4)[C@H]2C(C)C)=O)=O
BAWWIG,[N-]=[N+]=NCCCC[C@H](C(=O)N1C(=O)OC([C@H]1C(C)C)(c1ccccc1)c1ccccc1)CNC(=O)OCc1ccccc1
BEBPIJ,[N-]=[N+]=NCC(Nc1ccc(O[C@@H]2O[C@@H]([C@H](OC(C)=O)[C@H](OC(C)=O)[C@H]2OC(C)=O)COC(C)=O)cc1)=O
BEQGAI,C#CCO[C@@H]1[C@@H](CN=[N+]=[N-])O[C@H]2[C@@H]1OC(O2)(C)C
BEVDAI,[N-]=[N+]=NC1=NC2=NC(N=[N+]=[N-])=NC3=NC(N=[N+]=[N-])=NC(N23)=N1
BIBVAK,CC1=C(N=[N+]=[N-])C2=NN=NN2N=C1N=[N+]=[N-]
BIBVEO,CC1=C(N)C2=NN=NN2N=C1N=[N+]=[N-]
BICWES,COC(=O)C(=[N+]=[N-])C(=O)c1cccc(C)c1N=[N+]=[N-]
BIDSAK,[N-]=[N+]=N[C@@]([C@H]1O[C@@H]([C@H]([C@H]1O)O)OCc1ccccc1)(COCc1ccccc1)CO
BINGOX,[N-]=[N+]=N[C@@H]1[C@@H](O)[C@@H]2OC(O[C@@H]2[C@H]([C@H]1O)O)(C)C
BINGUD,[N-]=[N+]=N[C@H]1[C@@H](O)[C@@H]2OC(O[C@@H]2[C@H]([C@H]1O)O)(C)C
BIQXAC,N#Cc1cccc(OCCN=[N+]=[N-])c1C#N
BOKSIE,[N-]=[N+]=N[C@@H]([C@H]([C@H]1O[C@H]([C@H]2[C@]1(O)[C@@H](O)CO2)OC)O)C(=O)OC
BOTWAJ,[N-]=[N+]=NC(N=[N+]=[N-])c1cc(C(N=[N+]=[N-])N=[N+]=[N-])c(cc1C(N=[N+]=[N-])N=[N+]=[N-])C(N=[N+]=[N-])N=[N+]=[N-]
BUBVUS,[N-]=[N+]=N[C@H]1CN(CC[C@]1(O)C=C)C(=O)OC(C)(C)C
CADYIT,O=C1c2ccccc2C(=O)C1(N=[N+]=[N-])c1ccccc1
CAJHAZ,[N-]=[N+]=Nc1c2CCN([C@H](c2c(c2c1OCO2)OC)[C@H]1OC(=O)c2c1ccc(c2OC)OC)C
CAKPUA,O=C([C@]1(C)C[C@@](C)(C[C@](C1)(C)C(=O)N=[N+]=[N-])C(=O)N=[N+]=[N-])N=[N+]=[N-]
CAMNAH,CC(C)c1cc(cc(C(C)C)c1N1N=NC2=C1c1ccccc1CCc1ccccc21)N=[N+]=[N-]
CEXMAV,[N-]=[N+]=N[C@H]1CCCC[C@H]1NC(=O)OC(C)(C)C
CIBFAW,[N-]=[N+]=N[C@]1(C)C(=O)[C@H]([C@@H]([C@H]1c1ccccc1)c1ccccc1)C
CIGQOZ,CCO[C@H]1O[C@H](CO)[C@H]([C@@H](C1)N=[N+]=[N-])O
CIKWOJ,CCO[C@@H]1O[C@H](CO)[C@H]([C@@H](C1)N=[N+]=[N-])O
COBBUS,[N-]=[N+]=N[C@H]1C=C(COC(=O)C)[C@H]([C@@H]([C@H]1OC(=O)C)OC(=O)C)OC(=O)C
COHLUI,COC1=NC=C(CCN=[N+]=[N-])C(=O)N1
CONDEO,[N-]=[N+]=N[C@@H]1O[C@]2(O[C@@H]1[C@@H](OC(=O)C)[C@@H]([C@@H]2OC(=O)C)OC(=O)C)C
COQSUX,[N-]=[N+]=NC[C@@]1(NC(=O)[C@H](C1)OC(=O)C)C(=O)N1C=Cc2c1cccc2
COVSEM,[N-]=[N+]=NC1=NN=CN1/N=N/N1C(=NN=C1N=[N+]=[N-])N=[N+]=[N-]
COYBEA,[N-]=[N+]=N[C@]1(CCCC[C@@H]1O)[C@H](c1ccc(cc1)OC)NC(=O)OC(C)(C)C
CUGKEV,CC[C@H]1OC(=O)[C@H](C)C(=O)[C@H](C)[C@@H](O)[C@](C[C@H](C(=O)[C@@H]([C@@H]2[C@]1(C)OC(=O)N2CCCCN=[N+]=[N-])C)C)(C)OC
CUNHEB,CC(C)COc1c(OCC(C)C)c2C=CC3=NN=NN3c2c2nc(ccc12)N=[N+]=[N-]
CURTAN,[N-]=[N+]=NCN1[C@@H]2N(N(=O)=O)[C@H]3N([C@@H]2N([C@H]2[C@@H]1N(N(=O)=O)[C@@H]3N2N(=O)=O)CN=[N+]=[N-])N(=O)=O
CURTER,[N-]=[N+]=NCN1[C@@H]2N(N(=O)=O)[C@H]3N([C@@H]2N([C@H]2[C@@H]1N(N(=O)=O)[C@@H]3N2N(=O)=O)N(=O)=O)N(=O)=O
CUVROD,C#CCNC(=O)[C@H]([C@H](CC)C)NC(=O)[C@H](CC(C)C)N=[N+]=[N-]
CUVROD01,C#CCNC(=O)[C@H]([C@H](CC)C)NC(=O)[C@H](CC(C)C)N=[N+]=[N-]
CYNURZ02,[N-]=[N+]=Nc1nc(N=[N+]=[N-])nc(N=[N+]=[N-])n1
DACLOL,[N-]=[N+]=N[C@H]1[C@H]2COC(=O)[C@@H]2[C@H](c2c1cc1OCOc1c2)c1ccc2c(c1)OCO2
DAFGAW,[O-][N+]1=C(C2=NOC(/N=N/C3=NC(C4=[N+](ON=C4N=[N+]=[N-])[O-])=NO3)=N2)C(N=[N+]=[N-])=NO1
DAFGEA,NC1=NC(=NO1)C1=[N+]([O-])ON=C1N=[N+]=[N-]
DAGPAE,[N-]=[N+]=N[C@H]1CN2[C@@H](C1)C(=O)N1[C@H](C2=O)C[C@H](C1)N=[N+]=[N-]
DAJBUO,C#CCNC(=O)[C@H](C(C)C)NC(=O)[C@@H](N=[N+]=[N-])C
DAKXAP,CC1=NN(C(=C1)C)c1ccccc1N=[N+]=[N-]
DALBAW,COCO[C@@H]([C@]12C[C@@H]3C[C@H]4[C@@]2(CC[C@H]2[C@]1(OC(=O)O2)C4)C1(C3)OCCO1)CCN=[N+]=[N-]
DAPWOK,C=CCNC(=O)[C@@H](NC(=O)[C@H](Cc1ccccc1)N=[N+]=[N-])Cc1ccccc1
DAPXAX,C#CCO[C@@H]1[C@@H](CN=[N+]=[N-])O[C@H]([C@@H]1OC(=O)C)NC(=O)C
DAPXEB,C#CCNC(=O)[C@H](C(C)C)NC(=O)[C@H](N=[N+]=[N-])C
DAPXIF,C#CCNC(=O)[C@H](C(C)C)NC(=O)[C@H](N=[N+]=[N-])C
DAPXOL,[N-]=[N+]=N[C@@H]1[C@@H](O)[C@H](O)[C@@H]([C@@H]([C@H]1O)O)OCC#CC
DAPYOM,O=C(CN=[N+]=[N-])Nc1ccc(cc1)C#C
DAPYUS,C#CCNC(=O)[C@H](NC(=O)[C@H](Cc1ccccc1)N=[N+]=[N-])Cc1ccccc1
DAPZAZ,C#CC[C@H]1O[C@H](O[C@@H]([C@@H]1O)[C@@H](CN=[N+]=[N-])O)c1ccccc1
DAPZED,CC#CCO[C@@H]1[C@@H]2O[C@@](C)(OC)[C@](O[C@H]2[C@@H]([C@@H]2[C@@H]1O[C@](C)(OC)[C@@](O2)(C)OC)N=[N+]=[N-])(C)OC
DAQBAC,C#CCO[C@@H]1[C@@H]2O[C@@](C)(OC)[C@](O[C@H]2[C@H]([C@@H]2[C@@H]1O[C@](C)(OC)[C@@](O2)(C)OC)N=[N+]=[N-])(C)OC
DEGFAX,O=C(OCCN=[N+]=[N-])c1ccc(cc1)C(=O)OCCN=[N+]=[N-]
DEXGUK,[N-]=[N+]=N[C@H](Cc1ccc(C)cc1)[C@H](NC(OC(C)(C)C)=O)c2ccccc2
DIJJOY,CCCC(=O)[C@@H]([C@H](c1ccccc1)N=[N+]=[N-])C(=O)N(Cc1ccccc1)Cc1ccccc1
DIRRAA,CN(C)c1ccc(cc1)N=[N+]=[N-]
DIXPOQ,CCOC(=O)[C@@]([C@H](C(=O)c1ccc(cc1)OC)N=[N+]=[N-])(O)C
DIXPUW,[N-]=[N+]=NC1=C(C)C(=O)O[C@@]1(O)c1ccc(cc1)c1ccccc1
DOCLIT,[N-]=[N+]=NCc1ccc(cc1)c1cc(nc(c1)c1ccccc1)c1ccccc1
DOTSAG,CO[C@H]1O[C@@H]2CO[C@H]1[C@@H]([C@H]2OC(=O)c1ccccc1)N=[N+]=[N-]
DOVCAT,NC1=NON=C1N=[N+]=[N-]
DOWVUJ,[N-]=[N+]=Nc1ccccc1N=[N+]=[N-]
DOWWOE,Nc1ccccc1N=[N+]=[N-]
DUDXIL,CC(C)(C)c1ccc2OC(=O)C=C(CN=[N+]=[N-])c2c1
DUGQOL,CCOC(=O)[C@@H]([C@@H](c1ccc(cc1)OCc1ccccc1)O)N=[N+]=[N-]
DUGQOL01,CCOC(=O)[C@@H]([C@@H](c1ccc(cc1)OCc1ccccc1)O)N=[N+]=[N-]
DUSZIC,OC[C@H]1O[C@H]([C@H]2[C@@H]1OC(O2)(C)C)N1C(=Nc2c1ncnc2N)N=[N+]=[N-]
EBIRIR,[N-]=[N+]=Nc1ccc(CCCCc2ccc(cc2)N=[N+]=[N-])cc1
EBIRIR01,[N-]=[N+]=Nc1ccc(CCCCc2ccc(cc2)N=[N+]=[N-])cc1
EBOYUP,[N-]=[N+]=N[C@H]1CCCC[C@@H]1OCC(=O)N[C@H]1CCCC[C@@H]1OCC(=O)OC(C)(C)C
ECEBUK,CN1N=NC(=N1)N=[N+]=[N-]
ECEMAA,OC[C@H]([C@H]([C@@H]1OC(=C[C@@H]([C@H]1N=[N+]=[N-])OC(=O)C)C(=O)OC)O)O
EFOJIT,O=C1N(Cc2ccc(N=[N+]=[N-])c(c2)N=[N+]=[N-])C(=O)c2ccccc12
EFURON,[N-]=[N+]=N[C@@H]1O[C@H](C(=O)OC)[C@@H]([C@@H]([C@H]1OC(=O)C)OC(=O)C)OC(=O)C
EGALAB,O[C@H]1C[C@H](c2ccccc2)[C@H](C(=O)C1)N=[N+]=[N-]
EHAZIZ,[O-][n+](n1)nc(N=[N+]=[N-])c2c1nccc2
EHOSEB,[N-]=[N+]=Nc1ccccc1[C@@H]([C@@H]1C[C@@H](C)CCC1=O)O
ELAPEP,[N-]=[N+]=NC1=NON=C1C1=NN=C(O1)C1=NN=C(O1)C1=NON=C1N=[N+]=[N-]
ENAGEI,[O-][n+]1nc2NN=Cc2c(N=[N+]=[N-])n1
ENIQAT,[N-]=[N+]=NC[C@@H]1O[C@H](C[C@H]1O)C(=O)NC[C@@H]1O[C@H](C[C@H]1O)C(=O)OC(C)C
ERADEG,CO[C@H]1O[C@@H]2CO[C@@H](O[C@@H]2[C@@H]([C@H]1N=[N+]=[N-])O)c1ccccc1
EVIPUU,[N-]=[N+]=N[C@@H]1[C@@H](CC(=O)OC)O[C@H]2[C@@H]1O[C@H](OC2)c1ccccc1
EXULIS,COc1ccc(cc1)C(=O)[C@@H]([C@H](C(=O)c1ccccc1)O)N=[N+]=[N-]
EXULOY,[N-]=[N+]=N[C@@]1(COc2c(C1=O)cc(cc2)C)[C@H](C(=O)c1ccccc1)O
EYOJEJ,CCOC(=O)C1(C[C@@H](C[C@@]1(N=[N+]=[N-])c1ccccc1)c1ccc(cc1)OC)C(=O)OCC
EYUCAF,[N-]=[N+]=N[C@@H]1[C@@H](Oc2ccc(cc2)OC)O[C@@H]([C@@H]([C@@H]1OCc1ccc2c(c1)cccc2)OC(=O)C)C
EZIGOL,[N-]=[N+]=N[C@H]1[C@@H]2OC[C@@H](O2)[C@H]([C@@H]1OC(=O)C)OCc1ccc2c(c1)cccc2
EZORET,[N-]=[N+]=NC[C@H]1CC2=C(OC1(C)C)c1c(C(=O)C2=O)cccc1
FACSOS,[N-]=[N+]=N[C@@H]1[C@H](OC)O[C@H]([C@H]2[C@H]1O[C@@](C)(OC)[C@](O2)(C)OC)C
FADSAF,Nc1ncnc2c1N=CN2[C@H]1C[C@@H]([C@]2([C@@H]1C2)CO)N=[N+]=[N-]
FAHBAR,CC(C)(c1cc(C(C)(C)C)c(N=[N+]=[N-])c(C(C)(C)C)c1)C
FAKCED,COc1nc(OC)nc(N=[N+]=[N-])n1
FANNOX,[N-]=[N+]=NC[C@@]1(CC[C@@H]2[C@@]1(CC[C@H]3[C@H]2CCC([C@@H]3CC4)=CC4=O)C)O
FAYWOR,[N-]=[N+]=NC[C@@]1(CC[C@@H]2[C@@]1(CCC3=C4CCC(C=C4CC[C@@H]23)=O)C)O
FEBRUB,[N-]=[N+]=NC1=NN(/C(=N/N(=O)=O)/N1)CC(=O)O
FEDVOA,[N-]=[N+]=N[C@@]1(C)C(=O)OC[C@@H]2[C@H]1OC(O2)(C)C
FETSIH,CCOC(=O)C1=C2[C@@H](N=[N+]=[N-])[C@@H](CN2c2c1cccc2)O
FEXPOO,[N-]=[N+]=Nc1c2cccc1C[N@]1CCOCC[N@@](C2)CCOCCOCC1
FEXPUU,[N-]=[N+]=Nc1c2cccc1C[N@@]1CCOCCOCC[N@](C2)CCOCCOCC1
FIJLIT,[N-]=[N+]=N[C@@H](CC/C=C\[C@@H]1COC(C)(C)N1C(OC(C)(C)C)=O)C(O)=O
FIJQAQ,[N-]=[N+]=N[C@H]1CC/C=C\[C@H](COC1=O)NC(=O)OC(C)(C)C
FIKWON,[N-]=[N+]=NCCCCCN1CC(=O)N[C@H](C1=O)CC1=CN(c2c1cccc2)C(=O)OC(C)(C)C
FIPZIN,O=N(=O)N(CN=[N+]=[N-])CN(CN(CN=[N+]=[N-])N(=O)=O)N(=O)=O
FIPZIN01,O=N(=O)N(CN=[N+]=[N-])CN(CN(CN=[N+]=[N-])N(=O)=O)N(=O)=O
FIQFAN,[N-]=[N+]=N[C@H]1O[C@@H](C)[C@H]([C@H]([C@@H]1OC(=O)C)OC(=O)C)OC(=O)C
FIXGAU,OC[C@H]1O[C@H](C[C@@H]1N=[N+]=[N-])N1C=C(C)C(=O)NC1=O
FIXGAU01,OC[C@H]1O[C@H](C[C@@H]1N=[N+]=[N-])N1C=C(C)C(=O)NC1=O
FIXGAU02,N(=[N+]=[N-])[C@H]1C[C@@H](O[C@@H]1CO)N1C(=O)NC(=O)C(C)=C1
FIXGAU03,OC[C@H]1O[C@H](C[C@@H]1N=[N+]=[N-])N1C=C(C)C(=O)NC1=O
FIXGAU04,N(=[N+]=[N-])[C@H]1C[C@@H](O[C@@H]1CO)N1C(=O)NC(=O)C(C)=C1
FIXGAU06,OC[C@H]1O[C@H](C[C@@H]1N=[N+]=[N-])N1C=C(C)C(=O)NC1=O
FIZDEX,[N-]=[N+]=N[C@H]1C(=O)OC[C@@H]2[C@H]1O[C@@H](O2)c1ccccc1
FIZDIB,OC[C@H]1OC(=O)[C@@H]([C@@H]1O)N=[N+]=[N-]
FOFCUZ,[N-]=[N+]=N[C@H]1[C@H]2[C@@H]([C@H](OC(=O)C)C[C@H]3[C@]2(C)CC[C@H](C3)OC(=O)C)[C@H]2[C@@](C1=O)(C)[C@H](CC2)[C@@H](CCC(=O)OC)C
FOGTUR,[N-]=[N+]=N[C@@H]1O[C@H](C(=O)OC)[C@H]([C@@H]([C@H]1OC(=O)C)OC(=O)C)OC(=O)C
FOGTUR01,[N-]=[N+]=N[C@@H]1O[C@H](C(=O)OC)[C@H]([C@@H]([C@H]1OC(=O)C)OC(=O)C)OC(=O)C
FOHQEZ,[N-]=[N+]=N[C@@H]1[C@H]2[C@@H]([C@H](OC(=O)C)C[C@H]3[C@]2(C)CC[C@H](C3)OC(=O)C)[C@H]2[C@@](C1=O)(C)[C@H](CC2)[C@@H](CCC(=O)OC)C
FOKNAV,CC[C@H](N=[N+]=[N-])/C=C/1\C(=O)N([C@@H]1c1ccc(cc1)N(=O)=O)Cc1ccccc1
FOXCAX,CO[C@@H]1O[C@@H](C)[C@@H]([C@H]([C@@H]1O)OCc1ccccc1)N=[N+]=[N-]
FOYKEL,[N-]=[N+]=Nc1ccccc1[C@@H](/C(=N\c1ccccc1)/NC(C)(C)C)Nc1ccccc1
FUFXUB,[N-]=[N+]=N[C@@H]([C@@H](C1=NN=NN1)O)c1ccccc1
FULMUU,[N-]=[N+]=N[C@H]1CC[C@@H](CNC1=O)c1ccccc1
FULNAB,[N-]=[N+]=N[C@H]1CC[C@H](CNC1=O)c1ccccc1
FULNEF,[N-]=[N+]=N[C@H]1CCC[C@H](NC1=O)c1ccccc1
FUPPEL,[N-]=[N+]=N[C@@H]1[C@@H](O)c2ccccc2-c2c1cccc2
FURVOF,COc1ccc(CCNC(=O)N=[N+]=[N-])cc1OC
FUVHAI,COC([C@H](C(=O)N[C@H](c1ccccc1)C)N=[N+]=[N-])OC
GAFWOA,[N-]=[N+]=Nc1nc(NNc2nc(N=[N+]=[N-])nc(N=[N+]=[N-])n2)nc(N=[N+]=[N-])n1
GAFXAN,[N-]=[N+]=Nc1nc(N=Nc2nc(N=[N+]=[N-])nc(N=[N+]=[N-])n2)nc(N=[N+]=[N-])n1
GAFXAN01,[N-]=[N+]=Nc1nc(N=Nc2nc(N=[N+]=[N-])nc(N=[N+]=[N-])n2)nc(N=[N+]=[N-])n1
GATHOY,OC[C@H]1O[C@H](C[C@@H]1N=[N+]=[N-])N1C=CC(=O)NC1=O
GATHOY01,OC[C@H]1O[C@H](C[C@@H]1N=[N+]=[N-])N1C=CC(=O)NC1=O
GATHUE,OC[C@H]1O[C@H](C[C@@H]1N=[N+]=[N-])N1C=C(CC)C(=O)NC1=O
GATJAM,CC1=NN(CN=[N+]=[N-])C=C1C#N
GEFRAL,[N-]=[N+]=NC(=O)N[C@@H]1[C@@H]2CN([C@H]1C2)C(=O)OC(C)(C)C
GILPID,[N-]=[N+]=N[C@@H]([C@@H](c1ccccc1)ON1C(C)(C)CCCC1(C)C)c1ccccc1
GILQAW,O=C(N=[N+]=[N-])C1=CC=CN1
GILQEA,O=C(N=[N+]=[N-])C1=CNC=C1
GITQOQ,[N-]=[N+]=N[C@@H]1C[C@H](OC)O[C@@H]([C@H]1OC(=O)C)C(=O)OC
GIVKIG,C[C@H]([C@@H]1CN1C(c1ccccc1)(c1ccccc1)c1ccccc1)N=[N+]=[N-]
GIWJIH,[N-]=[N+]=N[C@@H]1CC=C([C@@]23[C@@]1(OCC2)N(C(=O)OC(C)(C)C)c1c3cccc1)C(=O)OC
GIYNUX,[N-]=[N+]=N[C@H]([C@H]([C@@H]([C@H](OC(=O)C)COC(=O)C)OC(=O)C)OC(=O)C)/C(=N/Nc1ccccc1)/N=N/c1ccccc1
GIYPAF,[N-]=[N+]=N[C@H]([C@H]([C@@H]([C@H](OC(=O)C)COC(=O)C)OC(=O)C)OC(=O)C)/C=N/Nc1ccc(cc1)N(=O)=O
GOJBOZ,CN1C(N(C)c2ccccc12)c1ccccc1OCc1ccc(cc1)N=[N+]=[N-]
GOLFIX,[N-]=[N+]=NC[C@H]1O[C@@H]([C@]2([C@@H]1OC(O2)(C)C)C)[C@@H](C(=O)N(CC)CC)O
GOVZEW01,OC(=O)c1cccc(c1)N=[N+]=[N-]
GOVZEW02,OC(=O)c1cccc(c1)N=[N+]=[N-]
GOVZIA01,CC(=O)Nc1ccc(cc1)N=[N+]=[N-]
GOVZUM01,[N-]=[N+]=Nc1ccccc1c1ccccc1
GUGXUC,[N-]=[N+]=N[C@@H](C(CC)(CC)CC)C(=O)N1C(=O)OC[C@@H]1Cc1ccccc1
GUZBIM,[N-]=[N+]=N[C@H]1[C@@H](O[C@H]2[C@H]([C@H]1O)O[C@@H](OC2)c1ccccc1)OC(=O)c1ccccc1
HAMHUZ,[N-]=[N+]=N[C@@H]1N2C=CC=C2C(=O)N2[C@]1(CCC2)N=[N+]=[N-]
HAMJAH,[N-]=[N+]=N[C@@H]1CCN2C1=CN1C=CC=C1C2=O
HAMJIP,[N-]=[N+]=N[C@H]1N2C=CC=C2C(=O)N2[C@]1(CCC2)N=[N+]=[N-]
HAMXEZ,[N-]=[N+]=N[C@@H]1[C@H](OC(=O)[C@]21COC(O2)(C)C)[C@H]1COC(O1)(C)C
HAZMOR,[N-]=[N+]=N[C@@H]1CC[C@]2(O)[C@]34[C@H]1Oc5c(O)ccc(C[C@H]2N(C)CC4)c53
HESXOV,[N-]=[N+]=N[C@@H](C1=C(C(=O)OC)C(=C(N1)c1ccccc1)C(=O)c1ccccc1)c1ccccc1
HIGBEE,[N-]=[N+]=NCCCCCCC(=O)N[C@@H](C(=O)OC)O[C@H](c1ccc2c(c1)cccc2)C
HIHJEQ,C#CCO[C@@H]1[C@@H]2O[C@@](C)(OC)[C@](O[C@H]2[C@@H]([C@@H]2[C@@H]1O[C@](C)(OC)[C@@](O2)(C)OC)N=[N+]=[N-])(C)OC
HOCQEY,O=C(c1ccc(cc1)N(=O)=O)O[C@@H]1CC2(CC[C@H]1N=[N+]=[N-])OCCO2
HOSHAY,[N-]=[N+]=Nc1cc(c2ncccc2)nc(c3ncccc3)c1
HUDDOZ,[N-]=[N+]=N[C@@H]1[C@H]2OC[C@H](O2)[C@H]([C@@H]1OC(=O)c1ccccc1)OC(=O)c1ccccc1
HUGNUT,O=C1C(CC2=CN(CCCCCCCCCCCCN=[N+]=[N-])N=N2)C(=O)N(Cc2ccccc2)c2ccccc2N1Cc1ccccc1
HUHTIP,CCOC(=O)C[C@H]([C@H]1O[C@H]2[C@@H]([C@H]1OCc1ccccc1)OC(O2)(C)C)N=[N+]=[N-]
HUHTOV,CCOC(=O)C[C@@H]([C@H]1O[C@H]2[C@@H]([C@H]1OCc1ccccc1)OC(O2)(C)C)N=[N+]=[N-]
HUHTUB,[N-]=[N+]=N[C@H]([C@H]1O[C@H]2[C@@H]([C@H]1OCc1ccccc1)OC(O2)(C)C)CC(=O)OC
HUPRIU,[N-]=[N+]=N[C@@H]1O[C@H](COC(=O)C)[C@H]([C@@H]([C@H]1/N=C/c1ccc(cc1)OC)OC(=O)C)OC(=O)C
HUVGIP,C#CC[C@H]1O[C@H](C[C@@H]1N=[N+]=[N-])N1C=Nc2c1ncnc2N
HUVGOV,C#CC[C@H]1O[C@@H](C[C@@H]1N=[N+]=[N-])N1C=Nc2c1ncnc2N
HUVGUB,C#CC[C@H]1O[C@H](C[C@@H]1N=[N+]=[N-])N1C=CC(=NC1=O)N
ICUTIN,[N-]=[N+]=NCN1N=NC(=N1)C1=NN(CN=[N+]=[N-])N=N1
IGOSIG,O=C(N=[N+]=[N-])O[C@H]1C=CO[C@H]2[C@H]1OC(C)(C)OC2
IHAFIH,[N-]=[N+]=NC1=NN(C=N1)c1nnc(nn1)N1C=NC(=N1)N=[N+]=[N-]
ILURUF,[N-]=[N+]=N[C@H](c1cc(c(c(c1)C(C)(C)C)O)C(C)(C)C)c1ccc(cc1)C#N
IPEZUZ,O=N(=O)Nc1nc(N=[N+]=[N-])nc(N=[N+]=[N-])n1
IPEZUZ01,O=N(=O)Nc1nc(N=[N+]=[N-])nc(N=[N+]=[N-])n1
IPOYUH,[N-]=[N+]=NCC1=NC(=NO1)C1=NOC(=N1)CN=[N+]=[N-]
IPOYUH01,[N-]=[N+]=NCC1=NC(=NO1)C1=NOC(=N1)CN=[N+]=[N-]
IQAMIX,CCOC(=O)C([C@]1(N=[N+]=[N-])O[C@@H]([C@H]2[C@@H]1OC(O2)(C)C)[C@H]1COC(O1)(C)C)(C)C
IQAMOD,CCOC(=O)C([C@]1(N=[N+]=[N-])O[C@@H]([C@H]2[C@@H]1OC(O2)(C)C)[C@@H]1COC(O1)(C)C)(C)C
IQOJUV,O=C1N(CN=[N+]=[N-])C(=O)c2ccccc12
IRAHEQ,[N-]=[N+]=N[C@@H]1O[C@@H]2CO[C@H](O[C@H]2[C@@H]([C@H]1NC(=O)C)O[C@@H](C(=O)O)C)c1ccccc1
ISAJIV,O=C(N=[N+]=[N-])c1ccc(cc1)C#N
ISAJOB,COc1ccc(cc1)C(=O)N=[N+]=[N-]
ISAJUH,CN(C)c1ccc(cc1)C(=O)N=[N+]=[N-]
ISEQON,[N-]=[N+]=N/C(=N\O)/C(=N/O)/N=[N+]=[N-]
ISIDEU,Oc1c2Cc3cc(CN=[N+]=[N-])cc(Cc4cc(CN=[N+]=[N-])cc(Cc5cc(CN=[N+]=[N-])cc(Cc1cc(CN=[N+]=[N-])c2)c5O)c4O)c3O
ISIDEU01,Oc1c2Cc3cc(CN=[N+]=[N-])cc(Cc4cc(CN=[N+]=[N-])cc(Cc5cc(CN=[N+]=[N-])cc(Cc1cc(CN=[N+]=[N-])c2)c5O)c4O)c3O
ITAWAE,CCCCCCCCCC1=NO[C@H]([C@@H]1C(=O)O)CN=[N+]=[N-]
ITIGAW,[N-]=[N+]=Nc1ccccc1[C@@H](N(C(=O)C#Cc1ccccc1)C1=NOC(=C1)C)C(=O)NC(C)(C)C
ITIGIE,[N-]=[N+]=Nc1ccccc1[C@H](N(C(=O)C#Cc1ccccc1)Cc1ccccc1)C(=O)NC(C)(C)C
ITIMUT,[N-]=[N+]=NC[C@]12CN=NN2C[C@@]2(N(C1)N=NC2)CN=[N+]=[N-]
ITINII,O=C([C@]12[C@H]3[C@H]4[C@@H]2[C@H]2[C@@H]1[C@@H]3[C@@]42C(=O)OC(CN=[N+]=[N-])(CN=[N+]=[N-])CN=[N+]=[N-])OC(CN=[N+]=[N-])(CN=[N+]=[N-])CN=[N+]=[N-]
ITINOO,O=C(OC(CN=[N+]=[N-])(CN=[N+]=[N-])CN=[N+]=[N-])c1cc(cc(c1)C(=O)OC(CN=[N+]=[N-])(CN=[N+]=[N-])CN=[N+]=[N-])C(=O)OC(CN=[N+]=[N-])(CN=[N+]=[N-])CN=[N+]=[N-]
IVALUO,CC(OO[C@H](c1ccccc1[C@@H](N=[N+]=[N-])OOC(C)(C)C)N=[N+]=[N-])(C)C
IVEYUE,COC(=O)/C(=C/C=C(/C(=O)OC)\N=[N+]=[N-])/N=[N+]=[N-]
IYOWEB,[N-]=[N+]=NCC[C@@H](C1=C(C)c2c(N1)cccc2)NC(=O)c1ccc(cc1)OC
IYOWIF,[N-]=[N+]=NC[C@@H](c1c(O)ccc2c1cccc2)N1CCCC1=O
IZAXEM,[N-]=[N+]=N[C@@H]1[C@@H](O)[C@@H]2[C@@H]([C@@]3([C@@H]1C[C@H](CC3)OC(=O)C)C)CC[C@]1([C@H]2CCC1=O)C
JABDUO,[N-]=[N+]=N[C@@]1(C)CC[C@@H]2[C@@]34[C@H]1CC[C@@](OO3)(O[C@H]4OC(=O)[C@@H]2C)C
JABQOT,[N-]=[N+]=N[C@H]1[C@@H](CCc2c1cc(OC)cc2OC)N(Cc1ccccc1)Cc1ccccc1
JAGXOF,[N-]=[N+]=NC[C@@H](NC(=O)C(=O)N[C@@H](CC(C)C)CN=[N+]=[N-])CC(C)C
JAHXOG,[N-]=[N+]=Nc1nnc(nn1)N=[N+]=[N-]
JASGOA,OC(=O)c1ccc(CN=[N+]=[N-])c2C=CN(CCc3ccccc3)c12
JEBWAR,[N-]=[N+]=N[C@H]1[C@H](NC(=O)OC(C)(C)C)[C@]([C@H]2[C@@]1(CO[C@H](O2)c1ccc(cc1)OC)NC(=O)N(C)C)(O)CO
JECQUG,[N-]=[N+]=N[C@@H]1OC(=Cc2c1cc1ccccc1n2)c1ccc(cc1)C
JESDOD,[N-]=[N+]=N[C@@H]1c2ccccc2C2=C(N=NN12)c1ccc(cc1)C
JIHRIE,[N-]=[N+]=NC[C@]1(O)CC[C@@H]2[C@]1(C)CC[C@H]1[C@H]2CCc2c1ccc(c2)OCc1ccccc1
JINQEF,O[C@@H]1[C@H](O)[C@@H]2N([C@H]1c1c2cccc1)C(=O)CCN=[N+]=[N-]
JINQIJ,[N-]=[N+]=NCCC(=O)N1[C@@H]2[C@H]3[C@@H]([C@H]1c1c2cccc1)O[C@H](O3)c1ccc(cc1)OC
JINYIP,O[C@@H]1C[C@@H](O)[C@@H](C[C@H]1N=[N+]=[N-])N=[N+]=[N-]
JIXGUT,[N-]=[N+]=NC[C@@H](C[C@H]1O[C@H](COC(=O)C)[C@H]([C@@H]([C@H]1OC(=O)C)OC(=O)C)OC(=O)C)N=[N+]=[N-]
JIYZIC,CC(C)(C)OC(=O)C(C)(C)NC(=O)C(C)(C)NC(=O)C(C)(C)NC(=O)C(C)(C)N=[N+]=[N-]
JIYZOI,COC(=O)C(C)(C)NC(=O)C(C)(C)NC(=O)C(C)(C)NC(=O)C(C)(C)N=[N+]=[N-]
JIYZUO,CC(C)(C)OC(=O)C(C)(C)NC(=O)C(C)(C)NC(=O)C(C)(C)N=[N+]=[N-]
JIZBEB,CC(C)(C)OC(=O)C(C)(C)NC(=O)C(C)(C)N=[N+]=[N-]
JOHWIN,[N-]=[N+]=N[C@@H]1CC[C@@H](C[C@H]1NC(=O)OC(C)(C)C)C(=O)N(C)C
JOJHAR,[N-]=[N+]=N[C@@H]1C[C@H]([C@@H]([C@H]1O)O)N=[N+]=[N-]
JOKKOL,[N-]=[N+]=Nc1ccc(cc1)/C(=C(/O)\C)/C(=O)C
JOKXOX,[N-]=[N+]=N[C@H]1CC[C@@H](C[C@H]1NC(=O)OC(C)(C)C)C(=O)N(C)C
JOZYAA,[N-]=[N+]=N[C@@H]1C[C@](C[C@H]1N=[N+]=[N-])(NC(=O)[C@@H](NC(=O)[C@@H](NC(=O)OC(C)(C)C)CC(C)C)CC(C)C)C(=O)N[C@H](C(=O)N[C@H](C(=O)N[C@@]1(C[C@H]([C@@H](C1)N=[N+]=[N-])N=[N+]=[N-])C(=O)OC)CC(C)C)CC(C)C
JUDZIT,CC(C)c1ccc2OC(=O)C=C(CN=[N+]=[N-])c2c1
JUSNEQ,CO[C@@H]1O[C@@H]2CO[C@@H](O[C@@H]2[C@@H]([C@H]1N=[N+]=[N-])O)c1ccccc1
KARTOP,[N-]=[N+]=N[C@]12CC[C@@]([C@@H]3[C@@H]2[C@@H](CC[C@H]1C)[C@@H](C)C(=O)O3)(C)O
KARTUV,[N-]=[N+]=N[C@]12CC[C@H]([C@H]3[C@@H]2[C@H](OC(=O)[C@@H]1C)[C@](CC3)(C)O)C
KARVAD,[N-]=[N+]=N[C@]1(C)C(=O)O[C@H]2[C@@H]3[C@H]1CC[C@H]([C@@H]3CC[C@@]2(C)O)C
KARVEH,[N-]=[N+]=N[C@@]1(C)CC[C@H]2O[C@@]2(CC[C@@H]2[C@@H]1CC2(C)C)C
KAVLEY,[N-]=[N+]=N[C@@]12CC[C@@H]([C@@]2(C)CC[C@H]2[C@H]1CC[C@H]1[C@]2(C)CC[C@@H](C1)OC(=O)C)C1=CC(=O)OC1
KAZPEG,[N-]=[N+]=NC(=O)c1ccc(cc1)[C@@H]1C=CC=CC=C1
KEHWUR,[N-]=[N+]=NC1=NN(C(=N1)N)/C(=N/N(=O)=O)/N
KEJXIJ,CO[C@@H]([C@H](C(=O)N[C@H](c1ccccc1)C)N=[N+]=[N-])c1ccc(cc1)OC
KEPKOG,[N-]=[N+]=NCC(=O)N[C@@H]1O[C@H](COC(=O)C)[C@H]([C@@H]([C@H]1OC(=O)C)OC(=O)C)OC(=O)C
KESNOM,OC[C@H]1O[C@@H](N=[N+]=[N-])[C@@H]([C@@H]2[C@H]1OC(O2)(C)C)O
KESNUS,[N-]=[N+]=N[C@@H]1O[C@H](COC(=O)C(C)(C)C)[C@@H]([C@@H]([C@H]1OC(=O)C(C)(C)C)OC(=O)C(C)(C)C)OC(=O)C(C)(C)C
KICNES,COC[C@H]1O[C@H](O)[C@@H]([C@H]([C@@H]1OC)OC)N=[N+]=[N-]
KICNIW,[N-]=[N+]=N[C@H]1[C@H](O)OC[C@H]([C@@H]1OC(=O)C)OC(=O)C
KICQIZ,[N-]=[N+]=N[C@@H]1[C@@H](O)OC[C@H]([C@H]1OC(=O)C)OC(=O)C
KINKAW,OC[C@]12CO[C@@H]([C@H]2N=[N+]=[N-])[C@@H](O1)N1C=CC(=O)NC1=O
KIRLEE,CCOC(=O)N1c2ccccc2[C@@]23[C@@]1(OCC2)[C@@H](N=[N+]=[N-])CC=C3
KIRLII,CCOC(=O)N1c2ccccc2[C@@]23[C@@]1(OCC2)[C@H](N=[N+]=[N-])CC=C3
KIWJIK,Cc1c(cccc1N=[N+]=[N-])N=[N+]=[N-]
KIZTOE,[N-]=[N+]=NCCN(Cc1ccc2ccccc2n1)Cc1ccc2ccccc2n1
KOJFOH,O[C@@H]1C[C@@H]2[C@H](C[C@@]1(C)N=[N+]=[N-])C2(C)C
KOKVUD,CC(=O)Oc1cc(N=[N+]=[N-])c(OC(C)=O)cc1N=[N+]=[N-]
KOKWAK,CCCC(=O)Oc1cc(N=[N+]=[N-])c(OC(=O)CCC)cc1N=[N+]=[N-]
KUDKIG,[N-]=[N+]=Nc1cc2c3-c4c([C@]56[C@@](c3c1)(OCCO6)OCCO5)cc(cc4[C@]13[C@@]2(OCCO3)OCCO1)N=[N+]=[N-]
KUQTEY,[N-]=[N+]=N[C@@H]([C@H](c1cc(C)ccc1O)c1ccc(cc1)OC)C(C)C
LAGLIR,OC[C@H]1O[C@@H](N(CCCN=[N+]=[N-])OC)[C@@H]([C@H]([C@@H]1O)O)NC(=O)C
LARJAS,N#Cc1nc(C#N)c(N=[N+]=[N-])c(N=[N+]=[N-])c1N=[N+]=[N-]
LAWYUE,[N-]=[N+]=NCC(CN=[N+]=[N-])(CN=[N+]=[N-])CN=[N+]=[N-]
LEJPUO,[N-]=[N+]=N[C@H](C(C(=O)c1ccccc1)(C)C)c1ccccc1
LESKAW,[N-]=[N+]=N[C@@H]1C=C[C@H]([C@@H]([C@H]1OC(=O)c1ccc(cc1)N(=O)=O)OCc1ccccc1)OCc1ccccc1
LEZJIJ,N(=[N+]=[N-])[C@H]1C[C@@H](O[C@@H]1CO)N1C(=O)NC(=O)C(=C1)CO
LIFVOO,[N-]=[N+]=N[C@@H]1C(=O)N([C@@H]1COC(c1ccccc1)(c1ccccc1)c1ccccc1)OCc1ccccc1
LIHKUJ,[N-]=[N+]=N[C@H]1COC(O[C@@H]1C[C@@H]1OC(C)(C)OC[C@@H]1N(Cc1ccccc1)Cc1ccccc1)(C)C
LINDUK,O=C(CN=[N+]=[N-])N(Cc1ccccc1)c1ccc(cc1)C([O-])=C[N+]#N
LISHUT,C#CCNC(=O)[C@@H](NC(=O)[C@H](Cc1ccccc1)N=[N+]=[N-])Cc1ccccc1
LISHUT01,C#CCNC(=O)[C@@H](NC(=O)[C@H](Cc1ccccc1)N=[N+]=[N-])Cc1ccccc1
LISHUT02,C#CCNC(=O)[C@@H](NC(=O)[C@H](Cc1ccccc1)N=[N+]=[N-])Cc1ccccc1
LISHUT03,C#CCNC(=O)[C@@H](NC(=O)[C@H](Cc1ccccc1)N=[N+]=[N-])Cc1ccccc1
LISHUT04,C#CCNC(=O)[C@@H](NC(=O)[C@H](Cc1ccccc1)N=[N+]=[N-])Cc1ccccc1
LISHUT05,C#CCNC(=O)[C@@H](NC(=O)[C@H](Cc1ccccc1)N=[N+]=[N-])Cc1ccccc1
LONRAI,[N-]=[N+]=NC/C=C/1\OC(=O)C2=C1OCCO2
LUGBOG,[N-]=[N+]=N[C@H]1CN2C(=O)OC[C@@H]2[C@H]([C@@H]1O)OCc1ccccc1
LUGCAT,[N-]=[N+]=N[C@H]1[C@H](O)CN2[C@@H]([C@H]1OCc1ccccc1)COC2=O
LUNYOK,[N-]=[N+]=N[C@H]([C@H](N([C@@H](c1ccccc1)C)Cc1ccccc1)C(=O)OC(C)(C)C)c1ccccc1
LUSFIR,[N-]=[N+]=N[C@H]1[C@@H](OC(=O)C)[C@@H](OC(=O)C)[C@H](O[C@]1(N=[N+]=[N-])C(=O)OC)[C@H](OC(=O)C)COC(=O)C
LUSRUP,[N-]=[N+]=N[C@@H]1[C@H](OC(=O)C)[C@@H](NC(=O)C)[C@@H](O[C@@]1(N=[N+]=[N-])C(=O)OC)[C@@H]([C@H](OC(=O)C)COC(=O)C)OC(=O)C
MAFNUD,[N-]=[N+]=N[C@@H]1CCCC[C@@H]1NC(=O)OC(C)(C)C
MAHJIS,CCOC(=O)CN1C=CC=C1/C=C(/C(=O)c1ccc(cc1)OC)\N=[N+]=[N-]
MEBFAB,[N-]=[N+]=NC[C@H]1O[C@H](C[C@H]1O)C(=O)OC(C)C
MECVIC,[N-]=[N+]=N[C@H]1[C@@H](N=[N+]=[N-])O[C@@H]([C@@H]([C@@H]1OCc1ccccc1)OCc1ccccc1)COCc1ccccc1
MEDWOK,COc1ccc(cc1)C(=O)CN=[N+]=[N-]
MEFTAT,[N-]=[N+]=NC[C@@H]1OC(C)(C)[C@H]2[C@H]([C@@H]1N(OC2)Cc1ccccc1)O
MELKAP,[N-]=[N+]=N[C@@H]([C@]1(N=C([C@](O1)(O)C(=O)OC)c1ccccc1)C(=O)OC)c1ccccc1
MELWUW,[N-]=[N+]=N[C@]12C[C@H]3C[C@H]4[C@@H]2C[C@H]2C[C@@H]1[C@@H](C3)[C@@H]4C2
MESSEI,CC[C@@H]([C@]1(N=[N+]=[N-])COc2c(C1=O)cccc2)OC(=O)c1ccc(cc1)N(=O)=O
MIBTID,CCOC(=O)[C@H]([C@H]1OC(=O)C[C@@H]1NC(=O)OCc1ccccc1)N=[N+]=[N-]
MIHJAO,[N-]=[N+]=N[C@@H]1[C@@H](O)[C@H]2OCCC[C@@H]2O[C@H]1[C@H]1O[C@H]2CCCO[C@@H]2[C@@H]([C@H]1O)N=[N+]=[N-]
MIHKAP,[N-]=[N+]=N[C@H]1[C@H](O[C@@H]2[C@@H]([C@@H]1O)OCCC2)[C@@H]1O[C@H]2CCCO[C@@H]2[C@@H]2[C@H]1O2
MIHKET,[N-]=[N+]=N[C@@H]1[C@@H](O)[C@H]2OCCC[C@@H]2O[C@@H]1[C@@H]1O[C@H]2CCCO[C@@H]2[C@@H]([C@H]1O)N=[N+]=[N-]
MIKTIK,CN(CN=[N+]=[N-])N(=O)=O
MIQHAV,[N-]=[N+]=N[C@H]1[C@H](OC(=O)C)[C@H](OC(=O)C)[C@@H](O[C@@]21C=CC[C@H](O2)[C@@H]1COC(N1C(=O)OC(C)(C)C)(C)C)COC(=O)C
MIRCAR,[N-]=[N+]=NCC(CN=[N+]=[N-])O[C@@H]1O[C@@H]([C@@H](OC(C)=O)[C@H](OC(C)=O)[C@H]1OC(C)=O)COC(C)=O
MIRCIZ,[N-]=[N+]=NCC(O[C@H]1O[C@H](COC(=O)C)[C@@H]([C@@H]([C@H]1OC(=O)C)OC(=O)C)OC(=O)C)CN=[N+]=[N-]
MIRCOF,CC(=O)O[C@H]1[C@@H](OC[C@H]([C@@H]1OC(=O)C)OC(=O)C)OC(CN=[N+]=[N-])CN=[N+]=[N-]
MIRDAS,CC(=O)O[C@H]1[C@H](OC[C@@H](N=[N+]=[N-])CN=[N+]=[N-])OC[C@H]([C@@H]1OC(=O)C)OC(=O)C
MIYKIO,[N-]=[N+]=N[C@H]1[C@@H]2OC[C@@H](O2)[C@H]2[C@@H]1O2
MOGMAW,CC1=CN([C@@H]2OC[C@@H]([C@H]2O)N=[N+]=[N-])C(=O)NC1=O
MOQPAK,[N-]=[N+]=NCc1ccccc1C(=O)O[C@H]1[C@H](O[C@H]2CC[C@]3(C(=CC[C@@H]4[C@@H]3CC[C@]35[C@H]4C[C@H]4[C@@H]5[C@H](C)[C@H]([C@@H](OC3)O4)C=C(C)C)C2)C)O[C@@H]([C@H]([C@@H]1OC(=O)C)OC(=O)C)COC(=O)C
MOYROJ,[N-]=[N+]=N[C@]1(C)C[C@@]23C[C@@]1(O)CC[C@H]3[C@@]13[C@H]([C@@H]2C(=O)O)[C@@](C)(C(=O)CC1)C(=O)O3
MUDDEU,CC(C)(N=[N+]=[N-])C(O)=O
MUMBOM,[N-]=[N+]=Nc1ccc(cc1)C(c1ccc(cc1)N=[N+]=[N-])(c1ccc(cc1)N=[N+]=[N-])c1ccc(cc1)N=[N+]=[N-]
MUTFAJ,[N-]=[N+]=N[C@@H]1C[C@@H]2C[C@H](O)CC[C@@]2([C@@H]2[C@@H]1[C@@H]1CC[C@@H]([C@@]1(C)CC2)[C@@H](CCC(=O)O)C)C
MUTFEN,[N-]=[N+]=N[C@H]1CC[C@]2([C@@H](C1)C[C@@H]([C@@H]1[C@@H]2CC[C@]2([C@H]1CC[C@@H]2[C@@H](CCC(=O)O)C)C)O)C
MUYQIH,[N-]=[N+]=N[C@H]([C@H](C(=O)N1[C@H](COC1=O)Cc1ccccc1)CC)c1ccccc1
NAFZIF,CO[C@@H]1C[C@H](N=[N+]=[N-])[C@@H]([C@@H](O1)C(=O)OC)O
NAFZOL,CO[C@H]1C[C@@H](N=[N+]=[N-])[C@@H]([C@H](O1)C(=O)OC)O
NAGYOM,[N-]=[N+]=NCC[C@@]12OC(=O)[C@H]3[C@@]2(CCC(=O)C3)N(c2c1cccc2)C(=O)OC
NAHVID,Cc1cc(C)c(c(C)c1)c1cccc(c1N=[N+]=[N-])c1c(C)cc(C)cc1C
NANMAQ,[N-]=[N+]=N[C@H]1C=C[C@@H]2[C@H]([C@@H]1O)OC(O2)(C)C
NAPHAP,[N-]=[N+]=NC1=NN/C(=N\N(=O)=O)/N1
NARYEN,[N-]=[N+]=N[C@@H]1[C@H]2O[C@](C)(OC)[C@@](O[C@@H]2[C@@H]([C@H]2[C@H]1O[C@@](C)(OC)[C@](O2)(C)OC)O)(C)OC
NARYOX,CO[C@]1(C)O[C@@H]2[C@@H](O[C@@]1(C)OC)[C@@H](N=[N+]=[N-])[C@@H]1[C@@H]([C@H]2N=[N+]=[N-])O[C@]([C@@](O1)(C)OC)(C)OC
NASRUV,CC[C@H](N1C[C@@H](CC1=O)CN=[N+]=[N-])C(=O)N
NEBWUM,CC(N(C(=O)[C@H](c1ccccc1)N=[N+]=[N-])C(C)C)C
NEGRUP,CCCO[C@@H]1O[C@H](CO)[C@H]([C@@H](C1)N=[N+]=[N-])O
NEHTUR,CC(=O)N[C@@H]1CC(C)(C)[C@H](C2=C1C=NN2c1ccccc1)N=[N+]=[N-]
NEPBEQ,[N-]=[N+]=NC[C@H]1O[C@@H]([C@H]1O)C(=O)OC
NETJUR,[N-]=[N+]=NC1=NN2C=NN=C2C=C1
NEWSOX,[N-]=[N+]=N[C@@H]1CC[C@]2([C@@H](C1)C[C@H]([C@@H]1[C@@H]2C[C@H](OC(=O)C)[C@]2([C@H]1CC[C@@H]2[C@@H](CCC(=O)OC)C)C)OC(=O)C)C
NIBZIH,CC1(O[C@@H](C(c2ccccc2)(N=[N+]=[N-])c3ccccc3)[C@H](C(c4ccccc4)(N=[N+]=[N-])c5ccccc5)O1)C
NIYDUU01,[N-]=[N+]=NC1=NC2=NON=C2N2N=NN=C12
NOJLEF,[N-]=[N+]=N[C@@H]1CCCN2N1C(=O)[C@@H](N(C2=O)Cc1ccccc1)C
NOMKUV,CC1=CN([C@H]2C[C@@H]([C@]3([C@@H]2C3)CO)N=[N+]=[N-])C(=O)NC1=O
NOMLAC,OC[C@@H]1[C@@H](N=[N+]=[N-])C[C@@]2([C@H]1C2)N1C=C(C)C(=O)NC1=O
NOTNOZ,COc1cc(C)c(c(c1)C)[C@H]([C@@H](C(=O)N1C(=O)OC[C@@H]1c1ccccc1)N=[N+]=[N-])C(C)C
NUFWET,O[C@@H]1C(=O)C=C[C@@]2([C@H]1C(=C(CO2)N=[N+]=[N-])c1ccccc1)C
NUJDIG,[N-]=[N+]=NC1=NN=NN1CCN1N=NN=C1N=[N+]=[N-]
NUNFAG,CC(=CCC[C@@]([C@H]1COC(=O)N1)(N=[N+]=[N-])C)C
NUQYUU,OC[C@H]1OC(=O)[C@@]([C@@H]2[C@H]1OC(O2)(C)C)(C)N=[N+]=[N-]
NUVMOI,CCc1c(CN=[N+]=[N-])c(CC)c(CN=[N+]=[N-])c(CC)c1CN=[N+]=[N-]
OBASUI,[N-]=[N+]=N[C@@H]1C[C@@H](O[C@@H]([C@H]1O)C)C1=CC=CO1
OCAYEX,[N-]=[N+]=NCCCNC(=O)c1ccc(cc1)[C@H](n1nnc2c1cccc2)NC(=O)Cc1ccccc1
ODEJIQ,[N-]=[N+]=N[C@H]1[C@@H](O[C@H]2[C@H]([C@@H]1O)O[C@@H](OC2)c1ccc(cc1)OC)OC(=O)c1ccccc1
OFOBIX,CCOC(=O)[C@@H]1C[C@@H](N=[N+]=[N-])[C@@H]([C@H]([C@H]1N(=O)=O)OC(=O)C)N=[N+]=[N-]
OGIQIF,O=C(NN(=O)=O)NC(CN=[N+]=[N-])(CN=[N+]=[N-])CN=[N+]=[N-]
OGOGIA,[N-]=[N+]=NCOc1ccc(cc1)C[C@@H](C(=O)OC)NC(=O)OCC1c2ccccc2-c2c1cccc2
OJEJES,Nc1ncnc2N(CCCN=[N+]=[N-])C=Nc12
OJEJES01,Nc1ncnc2N(CCCN=[N+]=[N-])C=Nc12
OKEDAM,NC1=NC(=O)N(C=C1)[C@H]1O[C@]2([C@H]([C@@H]1O)N=[N+]=[N-])COC[C@@H]2O
OLEDAN,CCO[C@H]1[C@@H](O[C@@]([C@H]1O)(CO)CN=[N+]=[N-])N1C=CC(=O)NC1=O
ONULUG,[N-]=[N+]=NC[C@H]1CC2=C(O1)C(=O)c1c(C2=O)cccc1
OPARIJ,[N-]=[N+]=NC1=C[C@@]2(N=[N+]=[N-])C(=C(C1=O)N=[N+]=[N-])CC[C@@H]1[C@@H]2CC[C@]2([C@H]1CCC2=O)C
OPOLOX,[N-]=[N+]=N[C@@H]1[C@@H](N=[N+]=[N-])c2ccccc2N([C@@]1(C)c1ccccc1)C(=O)OCc1ccccc1
ORIQAK,[N-]=[N+]=NCC1=C(CN=[N+]=[N-])C(=NO1)C1=NOC(=C1CN=[N+]=[N-])CN=[N+]=[N-]
OVIBAY,CCCCOC(=O)c1ccccc1NC(=O)N=[N+]=[N-]
OWEKAF,NC1=NON=C1C1=NOC(=N1)CN=[N+]=[N-]
OZIXAZ,[N-]=[N+]=NC[C@]1(O)c2ccccc2N(C1=O)C
OZOQUS,C#CCO[C@@H]1[C@H](O)[C@@H](O)[C@@H]([C@H]([C@@H]1O)O)N=[N+]=[N-]
PADGEK,C#CCNC(=O)[C@H](Cc1ccccc1)NC(=O)CN=[N+]=[N-]
PAGBOS,[N-]=[N+]=N[C@@H]1[C@H](CC[C@H](CC[C@H]1OC(=O)C)OC(=O)C)OC(=O)C
PAMFIT,[N-]=[N+]=N[C@H](C(=O)N1C(=O)N([C@H]([C@H]1c1ccccc1)C)C)CCc1ccccc1
PAVCUM,Cc1ccc(cc1)C(=O)CN=[N+]=[N-]
PAXFAY,CNC(=O)N=[N+]=[N-]
PAZDPY,[N-]=[N+]=NC1=NNC=C1c1ccccc1
PEPSOT,O=C(CN=[N+]=[N-])c1ccc(cc1)c1ccccc1
PEPSUZ,[N-]=[N+]=N[C@H](C(=O)c1ccccc1)c1ccccc1
PEQKOO,[N-]=[N+]=N[C@H](c1ccc2c(c1c1nccc3c1cccc3)cccc2)C
PEQXOY,[N-]=[N+]=NC1=NN2N=NN=C2C=C1
PEQXOY01,[N-]=[N+]=NC1=NN2N=NN=C2C=C1
PEQXOY02,[N-]=[N+]=NC1=NN2N=NN=C2C=C1
PEQXOY03,[N-]=[N+]=NC1=NN2N=NN=C2C=C1
PEQXOY04,[N-]=[N+]=NC1=NN2N=NN=C2C=C1
PEQXOY05,[N-]=[N+]=NC1=NN2N=NN=C2C=C1
PEQXOY06,[N-]=[N+]=NC1=NN2N=NN=C2C=C1
PEQXOY07,[N-]=[N+]=NC1=NN2N=NN=C2C=C1
PEQXOY08,[N-]=[N+]=NC1=NN2N=NN=C2C=C1
PEQXOY09,[N-]=[N+]=NC1=NN2N=NN=C2C=C1
PEQXOY10,[N-]=[N+]=NC1=NN2N=NN=C2C=C1
PEQXOY11,[N-]=[N+]=NC1=NN2N=NN=C2C=C1
PEQXOY12,[N-]=[N+]=NC1=NN2N=NN=C2C=C1
PEQXOY28,[N-]=[N+]=NC1=NN2N=NN=C2C=C1
PEQXOY29,[N-]=[N+]=NC1=NN2N=NN=C2C=C1
PEQXOY30,[N-]=[N+]=NC1=NN2N=NN=C2C=C1
PIHBUD,[N-]=[N+]=N[C@]1(OC)O[C@H](COC(=O)C)[C@H]([C@@H]([C@H]1OC(=O)C)OC(=O)C)OC(=O)C
PIJMON,O=C(OC(C)(C)C)N[C@H]1C[C@@](C)(COC1=O)N=[N+]=[N-]
PIPHAX,[N-]=[N+]=NC(c1ccccc1)(c1ccccc1)c1ccccc1
PIPHAX01,[N-]=[N+]=NC(c1ccccc1)(c1ccccc1)c1ccccc1
PIWWOH,COc1cc(cc(c1OC)OC)C(=O)N1[C@@H](CC[C@H]1N=[N+]=[N-])N=[N+]=[N-]
PIWXAU,[N-]=[N+]=N[C@@H]1CCCN1C(=O)N(c1ccccc1)c1ccccc1
PIZWON,O/N=C/C(=O)c1cccc(c1)N(C(=O)CN=[N+]=[N-])CCCCCCN=[N+]=[N-]
PODFIZ,[N-]=[N+]=N[C@@]1(C)C(=O)Nc2c1cccc2
PONWOF,[N-]=[N+]=NC[C@](c1ccccc1N(=O)=O)(CC(=O)OC)O
POSXUQ,[N-]=[N+]=NC[C@H](O[C@@H]1O[C@H](COC(=O)C)[C@H]([C@@H]([C@H]1OC(=O)C)OC(=O)C)OC(=O)C)C=C
POSXUQ01,[N-]=[N+]=NC[C@H](O[C@@H]1O[C@H](COC(=O)C)[C@H]([C@@H]([C@H]1OC(=O)C)OC(=O)C)OC(=O)C)C=C
POTMOB,[N-]=[N+]=N[C@H]1CC[C@@H]2N(C1=O)CCc1c2c(OC)cc(c1)OC
POXLAR,CCOC(=O)N1C=C(N=[N+]=[N-])C(=O)c2ccccc12
PULTAU,[N-]=[N+]=Nc1cc(ncn1)N1C=NN=N1
PUQBOS,[N-]=[N+]=N[C@H]1CCC[C@@H]([C@@H]1OCc1ccccc1)C(=O)O
QAJPEY,[N-]=[N+]=N[C@H](C(=O)N(CC)CC)[C@H]([C@H]1O[C@H]2[C@@H]([C@H]1OCc1ccccc1)OC(O2)(C)C)O
QAPYUC,O=C1N(c2ccccc2)C(=O)C(=C1N=[N+]=[N-])N=[N+]=[N-]
QEBJEP,N#Cc1c(N=[N+]=[N-])c(N=[N+]=[N-])nc(N=[N+]=[N-])c1N=[N+]=[N-]
QECNUK,Nc1nc(nnc1C#N)N=[N+]=[N-]
QEHGAN,N#Cc1c(N=[N+]=[N-])c(C#N)c(N=[N+]=[N-])c(C#N)c1N=[N+]=[N-]
QEPKED,[N-]=[N+]=NC[C@@H]1C[C@@H](N([C@H]1C(=O)N[C@H](C(=O)OC)C(C)C)C(=O)OC(C)(C)C)CN=[N+]=[N-]
QIBGAM,[N-]=[N+]=N[C@H]([C@H]1O[C@H]2[C@@H]([C@H]1OCc1ccccc1)OC(O2)(C)C)COC(c1ccccc1)(c1ccccc1)c1ccccc1
QIFFUH,[N-]=[N+]=N[C@]1(C)C(=O)O[C@@H]2[C@H]1O[C@@H](OC2)c1ccccc1
QIJMIF,N(=[N+]=[N-])[C@@H]1[C@@H]([C@H]([C@@H]2O[C@H]1CO2)OC(C2=CC=CC=C2)=O)OCC2=CC=CC=C2
QIJMOL,[N-]=[N+]=N[C@@H]1[C@H]2OC[C@H](O2)[C@H]([C@@H]1OCc1ccccc1)OC(=O)c1ccccc1
QIJMUR,[N-]=[N+]=N[C@H]1[C@@H](O[C@H]2[C@H]([C@@H]1O)O[C@@H](OC2)c1ccccc1)OC(=O)c1ccccc1
QIJNAY,N(=[N+]=[N-])[C@H]1[C@@H](O[C@@H]([C@H]([C@@H]1OCC1=CC=CC=C1)OCC1=CC=CC=C1)CO)OC(C1=CC=CC=C1)=O
QIJNOM,[N-]=[N+]=NCCC[C@@H]1C[C@H](OC1=O)[C@H](Cc1ccccc1)NC(=O)OCc1ccccc1
QIMHID,[N-]=[N+]=N/C(=N/N(=O)=O)/N
QIPHII,C#CCO[C@H]1[C@@H](CO)O[C@H]([C@@H]([C@H]1O)O)N=[N+]=[N-]
QIZBEG01,[N-]=[N+]=NCC(O[C@H]1O[C@H](COC(=O)C)[C@H]([C@@H]([C@@H]1OC(=O)C)OC(=O)C)OC(=O)C)CN=[N+]=[N-]
QOCVIO,[N-]=[N+]=NC1=NN=NN1
QODCOE,[N-]=[N+]=NC[C@H]1O[C@H]([C@@H]([C@@H]1C#C)OC(=O)C)OC(=O)C
QOXPAV,[N-]=[N+]=NC1=NN=NN1/N=C/1\CC/C(=N/N2N=NN=C2N=[N+]=[N-])/CC1
QOXPEZ,[N-]=[N+]=NC1=NN=NN1NC1=CCCC/C/1=N\N1N=NN=C1N=[N+]=[N-]
QUGLEL,[N-]=[N+]=N[C@H](C(=O)N1CCc2c1nccc2)[C@H](c1ccccc1C#Cc1ccccc1)O
QUMJEO,CC[C@H]([C@H](c1ccc(cc1)OC)N=[N+]=[N-])C(=O)N1[C@H](COC1=O)Cc1ccccc1
QUMJIS,CC[C@H]([C@@H](c1ccc(cc1)OC)N=[N+]=[N-])C(=O)N1[C@H](COC1=O)Cc1ccccc1
QUMJUE,CCC[C@H]([C@H](c1ccc(cc1)OC)N=[N+]=[N-])C(=O)N1[C@H](COC1=O)Cc1ccccc1
QUMQAS,CCN(CC)c1ccc(C=C(C#N)C#N)c(OCc2ccc(cc2)N=[N+]=[N-])c1
QURVUW,[N-]=[N+]=NC1=NN=C(N=[N+]=[N-])N1N1C(=NN=C1N=[N+]=[N-])N=[N+]=[N-]
RACQEV,[N-]=[N+]=NC[C@H]([C@H]1O[C@H]2[C@@H]([C@H]1O)OC(O2)(C)C)O
RACTUL,[N-]=[N+]=NC[C@H]1O[C@@H]2[C@@](C1)(OC)NC(=O)N2
RAJXIM,CO[C@H]1O[C@@H]2CO[C@H](O[C@H]2C=C1N=[N+]=[N-])c1ccccc1
RASVAI,COC(=O)CN1C=Nc2c(N=[N+]=[N-])nc(N=[N+]=[N-])nc12
RATMAA,[N-]=[N+]=N[C@H]1CC[C@@H]2N([C@H]1CC[C@@H]2N=[N+]=[N-])/N=N/N1[C@H]2CC[C@@H]([C@@H]1CC[C@@H]2N=[N+]=[N-])N=[N+]=[N-]
REFXAE,[N-]=[N+]=N[C@H]([C@H]1O[C@H]([C@H]2[C@@H]1OC(O2)(C)C)N1C=Nc2c1ncnc2N)C
RETMEJ,Cc1c(N=[N+]=[N-])nc(N=[N+]=[N-])nc1N=[N+]=[N-]
REVJEI,C[C@H]1CC[C@H]([C@@H](CN1C(=O)OCc1ccccc1)O)N=[N+]=[N-]
REZJAJ,O=CN=[N+]=[N-]
REZSUL,C[C@@H]1CC[C@H]([C@@H](CN1C(=O)OCc1ccccc1)O)N=[N+]=[N-]
RIBJOC,OC[C@]12OC(O[C@@H]2[C@H](OC1=O)CN=[N+]=[N-])(C)C
RIGNAW,C[C@H](N1C[C@H]2[C@@](C1=O)(C2)NC(=O)N=[N+]=[N-])c1ccccc1
RIHNAA,Oc1ccc(CN=[N+]=[N-])c2cccnc12
RIQWIZ,O=C(CN=[N+]=[N-])N1CCNC1=O
RISSEU,[N-]=[N+]=NC1=NN(N=C1c1ccccc1)c1ccccc1
RIXVUQ,[N-]=[N+]=N[C@H]1CO[C@H]([C@H]1OCc1ccccc1)C(=O)O
ROBCET,[N-]=[N+]=N[C@@H]1C[C@H](O)[C@@H]([C@H]([C@H]1O)NC(=O)OC(C)(C)C)OCc1ccccc1
ROPVOH,[N-]=[N+]=N[C@@H]1CN2[C@@H](C1)C(=O)N1[C@@](C2=O)(CCC1)CC(=O)OC(C)(C)C
ROZRAB,[N-]=[N+]=N[C@H]1O[C@@H]2CO[C@@H](O[C@@H]2[C@@H]([C@H]1O)O)c1ccccc1
ROZRAB01,[N-]=[N+]=N[C@H]1O[C@@H]2CO[C@@H](O[C@@H]2[C@@H]([C@H]1O)O)c1ccccc1
ROZRAB02,[N-]=[N+]=N[C@H]1O[C@@H]2CO[C@@H](O[C@@H]2[C@@H]([C@H]1O)O)c1ccccc1
ROZRAB03,[N-]=[N+]=N[C@H]1O[C@@H]2CO[C@@H](O[C@@H]2[C@@H]([C@H]1O)O)c1ccccc1
ROZRAB04,[N-]=[N+]=N[C@H]1O[C@@H]2CO[C@@H](O[C@@H]2[C@@H]([C@H]1O)O)c1ccccc1
ROZRAB05,[N-]=[N+]=N[C@H]1O[C@@H]2CO[C@@H](O[C@@H]2[C@@H]([C@H]1O)O)c1ccccc1
ROZRAB06,[N-]=[N+]=N[C@H]1O[C@@H]2CO[C@@H](O[C@@H]2[C@@H]([C@H]1O)O)c1ccccc1
ROZRAB07,[N-]=[N+]=N[C@H]1O[C@@H]2CO[C@@H](O[C@@H]2[C@@H]([C@H]1O)O)c1ccccc1
RUBVAO,[N-]=[N+]=N[C@]1(COc2c(C1=O)cccc2)[C@]1(NC(=O)OC(C)(C)C)C(=O)N(c2c1cccc2)C
RUCCEZ,[N-]=[N+]=N[C@@]1(c2ccccc2)[C@@H](O)c2ccccc2N2[C@@]1(O)C(=O)N(Cc1ccccc1)CC2=O
RUFJIM,[N-]=[N+]=NCCO[C@@H]1O[C@H](COC(=O)C)[C@H]([C@@H]([C@H]1OC(=O)C)OC(=O)C)OC(=O)C
RUFYAT,Nc1nc(N=[N+]=[N-])nc(N=[N+]=[N-])n1
RUFYAT01,Nc1nc(N=[N+]=[N-])nc(N=[N+]=[N-])n1
RUGFAC,[N-]=[N+]=N/C=C(/CC(=O)c1ccccc1)\C
RUSBUE,N#CC1=C(N=C(N1)N=[N+]=[N-])C#N
RUSHIW,[N-]=[N+]=N[C@]1(C[C@H]2C[C@@H]1C[C@@]2(N=[N+]=[N-])N(=O)=O)N(=O)=O
RUVDOE,CCN(CC)C(=O)c1cc(cc(n1)C(=O)N(CC)CC)N=[N+]=[N-]
RUVDUK,CCOC(=O)c1cc(cc(n1)C(=O)OCC)N=[N+]=[N-]
SAGLAQ,CC(C)(C)OC(=O)C(N=[N+]=[N-])(N=[N+]=[N-])C(=O)c1ccccc1
SAXXIB,[N-]=[N+]=N[C@](c1ccc(cc1)C)(/C=C(/c1ccc(cc1)C)\C)C
SAYXUM,O=C(OCCN=[N+]=[N-])c1cccc(n1)C(=O)OCCN=[N+]=[N-]
SAYYAV,[N-]=[N+]=N[C@@]([C@@H]([C@](c1ccccc1)(O)C)O)(c1ccccc1)C
SAYYEZ,[N-]=[N+]=N[C@]([C@@H]([C@](c1ccccc1)(O)C)O)(c1ccccc1)C
SENNOQ,COc1ccc(cc1)CO[C@@H]1[C@@H]2OCO[C@H]1[C@@H]([C@@H]([C@@H]2OCc1ccccc1)N=[N+]=[N-])OCc1ccccc1
SENNUW,COc1ccc(cc1)CO[C@@H]1[C@@H]2OCO[C@H]1[C@@H]([C@H]([C@@H]2OCc1ccccc1)N=[N+]=[N-])OCc1ccccc1
SENPIM,[N-]=[N+]=N[C@@H]1[C@H](OCc2ccccc2)[C@@H](OC(=O)[C@@H](c2ccccc2)OC(=O)C)[C@@H]2[C@H]([C@@H]1OCc1ccccc1)OCO2
SESDAX,C#CCOC(=O)CC[C@H]([C@H]1CC[C@@H]2[C@]1(C)[C@@H](O)C[C@H]1[C@H]2CC[C@H]2[C@]1(C)CC[C@@H](C2)N=[N+]=[N-])C
SIKBIY,[N-]=[N+]=N[C@@H](c1ccccc1)CC(=O)c1ccccc1
SIKBUK,[N-]=[N+]=N[C@@H]([C@H]1O[C@H]2[C@@H]([C@@H]1OC)OC(O2)(C)C)CO
SINMEI,[N-]=[N+]=N[C@H]1O[C@H]2C(=O)O[C@@H]([C@@H]1OC(=O)C)[C@H]2OC(=O)C
SIWLOA,CCOC(=O)[C@@H]1C[C@H]([C@@H]([C@@H]1NC(=O)OC(C)(C)C)O)N=[N+]=[N-]
SIWLUG,CCOC(=O)[C@H]1C[C@@H]([C@@H]2[C@H]1NC(=O)O2)N=[N+]=[N-]
SOBCAQ,CC(C)(C)N=[N+]([O-])C(=NNc1ccccc1N=[N+]=[N-])C1=NOC=N1
SOMKAJ,[N-]=[N+]=Nc1ccc(cc1)C1=NN([C@@H](C1)C1=C(Oc2ccc3c(c2)cccc3)N(N=C1C)c1ccccc1)C(=O)C
SOMYEA,CCOC(=O)N1c2ccccc2[C@]2(C1(N=[N+]=[N-])N=[N+]=[N-])CCNC(=O)O2
SOMYIE,CCOC(=O)N1c2ccccc2[C@]2([C@H]1N=[N+]=[N-])CCC(=O)O2
SOSBIL,N(=[N+]=[N-])[C@H]1[C@@H](O[C@@H](C1)CO)N1C(=O)NC(=O)C(C)=C1
SOTPAU,C#CC[C@H]1O[C@@H](C[C@@H]1N=[N+]=[N-])N1C=CC(=NC1=O)NC(=O)c1ccccc1
SUCKIM,C[C@H]1CN(C[C@@H](CN=[N+]=[N-])O)C(=O)NC1=O
SUGBEB,COC([C@H]([C@@H]1[C@H]([C@H]([C@H](O)O1)O)N=[N+]=[N-])O)=O
SUJVOK,O=C1[C@@H](CCC(=O)N1CCN=[N+]=[N-])N1C(=O)c2c(C1=O)cccc2
SUMRAT,CCCCCOC1=C(C)C=NC(=N1)O[C@@H]1C[C@H](O[C@@H]1CO)N=[N+]=[N-]
SUQKAS,O=C/C=C(/[C@H]1CC[C@@H]2[C@]1(C)CC[C@H]1[C@H]2CC=C2[C@]1(C)CC[C@@H](C2)N=[N+]=[N-])\c1ccccc1
TAARAZ,C(C)(=O)O[C@@H]1[C@H](OC[C@H]([C@H]1OC(C)=O)OC(C)=O)N=[N+]=[N-]
TAFZOQ,CO[C@H]1O[C@H](CO)[C@@H]([C@@H](C1)N=[N+]=[N-])O
TAHHOC,OC[C@]12CO[C@@H]([C@@H]2N=[N+]=[N-])[C@H](O1)N1C=CC(=O)NC1=O
TAQNEH,[N-]=[N+]=N/C(=N\NC(=O)OC)/C(=N/NC(=O)OC)/N=[N+]=[N-]
TARPEK,CCOC(=O)C1=C(CC[C@@H]1N=[N+]=[N-])c1ccc(cc1)c1ccccc1
TAXRER,[N-]=[N+]=N[C@@H]1[C@H](OC(=O)C)O[C@H]([C@H]([C@H]1OC(=O)C)OC(=O)C)C
TAYHOQ,CO[C@@H]1OCC[C@H]([C@H]1N=[N+]=[N-])NC(=O)O[C@]12C[C@H]3C[C@@H](C2)C[C@@H](C1)C3
TECNUL,O=C(OCCN=[N+]=[N-])c1cc(cc(c1)C(=O)OCCN=[N+]=[N-])C(=O)OCCN=[N+]=[N-]
TEDPOH,O[C@@H]([C@H](Cc1ccccc1)NC(=O)[C@@](C(C)(C)C)(O)C)CN=[N+]=[N-]
TEHVEI,[N-]=[N+]=N[C@@H]1O[C@H](C(=O)NCC2=CN(N=N2)[C@@H]2O[C@H](COC(=O)C)[C@H]([C@@H]([C@H]2OC(=O)C)OC(=O)C)OC(=O)C)[C@H]([C@@H]([C@H]1OC(=O)C)OC(=O)C)OC(=O)C
TEJGOH,[N-]=[N+]=N[C@H]1N2CN(c3c1cc(C)cc3)Cc1c2ccc(c1)C
TEJNOO,O=C1c2ccccc2N(CCCN=[N+]=[N-])C1(c1ccccc1)c1ccccc1
TIBCOZ,[N-]=[N+]=N[C@@H]([C@@H](c1cc(c(c(c1)C(C)(C)C)O)C(C)(C)C)c1ccccc1)C(=O)OC
TIBLUM,[N-]=[N+]=N[C@]1(C)C(=O)OC[C@]2([C@@H]1OC(O2)(C)C)C
TIGRIL,[N-]=[N+]=N[C@@H]1[C@H](ON(=O)=O)O[C@H]([C@H]([C@H]1OC(=O)C)OC(=O)C)C
TOCLUU,[N-]=[N+]=N[C@]12C[C@H]3[C@H]4[C@@H](C2)[C@H]2[C@@H](C1)[C@@H]3C[C@@](C4)(C2)N=[N+]=[N-]
TODTIS,O=C(CNC(=O)CN=[N+]=[N-])NCC#C
TODVAM,O=C(CNC(=O)CNC(=O)CN=[N+]=[N-])NCC#C
TUHCIK,COC(=O)/C(=C/[C@@H](c1c(C)cccc1C)N=[N+]=[N-])/N=[N+]=[N-]
TULTEC,[N-]=[N+]=NCc1nc(CN=[N+]=[N-])c(CN=[N+]=[N-])nc1CN=[N+]=[N-]
TUMZAE,[N-]=[N+]=N[C@@]1(Oc2c(C1=O)cc1c(c2)OC(=O)C=C1)C(C)C
TUZPEJ,O=C(CN=[N+]=[N-])NC1=NON=C1NC(=O)CN=[N+]=[N-]
UCOLAC,CN(CC(=O)N=[N+]=[N-])N(=O)=O
UDEYOU,[N-]=[N+]=N[C@@H]1OCO[C@H]2[C@@H]1O[C@H]1[C@@H]2OC(=O)C1
UGEBOZ,Cc1ncc(CN=[N+]=[N-])c(N)n1
UHOYIB,[N-]=[N+]=NC1=NON=C1[N+]1=NC2=NON=C2[N-]1
UKIWAN,OC(=O)CCCc1ccc(cc1)N=[N+]=[N-]
UKUWAA,[N-]=[N+]=N[C@@H]1[C@@H](OC(=O)C)[C@H](OC(=O)C)[C@H]2[C@@H]([C@H]1OC(=O)C)[C@@H]2C(=O)OC
ULUYEF,[N-]=[N+]=N[C@]1(CC[C@H]2N(C1=O)[C@H](CO)CC2)Cc1ccccc1
UMEPIO,[N-]=[N+]=N[C@H](c1c(OC)cc(cc1OC)OC)c1ccc(c(c1)OC)OC
UMUNUM,CCCCCCCCCCCCCC[C@@H]1[C@H](OC(=O)N1Cc1ccccc1)[C@@H](N=[N+]=[N-])CO
UNUPAX,[N-]=[N+]=N[C@H]1C[C@@H]2N(C1)C(=O)c1c(NC2=O)cccc1
UPEYIY,[N-]=[N+]=N[C@H](C(=O)NCCc1ccccc1)C[C@]1(O)C[C@H]2O[C@@H]1[C@H]1[C@@H]2O1
UQIGAF,[N-]=[N+]=N[C@@H]1ON([C@@H]([C@H]1O)c1ccccc1)C(=O)OCc1ccccc1
UQIGEJ,[N-]=[N+]=N[C@H]1ON([C@@H]([C@H]1O)c1ccccc1)C(=O)OCc1ccccc1
UQIQOB,[N-]=[N+]=NC(N=[N+]=[N-])=NN1N=NN=C1N=[N+]=[N-]
URALEH,[N-]=[N+]=NC[C@H](N1C=NC=C1)ON1C(C)(C)CCCC1(C)C
UVACIG,[N-]=[N+]=NC[C@]12C(=O)[C@@H]3[C@@H]4[C@H]1[C@@H]1[C@@]2(CN=[N+]=[N-])C(=O)[C@H]3[C@@H]1C4
UVACUS,COc1cc(CN=[N+]=[N-])c(OC)cc1CN=[N+]=[N-]
UVAFAB,O[C@H]1[C@H](COC[C@@H]1N=[N+]=[N-])OC(c1ccccc1)(c1ccccc1)c1ccccc1
UVAFEF,O[C@@H]1[C@@H](COC[C@H]1N=[N+]=[N-])OC(c1ccccc1)(c1ccccc1)c1ccccc1
UVASEQ,C#CCOC(=O)CC[C@@H]([C@@H]1CC[C@H]2[C@@]1(C)[C@H](O)C[C@@H]1[C@@H]2[C@@H](O)C[C@@H]2[C@@]1(C)CC[C@@H](C2)OC(=O)CN=[N+]=[N-])C
UVASIU,C#CCOC(=O)CC[C@H]([C@H]1CC[C@@H]2[C@]1(C)[C@@H](O)C[C@H]1[C@H]2CC[C@H]2[C@]1(C)CC[C@H](C2)OC(=O)CN=[N+]=[N-])C
UVASOA,C#CCOC(=O)CC[C@H]([C@H]1CC[C@@H]2[C@]1(C)CC[C@H]1[C@H]2CC[C@H]2[C@]1(C)CC[C@H](C2)OC(=O)CN=[N+]=[N-])C
UVEZOL,[N-]=[N+]=NCCN(c1ccc(cc1)/C=C/C1=CC(=C(C#N)C#N)CC(C1)(C)C)CC
UVOYEK,[N-]=[N+]=N[C@H]1c2cc(OC)ccc2OC([C@@H]1O)(C)C
UWEXEC,[N-]=[N+]=N[C@H]1N(c2ncccn2)c2c([C@@H]1ON1C(C)(C)CCCC1(C)C)cc(cc2)OC
UWEXOM,[N-]=[N+]=N[C@H]1N(c2ncccn2)c2c([C@@H]1O)cccc2
UWUZEU,OC(=O)C(N=[N+]=[N-])(N=[N+]=[N-])C(O)=O
UXAROB,O=C1CC(C)(C)[C@@H](C2=C1C=NN2c1ccccc1)N=[N+]=[N-]
UXOGAQ,C#CCOC(=O)[C@@]12CCC(C[C@H]2C2=CC[C@H]3[C@@]([C@@]2(CC1)C)(C)CC[C@@H]1[C@]3(C)CC[C@@H](C1(C)C)OC(=O)CN=[N+]=[N-])(C)C
UYIROM,COC(=O)C1=C(NC(=N1)CN=[N+]=[N-])c1ccccc1
UZAKIR,[N-]=[N+]=N[C@@H]([C@H]1O[C@H]2[C@@H]([C@H]1O)OC(=O)C2)c1ccccc1
UZAKOX,[N-]=[N+]=N[C@H]([C@H]1O[C@H]2[C@@H]([C@H]1O)OC(=O)C2)c1ccccc1
UZAKUD,[N-]=[N+]=NC[C@H]1O[C@H]2[C@@H]([C@H]1O)OC(=O)C2
UZALIS,[N-]=[N+]=N[C@H]1O[C@@H]2CC(=O)O[C@@H]2[C@H]([C@@H]1c1ccccc1)O
VACZOS,[N-]=[N+]=NC1=NN(N=C1c1ccccn1)c1ccccc1
VANJEZ,OC[C@H]1O[C@H](C[C@H]1N=[N+]=[N-])N1C=CC(=O)NC1=O
VARBOF,COCCOCO[C@@H]([C@H](NC(=O)OC(C)(C)C)CC1CCCCC1)[C@@H](CN=[N+]=[N-])O
VEFFET,[N-]=[N+]=N[C@@H]1C2=C(OC1(C)C)c1c(C(=O)C2=O)cccc1
VEGKUO,O=C(OCCN=[N+]=[N-])c1cccc(c1)C(=O)OCCN=[N+]=[N-]
VELLEE,[N-]=[N+]=N[C@]12C[C@H]3C[C@H]4[C@@H]2C[C@H]2C[C@@H]1[C@@H](C3)[C@@]4(C2)N=[N+]=[N-]
VELLEE01,[N-]=[N+]=N[C@]12C[C@H]3C[C@H]4[C@@H]2C[C@H]2C[C@@H]1[C@@H](C3)[C@@]4(C2)N=[N+]=[N-]
VENDOH01,[N-]=[N+]=NC1=NC2=NN=NN2C=C1
VERSUG,[N-]=[N+]=N[C@@H]1C(=O)O[C@@H]([C@H]2[C@@H]1OC(O2)(C)C)[C@H]1COC(O1)(C)C
VETQOC,[N-]=[N+]=NC1=NN=C(N=[N+]=[N-])N1N=NN1C(=NN=C1N=[N+]=[N-])N=[N+]=[N-]
VILCOL,N#Cc1c(N=[N+]=[N-])nc(N=[N+]=[N-])nc1N=[N+]=[N-]
VINMUB,[N-]=[N+]=N[C@H]([C@H]1COC(=O)N1)C1CCCCC1
VIQGOR,[N-]=[N+]=NC[C@]1(OO)CC[C@H]2C[C@@H]1C2(C)C
VOGTAP,[N-]=[N+]=NC1=NN2C(=NN/C/2=N\N(=O)=O)N=N1
VOGTOD,NC1=NN=C2N=NC(=NN12)N=[N+]=[N-]
VOGXOH,CCCCCCCCCC[C@@H](NC(=O)c1ccc(cc1)N(=O)=O)CN=[N+]=[N-]
VOHPOX,[N-]=[N+]=N[C@H]([C@@H](N=[N+]=[N-])c1ccccc1)c2c(OC)cccc2
VOYFEX,[N-]=[N+]=NC(C(=O)NC(C(=O)NC(C(=O)NC(C(=O)N[C@H](C(=O)OC(C)(C)C)C(C)C)(C)C)(C)C)(C)C)(C)C
VUCSOB,O=C(C(=N#N)C(=O)OC(C)(C)C)CC[C@@H]1NC(=O)[C@H]1N=[N+]=[N-]
VUFLAL,CO[C@H]1O[C@@H]2CO[C@H](O[C@H]2[C@@H]([C@@H]1N=[N+]=[N-])N=[N+]=[N-])c1ccccc1
VUFLEP,CO[C@H]1O[C@@H]2CO[C@@H](O[C@@H]2[C@H]([C@@H]1O)N=[N+]=[N-])c1ccccc1
VUFLIT,CO[C@H]1O[C@@H]2CO[C@@H](O[C@@H]2[C@H]([C@@H]1N=[N+]=[N-])O)c1ccccc1
VUFLOZ,CO[C@H]1O[C@@H]2CO[C@@H](O[C@@H]2[C@@H]([C@@H]1N=[N+]=[N-])N=[N+]=[N-])c1ccccc1
VUNKEU,OC(=O)c1ccc(cc1)N=[N+]=[N-]
VURWEN,[N-]=[N+]=NCC1=C(C(=O)OC)[C@H](NC(=O)N1C)c1ccc(cc1)OC
VUSBOD,CCOC(=O)[C@]1(C)CCC[C@@]2([C@@H]1CC[C@]13[C@H]2CC[C@@](C3)([C@H](C1)N=[N+]=[N-])C)C
VUWCUM,O=C(OC[C@H]1O[C@H](C[C@@H]1N=[N+]=[N-])N1C=C(C)C(=O)NC1=O)OC[C@H]1O[C@H](C[C@@H]1N=[N+]=[N-])N1C=C(C)C(=O)NC1=O
VUZLEI,[N-]=[N+]=NCC(=O)N1[C@@H](CC(=O)[C@H]([C@@H]1c1ccccc1)C)c1ccccc1
WAFDAM,O=C([C@@]1(CC[C@@H](CC1)c1ccccc1)OC(=O)C)CN=[N+]=[N-]
WAHXOT,C=CC[C@H]([C@@H]([C@@H]1OC(O[C@H]1[C@@H]1COC(O1)(C)C)(C)C)NC(=O)C)N=[N+]=[N-]
WAKQUX,[N-]=[N+]=Nc1ccc(cc1)C[C@H](C(=O)NC(C(=O)N[C@@H](C(=O)OC)CC(C)C)(C)C)NC(=O)OC(C)(C)C
WAPWEQ,[N-]=[N+]=N[C@@H]1O[C@H](C(=O)Nc2ccccc2)[C@H]([C@@H]([C@H]1OC(=O)C)OC(=O)C)OC(=O)C
WATFAZ,CC1=CC(=NN2C=NN=C12)N=[N+]=[N-]
WAWFOS,[N-]=[N+]=Nc1cc(N=[N+]=[N-])nc(c1)N=[N+]=[N-]
WAYHEL,[N-]=[N+]=N[C@H]1[C@@H](OC([C@H]1OCc1ccccc1)(COC(=O)c1ccccc1)COC(=O)c1ccccc1)N1C=C(C)C2=NN=NN2C1=O
WECLEX,[N-]=[N+]=N[C@H]([C@H]([C@H]1C[C@@]2(CC[C@@H]1OCc1ccccc1)CCC2=O)OCc1ccccc1)Cc1ccc(cc1)OC
WECLIB,[N-]=[N+]=N[C@H]([C@H]([C@H]1C[C@]2(CC[C@@H]1OCc1ccccc1)CCC2=O)OCc1ccccc1)Cc1ccc(cc1)OC
WECMUO,OC[C@@]1(O)[C@@H](C[C@@]2([C@@]1(C)O)N=C(O[C@H]2C)c1ccc(cc1)OC)N=[N+]=[N-]
WELMEF,CC1=CN([C@H]2C[C@@H]([C@](O2)(CO)N=[N+]=[N-])O)C(=O)NC1=O
WETNAL,[N-]=[N+]=N[C@@H]1C[C@H](N(C1)C(=O)C)C(=O)OC
WEYRUP,[N-]=[N+]=N[C@H]([C@@H]1[C@@H](OCc2ccccc2)[C@H](OCc2ccccc2)[C@H](O[C@H]1N1C=C(C)C(=O)NC1=O)COCc1ccccc1)C(=O)OC
WIGCAR,[N-]=[N+]=N[C@@H]1[C@H](O)[C@@H](O)[C@@H]([C@@H]2[C@H]1O2)O
WIPDUU,[N-]=[N+]=N[C@@H]1O[C@H](COC(=O)C)[C@@H]([C@@H]([C@H]1OC(=O)C)OC(=O)C)OC(=O)C
WIPDUU01,[N-]=[N+]=N[C@@H]1O[C@H](COC(=O)C)[C@@H]([C@@H]([C@H]1OC(=O)C)OC(=O)C)OC(=O)C
WODJUW,COC(=O)c1cc(OCC(C)C)c2cc3c(OCC(C)C)cc(nc3c(CN=[N+]=[N-])c2n1)C(=O)OC
WOGFAZ,OC[C@@H]1NC(=O)[C@@H](CCC=C1)N=[N+]=[N-]
WOHHIM,N#C[C@H]1[C@H](N=[N+]=[N-])CCc2c1cccc2
WOMFAH,[N-]=[N+]=N[C@@H]1CCCC[C@]1(c1ccccc1)C(=O)c1ccccc1
WOMFIP,[N-]=[N+]=N[C@H]1CCCO[C@@]1(c1ccccc1)C(=O)c1ccccc1
WOVKOJ,[N-]=[N+]=NC[C@H]1C[C@](c2c1cccc2)(c1ccccc1)C(=O)Nc1ccccc1
WOYJAV,[N-]=[N+]=N[C@H]([C@@H](C(=O)c1ccccc1)O)c1ccccc1
WUDHIM,COC(=O)N1C=C(N=C1)/C=C/C(=O)N=[N+]=[N-]
WULDUD,[N-]=[N+]=N[C@@H]1C(=O)O[C@@H]([C@H]([C@@H]1OCc1ccccc1)OC(=O)C)C(=O)OC
WULDUD01,[N-]=[N+]=N[C@@H]1C(=O)O[C@@H]([C@H]([C@@H]1OCc1ccccc1)OC(=O)C)C(=O)OC
WURKUR,CC(C)(N=[N+]=[N-])C1=CN(N=N1)C(C)(C)C1=CN(N=N1)C(C)(C)C1=CN(Cc2ccccc2)N=N1
WURLAY,[N-]=[N+]=N[C@](C1=CN(N=N1)C(C1=CN(N=N1)C(C1=CN(N=N1)C(C1=CN(N=N1)Cc1ccccc1C(=O)O)(C)C)(C)C)(C)C)(C(C)C)C
WURXOX,[N-]=[N+]=N[C@H]1CC[C@@H](c2c1c1[C@H](CC[C@@H](c1c1c2[C@H](CC[C@@H]1N=[N+]=[N-])N=[N+]=[N-])N=[N+]=[N-])N=[N+]=[N-])N=[N+]=[N-]
WUWYAQ,[N-]=[N+]=NC1=NC(=NN1)N=[N+]=[N-]
XACCIR,[N-]=[N+]=N[C@@H]1[C@H](O[C@H]2[C@@H]1OC(O2)(C)C)[C@H](OC(=O)C)COC(=O)C
XACCOX,[N-]=[N+]=N[C@@H]1[C@H](O[C@H]2[C@@H]1OC(O2)(C)C)[C@H](OCc1ccccc1)COCc1ccccc1
XACCUD,[N-]=[N+]=N[C@@H]1[C@H](O[C@H]2[C@@H]1OC(O2)(C)C)[C@H](OCc1ccccc1)CO
XAFMAT,[N-]=[N+]=N[C@]1(C(=O)N[C@]2(C(=O)OC)[C@H]3OC(O[C@H]3O[C@@H]2[C@H]2COC(O2)(C)C)(C)C)[C@H]2OC(O[C@H]2O[C@@H]1[C@H]1COC(O1)(C)C)(C)C
XAFMIB,[N-]=[N+]=N[C@@]1(C(=O)O)[C@H](O[C@H]2[C@@H]1OC(O2)(C)C)[C@H]1COC(O1)(C)C
XAFNEY,[N-]=[N+]=N[C@]1(C(=O)OC)[C@@H](OC)O[C@H]2[C@H]([C@@H]1OCc1ccccc1)O[C@@H](OC2)c1ccccc1
XALDOG,[O-][N+]1=NC(=[N+]([O-])N=C1N=[N+]=[N-])N=[N+]=[N-]
XATYUM,[N-]=[N+]=N[C@H]1Cc2c([C@H]1O)cccc2
XATZAT,[N-]=[N+]=N[C@H]1Cc2c([C@@H]1O)cccc2
XAVZUP,NC(=O)CN=[N+]=[N-]
XAYRIY,[N-]=[N+]=NC[C@H]1O[C@H]2[C@@H]([C@H]1OC(=O)c1ccc(cc1)N(=O)=O)OC(O2)(C)C
XAZSUN,[N-]=[N+]=NC[C@H]1C(=O)OC[C@@H]2[C@H]1OC(O2)(C)C
XECCOZ,N#Cc1ccccc1c1ccc(CN=[N+]=[N-])cc1
XELDEZ,[N-]=[N+]=NCCCCCCCCCCOc1ccc(cc1)/C/1=C/2\C=C/C(=C(/C3=N/C(=C(\C4=CC=C(/C(=C/5\N=C1C=C5)/c1c(C)cc(cc1C)C)N4)/c1ccc(cc1)OCCCCCCCCCCN=[N+]=[N-])/C=C3)\c1c(C)cc(cc1C)C)/N2
XENQUD,NC1=NC(=NN1)N=[N+]=[N-]
XESNUE,[N-]=[N+]=N[C@H]1[C@H](OC(=O)C)[C@@H](C)O[C@H]([C@@H]1OC(=O)C)OC
XEXVUS,COc1c2COCCOCCOCCOCCOCc1cc(c2)N=[N+]=[N-]
XEYXOR,[N-]=[N+]=NC[C@H]1OC(=O)N2[C@](C1)(CCC2)C(=O)OC
XIJBUO,OC[C@H]1O[C@H]([C@@H]([C@@H]1O)O)N1N=C(N=C1C(=O)N)N=[N+]=[N-]
XIJCAW,[N-]=[N+]=NCCC[C@]12C(=O)CC[C@@]32[C@H](CC1=O)C[C@H](CC13OCCO1)C
XOCZOF,[N-]=[N+]=NCC(CN=[N+]=[N-])(CN=[N+]=[N-])Oc1nc(OC(CN=[N+]=[N-])(CN=[N+]=[N-])CN=[N+]=[N-])nc(OC(CN=[N+]=[N-])(CN=[N+]=[N-])CN=[N+]=[N-])n1
XOCZUL,[N-]=[N+]=NCC(=O)N1[C@@H]2N(N(=O)=O)[C@H]3N([C@@H]2N([C@H]2[C@@H]1N(N(=O)=O)[C@@H]3N2N(=O)=O)C(=O)CN=[N+]=[N-])N(=O)=O
XODBAU,[N-]=[N+]=NCC(CN=[N+]=[N-])(CN=[N+]=[N-])Oc1nnc(OC(CN=[N+]=[N-])(CN=[N+]=[N-])CN=[N+]=[N-])nn1
XODZIZ,[N-]=[N+]=N[C@H]1CCC[C@H](C1=O)c1ccccc1
XOGROA,C[C@@H](C(=O)O)[C@H]1CC[C@H](O1)C[C@@H](N=[N+]=[N-])CCC
XOHFEG,O=C1N(CCN2C(=O)[C@@H]([C@@H]2c2ccccc2)N=[N+]=[N-])[C@@H]([C@@H]1N=[N+]=[N-])c1ccccc1
XORHEU,CC(=O)C(=Cc1ccccc1N=[N+]=[N-])C(C)=O
XORHUK,CCOC(=O)C(=Cc1ccccc1N=[N+]=[N-])C(=O)OCC
XORNAU,N#Cc1c(N=[N+]=[N-])nc(N=[N+]=[N-])c(C#N)c1N=[N+]=[N-]
XOTCEQ,CCCCC1=C(N=NN1Cc1ccccc1)[C@@](c1ccccc1)(C(=O)OC)N=[N+]=[N-]
XUBZID,OC[C@H]1O[C@@]([C@H]([C@@H]1O)O)(N=[N+]=[N-])C(=O)NC
XUBZOJ,C(CCCCCCCCCCC)NC([C@@]1([C@@H](O)[C@H](O)[C@H](O1)CO)N=[N+]=[N-])=O
XUKLOF,[N-]=[N+]=N[C@@H]([C@H]1O[C@H](OC)[C@H]2[C@]([C@@H]1OC(=O)C)(OC(=O)C)[C@H](CO2)OC(=O)C)C(=O)OC
XUKLUL,[N-]=[N+]=N[C@H]([C@H]([C@H]1O[C@H]([C@H]2[C@]1(OC(=O)C)[C@H](CO2)OC(=O)C)OC)OC(=O)C)C(=O)OC
XUKMAS,[N-]=[N+]=N[C@H]([C@H]1O[C@H](OC)[C@H]2[C@]([C@@H]1OC(=O)C)(OC(=O)C)[C@H](CO2)OC(=O)C)C(=O)OC
XUSVAL,[N-]=[N+]=Nc1ccc(cc1)C(=O)/C=C/C1=C(Oc2ccccc2C)N(N=C1C)c1ccccc1
XUSVIT,[N-]=[N+]=Nc1ccc(cc1)C(=O)/C=C/C1=C(Oc2ccc3c(c2)cccc3)N(N=C1C)c1ccccc1
XUVFEZ,Cc1cc(cc(C)c1c1cccc(c1N=[N+]=[N-])c1c(C)cc(cc1C)C(C)(C)C)C(C)(C)C
XUVWUG,[N-]=[N+]=Nc1ccc(cc1)CN1[C@@H]2[C@@H]3N([C@@H]4N([C@H]1[C@H](N2Cc1ccc(cc1)N=[N+]=[N-])N([C@@H]4N3Cc1ccc(cc1)N=[N+]=[N-])Cc1ccc(cc1)N=[N+]=[N-])Cc1ccc(cc1)N=[N+]=[N-])Cc1ccc(cc1)N=[N+]=[N-]
YAJXEQ,[N-]=[N+]=NCCN1N=NC(=N1)/N=N/C1=NN(N=N1)CCN=[N+]=[N-]
YAJXUG,[N-]=[N+]=NCCN1N=NN=C1/N=N/C1=NN=NN1CCN=[N+]=[N-]
YAKBAR,[N-]=[N+]=N[C@@]1(C(=Nc2c1cccc2C)N1C=NC(=C1)C)C1=CNc2c1cccc2C
YAVTEW,[N-]=[N+]=N[C@H]1CC[C@H](C[C@H]1OC)C[C@H]([C@H]1OC(=O)[C@@H]2CCCCN2C(=O)C(=O)[C@]2(O)O[C@@H](CC[C@H]2C)C[C@H](OC)/C(=C/C=C/C=C/[C@H](C[C@H](C(=O)[C@@H]([C@@H](/C(=C/[C@H](C(=O)C1)C)/C)O)OC)C)C)/C)C
YECCER,[N-]=[N+]=Nc1cc(N=[N+]=[N-])nc(N=[N+]=[N-])n1
YEJVIU,[N-]=[N+]=N[C@@H]1O[C@@H]([C@@H]2[C@H]1OC(O2)(C)C)[C@@H](CN(=O)=O)O
YEJVOA,[N-]=[N+]=N[C@@H]1O[C@@H]([C@@H]2[C@H]1OC(O2)(C)C)[C@@H](C#N)O
YEMKIK,[N-]=[N+]=N[C@@H]1O[C@H](COC(=O)C)[C@H]([C@@H](/C/1=N/O)OC(=O)C)OC(=O)C
YIBZAK,CC1=NOC(N)=C1C(N=[N+]=[N-])=O
YIBZEO,CC1=NOC(NC(c2ccccc2)=O)=C1C(N=[N+]=[N-])=O
YIHLEI,[N-]=[N+]=NC1=NNC(=N1)/C(=N/O)/N
YIHLIM,N#CC1=NNC(=N1)N=[N+]=[N-]
YOFWAT,[N-]=[N+]=NCC(=C)[C@@H]1CC[C@]2([C@H]1[C@H]1CC[C@H]3[C@@]([C@]1(C)CC2)(C)CC[C@@H]1[C@]3(C)CC[C@@H](C1(C)C)OC(=O)C)COC(=O)C
YOHHIN,CC(C)=NN1N=NN=C1N=[N+]=[N-]
YOVRUZ,O[C@@H]1CN(OC[C@H]1N=[N+]=[N-])C(=O)c1ccccc1
YUCPEU,[N-]=[N+]=N[C@H]1CCO[C@@H]([C@@H]1O)C(=O)O
YUKBEO,[N-]=[N+]=NC1=NC(=CN1)[C@H]1CCN(C(=O)C2=C1C=CN2)OC
YUKVEF,[N-]=[N+]=N[C@@H]1C=C(C=O)C[C@@H]([C@H]1NC(=O)C)COCc1ccccc1
YUQXIS,[N-]=[N+]=N[C@H]1O[C@@H]2O[C@@]3(C)CC[C@@H]4[C@]2([C@H]([C@H]1C)CC[C@H]4C)OO3
YURMIJ,O[C@@H]1[C@@H](N=[N+]=[N-])[C@H](O)CC[C@@H]1N(Cc1ccccc1)Cc1ccccc1
YURMOP,O[C@@H]1[C@H](NCc2ccccc2)CC[C@@H]([C@H]1N=[N+]=[N-])O
YURMUV,O[C@@H]1[C@@H](N=[N+]=[N-])[C@H](O)CC[C@H]1N(Cc1ccccc1)Cc1ccccc1
ZABPOL,O=C(c1ccccc1)/C=C/N=[N+]=[N-]
ZABPUR,COc1ccc(cc1)C(=O)/C=C/N=[N+]=[N-]
ZAWDUZ,CC(NC(=O)[C@]1(N=[N+]=[N-])[C@@H]2C[C@@H]3C[C@H]1C[C@H](C2)C3)C
ZAWFIP,[N-]=[N+]=N[C@@]1([C@@H]2C[C@@H]3C[C@H]1C[C@H](C2)C3)C(=O)N[C@@]1([C@@H]2C[C@@H]3C[C@H]1C[C@H](C2)C3)C(=O)NC(C)C
ZAWGAI,[N-]=[N+]=N[C@@]1([C@@H]2C[C@@H]3C[C@H]1C[C@H](C2)C3)C(=O)N[C@@]1([C@@H]2C[C@@H]3C[C@H]1C[C@H](C2)C3)C(=O)N[C@@]1([C@@H]2C[C@@H]3C[C@H]1C[C@H](C2)C3)C(=O)NC(C)C
ZAXLAN,[N-]=[N+]=N/C(=N/N1N=NN=C1N=[N+]=[N-])/N
ZDGLPN,[N-]=[N+]=N[C@H]1[C@@H]2OC[C@@H](O2)[C@H]([C@@H]1O)N=[N+]=[N-]
ZEWMIZ,O=C(c1ccccc1)OC[C@]1(COC(=O)N1)CN=[N+]=[N-]
ZEXWII,[N-]=[N+]=NC[C@H]1O[C@H](C[C@@H]1O)N1C=C(C)C(=O)NC1=O
ZIKMOX,[N-]=[N+]=N[C@@H]1C[C@](O)(COC(=O)C)[C@H]([C@@H]([C@H]1OC(=O)C)OC(=O)C)OC(=O)C
ZIKNAI,[N-]=[N+]=N[C@]1(CCCN1C(=O)N(c1ccccc1)c1ccccc1)C(=O)OC
ZIKNEM,[N-]=[N+]=N[C@H]1CC[C@H](N1C(=O)N(c1ccccc1)c1ccccc1)C(=O)OC
ZINDEH,[N-]=[N+]=N[C@@H]1C(=O)O[C@@H]2[C@H]1OC(C)(C)O[C@@H]2[C@H]1COC(O1)(C)C
ZINDIL,[N-]=[N+]=N[C@H]1C(O[C@@H]2[C@H]1OC(C)(O[C@@H]2[C@H]3COC(C)(C)O3)C)=O
ZIRKES,[N-]=[N+]=N[C@H]([C@H](c1ccccc1)NC(=O)c1ccc(cc1)N(=O)=O)c1ccccc1
ZISDAJ,[N-]=[N+]=N[C@]12C[C@@H]3C[C@H](C1)C[C@](C2)(C3)C(=O)NN
ZOBYAQ,N#C[C@@H]1[C@@H]2C=C[C@@H]3C[C@H]1[C@H](C2)[C@H]3N=[N+]=[N-]
ZOCTAM,[N-]=[N+]=NC[C@H]1OCO[C@@H]([C@@H]2[C@@H]1OCCOCCOc1cc3ccccc3cc1OCCOCCO2)CN=[N+]=[N-]
ZOXHAY,[O-][N+]1=C(C2=NON=C2N=[N+]=[N-])C(=NO1)C1=NON=C1N=[N+]=[N-]
ZUCNET,[N-]=[N+]=Nc1cc(ccc1OC)/C=C\1/C(=O)OC[C@@H]1Cc1ccc2c(c1)OCO2
ZUJCUF,O=N(=O)OCC1=NNC(=N1)N=[N+]=[N-]
ZUJYIO,[N-]=[N+]=NCCC/C/1=C/2\C=C/C(=C(\CCCN=[N+]=[N-])/C3=N/C(=C(\C4=CC=C(/C(=C/5\N=C1C=C5)/CCCN=[N+]=[N-])N4)/CCCN=[N+]=[N-])/C=C3)/N2
ZUJYOU,[N-]=[N+]=NCCOCCC/C/1=C/2\C=C/C(=C(\CCCOCCN=[N+]=[N-])/C3=N/C(=C(\C4=CC=C(/C(=C/5\N=C1C=C5)/CCCOCCN=[N+]=[N-])N4)/CCCOCCN=[N+]=[N-])/C=C3)/N2
ZUWXIA,[N-]=[N+]=N[C@]12C(=NC[C@]2(C)C(=O)N(c2c1cccc2)C)c1ccccc1
ZUXPOA,[N-]=[N+]=NC[C@](c1ccc(cc1)N(=O)=O)(CC(=O)OC)O
ZUXRAO,COC(=O)C[C@@]([C@H](N=[N+]=[N-])C)(c1ccccc1)O
CATTEA,[N-]=[N+]=NCCN(c1ccc(cc1)/C=C/C1=CC(=C(C#N)C#N)C=C(O1)C(C)(C)C)C
DAKCEX01,[N-]=[N+]=NC1=NN2N=NN=C2c2ccccc12
DAKCEX02,[N-]=[N+]=NC1=NN2N=NN=C2c2ccccc12
DAKCEX03,[N-]=[N+]=NC1=NN2N=NN=C2c2ccccc12
DAKCEX04,[N-]=[N+]=NC1=NN2N=NN=C2c2ccccc12
DAKCEX05,[N-]=[N+]=NC1=NN2N=NN=C2c2ccccc12
DAKCEX06,[N-]=[N+]=NC1=NN2N=NN=C2c2ccccc12
DAKCEX08,[N-]=[N+]=NC1=NN2N=NN=C2c2ccccc12
DAKCEX09,[N-]=[N+]=NC1=NN2N=NN=C2c2ccccc12
JAWQEH,[N-]=[N+]=NC(C1=Cc2ccccc2O[C@H]1c1ccccc1)N=[N+]=[N-]
KEFDIM,[N-]=[N+]=NC[C@]1(N)C(=O)O[C@H]2[C@@H]1C[C@H]1C(=C)CCC[C@@]1(C2)C
TEFHUL,[N-]=[N+]=NC1=NN(N=NN2N=NC(=N2)N=[N+]=[N-])N=N1
TEFJAT,NN1N=NC(=N1)N=[N+]=[N-]
XAWPIY,O=C1NN=C(N1)C(=O)N=[N+]=[N-]
BEKRES,Cc1ccc(NC(=O)CN=[N+]=[N-])cc1
DEGHIK,CN1N=NN=C1N=[N+]=[N-]
DEGJEI,[N-]=[N+]=NCCN1N=NN=C1N=[N+]=[N-]
DEGJIM,O=N(=O)OCCN1N=NN=C1N=[N+]=[N-]
DEGJUY,OCCN1N=NN=C1N=[N+]=[N-]
DEGKEJ,NNC1=NN=NN1CCN=[N+]=[N-]
DEKTAS,[N-]=[N+]=N[C@@]1(OCCC[C@H]1N=[N+]=[N-])C(=O)OC1=C(C)CCC1=O
ECEBUK01,CN1N=NC(=N1)N=[N+]=[N-]
JEGRUM,O/N=C(C1=NO[N+]([O-])=C1C#N)\N=[N+]=[N-]
JEMQUR,[N-]=[N+]=N[C@@]1(Cc2ccccc2)c2ccccc2N(C1=O)Cc1ccccc1
JENBEN,[N-]=[N+]=NC1=NC2=NN=NN2c2ncccc12
MEHZUY,CO[C@@]1(NC(=O)CC[C@H]1N=[N+]=[N-])c1ccccc1
VEFBAN,C=C[C@@H]1c2cc(ccc2OC[C@]1(C)N=[N+]=[N-])O[C@H](c1ccccc1)C
XEJMIM,[O-][N+]1=C(C2=NNC=N2)C(=NO1)N=[N+]=[N-]
LETTIR,CC(=C)C(=O)Nc1ccc(NC(=O)CN=[N+]=[N-])c2ncccc12
PIPHAX02,[N-]=[N+]=NC(c1ccccc1)(c1ccccc1)c1ccccc1
JAKMUH,O=C1CC[C@]23[C@@]4(O1)C[C@H]1C[C@@H]3C[C@@](C[C@H]4OC2=O)(C1)ON(=O)=O
JALCEI,O=C1C[C@@]23[C@]4(O1)C[C@@H]1C[C@H]3C[C@](C[C@@H]4OC2=O)(C1)ON(=O)=O
ACANOH,O=C(NCCON(=O)=O)c1ccncc1
AMAMAF,O=N(=O)OC1(COC1)ON(=O)=O
ANADON,O=N(=O)O[C@@H]1[C@H](ON(=O)=O)c2c3c1cccc3ccc2
ASEHOY,O=N(=O)OCC(COCC(CON(=O)=O)(CON(=O)=O)CON(=O)=O)(CON(=O)=O)CON(=O)=O
AYALOC,O=N(=O)OC[C@]12[C@H]3[C@H]4[C@@H]2[C@H]2[C@@H]1[C@@H]3[C@@]42CON(=O)=O
AYAMAP,OC(=O)C12C3C4C1C1C2C3C41CON(=O)=O
AYAMET,O=N(=O)OCCNC(=O)[C@]12[C@H]3[C@H]4[C@@H]2[C@H]2[C@@H]1[C@@H]3[C@@]42CON(=O)=O
BADPUV,COc1ccc2c(c1)C[C@](C2=O)(ON(=O)=O)C(=O)OC(C)(C)C
BADQAC,COc1cc2c(cc1OC)C[C@](C2=O)(ON(=O)=O)C(=O)OC(C)(C)C
BCBDNT,O=N(=O)O[C@@H]1[C@H](ON(=O)=O)c2c1cccc2
CIGSUJ,O=N(=O)OCC1=NC(=NO1)C1=NOC(=N1)CON(=O)=O
CIGSUJ01,O=N(=O)OCC1=NC(=NO1)C1=NOC(=N1)CON(=O)=O
CILBII,CO[C@@H]1O[C@H](CON(=O)=O)[C@H]([C@@H]([C@H]1ON(=O)=O)ON(=O)=O)ON(=O)=O
COPCUI,O=N(=O)OC[C@@H]1[C@H](CON(=O)=O)[C@H]([C@H]1CON(=O)=O)CON(=O)=O
COPDAP,O=N(=O)OC[C@@H]1[C@@H](CON(=O)=O)[C@@H]([C@H]1CON(=O)=O)CON(=O)=O
COPDET,O=N(=O)OC[C@@H]1[C@H](CON(=O)=O)[C@@H]([C@@H]1CON(=O)=O)CON(=O)=O
COPDIX,O=N(=O)OCC1(CCC1(CON(=O)=O)CON(=O)=O)CON(=O)=O
COPDOD,O=N(=O)OCC1(CON(=O)=O)CC(CON(=O)=O)(CON(=O)=O)C1
CORYIR,O=N(=O)OCC(CON(=O)=O)ON(=O)=O
CORYIR10,O=N(=O)OCC(CON(=O)=O)ON(=O)=O
DAZLAT,COc1cc(OC)c2c(c1)C(=O)C1=C(C2=O)CO[C@]([C@H]1ON(=O)=O)(C)O
DAZRUS,CCOC(=O)[C@@](c1ccccc1)(C(=O)N)ON(=O)=O
DEPVUP,O=N(=O)O[C@H]1C[C@H]2[C@H]([C@@H]1c1c2cccc1)ON(=O)=O
DIQRON,O=N(=O)O[C@@H]([C@@H]([C@@H](ON(=O)=O)CON(=O)=O)ON(=O)=O)[C@H](ON(=O)=O)CON(=O)=O
DUMPEG,O=N(=O)OCC1(COC1)CON(=O)=O
DUMPEG01,O=N(=O)OCC1(COC1)CON(=O)=O
DUWZEC,O=N(=O)OC(ON(=O)=O)C(ON(=O)=O)ON(=O)=O
ELIGOX,O=C1N(CON(=O)=O)C2=NC3=NON=C3N=C2N1CON(=O)=O
EXIHAV,NC1=NN=NN1CCON(=O)=O
EYESEJ,O=N(=O)OCCN1N=CN=N1
EYETUA,O=N(=O)OCCN1C=NN=N1
EYUFIN,O=NN(CCCON(=O)=O)CN1C(=O)CCC1=O
FAGVIW,CC[C@@H](C(=O)NC(c1ccccn1)(C)C)CON(=O)=O
FENSUM,CO[C@@H]1O[C@H](CON(=O)=O)[C@H]([C@@H]([C@H]1ON(=O)=O)ON(=O)=O)O[C@@H]1O[C@H](CON(=O)=O)[C@H]([C@@H]([C@H]1ON(=O)=O)ON(=O)=O)ON(=O)=O
FICQOA,O=N(=O)OCC(CON(=O)=O)CON(=O)=O
FUSXIA,CO[C@@H]1O[C@@H]([C@@H](O[C@@H]2O[C@@H]([C@@H](O)[C@H](O)[C@H]2O)CON(=O)=O)[C@H](O)[C@H]1O)CON(=O)=O
FUWNIU,O=C(NCCON(=O)=O)c1cccnc1
GEFXUM,COC[C@H]1O[C@H](C[C@@H]1OC)N1C(=O)N(C)C(=O)[C@@]([C@@H]1O)(C)ON(=O)=O
GEFYAT,COC[C@H]1O[C@H](C[C@@H]1OC)N1C(=O)N(C)C(=O)[C@@]([C@H]1O)(C)ON(=O)=O
GELHUD,O=C(NCCON(=O)=O)c1ccccc1NC(=O)c1ccccc1
HUZJAN,O=N(=O)O[C@@H]1[C@H]2C[C@H]3[C@@H]1[C@H]3[C@H]2ON(=O)=O
ICUFIX,O=C(NCCON(=O)=O)c1ccccn1
ICUTEJ,O=N(=O)OCN1N=NC(=N1)C1=NN(CON(=O)=O)N=N1
IHEGIL,CC1=CC[C@@H](C(C)(C)ON(=O)=O)[C@H](/[N+]([O-])=[N+]([O-])/[C@H]2CC=C(C)C[C@@H]2C(C)(C)ON(=O)=O)C1
IVAGUH,OCC1(COC1)CON(=O)=O
IVURAS,CC(=O)Oc1ccccc1C(=O)Oc1cccc(CON(=O)=O)c1
JEKQUO,O=N(=O)O[C@@H]1[C@H](Cc2c1cccc2)ON1C(=O)c2c(C1=O)cccc2
JIJROJ,CO[C@@H]1O[C@H](CON(=O)=O)[C@H]([C@@H]([C@H]1ON(=O)=O)O)ON(=O)=O
JODWOR,O=N(=O)NC1=NN=NN1CCON(=O)=O
JURKAK,O=C(N[C@@H]1CCOC1=O)CON(=O)=O
KOGROO,O=N(=O)OC([C@@H]1CC2=C(O1)C(=O)c1c(C2=O)cccc1)(C)C
LOLFAT,O=N(=O)OC1CN(CN(C1)N(=O)=O)N(=O)=O
LUJXOG,O=N(=O)OCC1=NC(=NO1)C1=NON=C1/N=N/C1=NON=C1C1=NOC(=N1)CON(=O)=O
LUWRUT,O=N(=O)O[C@@H]([C@H](ON(=O)=O)CON(=O)=O)[C@@H](ON(=O)=O)CON(=O)=O
LUZKOJ,O=N(=O)OCC1=CC(=NO1)C1=NO[N+](=C1C1=NOC(=C1)CON(=O)=O)[O-]
NCBXRF,O=N(O[C@@H]1[C@@H]([C@@H](CON(=O)=O)O[C@H]1N2C(C)=NC(C(N)=O)=C2C(NN(=O)=O)=O)ON(=O)=O)=O
NEKWAE,OC(=O)c1ccc(CON(=O)=O)cc1
NEWHAB,CC(=O)OC[C@H]1O[C@@H](ON(=O)=O)[C@@H]([C@H]([C@@H]1OC(=O)C)OC(=O)C)OC(=O)C
NIJWEJ,O=N(=O)OCCCOC(=O)[C@@]1(C)CCc2c(O1)c(C)c(c(c2C)OC(=O)C)C
NILZAM,CCOC(=O)C1=NOC(=C1)CON(=O)=O
NOMKAC,O=N(=O)NCC(CNN(=O)=O)ON(=O)=O
NOMKEG,O=C1N(CC(CN1N(=O)=O)ON(=O)=O)N(=O)=O
NOSLIQ,O=N(=O)OCC1(COC(=N1)c1cccnc1)CON(=O)=O
NOSNUE,O=C(OCCON(=O)=O)c1cccnc1
NUWMOK,O=N(=O)O[C@@]1(Cc2cccc(c2)C)c2ccccc2N(C1=O)C(=O)OC(C)(C)C
NXENAM,O=N(=O)OCCN(CCON(=O)=O)N(=O)=O
NXENAM01,O=N(=O)OCCN(CCON(=O)=O)N(=O)=O
ODEJEN,OC(=O)CCCC(=O)OCC(CON(=O)=O)(CON(=O)=O)CON(=O)=O
OJELUM,CCO[C@H]1ON=C([C@@H](C1)c1ccc(cc1)OC)CON(=O)=O
PAWVIV,O=N(=O)O[C@]12C[C@H]3N([C@@H](C2)N([C@@H](C1)N3N(=O)=O)N(=O)=O)N(=O)=O
PERYTN01,O=N(=O)OCC(CON(=O)=O)(CON(=O)=O)CON(=O)=O
PERYTN10,O=N(=O)OCC(CON(=O)=O)(CON(=O)=O)CON(=O)=O
PERYTN11,O=N(=O)OCC(CON(=O)=O)(CON(=O)=O)CON(=O)=O
PERYTN12,O=N(=O)OCC(CON(=O)=O)(CON(=O)=O)CON(=O)=O
PERYTN13,O=N(=O)OCC(CON(=O)=O)(CON(=O)=O)CON(=O)=O
PIMKIF,O=N(=O)OC[C@@H]1CC[C@H](CC1)CON(=O)=O
PIMKOL,O=N(=O)O[C@@H]1CO[C@H]2[C@@H]1OC[C@@H]2ON(=O)=O
PIMKOO,O=N(=O)O[C@H]1CO[C@H]2[C@@H]1OC[C@H]2O
PIZHAH,CCC1(CN(C1)N=O)ON(=O)=O
PUGSUG,CC(=O)Oc1cc(cc(c1OC(=O)C)OC(=O)C)C(=O)O[C@H]1CO[C@H]2[C@@H]1OC[C@H]2ON(=O)=O
PUSHOD,O=N(=O)OCC1=NN/C(=N\N(=O)=O)/O1
QALWOR,O=N(=O)OCC(CON(=O)=O)N(C(CON(=O)=O)CON(=O)=O)N(=O)=O
QAMJOG,CO[C@@H]1[C@@H](ON(=O)=O)c2c(N1C(=O)OC(C)(C)C)cccc2
REXVAS,O=N(=O)OC[C@@H]([C@H](c1ccccc1)ON(=O)=O)ON(=O)=O
ROGTIS,CO[C@H]1O[C@@H]2CO[C@H](O[C@H]2[C@@H]([C@H]1O)ON(=O)=O)C
ROGTOY,CO[C@H]1O[C@@H]2CO[C@H](O[C@H]2[C@@H]([C@H]1ON(=O)=O)ON(=O)=O)C
SACJUF,O=N(=O)O[C@@]12[C@@H]3C[C@@H]4[C@H]2[C@@H]2[C@@H]5[C@H]1[C@@H]1[C@H]3[C@H]4[C@]2([C@@H]1C5)ON(=O)=O
SEGSEC,CO[C@@H]1O[C@H](CON(=O)=O)[C@H]([C@@H]([C@H]1O)ON(=O)=O)ON(=O)=O
SUFHUY,O=N(=O)OCC1=NN(C(=N1)CON(=O)=O)N(=O)=O
TABFAD,CO[C@@H]1O[C@H]2CO[C@@H](O[C@@H]2[C@H]([C@@H]1ON(=O)=O)ON(=O)=O)C
TABFEH,CO[C@@H]1O[C@@H]2CO[C@H](O[C@H]2[C@@H]([C@H]1ON(=O)=O)ON(=O)=O)C
TAXDUU,O=N(=O)OCC1=CC(=NO1)C1=NOC(=C1)CON(=O)=O
TAXDUU01,O=N(=O)OCC1=CC(=NO1)C1=NOC(=C1)CON(=O)=O
TUQGET,O=N(=O)O[C@@H]1CO[C@H]2[C@@H]1OC[C@@H]2O
TUQGOD,O=N(=O)O[C@@H]1CO[C@H]2[C@@H]1OC[C@H]2O
UWOJIC,O=N(=O)OCC1=CC(=NO1)C1=NOC=N1
VAFCIP,CC1=C(CON(=O)=O)C(=O)c2ccccc2C1=O
VAFCOV,O=C1c2ccccc2C(=O)c2cc(CON(=O)=O)ccc12
VALWOW,CN(CCON(=O)=O)N(=O)=O
VIMHEE,O=C(NCCCON(=O)=O)C(=O)NCCCON(=O)=O
VIMHEE10,O=C(NCCCON(=O)=O)C(=O)NCCCON(=O)=O
VIMMAI,O=N(=O)O[C@H]1N(C(=O)C)C(=O)C=C1c1ccccc1
VIRWIC,O=N(=O)O[C@@H]1C[C@@H]2[C@@]3([C@@]1(CCC3)CC2)ON(=O)=O
VIZJAQ,O=N(=O)O[C@@H]1OC(=O)c2c(C1(C)C)cc1c(c2)C(C)(C)[C@@H](OC1=O)O
VOCMUV,CO[C@@H]1O[C@H](CON(=O)=O)[C@H]([C@@H]([C@H]1O)ON(=O)=O)OC
VOXJAW,O=N(=O)OCCC1=CC(=NO1)C1=NOC(=C1)CCON(=O)=O
VOXJEA,O=N(=O)OCCC1=C(CCON(=O)=O)C(=NO1)C1=NOC(=C1CCON(=O)=O)CCON(=O)=O
VUBZUN,O=N(=O)OC1CN(C1)N(=O)=O
VUZVOE,O=N(=O)O[C@@H]([C@@H]([C@H](ON(=O)=O)CON(=O)=O)ON(=O)=O)[C@H](ON(=O)=O)CON(=O)=O
WADKEU,CO[C@H]1CC[C@]2([C@@](C1)(ON(=O)=O)/C(=N/N(=O)=O)/C[C@@H]1[C@@H]2CC[C@]2([C@H]1CC[C@@H]2[C@@H](CCCC(C)C)C)C)C
WAFPEY,CCOC(=O)c1c(C)cc2C(=NN(C(=O)c2c1C)N(=O)=O)CON(=O)=O
WANVEP,O=N(=O)OCC1=C(CON(=O)=O)C(=NO1)C1=NOC(=C1CON(=O)=O)CON(=O)=O
WANVEP01,O=N(=O)OCC1=C(CON(=O)=O)C(=NO1)C1=NOC(=C1CON(=O)=O)CON(=O)=O
WOGDUR,O=N(=O)O[C@@H]1C[C@@H]2[C@@H]([C@H]1[C@@H]1[C@H]2C=CC1)C(C(=O)C)C(=O)C
WOYQUZ,CON(=O)=O
XASROB,O=C(CON(=O)=O)CON(=O)=O
XASRUH,O=N(=O)O[C@]1(OC[C@](OC1)(CON(=O)=O)ON(=O)=O)CON(=O)=O
YAJXOA,O=N(=O)OCCN1N=NC(=N1)/N=N/C1=NN(N=N1)CCON(=O)=O
YAJYAN,O=N(=O)OCCN1N=NN=C1/N=N/C1=NN=NN1CCON(=O)=O
YEJFEA,CC(=O)Oc1cc(/C=C/C(=O)O[C@@H]2CO[C@@H]3[C@H]2OC[C@@H]3ON(=O)=O)ccc1OC(=O)C
YEJFIE,CC(=O)Oc1ccc(cc1)C(=O)O[C@@H]1CO[C@@H]2[C@H]1OC[C@@H]2ON(=O)=O
YOTMEA,CC(=O)O[C@H]1CC[C@]2([C@@](C1)(O)[C@H](ON(=O)=O)C[C@@H]1[C@@H]2CC[C@]2([C@H]1C[C@@H]1[C@]2(O1)C(=O)C)C)C
YOYSUC,O=N(=O)O[C@H]([C@H](ON(=O)=O)CON(=O)=O)CON(=O)=O
YOYSUC01,O=N(=O)O[C@H]([C@H](ON(=O)=O)CON(=O)=O)CON(=O)=O
YOYSUC02,O=N(=O)O[C@H]([C@H](ON(=O)=O)CON(=O)=O)CON(=O)=O
ZAYGEO,O=N(=O)OCCN(CCON(=O)=O)C(CON(=O)=O)(CON(=O)=O)CON(=O)=O
ZAYGIS,O=C1OCC(CON(=O)=O)(CON(=O)=O)N1N(=O)=O
ZAYGOY,O=C(CC(=O)NC(CON(=O)=O)(CON(=O)=O)CON(=O)=O)NC(CON(=O)=O)(CON(=O)=O)CON(=O)=O
ZAYGUE,OC(=O)CN(N(=O)=O)C(CON(=O)=O)(CON(=O)=O)CON(=O)=O
ZAYHAL,O=N(=O)OCC(CON(=O)=O)(CON(=O)=O)N(CC(CN(N(=O)=O)C(CON(=O)=O)(CON(=O)=O)CON(=O)=O)ON(=O)=O)N(=O)=O
ZIZJEX,CO[C@H]1O[C@H](CON(=O)=O)[C@H]([C@@H]([C@H]1OC(=O)C)OC(=O)C)OC(=O)C
VAVSEU,O=C(NCCON(=O)=O)C(=O)NCCON(=O)=O
GEKNET,O=N(=O)OCCON(=O)=O
GEKNIX,O=N(=O)OCCOCCOCCON(=O)=O
GEKNOD,O=N(=O)OCCOCCON(=O)=O
LEMWIN,O=N(=O)N1[C@H](CON(=O)=O)[C@@H]([C@@H]1CON(=O)=O)CON(=O)=O
LEMWOT,O=N(=O)OC[C@H]1[C@@H](CON(=O)=O)N([C@@]1(CCON(=O)=O)CON(=O)=O)N(=O)=O
LEMWUZ,O=N(=O)OC[C@H]1[C@H](CON(=O)=O)N([C@@]1(CCON(=O)=O)CON(=O)=O)N(=O)=O
LEMXAG,O=N(=O)OC[C@@]1(CCON(=O)=O)[C@@H](CON(=O)=O)CN1N(=O)=O
NEQFUO,O=C[C@@]12CC[C@@H](C[C@@]2(O)[C@H](C[C@@H]2[C@@H]1CC[C@]1([C@H]2CC[C@@H]1OC(=O)C)C)ON(=O)=O)OC(=O)C
OCHTET40,O=N(=O)N1CN(CN(CN(C1)N(=O)=O)N(=O)=O)N(=O)=O
RANHAT,O=N(=O)/N=C\1/ON=C(N1)CN1N=NN/C/1=N\N(=O)=O
TARDID,O=N(=O)N(CN1[C@@H]2N(N(=O)=O)[C@H]3N([C@@H]2N([C@H]2[C@@H]1N(N(=O)=O)[C@@H]3N2N(=O)=O)N(=O)=O)N(=O)=O)C
TARDOJ,O=N(=O)/N=C(/NCN(N(=O)=O)CN1[C@@H]2N(N(=O)=O)[C@H]3N([C@@H]2N([C@H]2[C@@H]1N(N(=O)=O)[C@@H]3N2N(=O)=O)N(=O)=O)N(=O)=O)\N
ABEJOH,O=N(=O)N1CN([C@H]2[C@@H]1NC(=O)N2N(=O)=O)N(=O)=O
ACENIH,CC(=O)OCN(CN(CN(COC(C)=O)N(=O)=O)N(=O)=O)N(=O)=O
ACNCHL,CC(CCC[C@H]([C@H]1CC[C@@H]2[C@]1(C)CC[C@H]1[C@H]2C[C@@H]2[C@]3([C@]1(C)CC[C@@H](C3)OC(=O)C)N2N(=O)=O)C)C
ANTZCO,CC(=O)N1CN(CN(CN(C1)N(=O)=O)C(C)=O)N(=O)=O
BABBUB,O=N(=O)N=C1NCCN1
BALVAO,N/C(N/N=C/C1=NO[N+]([O-])=C1C)=N\N(=O)=O
BAMCUP,CCOC(=O)CN1CN/C(=N\N(=O)=O)/N(C1)C[C@H]1CCCO1
BEKKEK,O=N(=O)N(CN(C1=NON=C1C#N)N(=O)=O)C1=NON=C1C#N
BEKKIO,O=N(=O)N(CN(C1=NON=C1C1=NNN=N1)N(=O)=O)C1=NON=C1C1=NNN=N1
BENZOK,CC1=C/C(=N\N(=O)=O)/NC=C1
BOQWUZ,O=C1O[C@@H]2[C@H](O1)N(CN2N(=O)=O)N(=O)=O
CIWMUS,O=N(=O)NC1=NON=C1C1=NON=C1NN(=O)=O
CIWMUS01,O=N(=O)NC1=NON=C1C1=NON=C1NN(=O)=O
CIWVAH,O=N(NC1=NON=C1/N=[N+]([O-])/C2=NON=C2NN(=O)=O)=O
CIWVAH01,O=N(NC1=NON=C1/N=[N+]([O-])/C2=NON=C2NN(=O)=O)=O
COWBEV,O=N(=O)N1CN(C[N-][N+]#N)CN(CN(C1)N(=O)=O)N(=O)=O
COWHUT,CCOC(=O)NN(=O)=O
COWJAB,COC(=O)NN(=O)=O
COWJAB01,COC(=O)NN(=O)=O
COWZEV,CC(=O)NN(=O)=O
CTMTNA,O=N(=O)N1CN(CN(C1)N(=O)=O)N(=O)=O
CTMTNA03,O=N(=O)N1CN(CN(C1)N(=O)=O)N(=O)=O
CTMTNA04,O=N(=O)N1CN(CN(C1)N(=O)=O)N(=O)=O
CTMTNA05,O=N(=O)N1CN(CN(C1)N(=O)=O)N(=O)=O
CTMTNA08,O=N(=O)N1CN(CN(C1)N(=O)=O)N(=O)=O
CTMTNA09,O=N(=O)N1CN(CN(C1)N(=O)=O)N(=O)=O
CTMTNA10,O=N(=O)N1CN(CN(C1)N(=O)=O)N(=O)=O
CTMTNA11,O=N(=O)N1CN(CN(C1)N(=O)=O)N(=O)=O
CTMTNA12,O=N(=O)N1CN(CN(C1)N(=O)=O)N(=O)=O
CTMTNA13,O=N(=O)N1CN(CN(C1)N(=O)=O)N(=O)=O
CTMTNA14,O=N(=O)N1CN(CN(C1)N(=O)=O)N(=O)=O
CTMTNA15,O=N(=O)N1CN(CN(C1)N(=O)=O)N(=O)=O
CTMTNA16,O=N(=O)N1CN(CN(C1)N(=O)=O)N(=O)=O
CUFRAZ,NC1=NC(=NO1)C1=NON=C1NN(=O)=O
CUPYUJ,O=N(=O)NN1N=NN/C/1=N\N(=O)=O
DAZKAR,C[C@@H]1CO[C@]2(/C(=N/N(=O)=O)/C1)O[C@@H]1[C@H]([C@@H]2C)[C@@]2([C@@H](C1)[C@@H]1CC[C@H]3[C@]([C@H]1CC2)(C)CC[C@@H](C3)OC(=O)C)C
DEFLEF,CC(N1C(N(N(=O)=O)[C@@H]2[C@H]1N(C(N2C(C)=O)=O)N(=O)=O)=O)=O
DIBRUE,O=N(=O)NC1=NON=C1C1=NN=C(O1)/N=N/C1=NN=C(O1)C1=NON=C1NN(=O)=O
DNEDAM,O=N(=O)NCCNN(=O)=O
DNEDAM01,O=N(=O)NCCNN(=O)=O
DOSVOY,O=N(=O)N1c2ccccc2c2ccccc12
DUMPAC,CN(CC1(COC1)CN(C)N(=O)=O)N(=O)=O
DUNDIA,O=CN1[C@@H]2N(N(=O)=O)[C@H]3N([C@@H]2N([C@H]2[C@@H]1N(N(=O)=O)[C@@H]3N2N(=O)=O)C=O)N(=O)=O
DUVPES,Cc1ccc2N(N=Nc2c1)N(=O)=O
ECIBIB,CN(c1ccccc1)N(=O)=O
ECIBIB01,CN(c1ccccc1)N(=O)=O
ECUXOQ,O=N(=O)N1[C@@H]2[C@H]3N[C@H]4N([C@H]([C@@H]1N(N(=O)=O)[C@H]4N3N(=O)=O)N2N(=O)=O)N(=O)=O
EKELAH,O=N(=O)/N=C/1\NCCN1N(=O)=O
ELUDEV,O=N(=O)NC1=NON=C1/N=N/C1=NON=C1NN(=O)=O
ELUDEV01,O=N(=O)NC1=NON=C1/N=N/C1=NON=C1NN(=O)=O
ENIZAF,O=N(=O)/N=C\1/NC(=O)C2=NNN=C2N1
EWIHAV,O=N(=O)N(C1CCCCC1)C1CCCCC1
EWUKIQ,O=N(=O)N=C1NCN(CN1)N(=O)=O
EWUKIQ01,O=N(=O)N=C1NCN(CN1)N(=O)=O
EXONIR,CO/N=[N+]([O-])/C(CN(C)N(=O)=O)/[N+]([O-])=N/OC
FACQAE,O=N(/N=C1NN=NN\1/N=C/C2=NO[N+]([O-])=C2C)=O
FEYLUQ,O=N(=O)N1CCN(C2=NON=C12)N(=O)=O
FEYLUQ01,O=N(=O)N1CCN(C2=NON=C12)N(=O)=O
FIMKIY,CC(=O)OCN1CN(CN(CN(C1)N(=O)=O)N(=O)=O)N(=O)=O
FORRUB,O=N(/N=[N+]([O-])/c1cc(/[N+]([O-])=N/N(=O)=O)c(C)cc1)=O
FUGVEJ,CC(=O)N1CN(CN(C1)N(=O)=O)N(=O)=O
FUJSOS,CC(=O)O[C@@H]1N(CCN([C@H]1O)N(=O)=O)N(=O)=O
GABXOA,O=N(=O)N1CCN(CN(C1)N(=O)=O)N(=O)=O
GACBUL,COC(=O)[C@@H]1[C@@H](C)OC(=O)N1N(=O)=O
GACCAS,CCN(C(=O)OC[C@H](C(C)C)NN(=O)=O)CC
GAMLOY,CC(C)(C)[N+]1=NN([O-])C(=N1)C(=O)NN(=O)=O
GAZPII,O=N(=O)N1[C@@H](c2ccccc2)[C@H]2CCC[C@@]([C@H]1c1ccccc1)(C2)C
GEDXUJ,CN1N=NN=C1N(C)N(=O)=O
GEDYAQ,CC(C)N1N=NN=C1N(C(C)C)N(=O)=O
GEDYEU,O=N(=O)N1CCN2N=NN=C12
GEJXAU,CN(CN(CN(CN(C)N(=O)=O)N(=O)=O)N(=O)=O)N(=O)=O
GEMZAZ,O=C1N[C@H]2[C@@H](N1N(=O)=O)NC(=O)N2N(=O)=O
GEPRAU,[O-]/[N+](C1=NON=C1OC2=NON=C2/[N+]([O-])=N/N(=O)=O)=N\N(=O)=O
GICTIV,O=N(=O)N1C=NC(=N1)/N=N/C1=NN(C=N1)N(=O)=O
GICTIV01,O=N(=O)N1C=NC(=N1)/N=N/C1=NN(C=N1)N(=O)=O
GIDDOP,O=C(NC1=NON=C1NC(=O)NN(=O)=O)NN(=O)=O
HABMAZ,Cc1cc[n+](O)c(c1)[N-]N(=O)=O
HABMED,CC=1C(=[N+](C=CC1)[O-])N[N+](=O)[O-]
HIGSIZ,O=N(=O)N(CC#N)CC#N
HIKMEW,CC(=O)CN1[C@H]2N/C(=N\N(=O)=O)/N([C@H]2N/C/1=N\N(=O)=O)CC(=O)C
HIVLAA,[O-]C([C@@H]([NH3+])CCCN/C(N)=N/N(=O)=O)=O
HIVLAA01,[O-]C([C@@H]([NH3+])CCCN/C(N)=N/N(=O)=O)=O
HIYMIL,O=N(=O)[N-]n1c[nH+]nc1
HIZTEQ,O=N(=O)[N-][N+]1=NNC=C1
HOFDOV,CN(c1cc[n+]([O-])cc1)N(=O)=O
HOFDOV01,CN(c1cc[n+]([O-])cc1)N(=O)=O
HUKTUD,O=N(=O)NCC(CNN(=O)=O)(CNN(=O)=O)CNN(=O)=O
HUKVAL,O=N(=O)NCC(CNN(=O)=O)NN(=O)=O
HUKVAL01,O=N(=O)NCC(CNN(=O)=O)NN(=O)=O
ICOXEF,CCOC(=O)[C@@H](N1CN/C(=N\N(=O)=O)/N(C1)CC1=CC=CO1)C
IJIVEC,N([N+](=O)[O-])C1=[N+](C=CC=C1)[O-]
IJIVIG,N([N+](=O)[O-])C=1C=[N+](C=CC1)[O-]
IKANUE,O=C(NN(=O)=O)C1=CC=CN1
IMISAY,[O-]/[N+](C)=N\OCN(CN(CN(CO/N=[N+]([O-])/C)N(=O)=O)N(=O)=O)N(=O)=O
IMIVOP,N/C(=N\N(=O)=O)/n1nc(nc1N)N
IMIWOQ,NC(=O)NN/C(=N/N(=O)=O)/N
IWUCIP,N/C(=N\N(=O)=O)/NNc1nnc(nn1)N1N=C(C=C1C)C
IZAKAV,O=N(=O)N1CCN([C@@H]2[C@H]1NC(=O)N2N(=O)=O)N(=O)=O
IZAXAL,O=CNN/C(=N/N(=O)=O)/N
JABLUW,O=N(=O)N1C=CC(=N1)N1C=NN=N1
JABLUW01,O=N(=O)N1C=CC(=N1)N1C=NN=N1
JABMAD,O=N(=O)N1C=C(C=N1)N1C=NN=N1
JABMAD01,O=N(=O)N1C=C(C=N1)N1C=NN=N1
JEDSUG,O=C1N(CCN1N(=O)=O)N(=O)=O
JEHLAJ,O=N(=O)N1CCN([C@@H]2[C@H]1N(N(=O)=O)C(=O)N2N(=O)=O)N(=O)=O
JEHLEN,CC(=O)O[C@@H]1N(N(=O)=O)[C@H]2[C@@H](N1N(=O)=O)N(CCN2N(=O)=O)N(=O)=O
JEJZAA,N([N+](=O)[O-])C1=CC=[N+](C=C1)[O-]
JEXLUT,O=N(=O)N1CN(C[C@@H]2[C@H]1CN(CN2N(=O)=O)N(=O)=O)N(=O)=O
JEXMAA,O=N(=O)N1CN(C[C@@H]1[C@H]1CN(CN1N(=O)=O)N(=O)=O)N(=O)=O
JEXMEE,O=N(=O)N1CN(CC2(C1)CN(CN2N(=O)=O)N(=O)=O)N(=O)=O
JEXMII,O=N(=O)N1CCN([C@@H]2[C@@H]1N(CCN2N(=O)=O)N(=O)=O)N(=O)=O
JEZZUJ,O=C1N(N(=O)=O)[C@]23[C@@]4(N1N(=O)=O)[C@H]1[C@@H]3[C@H]3[C@@H]2[C@@H]4[C@@H]13
JIHDEJ,CC(=O)O[C@@]1(C)OC(=O)[C@@H](N1N(=O)=O)C
JOPNAD,O=N([N-][N+]12CC[N+](CC2)([N-]N(=O)=O)CC1)=O
JOTDIF,O=N(=O)N1CCN([C@H]2[C@@H]1N(N(=O)=O)C(=O)N2C(=O)C)N(=O)=O
JOTDOL,CCC(=O)N1CN([C@@H]2[C@H]1OCN2N(=O)=O)C(=O)CC
JOTDUR,CC(=O)N1CN([C@@H]2[C@H]1N(CO2)N(=O)=O)C(=O)C
JOTFAZ,CCC(=O)N1CN([C@@H]2[C@H]1N(CN(CN2N(=O)=O)N(=O)=O)N(=O)=O)C(=O)CC
JOTFED,CC(=O)N1CN([C@H]2[C@@H]1N(CN2N(=O)=O)N(=O)=O)C(=O)C
KASBAH,O=N(=O)N(Cc1ccccc1)C#N
KASBEL,O=N(=O)N(CCCCN(C#N)N(=O)=O)C#N
KEDXEZ,O=N(=O)/N=C/1\NN=NN1CC1=NN=NN1
KEMTIF,O=N(=O)N1CN(CC2(C1)CN(CN(C2)N(=O)=O)N(=O)=O)N(=O)=O
KEPDUF,O=N(=O)/N=C/1\NCCN1CC1=NOC(=C1)c1ccccc1
KEPFAN,Cc1ccc(cc1)C1=CC(=NO1)CN1CCN/C/1=N\N(=O)=O
KEPFER,COc1ccccc1C1=CC(=NO1)CN1CCN/C/1=N\N(=O)=O
KOFKAR,O=N(=O)N1CCCN(C1)N(=O)=O
KOFKEV,O=N(=O)N1CCCCN(C1)N(=O)=O
KOFKIZ,O=NN1CN(CCN(C1)N(=O)=O)N(=O)=O
KORNIQ,O=C(NN(=O)=O)OCC(COC(=O)NN(=O)=O)(COC(=O)NN(=O)=O)COC(=O)NN(=O)=O
KOZWEE,O=N(=O)NC1=NC(=NN1)CC1=NN=C(N1)NN(=O)=O
KUGYAM,O=N(=O)N1CN(CN([C@@H]2[C@H]1N(CN2C(=O)C)C(=O)C)N(=O)=O)N(=O)=O
KUTKOA,O=N(=O)/N=C/1\NCN(CN1C)Cc1ccccc1
KUZRED,O=N(=O)/N=C/1\NCN(CN1CC1=CC=CO1)C[C@@H]1CCCO1
LAGVEU,CC(=O)O[C@H]1N(N(=O)=O)c2ccccc2C(=O)N1N(=O)=O
LIJMOJ,O=N(=O)/N=C/1\NN=C(N1)CC1=NN/C(=N/N(=O)=O)/N1
LIPCIY,COc1ccc2c(c1)CCC/C/2=N\N(=O)=O
LOLFEX,OC1CN(CN(C1)N(=O)=O)N(=O)=O
LOZZEH,CN(CN1C(=O)c2ccccc2C1=O)N(=O)=O
LOZZIL,CN(CNN(=O)=O)N(=O)=O
LUHPAF,O=C1NCCN1N(=O)=O
LURYOM,CCN(CN(CC)N(=O)=O)N(=O)=O
LURYUS,CCN(CN(C)N(=O)=O)N(=O)=O
LURZAZ,CN(CN(C)N(=O)=O)N(=O)=O
LURZED,CCCCN(CN(CCCC)N(=O)=O)N(=O)=O
LURZIH,CCCN(CN(C)N(=O)=O)N(=O)=O
LURZON,CC(C)N(CN(C)N(=O)=O)N(=O)=O
LURZUT,CC(C)N(CN(C(C)C)N(=O)=O)N(=O)=O
LUVNAS,CN(CN1N=NN=C1N)N(=O)=O
LUVNEW,O=N(=O)/N=C/1\N(C)N=NN1CN(N(=O)=O)C
LUVNIA,CN(CN(C1=NN=NN1C)N(=O)=O)N(=O)=O
LUVPAU,CN1N=NC(=N1)N(CN(C)N(=O)=O)N(=O)=O
LUVPEY,CN(CNC1=NN=NN1C)N(=O)=O
LUVPIC,CN(CN1C=NN=N1)N(=O)=O
LUVPOI,CN(CN1N=NC(=N1)N(CN(C)N(=O)=O)N(=O)=O)N(=O)=O
LUVPUO,CN1N=NN(/C/1=N\N(=O)=O)C
MENOGU,CN/C(=N/N(=O)=O)/N
METNAM01,CN(C)N(=O)=O
METNAM02,CN(C)N(=O)=O
METNAM03,CN(C)N(=O)=O
METNAM04,CN(C)N(=O)=O
METNAM05,CN(C)N(=O)=O
METNAM06,CN(C)N(=O)=O
METNAM07,CN(C)N(=O)=O
METNAM08,CN(C)N(=O)=O
MINHAV,O=N(=O)NC1=NN2C=NN=C2N=N1
MIYDII,OC(=O)[C@@H]1CCCN/C(=N/N(=O)=O)/N1
MOSCIH,O=N(=O)/N=C/1\NN=NN1CCN1N=NN/C/1=N\N(=O)=O
MOSCON,OCCN1N=NN/C/1=N\N(=O)=O
MOSCON01,OCCN1N=NN/C/1=N\N(=O)=O
MOTJOU,COc1ccc(cc1)N(C)N(=O)=O
MUGNUX,O=N(=O)N1[C@@H]2O[C@H]3O[C@@H]2N([C@H]2[C@@H]1O[C@@H]3O2)N(=O)=O
MUGNUX01,O=N(=O)N1[C@@H]2O[C@H]3O[C@@H]2N([C@H]2[C@@H]1O[C@@H]3O2)N(=O)=O
NABMOS,O=N(=O)N1CCN(C1)N(=O)=O
NABMOS01,O=N(=O)N1CCN(C1)N(=O)=O
NAYNUX,O=N(=O)N1[C@@H]2O[C@@H]3[C@H]1N(N(=O)=O)[C@@H]1N([C@H]2O[C@@H]1N3N(=O)=O)N(=O)=O
NAYNUX01,O=N(=O)N1[C@@H]2O[C@@H]3[C@H]1N(N(=O)=O)[C@@H]1N([C@H]2O[C@@H]1N3N(=O)=O)N(=O)=O
NAYPAF,O=N(=O)N1[C@H]2O[C@H]3[C@@H]1N(N(=O)=O)[C@H]1O[C@@H]2N(N(=O)=O)[C@H]1N3N(=O)=O
NERSAF,CC1=CN(/C(=N/N(=O)=O)/C=C1)C
NIPYAZ,O=N(=O)N1C=CC=N1
NOCNET,O=N(=O)NCCC#N
NOGUNA,O=NN(/C(=N/N(=O)=O)/N)C
NOGUNA01,O=NN(/C(=N/N(=O)=O)/N)C
NOGUNA02,O=NN(/C(=N/N(=O)=O)/N)C
NOHTAZ,C[C@@H]1N(N(=O)=O)[C@H](C)N([C@@H](N1N(=O)=O)C)N(=O)=O
NTRGUA,NC(N)=NN(=O)=O
NTRGUA01,NC(N)=NN(=O)=O
NTRGUA02,NC(N)=NN(=O)=O
NTRGUA03,NC(N)=NN(=O)=O
NUYQEE,CC(=O)OCN(COC(C)=O)N(=O)=O
OCHTET,O=N(=O)N1CN(CN(CN(C1)N(=O)=O)N(=O)=O)N(=O)=O
OCHTET01,O=N(=O)N1CN(CN(CN(C1)N(=O)=O)N(=O)=O)N(=O)=O
OCHTET04,O=N(=O)N1CN(CN(CN(C1)N(=O)=O)N(=O)=O)N(=O)=O
OCHTET12,O=N(=O)N1CN(CN(CN(C1)N(=O)=O)N(=O)=O)N(=O)=O
OCHTET13,O=N(=O)N1CN(CN(CN(C1)N(=O)=O)N(=O)=O)N(=O)=O
OCHTET14,O=N(=O)N1CN(CN(CN(C1)N(=O)=O)N(=O)=O)N(=O)=O
OCHTET15,O=N(=O)N1CN(CN(CN(C1)N(=O)=O)N(=O)=O)N(=O)=O
OCHTET16,O=N(=O)N1CN(CN(CN(C1)N(=O)=O)N(=O)=O)N(=O)=O
OCHTET17,O=N(=O)N1CN(CN(CN(C1)N(=O)=O)N(=O)=O)N(=O)=O
OCHTET18,O=N(=O)N1CN(CN(CN(C1)N(=O)=O)N(=O)=O)N(=O)=O
OCHTET19,O=N(=O)N1CN(CN(CN(C1)N(=O)=O)N(=O)=O)N(=O)=O
OCHTET20,O=N(=O)N1CN(CN(CN(C1)N(=O)=O)N(=O)=O)N(=O)=O
OCHTET21,O=N(=O)N1CN(CN(CN(C1)N(=O)=O)N(=O)=O)N(=O)=O
OCHTET22,O=N(=O)N1CN(CN(CN(C1)N(=O)=O)N(=O)=O)N(=O)=O
OCHTET24,O=N(=O)N1CN(CN(CN(C1)N(=O)=O)N(=O)=O)N(=O)=O
OCHTET25,O=N(=O)N1CN(CN(CN(C1)N(=O)=O)N(=O)=O)N(=O)=O
OCHTET26,O=N(=O)N1CN(CN(CN(C1)N(=O)=O)N(=O)=O)N(=O)=O
OCHTET27,O=N(=O)N1CN(CN(CN(C1)N(=O)=O)N(=O)=O)N(=O)=O
OCHTET28,O=N(=O)N1CN(CN(CN(C1)N(=O)=O)N(=O)=O)N(=O)=O
OCHTET29,O=N(=O)N1CN(CN(CN(C1)N(=O)=O)N(=O)=O)N(=O)=O
OCHTET30,O=N(=O)N1CN(CN(CN(C1)N(=O)=O)N(=O)=O)N(=O)=O
OCHTET31,O=N(=O)N1CN(CN(CN(C1)N(=O)=O)N(=O)=O)N(=O)=O
OCHTET32,O=N(=O)N1CN(CN(CN(C1)N(=O)=O)N(=O)=O)N(=O)=O
OCHTET33,O=N(=O)N1CN(CN(CN(C1)N(=O)=O)N(=O)=O)N(=O)=O
OCHTET34,O=N(=O)N1CN(CN(CN(C1)N(=O)=O)N(=O)=O)N(=O)=O
OCHTET35,O=N(=O)N1CN(CN(CN(C1)N(=O)=O)N(=O)=O)N(=O)=O
OCHTET36,O=N(=O)N1CN(CN(CN(C1)N(=O)=O)N(=O)=O)N(=O)=O
OCHTET37,O=N(=O)N1CN(CN(CN(C1)N(=O)=O)N(=O)=O)N(=O)=O
OCHTET38,O=N(=O)N1CN(CN(CN(C1)N(=O)=O)N(=O)=O)N(=O)=O
OCHTET39,O=N(=O)N1CN(CN(CN(C1)N(=O)=O)N(=O)=O)N(=O)=O
OCUJEE,CC1=NC(=NO1)C1=NON=C1NN(=O)=O
OKUXUP,O=N(=O)N1COCN(C1)N(=O)=O
OLOBIA,O=N(=O)N/C(=N/N(=O)=O)/N
ONORAL,[NH2+]=C([N-]N(=O)=O)N(CN(CN(C(=[NH2+])[N-]N(=O)=O)N(=O)=O)N(=O)=O)N(=O)=O
OWUYOW02,O=N(=O)N(CCN(C1=NON=C1C1=NOC=N1)N(=O)=O)C1=NON=C1C1=NOC=N1
OXACIB02,C/N=[N+]([O-])/C1=NON=C1N(CN(N(=O)=O)C2=NON=C2/[N+]([O-])=N/C)N(=O)=O
OXONOG,[O-]/[N+](C1=NON=C1NN(=O)=O)=N\C2=NON=C2/N=N/C3=NON=C3/N=[N+]([O-])/C4=NON=C4NN(=O)=O
PAWCOI,O=N(=O)N(CC1=NN=NN1)CC1=NN=NN1
PAWCOI01,O=N(=O)N(CC1=NN=NN1)CC1=NN=NN1
PEJBAJ,O=C1OCC2(COC(=O)N2N(=O)=O)N1N(=O)=O
PEJBEN,O=C1OCC2(COC(=O)N2N(=O)=O)N1N(=O)=O
POQSOE,O=N(=O)NC1=C[C@@H](C)CO[C@]21O[C@@H]1[C@H]([C@@H]2C)[C@@]2([C@@H](C1)[C@@H]1CC=C3[C@]([C@H]1CC2)(C)CC[C@@H](C3)OC(=O)C)C
POQTAR,CC(CCC[C@H]([C@H]1CC[C@@H]2[C@]1(C)CC[C@H]1[C@H]2C/C(=N\N(=O)=O)/[C@@]2([C@]1(C)CC[C@@H](C2)OC(=O)C)OC(=O)C)C)C
POQYIE,CC(C)CNC(=O)NC(=O)NN(=O)=O
PUBMUU,O=N(=O)N1[C@@H]2N([C@@H]3[C@H]1N(N(=O)=O)[C@@H]1N([C@H]2N(N(=O)=O)[C@@H]1N3N(=O)=O)N(=O)=O)N(=O)=O
PUBMUU01,O=N(=O)N1[C@@H]2N([C@@H]3[C@H]1N(N(=O)=O)[C@@H]1N([C@H]2N(N(=O)=O)[C@@H]1N3N(=O)=O)N(=O)=O)N(=O)=O
PUBMUU02,O=N(=O)N1[C@@H]2N([C@@H]3[C@H]1N(N(=O)=O)[C@@H]1N([C@H]2N(N(=O)=O)[C@@H]1N3N(=O)=O)N(=O)=O)N(=O)=O
PUBMUU03,O=N(=O)N1[C@@H]2N([C@@H]3[C@H]1N(N(=O)=O)[C@@H]1N([C@H]2N(N(=O)=O)[C@@H]1N3N(=O)=O)N(=O)=O)N(=O)=O
PUBMUU04,O=N(=O)N1[C@@H]2N([C@@H]3[C@H]1N(N(=O)=O)[C@@H]1N([C@H]2N(N(=O)=O)[C@@H]1N3N(=O)=O)N(=O)=O)N(=O)=O
PUBMUU05,O=N(=O)N1[C@@H]2N([C@@H]3[C@H]1N(N(=O)=O)[C@@H]1N([C@H]2N(N(=O)=O)[C@@H]1N3N(=O)=O)N(=O)=O)N(=O)=O
PUBMUU07,O=N(=O)N1[C@@H]2N([C@@H]3[C@H]1N(N(=O)=O)[C@@H]1N([C@H]2N(N(=O)=O)[C@@H]1N3N(=O)=O)N(=O)=O)N(=O)=O
PUBMUU08,O=N(=O)N1[C@@H]2N([C@@H]3[C@H]1N(N(=O)=O)[C@@H]1N([C@H]2N(N(=O)=O)[C@@H]1N3N(=O)=O)N(=O)=O)N(=O)=O
PUBMUU09,O=N(=O)N1[C@@H]2N([C@@H]3[C@H]1N(N(=O)=O)[C@@H]1N([C@H]2N(N(=O)=O)[C@@H]1N3N(=O)=O)N(=O)=O)N(=O)=O
PUBMUU10,O=N(=O)N1[C@@H]2N([C@@H]3[C@H]1N(N(=O)=O)[C@@H]1N([C@H]2N(N(=O)=O)[C@@H]1N3N(=O)=O)N(=O)=O)N(=O)=O
PUBMUU11,O=N(=O)N1[C@@H]2N([C@@H]3[C@H]1N(N(=O)=O)[C@@H]1N([C@H]2N(N(=O)=O)[C@@H]1N3N(=O)=O)N(=O)=O)N(=O)=O
PUBMUU12,O=N(=O)N1[C@@H]2N([C@@H]3[C@H]1N(N(=O)=O)[C@@H]1N([C@H]2N(N(=O)=O)[C@@H]1N3N(=O)=O)N(=O)=O)N(=O)=O
PUBMUU13,O=N(=O)N1[C@@H]2N([C@@H]3[C@H]1N(N(=O)=O)[C@@H]1N([C@H]2N(N(=O)=O)[C@@H]1N3N(=O)=O)N(=O)=O)N(=O)=O
PUBMUU14,O=N(=O)N1[C@@H]2N([C@@H]3[C@H]1N(N(=O)=O)[C@@H]1N([C@H]2N(N(=O)=O)[C@@H]1N3N(=O)=O)N(=O)=O)N(=O)=O
PUBMUU15,O=N(=O)N1[C@@H]2N([C@@H]3[C@H]1N(N(=O)=O)[C@@H]1N([C@H]2N(N(=O)=O)[C@@H]1N3N(=O)=O)N(=O)=O)N(=O)=O
PUBMUU16,O=N(=O)N1[C@@H]2N([C@@H]3[C@H]1N(N(=O)=O)[C@@H]1N([C@H]2N(N(=O)=O)[C@@H]1N3N(=O)=O)N(=O)=O)N(=O)=O
PUBMUU17,O=N(=O)N1[C@@H]2N([C@@H]3[C@H]1N(N(=O)=O)[C@@H]1N([C@H]2N(N(=O)=O)[C@@H]1N3N(=O)=O)N(=O)=O)N(=O)=O
PUBMUU18,O=N(=O)N1[C@@H]2N([C@@H]3[C@H]1N(N(=O)=O)[C@@H]1N([C@H]2N(N(=O)=O)[C@@H]1N3N(=O)=O)N(=O)=O)N(=O)=O
PUBMUU19,O=N(=O)N1[C@@H]2N([C@@H]3[C@H]1N(N(=O)=O)[C@@H]1N([C@H]2N(N(=O)=O)[C@@H]1N3N(=O)=O)N(=O)=O)N(=O)=O
PUBMUU20,O=N(=O)N1[C@@H]2N([C@@H]3[C@H]1N(N(=O)=O)[C@@H]1N([C@H]2N(N(=O)=O)[C@@H]1N3N(=O)=O)N(=O)=O)N(=O)=O
PUBMUU22,O=N(=O)N1[C@@H]2N([C@@H]3[C@H]1N(N(=O)=O)[C@@H]1N([C@H]2N(N(=O)=O)[C@@H]1N3N(=O)=O)N(=O)=O)N(=O)=O
PUBMUU25,O=N(=O)N1[C@@H]2N([C@@H]3[C@H]1N(N(=O)=O)[C@@H]1N([C@H]2N(N(=O)=O)[C@@H]1N3N(=O)=O)N(=O)=O)N(=O)=O
PUBMUU26,O=N(=O)N1[C@@H]2N([C@@H]3[C@H]1N(N(=O)=O)[C@@H]1N([C@H]2N(N(=O)=O)[C@@H]1N3N(=O)=O)N(=O)=O)N(=O)=O
PUBMUU32,O=N(=O)N1[C@@H]2N([C@@H]3[C@H]1N(N(=O)=O)[C@@H]1N([C@H]2N(N(=O)=O)[C@@H]1N3N(=O)=O)N(=O)=O)N(=O)=O
PUSHUJ,OCC1=NN/C(=N\N(=O)=O)/O1
PUWTIN,O=N(=O)N[C@H]1CCCC[C@@H]1NN(=O)=O
QEHDIS,NN/C(=N/N(=O)=O)/N
QEVVIX,O=C1N/C(=N/N(=O)=O)/N/C(=N\N(=O)=O)/N1
QIJDAO,O=N(=O)N1CCc2ccccc12
QIJDAO01,O=N(=O)N1CCc2ccccc12
QIJDAO02,O=N(=O)N1CCc2ccccc12
QIJNUV,O/N=C(/C1=NON=C1N(N(=O)=O)CN(C1=NON=C1/C(=N/O)/N)N(=O)=O)\N
QONRAO,CNN(=O)=O
QONRUI,CN(CO)N(=O)=O
QONSAP,CN(CNC(=O)OCN(C)N(=O)=O)N(=O)=O
QONSET,CN(CNC(=O)NCN(C)N(=O)=O)N(=O)=O
QOTVAW,N#CC1=C(/N=C/N2CCN/C/2=N\N(=O)=O)N(N=C1)c1ccccc1
QUGLIN,O=N(=O)N1c2ccccc2C(=O)[C@]1(C)c1ccccc1
RAFQOI,N/C(=N\N(=O)=O)/NCN1N=NN=C1C
RANWUY,O=N(=O)/N=C/1\C=CC=CN1C
RIGJIA,O=N(=O)N1CN([C@H]2[C@@H]1[C@H]1[C@@H]2N(CN1N(=O)=O)N(=O)=O)N(=O)=O
RIGJUM,O=NN(C)[C@H]1[C@@H]([C@H](N(C)N(=O)=O)[C@H]1N(C)N(=O)=O)N(C)N=O
RIZHAK,CN1COCN(/C/1=N\N(=O)=O)C/C=C(/CCC=C(C)C)\C
ROJGIJ,CC(=O)O[C@@H]1[C@@H](OC(=O)C)N(N(=O)=O)[C@H]([C@@H](N1N(=O)=O)OC(=O)C)OC(=O)C
ROKTAO,NC(=O)NN(=O)=O
RUGQOA,O=CN1[C@@H]2N(N(=O)=O)[C@H]3N([C@@H]2N([C@H]2[C@@H]1N(N(=O)=O)[C@@H]3N2N(=O)=O)N(=O)=O)N(=O)=O
SAMROP,CN/C(=N\N(=O)=O)/NC[C@H]1COCC1
SATNEG,CC(=O)NCN(CN(CN(COC(C)=O)N(=O)=O)N(=O)=O)N(=O)=O
SATRIO,CC(=O)NCN(CN(CN(CNC(C)=O)N(=O)=O)N(=O)=O)N(=O)=O
SATROU,COC(N(C)N(=O)=O)N(C)N(=O)=O
SECVOL,O=N(=O)N1CCCN(C1C1N(CCCN1N(=O)=O)N(=O)=O)N(=O)=O
SETVOD,Cc1cc(C)c(NN(=O)=O)c(C)c1
SIMGUR,O=N(=O)/N=C/1\NCCN1CCC(=O)c1ccccc1
SITVOJ,O=N(=O)Nc1nnc(NN(=O)=O)nn1
SOBFOE,O=C1N[C@H]2[C@@H](N1N(=O)=O)N(N(=O)=O)[C@@H]1[C@H](N2N(=O)=O)N(C(=O)N1)N(=O)=O
SOBGAR,O=N(=O)N1[C@@H]2NC(=O)N([C@@H]2N([C@H]2[C@@H]1NC(=O)N2N(=O)=O)N(=O)=O)N(=O)=O
SOLFEF,O=N(=O)NC1=C[C@H](C)CO[C@]21O[C@@H]1[C@H]([C@@H]2C)[C@@]2([C@@H](C1)[C@@H]1CC[C@H]3[C@]([C@H]1CC2)(C)CC[C@@H](C3)OC(=O)C)C
SOLFOP,CC(=O)O[C@H]1CC[C@]2([C@@H](C1)CC[C@@H]1[C@@H]2CC[C@]2([C@H]1C[C@H]1[C@@H]2[C@H](C)[C@@]2(O1)OC[C@H](C=C2N(N(=O)=O)C)C)C)C
TALBIU,O=C(NN(=O)=O)OCC#CCOC(=O)NN(=O)=O
TALLIE,O=C(NN(=O)=O)OCCOC(=O)NN(=O)=O
TEDYOT,O=N(=O)/N=C/1\NN=C(O1)C1=NN/C(=N\N(=O)=O)/O1
TENTUE,N#CC1=NO[N+]([O-])=C1/C(N)=N/N(=O)=O
TOHWIW,C[C@@H]1CC[C@H](N1N(=O)=O)C
TOHYUK,O=N(=O)N[C@]12[C@H]3[C@H]4[C@@H]2[C@H]2[C@@H]1[C@@H]3[C@@]42NN(=O)=O
TOHZAR,O=N(=O)N([C@]12[C@H]3[C@H]4[C@@H]2[C@H]2[C@@H]1[C@@H]3[C@@]42N(c1ccccn1)N(=O)=O)c1ccccn1
UBUQUH,CCC[C@@H]1N(N(=O)=O)[C@@H]2CCCC[C@H](N1N(=O)=O)N2N(=O)=O
UCIXOW,CN(CC(N)=O)N(=O)=O
UCIYEN,CN(CC(O)=O)N(=O)=O
UCIYIR,CN(CC(=O)NN(=O)=O)N(=O)=O
UCOKOP,CN(CC#N)N(=O)=O
UCOKUV,CN(CC(=O)NN)N(=O)=O
UCOLEG,CN(CC(=O)NNC(=O)CN(C)N(=O)=O)N(=O)=O
UGUGIM,O=N(=O)N1CN([C@H]2[C@@H]1N(CN2N(=O)=O)N(=O)=O)N(=O)=O
UGUGIM01,O=N(=O)N1CN([C@H]2[C@@H]1N(CN2N(=O)=O)N(=O)=O)N(=O)=O
ULABAM,N/C(=N\N(=O)=O)/N1N=C(C=C1C)C
ULAVEK,CC1=NON=C1C1=NN(C=C1)N(=O)=O
UMIDAX,O=N(=O)NN1N=NN=C1C1=NN=NN1NN(=O)=O
UMUMEW,O=N(=O)NC1=NO[N+](=C1C1=[N+]([O-])ON=C1NN(=O)=O)[O-]
URODIR,O=N(=O)N[C@H]([C@H](NN(=O)=O)CNN(=O)=O)CNN(=O)=O
UXIJIV,CCC(=O)NN(=O)=O
VABWOK,O=N(=O)/N=C\1/C(=N\N(=O)=O)/[C@@]2(C([C@H]1CC2)(C)C)C
VACRAT,Cc1ccc([N-]N(=O)=O)[n+](O)c1
VAGTED,CCN/C(=N/N(=O)=O)/N
VALPII,O=C(NCCNN(=O)=O)NCCNN(=O)=O
VALPII01,O=C(NCCNN(=O)=O)NCCNN(=O)=O
VALRAF,CCC[C@@H]1N(N(=O)=O)[C@@H]2CCCC[C@H](N1N(=O)=O)N2C(=O)CC
VEDWEJ,[N-]=[N+]=C1N=NN(/C/1=N/N(=O)=O)c1ccccc1
VEGGUJ,O=C1N(CN(CN1N(=O)=O)N(=O)=O)N(=O)=O
VEGGUJ01,O=C1N(CN(CN1N(=O)=O)N(=O)=O)N(=O)=O
VEGHEU,O=C1CN(C(=O)CN1N(=O)=O)N(=O)=O
VIBBEQ,COc1ccc(cc1)N1CNC(NC1)=NN(=O)=O
VITBAC,CN1N=NC(=N1)NN(=O)=O
VITBEG,O=N(=O)/N=C/1\NN=NN1C
VIWRAV,O=N(=O)/N=C/1\NN=NN1
VOGSUI,O=N(=O)/N=C/1\NN=C2N1N=CN=N2
WADWUU,CC1=CC=CC(=[N+]1[O-])N[N+](=O)[O-]
WAKSUX,O=N(=O)/N=C(/N(N(=O)=O)C)\N
WERYEX,O=N(=O)/N=C/1\N[C@@H]2[C@H](N1)N/C(=N\N(=O)=O)/N2
WEXDIM,N#C[C@H]1C[C@H]2[N@@](O1)C(N(C2(C)C)N(=O)=O)(C)C
WUKZIL,CN(c1ccncc1)N(=O)=O
XAHMIE,O=N(=O)N1CN(C2=NON=C2N(C1)N(=O)=O)N(=O)=O
XAHMIE01,O=N(=O)N1CN(C2=NON=C2N(C1)N(=O)=O)N(=O)=O
XAJHEX,CON1N=NN/C/1=N\N(=O)=O
XAJSAE,O=C1N(NN(=O)=O)C(=O)c2ccccc12
XAKDOG,O=N(/N=[N+]([O-])/C1=NON=C1/N=[N+]([O-])/C2=NON=C2/[N+]([O-])=N/C(C)(C)C)=O
XEBHET,CC(C)(C)/N=[N+]([O-])/C1=NON=C1NN(=O)=O
XELYEU,NN(=O)=O
XEXYII,CO[C@@H]1N(N(=O)=O)[C@H](OC)N([C@@H](N1N(=O)=O)OC)N(=O)=O
XEXYOO,CO[C@@H]1N(N(=O)=O)[C@H](OC)N([C@H](N1N(=O)=O)OC)N(=O)=O
XIXQOL,O=C(NN(=O)=O)NN(=O)=O
XOZREM,[NH2+]=C1NN=C(N1[N-]N(=O)=O)C1=NON=C1NN(=O)=O
YANREM01,NC1=[NH+]N=NN1[N-]N(=O)=O
YANSIR,CN1N=NN([N-]N(=O)=O)C1=[NH2+]
YEVJAK,CC(=O)O[C@H]1C[C@@H](O[C@@H]1COC(=O)C)N1C=C(C)C(=O)N(C1=O)N(=O)=O
YIQZAA,COc1c(cccc1OC)CN1CCN/C/1=N\N(=O)=O
YITKAP,CN(CN=C=O)N(=O)=O
YODHUV,CN1CN/C(=N\N(=O)=O)/N(C1)C
YOTSUV,O=C1CCC(=O)N1N(=O)=O
YOTSUV01,O=C1CCC(=O)N1N(=O)=O
ZACSII,O=N(=O)NC1=NON=C1NN(=O)=O
ZERJIR,N/C(=N/N(=O)=O)/Nc1ccccc1
ZOHSOE,O=N(=O)N(CCC#N)CCC#N
ZUHQOI,O=C1N(N(=O)=O)[C@]2([C@](N1N(=O)=O)(C)CC2)C
ZUHQUO,O=C1N(N(=O)=O)[C@]2([C@@](N1N(=O)=O)(C2)C)C
ZZZTLC01,O=N(=O)N1CCN(CC1)N(=O)=O
CTMTNA17,O=N(=O)N1CN(CN(C1)N(=O)=O)N(=O)=O
DNEDAM02,O=N(=O)NCCNN(=O)=O
DNEDAM03,O=N(=O)NCCNN(=O)=O
DNEDAM04,O=N(=O)NCCNN(=O)=O
CTMTNA18,O=N(=O)N1CN(CN(C1)N(=O)=O)N(=O)=O
CTMTNA19,O=N(=O)N1CN(CN(C1)N(=O)=O)N(=O)=O
CTMTNA20,O=N(=O)N1CN(CN(C1)N(=O)=O)N(=O)=O
CTMTNA21,O=N(=O)N1CN(CN(C1)N(=O)=O)N(=O)=O
CTMTNA22,O=N(=O)N1CN(CN(C1)N(=O)=O)N(=O)=O
CTMTNA23,O=N(=O)N1CN(CN(C1)N(=O)=O)N(=O)=O
CTMTNA24,O=N(=O)N1CN(CN(C1)N(=O)=O)N(=O)=O
CTMTNA25,O=N(=O)N1CN(CN(C1)N(=O)=O)N(=O)=O
DNEDAM05,O=N(=O)NCCNN(=O)=O
JATFOD,O=N(=O)N1[C@@H]2N(N(=O)=O)[C@@H]3C4([C@H]1N([C@H](C12OCCO1)N3N(=O)=O)N(=O)=O)OCCO4
PUBMUU45,O=N(=O)N1[C@@H]2N([C@@H]3[C@H]1N(N(=O)=O)[C@@H]1N([C@H]2N(N(=O)=O)[C@@H]1N3N(=O)=O)N(=O)=O)N(=O)=O
PUBMUU46,O=N(=O)N1[C@@H]2N([C@@H]3[C@H]1N(N(=O)=O)[C@@H]1N([C@H]2N(N(=O)=O)[C@@H]1N3N(=O)=O)N(=O)=O)N(=O)=O
PUBMUU47,O=N(=O)N1[C@@H]2N([C@@H]3[C@H]1N(N(=O)=O)[C@@H]1N([C@H]2N(N(=O)=O)[C@@H]1N3N(=O)=O)N(=O)=O)N(=O)=O
PUBMUU48,O=N(=O)N1[C@@H]2N([C@@H]3[C@H]1N(N(=O)=O)[C@@H]1N([C@H]2N(N(=O)=O)[C@@H]1N3N(=O)=O)N(=O)=O)N(=O)=O
QIJDAO03,O=N(=O)N1CCc2ccccc12
QIJDAO04,O=N(=O)N1CCc2ccccc12
QIJDAO05,O=N(=O)N1CCc2ccccc12
QIJDAO06,O=N(=O)N1CCc2ccccc12
RAYGUX,O=N(=O)NC1=NON=C1Nc1nnc(NC2=NON=C2NN(=O)=O)nn1
SITVOJ01,O=N(=O)Nc1nnc(NN(=O)=O)nn1
VEDXAH,OC(=O)CN(CC(O)=O)N(=O)=O
YEGLEF,O=N(=O)/N=C\1/N=C(N)N2C(=NC=N2)N1
OCHTET41,O=N(=O)N1CN(CN(CN(C1)N(=O)=O)N(=O)=O)N(=O)=O
OCHTET42,O=N(=O)N1CN(CN(CN(C1)N(=O)=O)N(=O)=O)N(=O)=O
TEMQIP,O=C(NN(=O)=O)OCCN(CCOC(=O)NN(=O)=O)N(=O)=O
TEMQUB,NC(=O)OCCN(CCOC(N)=O)N(=O)=O
EYALAU,c1ccc(cc1)N1N=CC(=C1)/N=N/c1cccnc1
EYALAU01,c1ccc(cc1)N1N=CC(=C1)/N=N/c1cccnc1
FAVWOS01,COc1nc(N)nc(c1/N=N/c1ccccc1)OC
FAVXOT,COc1nc(N)nc(c1/N=N/c1ccccc1)N
GANTUO,O=C1C=C(C)N(C2=C1C(=O)C(=C2)C(C)(C)C)c1ccc(cc1)/N=N/c1ccccc1
HAGBOK,COC(c1c(/[NH+]=N/c2c3ccccc3ccc2[O-])cccc1)=O
IBAKOP01,COc1nc(N)nc(c1/N=N/c1ccc(cc1)OC)OC
JAMWON,COc1ccc(c(c1)N1CCCC1)/N=N/C1=CN(N=C1)C
LAQKOH,[O-]/[N+](=N\C#N)/C1=NON=C1N
LAQKUN,N#C/N=[N+]([O-])/C1=NON=C1/N=N/C2=NON=C2/[N+]([O-])=N/C#N
MAQHOF,CN(/C=N/C1=[N+]([O-])N=C(N=[N+]1[O-])N1N=C(C=C1C)C)C
MARLEA,O=C1N=NC(=O)N(Cc2ccccc2)N1Cc1ccccc1
MARLOK,O=C1N=NC(=O)N2N1[C@@H]1CC[C@H]2CC1
MAVPOS,COC(=O)[C@]1(N=N[C@@](C1)(C(=O)OC)[C@]12C[C@H]3C[C@@H](C2)C[C@@H](C1)C3)c1ccccc1
MAVQAF,COC(=O)[C@@]1(N=N[C@@](C1)(c1ccccc1)C(=O)OC(C)(C)C)[C@]12C[C@H]3C[C@@H](C2)C[C@@H](C1)C3
MAVQEJ,COC(=O)[C@@]1(N=N[C@@](C1)(c1ccccc1)C(=O)Oc1ccccc1)[C@]12C[C@H]3C[C@@H](C2)C[C@@H](C1)C3
MAVQIN,COC(=O)[C@]1(N=N[C@@](C1)(C(=O)O[C@@H]1C[C@H](C)CC[C@H]1C(C)C)c1ccccc1)[C@]12C[C@H]3C[C@@H](C2)C[C@@H](C1)C3
NARTAF,Oc1ccc(cc1/C=N/C1=CC(=NN1c1ccccc1)C(C)(C)C)/N=N/c1ccccc1
PAPJOJ,CN1N=C(C(=C1C)/N=N/c1ccccc1C(=O)O)C
PAQTIO,c1cc2CC[C@H]3c2c(c1)N=Nc1c2[C@H]3CCc2ccc1
TIHSUZ01,Oc1ccc(cc1/C=N/c1ccccc1)/N=N/c1ccccc1
WARLEK,Cc1ccc(cc1)/N=N/c1c(C)c2ccccc2c2c1cccc2
WARLIO,CCCC1=C(/N=N/c2ccccc2)c2ccccc2N2C1=C1C=CC=CC1=N2
WAVKOX,Cc1cccc2c1[C@@](C)(/N=N/c1ccccn1)[C@H]1[C@@H]2[C@H]2O[C@@H]1c1c2cccc1
WAVKUD,N#Cc1ccc2c(c1)[C@@H]1[C@@H]3O[C@H]([C@@H]1[C@@]2(C)/N=N/c1ccccc1)c1c3cccc1
WAVLEO,Cc1cccc2c1[C@](C)(/N=N/c1ccccn1)[C@@H]1[C@H]2[C@@H]2O[C@H]1c1c2cc2c(c1)OCO2
WUJZAF01,CN1C(=Nc2c1cccc2)/N=N/C1=Nc2c(N1C)cccc2
XAMYIX,c1ccc(cc1)Oc1ccccc1/N=N/c1ccccc1Oc1ccccc1
YAXDUA,c1ccc(cc1)/N=N/c1ccc(cc1)C(=C(c1ccccc1)c1ccccc1)c1ccccc1
ZALZIZ,OC(=O)c1cc(/N=N/c2cc(cc(c2)C(=O)O)C(=O)O)cc(c1)C(=O)O
ZALZIZ02,OC(=O)c1cc(/N=N/c2cc(cc(c2)C(=O)O)C(=O)O)cc(c1)C(=O)O
ABEKUO,OC(=O)CO/N=C(/c1ccccc1/N=N/c1ccccc1)\C
ABUJOY,CCc1ccc(cc1)/N=N/c1ccc(c(c1)C)Oc1ccc(c(c1)C#N)C#N
ACEFIZ,OC(=O)c1cc(/N=N/c2ccccc2)ccc1O
ADOTUJ,Cc1ccc(cc1)/N=N/C1=C(CCC1=O)Nc1ccccc1
ADOXAV,CN1C=NC(=N1)/N=N/c1ccccc1
ADOXEZ,CN1C=NC(=C1)/N=N/c1ccccc1
AFAFUJ,CCOC(=O)/N=N/c1ccccc1C#N
AFIHAA,CC(c1cccc(/[NH+]=N/c2c([O-])ccc3c2cccc3)c1)=O
AFIPEM,Cc1ccc(O)c(/[NH+]=N/c2c([O-])ccc3c2cccc3)c1
AFIVOC,CCN(c1ccc(cc1)/N=N/c1cccnc1)CC
AGEFID,C(#N)C1=C(C=CC=C1)/[NH+]=N/C1=C(C=CC2=CC=CC=C12)[O-]
AGEWEP,CCc1ccc(cc1)/N=N/c1ccc(c(c1)C)O
AHPAZP10,Oc1ccc(nc1N)/N=N/c1ccccc1
AJAWUD,[O-]/[N+](c1ccccc1)=C\c2c(CC/N=N/c3ccccc3)cccc2
ALEGUU,c1ccc(nc1)CNc1ccccc1/N=N/c1ccccc1NCc1ccccn1
ALIVAS,CCCCCCCCCCOc1cc(ccc1/N=N/c1ccc(cc1OCCCCCCCCCC)C(=O)O)C(=O)O
AMTZIN,CC(=O)C1=C(C)N2N=C3C=CC=CC3=C2N=N1
AMUGEW,COc1cccc(c1)[C@@H]1CN=N[C@@]21[C@@H](Oc1c(C2=O)cccc1)c1ccccc1
APUCUM,CCOC(=O)CC(=O)OCc1ccc(cc1)/N=N/c1ccc(cc1)COC(=O)CC(=O)OCC
AQIDIO,COc1ccc(cc1)/N=N/c1ccc(c(c1)C(=O)C)O
AQUGUQ,[O-][n+]1nc(N)c(/[N+]([O-])=N/C(C)(C)C)[n+]([O-])n1
ARUVAK,OC(=O)CCCCN(c1ccc(cc1)/N=N/c1ccc(cc1)C(=O)O)C
ARUVIS,OCCN(c1ccc(cc1)/N=N/c1ccc(cc1)C(=O)O)C
ARUVOY,OCCN(c1ccc(cc1)/N=N/c1ccc(cc1)C(=O)O)CCO
ASIBAF,COC(=O)[C@H]1/C(=C\C(=O)OC)/N=NC1(c1ccccc1)c1ccccc1
ATOJEA,Cc1ccc(cc1)C(=O)N1CCN(CC1)C1=NN2C=NN=C2N=N1
AVOFID,CCN1N=C(N=C1/N=N/C1=NC(=NN1CC)c1ccccc1)c1ccccc1
AWAQOH,C=C1c2ccccc2[C@@]([C@H]1c1ccccc1)(C)/N=N/c1ccccn1
AWESIH,CCOc1ccc(cc1)/N=N/c1ccc(cc1)C#N
AWESIH01,CCOc1ccc(cc1)/N=N/c1ccc(cc1)C#N
AWIZUB,Cc1cccc(c1)/N=N/c1c(N)ccc2c1cccc2
AWUGII,OC(c1ccccc1)(c1ccccc1)C#Cc1ccccc1/N=N/c1ccccc1C#CC(c1ccccc1)(c1ccccc1)O
AXUYOJ,Oc1ccc(cc1)/N=N/c1ccncc1
AYIBER,COc1cc(/N=N/c2ccccc2)cc(c1O)/C=N/CCC/N=C/c1cc(/N=N/c2ccccc2)cc(c1O)OC
AYIQIL,COc1ccc(/N=N/C(c2ccccc2)=N\Nc3ccccc3)cc1
AYUKIP,O=C1C=CC(=O)N1c1ccc(cc1)/N=N/c1ccccc1
AZBENC,c1ccc(cc1)/N=N\c1ccccc1
AZBENC01,c1ccc(cc1)/N=N\c1ccccc1
AZDCAR,NC(=O)/N=N/C(=O)N
AZDCAR01,NC(=O)/N=N/C(=O)N
AZDCAR02,NC(=O)/N=N/C(=O)N
AZFOXM,O/N=C/N=N/C=N/O
AZIBYR,N#CC(/N=N/C(C#N)(C)C)(C)C
AZIBYR01,N#CC(/N=N/C(C#N)(C)C)(C)C
AZIBYR02,N#CC(C)(C)/N=N/C(C)(C)C#N
AZIBYR05,N#CC(/N=N/C(C#N)(C)C)(C)C
AZOBEN01,c1ccc(cc1)/N=N/c1ccccc1
AZOBEN03,c1ccc(cc1)/N=N/c1ccccc1
AZOBEN04,c1ccc(cc1)/N=N/c1ccccc1
AZOBEN06,c1ccc(cc1)/N=N/c1ccccc1
AZOBEN12,c1ccc(cc1)/N=N/c1ccccc1
AZOBEN13,c1ccc(cc1)/N=N/c1ccccc1
AZPCYM,CC(c1ccc(c(c1)/N=N/c1cc(ccc1C)C(C)C)C)C
AZPHEN10,CCOc1ccc(/N=N/c2ccc(OCC)cc2)cc1
AZPYRO,[O-][n+]1ccc(/N=N/c2cc[n+]([O-])cc2)cc1
AZUKAI,CCOC(=O)c1ccc(cc1)/N=N/c1ccc(cc1)C(=O)OCC
AZUKAI01,CCOC(=O)c1ccc(cc1)/N=N/c1ccc(cc1)C(=O)OCC
AZUYID,Oc1cc(cc2c1OCCOCCOc1c(/N=N/2)cccc1)C(C)(C)C
BANJEF,C1C[C@@]2(C[C@H]1CC2)/N=N\[C@]12CC[C@@H](C2)CC1
BATWUO,[O-]/[N+](c1nc2ccccc2nc1)=[N+]([O-])/c3nc4ccccc4nc3
BAWYUW,c1cc2ccc1/N=N\c1ccc(cc1)Cc1ccc(/N=N\c3ccc(C2)cc3)cc1
BAYJUG,CC(=C1C(C)(C)N=NC1(C)C)C
BEFFID,Nc1ccc(cc1)/N=N/c1cc(C(C)C)c(c(c1)C(C)C)O
BEJMEJ,CCCCCC(=O)N1CCN(CC1)c1ccc(cc1)/N=N/c1ccc(cc1)CC
BEJMIN,CCCCCCCCCC(=O)N1CCN(CC1)c1ccc(cc1)/N=N/c1ccc(cc1)CCCCCC
BELPUD02,Cc1c(/[N+]([O-])=[N+]([O-])\c2c(C)cccc2)cccc1
BEZWUY,C[C@H]1[C@@]2([C@]1(N=NC2(C)C)c1ccccc1)c1ccccc1
BIJBIG,c1ccc(cc1)C#Cc1ccc(cc1)/N=N/c1ccc(cc1)C#Cc1ccccc1
BIJTUJ,CC[C@H]1NN=C(N=N1)c1ccccc1
BIRDUB,N#CC1=COC(=C1/N=N/c1ccccc1)c1ccc(cc1)OC
BIVWAF,CCCCCC(N1CCN(c2ccc(/N=[N+]([O-])/c3ccc(N4CCN(C(CCCCC)=O)CC4)cc3)cc2)CC1)=O
BIWVIM,O1CCOCCOc2ccc(cc2)/N=N/c2ccc(cc2)OCCOCCOCCOCCOc2c3c(c(OCCOCC1)ccc3)ccc2
BIWZAJ,N#C/C(=N/Nc1c(C)cc(cc1C)C)/N=N/c1c(C)cc(cc1C)C
BIWZEN,N#C/C(=N/Nc1ccccc1OC)/N=N/c1ccccc1OC
BMPIMT,COC1=C(c2ccccc2)N2C(=N1)N=NC(=N2)Cc1ccccc1
BOHLIT,[O-]/[N+](c1c(/[N+]([O-])=N/c2c(N(=O)=O)cccc2)cccc1)=N\c3c(N(=O)=O)cccc3
BOKFUE,CCCCN1C=CN(/C/1=C/1\N=NC(=O)N=N1)C
BOKGEP,C[C@@H](N1C=CN(/C/1=C/1\N=NC(=O)N=N1)[C@@H](c1ccccc1)C)c1ccccc1
BOKGIT,O=C1N=N/C(=C/2\N(CCN2c2c(C)cc(cc2C)C)[C@@H](c2ccccc2)C)/N=N1
BOKGOZ,O=C1N=N/C(=C\2/N(N=C(N2c2ccccc2)c2ccccc2)c2ccccc2)/N=N1
BOMQUS,Oc1ccc(cc1)/N=N/c1cc(O)cc(c1)O
BOMRAZ,COc1cc(OC)cc(c1)/N=N/c1ccc(cc1)O
BOXZIZ,CCC(C1=CC=CN1)(C1=CC=C(N1)/N=N/c1cccnc1)CC
BOXZOF,CCC(C1=CC=C(N1)/N=N/c1cccnc1)(C1=CC=C(N1)/N=N/c1cccnc1)CC
BUAZBZ,CC(C)(C)c1c(/N=N/c2c(C(C)(C)C)cc(C(C)(C)C)cc2C(C)(C)C)c(C(C)(C)C)cc(C(C)(C)C)c1
BUAZBZ01,CC(c1cc(cc(c1/N=N/c1c(cc(cc1C(C)(C)C)C(C)(C)C)C(C)(C)C)C(C)(C)C)C(C)(C)C)(C)C
BUAZBZ02,CC(c1cc(cc(c1/N=N/c1c(cc(cc1C(C)(C)C)C(C)(C)C)C(C)(C)C)C(C)(C)C)C(C)(C)C)(C)C
BUAZBZ03,CC(c1cc(cc(c1/N=N/c1c(cc(cc1C(C)(C)C)C(C)(C)C)C(C)(C)C)C(C)(C)C)C(C)(C)C)(C)C
BUAZBZ04,CC(c1cc(cc(c1/N=N/c1c(cc(cc1C(C)(C)C)C(C)(C)C)C(C)(C)C)C(C)(C)C)C(C)(C)C)(C)C
BUDMOD,OC(=O)c1ccc(cc1)/N=N/c1ccc(cc1)C(=O)O
BUKYIP,COC(=O)[C@@]12N=NC[C@H]2c2c(C[C@@H]1C)cccc2
BUKYOV,COC(=O)[C@]12N=NC[C@@H]2c2c([C@H](C1)C)cccc2
BUPDUL,CC1(C)N=NC2=C1c1ccccc1C1=C(c3ccccc23)C1(C)C
BUSSOX10,N#C[C@@H]1CN(c2ccccc2)[C@@]34[C@]1(N=[N+](c5ccccc5)[N-]4)CCCC3
BUVJOT,CCCCN(c1ccc(cc1)/N=N/c1ccc(c(c1)C#N)c1ccc(c(c1)C#N)C#N)CCCC
BUVJOT01,CCCCN(c1ccc(cc1)/N=N/c1ccc(c(c1)C#N)c1ccc(c(c1)C#N)C#N)CCCC
BUXNEO,CCOC(=O)C1=CC2=C3C1=CC=CC=C3N=NC2(C)C
BUYFIL03,c1ccc2c(c1)N=Nc1c(CC2)cccc1
BUYSUJ,Cc1ccc(cc1)/N=N/c1ccc(cc1C)O
BUYSUJ01,Cc1ccc(cc1)/N=N/c1ccc(cc1C)O
BUYWEX,Cc1ccc(cc1)/N=N/c1ccc(c(c1C)/N=N/c1ccc(cc1)C)O
CADBER,CC1=NC(=NO1)C1=NON=C1/N=N/C1=NON=C1C1=NOC(=N1)C
CAJXIX,CC(C)(C)/N=[N+]([O-])/C1=NON=C1/N=N/C2=NON=C2/[N+]([O-])=N/C(C)(C)C
CAMWIY,CCCCCCCOc1ccc(cc1)/N=N/c1c(C)c(C)c(c(c1C)C)/N=N/c1ccc(cc1)OCCCCCCC
CAZBZO10,[O-]/[N+](c1ccccc1)=[N+]([O-])/c2ccccc2
CAZBZO11,[O-]/[N+](c1ccccc1)=[N+]([O-])/c2ccccc2
CAZBZO12,[O-]/[N+](c1ccccc1)=[N+]([O-])/c2ccccc2
CAZBZO14,[O-]/[N+](c1ccccc1)=[N+]([O-])/c2ccccc2
CDPAZP,c1ccc(cc1)/N=N/C(=C/c1ccccc1)/Cc1ccccc1
CEHFEC,C=CCCOc1ccc(cc1)/N=N/c1ccc(cc1)C(=O)O
CEHMAF,COC(=O)c1ccccc1/N=N/C1=C/C(=C/Nc2ccccc2O)/C(=O)C=C1
CEKZAT,Cc1ccc(cc1)/N=N/[C@@]1(C(=O)c2ccccc2)C(=O)[C@]2(C([C@@H]1CC2)(C)C)C
CEMBOL,COC(=O)[C@@]12N=NC[C@@H]1c1c([C@H]2C(C)C)cccc1
CEMXEX,O=C1N2CCOCCOCCN(CCOCCOCC2)C(=O)c2nc(/N=N/c3nc1ccc3)ccc2
CEPJAI,CN1N=C([O-])[N+](=NC1=O)C
CESCIN,Cc1ccc(cc1)/N=N/c1ccc(cc1)O
CETMIX,O=C(c1ccc(cc1)/N=N/c1ccccc1)O[C@]12CC[C@]32[C@@H]2CC[C@@]42[C@]2([C@]3(CC1)CC2)CC4
CHMDIM,C/N=[N+]([O-])\C1CCCCC1
CINGUD,CC(=O)c1ccccc1/N=N/C1=CC=CN1
CINHAK,CCC(C1=N/C(=N\Nc2ccccc2C(=O)C)/C=C1)(C1=CC=C(N1)/N=N/c1ccccc1C(=O)C)CC
CIPVEC,C[N+]1=NC2=C(c3ccccc3)C=NN2[N-]1
CIXCIX,O=Cc1cc(/N=N/c2ccc(cc2)C(C)C)ccc1O
CIZDUM,CCOc1ccc(cc1)/N=N/c1ccc(cc1)C
CIZWUD,N#C/N=[N+]([O-])/c1ncccc1
CMZOXB,Cc1ccc(/N=[N+]([O-])\c2ccccc2)cc1
COBDIH,c1cc2/N=N\c3cccc(-c4cccc(/N=N\c5cc(-c(c1)c2)ccc5)c4)c3
COTBUK,CCCCCCCCCCCCOc1ccc(cc1)/N=N/c1ccc(c(c1)C)OCCCCCCCCCCCC
COTCAR,CCCCCCOc1ccc(cc1)/N=N/c1ccc(c(c1)C)OCCCCCC
COTCEV,CCCCCCCCCCOc1ccc(cc1)/N=N/c1ccc(c(c1)C)OCCCCCCCCCC
COTCIZ,CCCCCCOc1ccc(cc1C)/N=N/c1ccc(c(c1)C)OCCCCCC
COTPAE,CCCCCCOc1ccc(cc1)/N=N/c1ccc(cc1)OCCCCCC
COTRIM,[O-][n+]1ccc(/[N+]([O-])=N/c2ccccc2)cc1
COYZEX,[O-][N+]1=NC2=NN=NN2N=C1N
COZLAF,CCCCCCCCCCCCCCOc1ccc(/N=[N+]([O-])/c2ccc(OCCCCCCCCCCCCCC)cc2)cc1
CPCMPZ,COC(=O)[C@@]1(N=N[C@H]([C@H]1c1ccccc1)C)c1ccccc1
CUCMAP,O=C1OC(=O)[C@@H]2[C@H]1[C@@]1(N=N2)C(=O)C2=C(CC1(C)C)N(N=C2C)c1ccccn1
CUDPIA,c1ccc(cc1)/N=C\1/N=NC(O1)(c1ccccc1)c1ccccc1
CUDPUM,CC1(C)N=NC(=O)N1c1ccccc1
CUDQID,c1ccc(c(c1)/N=N/c1ccccc1)/N=N/c1ccccc1
CUMXEQ,c1ccc(cc1)NCc1cccc(n1)/N=N/c1ccccc1
CUMXIU,CC(c1cccc(c1/N=C/c1cccc(n1)/N=N/c1ccccc1)C(C)C)C
DAJSUC,[O-][N+]1=NC(c2ccccc2)=CC3=C(CCCC3)C1
DAJVUG,C1COC2=NON=C2/N=N/C2=NON=C2O1
DAJWIV,COC1=NON=C1/N=N/C1=NON=C1OC
DAPFIJ,CCOC1=CC2=C(C3=CC=CC=C1C3)N=NC1=C(C(=NN21)C)c1ccccc1
DAVLEU,COc1ccc(cc1)/N=N/c1ccc2c(c1)OCCOCCOCCOCCO2
DAXBOW,O=C1ON=C(N1)C1=NON=C1/N=N/C1=NON=C1C1=NOC(=N1)N
DAXJOE,O=C(C1=CC=CN1)/N=N/c1ccccc1
DAXXIM,c1ccc(cc1)/N=N/C(=N\c1ccccc1)/Nc1ccccc1
DAYTED,CCCCc1ccc(cc1)/N=N/C1=C/C(=C/NC(CO)(CO)CO)/C(=O)C(=C1)OC
DAZCOE,C1C[C@H]2CC[C@@H]1N=N2
DBODIM,O=C(c1ccccc1)/N=N/C(=O)c1ccccc1
DECLEF,CN1N=NC(/N=[N+]([O-])/C2=NN(C)N=N2)=N1
DECYAM,OCCN(c1ccc(cc1)/N=N/C1=NC(=C(N1)C#N)C#N)CCO
DEFREL,COC(=O)[C@H]1CN=N[C@]21C[C@@H]1[C@](C2=O)(C)CC[C@H]2[C@H]1CC=C1[C@]2(C)CC[C@@H](C1)OC(=O)C
DEPRUL,COc1ccc(cc1)C(=O)/N=N/[C@]1(C)N(N=C(C1(C)C)C)C(=O)c1ccc(cc1)OC
DERFAI,C=CN1C=CC=C1/N=N/c1ccccc1
DETLIY,COc1ccc(cc1)/N=N/c1ccc(cc1)[C@H](C1=CC=CN1)C1=CC=CN1
DEZKEY,c1ccc2c(c1)nc(cn2)/N=N/c1cnc2c(n1)cccc2
DEZKOI,COc1ccc2c(c1)[C@H]1N=N[C@@]3([C@]1([C@H]2C(=C(N3)C)C(=O)OC)C(=O)OC)C
DIGBOK01,O1CCN(CC1)/C(=C/N=N/C=C(\c1ccccc1)/N1CCOCC1)/c1ccccc1
DIGXAV,Nc1ccccc1/N=N/c1cccnc1
DIJGUB,CCc1ccc(cc1)/N=N/c1ccc(c(c1)/C=N/c1ccc(c(c1)OC)OC)O
DIJHAI,CCc1ccc(cc1)/N=N/c1ccc(c(c1)/C=N/c1ccc(cc1)C)O
DIRVOS,Cc1cc(/N=N/C2=C(c3ccccc3)NN(c4cc(C)ccc4)C2=O)ccc1
DISJAQ,CC1=NN(C2=C1/N=N/C1=C(Nc3ccccc3/N=N/c3c(N2)cccc3)N(N=C1C)c1ccccc1)c1ccccc1
DISPAZ,CC1=C(/N=N/c2c(O)ccc3c2cccc3)C(=O)N(N1C)c1ccccc1
DOBQET,Oc1c(/N=[N+]([O-])/c2ccccc2)cccc1
DODGUB,CCCCCCOc1ccc(cc1)/N=N/c1ccc(cc1)C(=O)OCCCCCC(=O)O[C@H]1CC[C@]2(C(=CC[C@@H]3[C@@H]2CC[C@]2([C@H]3CC[C@@H]2[C@@H](CCCC(C)C)C)C)C1)C
DODHEM,CCCCCCCCOc1ccc(cc1)/N=N/c1ccc(cc1)C(=O)OCCCCCC(=O)O[C@H]1CC[C@]2(C(=CC[C@@H]3[C@@H]2CC[C@]2([C@H]3CC[C@@H]2[C@@H](CCCC(C)C)C)C)C1)C
DOJBEM,COc1ccc(cc1)/N=N/c1ccc(c(c1)[C@@H](Cc1ccccn1)O)O
DOJLUL,CCc1c(C)c(/N=N/c2ccccc2)c(c(c1O)C(=O)OC)C
DOJMAS,COC(=O)c1c(O)cc(c(c1C)/N=N/c1cc(C)cc(c1)C)C
DOJMEW,CCOC(=O)c1c(O)cc(c(c1C)/N=N/c1ccc(cc1)C(C)(C)C)C
DOKZOS,COC(=O)[C@@]12CCC[C@@]3([C@H](C2=O)[C@H](C=C1)N=N3)C
DOLLEV,CC1(C)[C@@H]2N=N[C@H]1[C@@H]1[C@H]2[C@@H]2C=C[C@H]1C2
DOLLIZ,CC1(C)[C@@H]2N=N[C@H]1[C@@H]1[C@H]2[C@@H]2CC[C@H]1C2
DOSTIQ,CCOC(=O)[C@H]1[C@@H]2[C@H](CC[N@@]2O[C@]1(C)/N=N/C(=O)N)OCc1ccccc1
DOVVEP,CCCOc1ccc(/N=[N+]([O-])/c2ccc(OCCC)cc2)cc1
DPAZEC,C1CC[C@@H](N=N[C@H](C1)c1ccccc1)c1ccccc1
DPCBAZ,O=C(/N=N/c1ccccc1)NNc1ccccc1
DPFMAZ10,c1ccc(cc1)N/N=C/N=N/c1ccccc1
DPTZTZ10,c1ccc(cc1)C1=C(N=NC2=NC=NN12)c1ccccc1
DUDNAR,CC1=NN([C@H](N=N1)C)C(=O)C
DUPYAO,Cc1ccc(cc1)/N=N/c1ccc(cn1)O
DURDID,CC1=CC(C)(C)[N+]([O-])=[N+]1[O-]
DUSJAD,CN(c1ccc(cc1)/N=N/c1ccccn1)C
DZCHEP,CC(=C1[C@@H]2CC[C@H]1N=N2)C
DZHPDO,[O-][N+]1=[N+]([C@@H]2C[C@H]1CC2)[O-]
DZOCTO,[O-][N+]1=N[C@@H]2CC[C@H]1CC2
DZTCDE,C1C[C@H]2N=N[C@@H]1[C@@H]1[C@H]2CC1
EAZOBZ10,CCOC(c1ccc(/N=[N+]([O-])/c2ccc(C(OCC)=O)cc2)cc1)=O
EBEBEU,Oc1ccc(cc1/C=N/c1ccccn1)/N=N/c1ccccc1
EBUXUX,N#CC(=C(c1ccc2c(c1)ccc(c2)/N=N/c1ccc(cc1)N(C)C)C)C#N
ECUMIY,Cc1ccc(cc1C)/N=N/c1ccc(c(c1)C)C
ECUMIY01,Cc1ccc(cc1C)/N=N/c1ccc(c(c1)C)C
ECUMIY02,Cc1ccc(cc1C)/N=N/c1ccc(c(c1)C)C
EDOXEA,CCCCN(c1ccc(cc1)/N=N/c1ccnc(c1)c1nccc(c1)/N=N/c1ccc(cc1)N(CCCC)CCCC)CCCC
EFELUY,CC(C1=CC=C(C2=C(C=C(C2=C1)C)/N=N/c1cccc2c1cccc2/N=N/C1=C2C(=CC=C(C=C2C(=C1)C)C(C)C)C)C)C
EFEPIQ,CC1=CC=C(C=C2C1=C(Cc1ccc(cc1)/N=N/C1=C3C(=CC=C(C=C3C(=C1)C)C(C)C)C)C=C2C)C(C)C
EFEQUD,O=Cc1ccc(/N=N/C2=C3C(C)=CC=C(C(C)C)C=C3C(C)=C2)cc1
EFIPER,c1ccc(nc1)/N=N\c1ccccn1
EGANOS,c1ccc(cc1)N(c1ccccc1)c1ccc(cc1)c1cccc(c1)/N=N/c1cccc(c1)c1ccc(cc1)N(c1ccccc1)c1ccccc1
EGANUY,c1ccc(cc1)N(c1ccccc1)c1cccc(c1)/N=N/c1cccc(c1)N(c1ccccc1)c1ccccc1
EHUDOD,O=C1N=N[C@](N1c1ccccc1)(O)C(C)(C)C
EJEHAC,N#CC1=NON=C1OC1=NON=C1/N=N/C1=NON=C1OC1=NON=C1C#N
EJOTEF,c1ccc2c(c1)COc1ccccc1/N=N\c1c(OC2)cccc1
EJOTIJ,c1ccc2c(c1)COc1ccccc1/N=N/c1c(OC2)cccc1
EKIQOE,C=CC(C)(C)C1=CC(C)(C)[N+]([O-])=[N+]1[O-]
ELEMEP,COc1cccc(c1)/N=N/c1ccccc1C(=O)NC(C(=O)N[C@H](C(=O)NC(C(=O)NC(C(=O)NC(C(=O)NC(C(=O)NCC(=O)N)(C)C)(C)C)(C)C)(C)C)C)(C)C
ELUGAU,CC1=NN(C(=C1)C)C1=NN2C(=NN1)N=NC12CCCCC1
ELUGEY,COc1ccc(cc1)[C@]1(C)N=NC2=NNC(=NN12)N1N=C(C=C1C)C
ELUGIC,CC1=NN(C(=C1)C)C1=NN2C(=NN1C)N=NC2(C)C
EMAYEX,CCOC(c1c(O)c(C(OCC)=O)c(C)c(/[N+]([O-])=[N+]([O-])/c2c(C)c(C(OCC)=O)c(O)c(C(OCC)=O)c2C)c1C)=O
EPZPHV,CCCCC(=O)Oc1ccc(cc1)/N=N/c1ccc(cc1)OCC
EPZPHX,CCCCCC(=O)Oc1ccc(cc1)/N=N/c1ccc(cc1)OCC
EREFEP,OC1=NN2C(=NN=C2)N=N1
EREFIT,OC1=NN2C(N)=NN=C2N=N1
EVESIJ04,n1ccc(cc1)/N=N/c1ccncc1
EVESIJ05,n1ccc(cc1)/N=N/c1ccncc1
EVESIJ06,n1ccc(cc1)/N=N/c1ccncc1
EVIQEF,CCOC(NC(NC1=NO[N+]([O-])=C1/N=N/c2c(C)cc(C)cc2C)=O)=O
EVOBOG,COC(c1c(c2c(/N=[N+]([O-])/c3c(c4c(C(OC)=O)c(C)nc(C)c4C(OC)=O)cccc3)cccc2)c(C(OC)=O)c(C)nc1C)=O
EVOWUH,COc1cc(/N=N/c2ccc(cc2)C)cc(c1O)C=O
EVOXAO,COc1cc(/N=N/c2ccccc2C)cc(c1O)C=O
EWIXIT02,Oc1ccc2c(c1)c1N=NC3=NC=NN3c1cc2
EXEZUC,CCCOc1ccc(c(c1)O)/N=N/c1ccc(cc1)C
EXUGAF,Cc1cc(/N=N/c2ccccc2)cc(c1O)C
EXZPHP10,CCCCCCC(=O)Oc1ccc(cc1)/N=N/c1ccc(cc1)OCC
EXZPHP11,CCCCCCC(=O)Oc1ccc(cc1)/N=N/c1ccc(cc1)OCC
EXZPUN11,CCOc1ccc(cc1)/N=N/c1ccc(cc1)OC(=O)CCCCCCCCC=C
EYAFIW,CN1C=CC(=N1)/N=N/C1=NN(C=C1)C
EYAFOC,CN1N=CC=C1/N=N/C1=CC=NN1C
EYAFUI,CN1N=CC(=C1)/N=N/C1=CC=NN1C
EYAGAP,CN1C=CC(=N1)/N=N/C1=CC=NN1C
EYAGET,CN1N=CC(=C1)/N=N/C1=NN(C=C1)C
FAFFOL,Oc1cc2OCCOCCOCCOCCOc3c(/N=N/c1cc2)cccc3
FANRAO,O=C1CC[C@H]2[C@@H]1[C@H]1[C@@H]2[C@H]2[C@@H]1[C@H]1CC[C@@H]2N=N1
FAVKOD,CCOC(=O)c1cc(/N=N/c2ccc(cc2)CO)cc(c1)C(=O)OCC
FECXIU,CC(c1cccc(c1/N=N\c1c(cccc1C(C)C)C(C)C)C(C)C)C
FEFLOR,C1C[C@H]2C=C[C@@H]1[C@H]1[C@@H]2[C@H]2N=N[C@@H]1[C@H]1[C@@H]2[C@@H]2C[C@H]1C=C2
FEJDAA,N1=N[C@@H]2[C@H](C1)CN1C2=Nc2c1cccc2
FEJZAV,C[C@H]1O[C@H](OC(=O)[C@]21N=NC[C@@H]2c1ccccc1)C(C)(C)C
FEPVON,O1N=C2C(=N1)C1=NON=C1C1=NON=C1/N=N/C1=NON=C1C1=NON=C1C1=NON=C1/N=N/2
FEQDAI,COc1cc2OCCOc3cccc(c3)/N=N/c3cc(OCCOc1cc2OC)ccc3
FEQDEM,Cc1cc2OCCOc3cccc(c3)/N=N/c3cc(OCCOc1cc2C)ccc3
FEQLAQ,COc1ccc(cc1c1ccc(cc1)/N=N/c1ccc(cc1)c1cc(OC)ccc1OC)OC
FEQPEZ,CC(c1cccc(c1/N=N/c1ccccc1)C(C)C)C
FETKEU,C1=CCC[C@@H]2[C@@H](CC1)C1(N=N2)c2ccccc2-c2c1cccc2
FEXJUO,Oc1c2cc(cc1Cc1cc(cc3c1OCCOc1cccc(c1)/N=N/c1cc(OCCOc4c(C2)cc(cc4Cc2cc(cc(C3)c2O)C(C)(C)C)C(C)(C)C)ccc1)C(C)(C)C)C(C)(C)C
FEZWUF,O[C@@H](c1ccccc1)CC1=C(N)N=NC1=O
FEZXEQ,O=C1CCN2C(=C(/N=N/c3ccccc3)C(=N2)N)N1
FEZYER,N#CCCN1N=C(C(=C1N)/N=N/c1ccccc1)N
FIHQIX,Cc1ccc(cc1)C1=NC2=C(N=N1)CCCC2
FITXIP,NC1=NN=C(N=N1)N
FIWYES,Cc1ccc(cc1)/N=N/c1ccc(c(c1)/C=N/CCCN1C=NC=C1)O
FIYCIZ,N#C[C@](C(C)(C)C)(/N=N/[C@](C(C)(C)C)(C#N)C)C
FOMBEO,CCN(c1ccc(cc1)/N=N/c1ccc2c(c1)C(=O)NC2=O)CC
FOMQEF,c1ccc(cc1)/N=N/c1cccc(c1c1cccc2c1cccc2)/N=N/c1ccccc1
FONMAX,O=Cc1ccc(cc1)/N=N/c1ccc(cc1)O
FOWVUI,CC1(C)N=Nc2cnc(NC(=O)c3ccccc3)cc12
FOXTOC,c1cc2COc3ccccc3/N=N/C3=CC=C(/N=N/c4c(OCc(c1)n2)cccc4)N3
FUAZOX10,OC[C@H]1O[C@@H](N2C=C([N+]([O-])=NC2=O)C)C[C@@H]1O
FUBMUM,O=C1c2cc3OCCOCCOc4ccc(cc4)/N=N/c4ccc(OCCOCCOc5cc1c(-c2cc3)cc5)cc4
FUBSEC,O=C1c2cc3OCCOCCOCCOCCOc4ccc(cc4)/N=N/c4ccc(OCCOCCOCCOCCOc5cc1c(-c2cc3)cc5)cc4
FUCMEV,O=C1N=NC(N1)(C)C
FUGYIP,COc1ccc(cc1)/N=N/c1ccc(c(c1)C(=O)O)O
FUHJAW,COc1cccc(c1/N=N/C1=C(C)N(N=C1C)C)OC
FUHJAW01,COc1cccc(c1/N=N/C1=C(C)N(N=C1C)C)OC
FUSJOS,COc1ccc(/N=[N+]([O-])/c2ccc(C)cc2)cc1
FUTKAH,CC(c1ccc(cc1)c1ccccc1)(/N=N/C(C)(C)C)C
GAFHIE,C1C[C@@H]2[C@H](C1)[C@@H]1N=N[C@H]2[C@@H]2[C@H]1[C@H]1CC[C@@H]2c2c1cccc2
GAKNUB,[O-]/[N+](c1ccccc1)=N\CCCCCC/N=[N+]([O-])/c2ccccc2
GAMNOY,Nc1cccc2c1c(ccc2)/N=N/c1cccc2c1c(N)ccc2
GAMWAV,N#CC1(CCCCC1)/N=N/C1(CCCCC1)C#N
GAPYED,Cc1ccc(cc1)/N=N/C1=C(C)N(N=C1C)c1ccc(cc1)C
GARSIB,C(C)(=O)N(C1=CC=C(C=C1)N=NC1=CC=CC=C1)[C@@H]1[C@H](OC(C)=O)[C@@H](OC(C)=O)[C@@H](OC(C)=O)CO1
GATWUU,CCCCCCCCCCCCOc1ccc(/N=[N+]([O-])/c2ccc(OCCCCCCCCCCCC)cc2)cc1
GAVJUJ,CCOc1ccc(cc1)/N=N/c1ccc(c(c1)C(=O)C)O
GAVKUJ,CC(C)(C)/[N+]([O-])=[N+]([O-])/C(C)(C)C
GEHMEM,CN1N=NN=C1/N=N/C1=NN=NN1C
GEJQIX,N#C[C@@H]1C(=O)N[C@@]2([C@H]1C(=C(N)N=N2)C#N)C(C)(C)C
GELZUS,CC/C(=N\Nc1ccccc1)/N=N/c1ccccc1
GEMBAB,CC/C(=N/Nc1ccccc1)/N=N/c1ccccc1
GIGQAR,Oc1ccc(cc1)/N=N/C1=C(N)N(N=C1N)C(=O)OC(C)(C)C
GIGQEV,O=C(OC(C)(C)C)Oc1ccc(cc1)/N=N/C1=C(N)N(N=C1N)C(=O)OC(C)(C)C
GIJXEE,[O-]c(c1/N=[NH+]/c2c3ccccc3cnn2)c4ccccc4c5c1cccc5
GISLUR,Oc1ccc(cc1/N=N/c1c(O)ccc2c1cccc2)C(C)(C)C
GOFJET,CN1C=C(c2c1cccc2)/N=N/c1ccccc1
GOFJOD,c1ccc2c(c1)C(=CN2)C1=CC=C2N1c1ccccc1N=N2
GOFJUJ,Oc1ccccc1/N=N/C1=CNc2c1cccc2
GOFQOK,Oc1ccc(c(c1)C)/N=N/C1=C(C)N(N(C1=O)c1ccccc1)C
GOJNAW,CCCCCCc1ccc(cc1)/N=N/c1ccc(cc1)OCCCCCCN1C(=O)c2c(C1=O)cccc2
GONGEV,C/C(C)=C/[C@@H]1C[C@H](C)[C@@H]2[C@@]1(C([C@@]3(CCN=N3)C)=O)C([C@@H](C)CC2)=O
GORFEY,COc1ccc(cc1)/N=N/c1ccc2c1ccccc2
GOXJEI,Nc1ccc(cc1/N=N/c1ccccc1)/N=N/c1ccccc1
GOYXUQ,c1ccc(cc1)/N=N/c1ccc(cc1)N1CCCC1
GOZZEA,Cc1ccc(cc1)N1N=C(C2=C1N=NC(=N2)c1ccccc1)C
GUDKUO,CC1=CC(=C(N1C)C)/N=N/c1ccccc1
GUDNOJ,CCN1c2ccc(cc2-c2c1cccc2)/N=N/c1ccc2c(-c3ccccc3N2CC)c1
GUGCUG,C=C[C@H](N1NC(=O)N(C1=O)c1ccc(cc1)/N=N/c1ccc(cc1)C(=O)O)C
HABVAJ,Cc1ccc2c(n1)c(O)ccc2/N=N/c1ccc2c(c1)cc1c(c2)cccc1
HABVEN,Cc1ccc2c(n1)c(O)ccc2/N=N/c1ccccc1
HABVIR,Cc1ccc2c(n1)c(O)ccc2/N=N/c1cccc2c1cccc2
HACKAB,COc1ccc(cc1)/N=N/C1=CN(N=N1)Cc1ccccc1
HACKEB,c1ccc2c(c1)/N=N/c1ccccc1/N=N/c1c(/N=N/2)cccc1
HACKEF,c1ccc(cc1)/N=N/C1=CN(N=N1)Cc1ccccc1
HAFJEH,COC(=O)[C@@H]1CC[C@@H]2[C@@H]3[C@]1(CC2(C)C)[C@@]1(N=NCC1)C(=O)C3
HAHJAC,CN(c1ccc(cc1)/N=N/c1ccc(c2c1cccn2)O)C
HAHJEG,CCc1ccc(cc1)/N=N/c1ccc(c2c1cccn2)O
HAHTOC,N#C/C(=C(\N1CCCCC1)/N)/N=N/c1ccc(cc1)OC
HAZLIF,c1ccc(cc1)c1ccc2c3c1OCCc1cccc(c1)/N=N/c1cc(CCOc2c(cc3)c2ccccc2)ccc1
HAZLUR,CCOC(=O)c1cc2OCCOc3cccc(c3)/N=N/c3cc(OCCOc1cc2C(=O)OCC)ccc3
HAZMAY,CCOC(=O)c1cc2OCCCOc3cccc(c3)/N=N/c3cc(OCCCOc1cc2C(=O)OCC)ccc3
HAZMEC,COc1cc2OCCc3ccccc3/N=N/c3c(CCOc1cc2OC)cccc3
HAZSEJ,C1C[C@]2(CC[C@@H]1c1ccccc1)C=CN=N2
HEFRAO,c1ccc(cn1)/N=N/c1cccnc1
HEPGUF,Cc1ccc2c(n1)c(ccc2/N=N/c1ccc(cc1)N(C)C)OC(=O)c1ccccc1
HESCEN,Cc1cc(C)cc(c1)/N=N/c1c(c(C)cc(c1/C(=C\c1ccccc1)/c1ccccc1)C)/C(=C\c1ccccc1)/c1ccccc1
HESCEN10,Cc1cc(C)cc(c1)/N=N/c1c(c(C)cc(c1/C(=C\c1ccccc1)/c1ccccc1)C)/C(=C\c1ccccc1)/c1ccccc1
HETYAJ,CCOC(=O)Cc1c(/N=N/c2ccc(cc2)OC)c(O)c2c(c1C(=O)c1ccc(cc1)OC)cccc2
HEWRAD,Nc1ccccc1/N=N/c1ccccc1N
HEWRAD01,Nc1ccccc1/N=N/c1ccccc1N
HEWRAD02,Nc1ccccc1/N=N/c1ccccc1N
HEWRAD03,Nc1ccccc1/N=N/c1ccccc1N
HEXBOE,O=C([C@]12N=N[C@H]3[C@@H]2[C@@H](N([C@@H]1c1ccccc1)Cc1ccccc1)CC3)OC(C)(C)C
HEXBUK,O=C([C@@]12N=N[C@@H]3[C@H]2[C@H](N([C@@H]1c1ccccc1)Cc1ccccc1)CC3)OC(C)(C)C
HICMUE,C[C@@]12N=NC(=C2COc2c1cccc2)c1ccccc1
HIHMIV,OCC(N/C=C\1/C=C(C=CC1=O)/N=N/c1ccccc1)(CO)CO
HILDEL,O=C1N(C(c2ccccc21)=O)[N-][N+]3=NCCC3(C)C
HILVIK,CC(CCC[C@@H]([C@@H]1CC[C@H]2[C@@]1(C)CC[C@@H]1[C@@H]2CC=C2[C@@]1(C)CC[C@H](C2)OC(=O)Oc1ccc(cc1)/N=N/c1ccncc1)C)C
HIPXAF,c1ccc(cc1)/N=N/C1=NC=CN1
HIZMAH,Cc1ccc(cc1)/N=N/C1=Nc2ccccc2N(C1=O)C
HIZROY,Oc1c(/N=N/c2cc(cc(c2O)C(C)(C)C)C(C)(C)C)cc(cc1C(C)(C)C)C(C)(C)C
HODSOI,CCOc1ccccc1/N=N/c1ccc(c2c1cccn2)O
HOFTAY,CCN(c1ccc(cc1)/N=N/c1c(O)ccc2c1cccc2)CC
HOJXUC,Oc1ccc(cc1)/N=N/C1=C(C)NN=C1C
HOLSUY,OC[C@H]1O[C@H](C[C@@H]1O)N1C=C(C(=O)NC1=O)c1ccc(cc1)/N=N/c1ccc(cc1)N(C)C
HOPQUZ,CN1CCC2(CC1)OC(=O)c1c2c(ccc1)/N=N/c1cc(cc(c1)C(C)(C)C)C(C)(C)C
HOPRAG,O=C1OC2(c3c1cccc3/N=N/c1cc(cc(c1)c1c(C)cccc1C)c1c(C)cccc1C)CCN(CC2)C(C)(C)C
HOTPEM,c1ccc(cc1)/N=N/C1=NC=CN1CN1C=CN=C1/N=N/c1ccccc1
HOTPIQ,COCOc1ccccc1/N=N/c1ccccc1OCOC
HOVJIO,OC(=O)c1ccc(cc1)/N=N/c1ccccc1
HPHAUR10,O=C1NC(=CC(=O)N1)/N=N/c1ccc(cc1)O
HPXAXB,CCCCCCCOc1ccc(/N=[N+]([O-])/c2ccc(OCCCCCCC)cc2)cc1
HPXAXB01,CCCCCCCOc1ccc(/N=[N+]([O-])/c2ccc(OCCCCCCC)cc2)cc1
HPXPZH,COc1ccccc1/N=N/[C@@]1(OO)CCCC[C@H]1c1ccccc1
HUKVUG,O=C(OC(C)(C)C)/N=N/C(=O)OC(C)(C)C
HURNOZ,O=C(/N=N/C(=O)N(CC(=O)NC(c1ccccc1)c1ccccc1)C)OCc1ccccc1
HUSBON,CC1=NN2C(=C(N=C2C2=C(N(N=C12)c1ccccc1)c1ccccc1)c1ccccc1)/N=N/c1ccccc1
HXMAZB,Cc1cc(C)cc(c1/N=N/c1c(C)cc(cc1C)C)C
HXMAZB01,Cc1cc(C)cc(c1/N=N/c1c(C)cc(cc1C)C)C
IBAKEF,COc1nc(N)nc(c1/N=N/c1ccc(cc1)C)OC
ICPDAZ,O=C=NC(/N=N/C(N=C=O)(C)C)(C)C
IDITOF,N#Cc1ccc(cc1)N1N=C(C(=C1C)/N=N/c1ccc(cc1)C)C
IDUJOG,CCCCCCCC(=O)N1CCN(CC1)c1ccc(cc1)/N=N/c1ccc(cc1)C=O
IDUWIO,CC(=O)O[C@@H]([C@@H]([C@H](OC(=O)C)COC(=O)C)OC(=O)C)/C=C/N=N/c1ccc(cc1)C
IFOCIQ,O=C(N[C@H](C(=O)OCc1ccccc1)C(C)C)COc1ccccc1/N=N/c1ccccc1OCC(=O)N[C@H](C(=O)OCc1ccccc1)C(C)C
IFUXOX,Oc1ccc(cc1/N=N/c1ccccc1C(=O)O)C(C)(C)C
IGODEP,CN1C(=O)[C@H]2C[C@@]3([C@H](N2C(=O)[C@@H]1Cc1ccccc1)Nc1c3cccc1)/N=N/c1ccccc1
IHOVIL,Cc1cc(ccc1O)/N=N/c1ccccc1C
IJOVOU,Cc1ccc(c(c1)/N=N/c1ccc(cc1)C)N/C=C\1/C(=NN(C1=O)c1ccccc1)C
IKAGAD,Cc1ccc(cc1)/N=N/c1ccc(c(c1)C(=O)C)O
IKUXET,OC[C@@H]1O[C@H]([C@H]([C@H]1O)O)N1N=C(C(=C1C)/N=N/c1ccc(cc1)C)C
IMAZEE,OC(=O)c1ccc(cc1)/N=N/C1=C(C)N(N=C1C)C
IMAZII,OC(=O)c1cccc(c1)/N=N/C1=C(C)N(N=C1C)C
IMEZAB,CN(C(=Nc1ccc(cc1)/N=N/c1ccccn1)N(C)C)C
IMURIS,O=C(OCC/[N+]([O-])=[N+]([O-])/CCOC(c1ccccc1)=O)c2ccccc2
INEHEO,Cc1cc(/N=N/c2ccccc2)c(c(c1)C(C)(C)C)O
IPAZBZ,CC(C)c1c(/N=N/c2c(C(C)C)cc(C(C)C)cc2C(C)C)c(C(C)C)cc(C(C)C)c1
IROQIP,COc1cc(/N=N/c2ccccc2)cc(c1O)C=O
IROQIP01,COc1cc(/N=N/c2ccccc2)cc(c1O)C=O
IWAKIB,Cc1ccc(cc1)/N=N/c1ccc(cc1)N(C)C
IXAQAB,O1N=C(C(=N1)C1=NOC=N1)/N=N/C1=NON=C1C1=NOC=N1
IXATEJ,CC1=C2N=NC(=C(N2N=C1)c1ccccc1)C(C)(C)C
IXEBAQ,n1ccc(cc1)c1ccncc1/N=N\c1cnccc1c1ccncc1
IXOVUP,O=C(c1ccc(cc1)/N=N/c1ccccc1)ON1N=Nc2c1cccc2
IXUCIO,CN1c2ccccc2C(=C1C)/N=N/c1cccnc1
JAKWIB,CCOC(=O)C(C(=O)OCC)CCCCCOc1ccc(cc1)/N=N/c1ccc(cc1)C#N
JANPAQ,c1ccc(cn1)/N=N/C1=NC=CN1
JARPEX04,[O-]c1c(/N=[NH+]/c2ccccc2)c3ccccc3cc1
JARPIB,Oc1ccc2c(c1/N=N/c1ccc(cc1)N(C)C)cccc2
JARPIB01,Oc1ccc2c(c1/N=N/c1ccc(cc1)N(C)C)cccc2
JARPIB02,Oc1ccc2c(c1/N=N/c1ccc(cc1)N(C)C)cccc2
JARPIB03,Oc1ccc2c(c1/N=N/c1ccc(cc1)N(C)C)cccc2
JARPIB04,Oc1ccc2c(c1/N=N/c1ccc(cc1)N(C)C)cccc2
JARPIB05,Oc1ccc2c(c1/N=N/c1ccc(cc1)N(C)C)cccc2
JARPIB06,Oc1ccc2c(c1/N=N/c1ccc(cc1)N(C)C)cccc2
JEHFOR,O1CCN(CC1)c1cccc2c1-c1ccccc1N=N2
JELTOM,Oc1ccc(cc1/C=N/CCCN1C=NC=C1)/N=N/c1ccccc1C
JEMFUD,O=C1N2CCN(CC2)C(=O)C2=NON=C2/N=N/C2=NON=C12
JEMLIX,CC1(C)c2ccc3c(c2)/N=N/c2ccc(cc2)OCCOCCOCCOc2ccc1cc2/N=N/c1ccc(cc1)OCCOCCOCCO3
JEMLOD,CC1(C)c2ccc3c(c2)/N=N\c2ccc(cc2)OCCOCCOc2ccc1cc2/N=N\c1ccc(cc1)OCCOCCO3
JEMQAU,CC1(C)c2ccc3c(c2)/N=N/c2ccc(cc2)OCCOCCOc2ccc1cc2/N=N/c1ccc(cc1)OCCOCCO3
JESBER,OCCN(c1ccc(cc1)/N=N/c1ccc(cc1)/N=C/c1cccc(c1O)OC)CCO
JESBER01,OCCN(c1ccc(cc1)/N=N/c1ccc(cc1)/N=C/c1cccc(c1O)OC)CCO
JESBIV,OCCN(c1ccc(cc1)/N=N/c1ccc(cc1)/N=C/c1cc(OC)ccc1O)CCO
JESBOB,OCCN(c1ccc(cc1)/N=N/c1ccc(cc1)/N=C/c1ccc(cc1O)OC)CCO
JESCAO,OCCN(c1ccc(cc1)/N=N/c1ccc(cc1)N)CCO
JIJCOU,COc1ccc(/N=[N+]([O-])/c2ccccc2)cc1
JIMCEN,C(CCC)\N=[N+](\C(=C/C1=CC=CC=C1)\C1=CC=CC=C1)/[O-]
JINKUM,O=C1OCC[C@@]21N=NC[C@@H]2OC(=O)c1ccccc1
JIPCOD,CC1=NN(C(=C1)C)C1=NN2C(=NC=C2)N=N1
JIPCUJ,CC1=NN(C(=C1)C)C1=NN2C(=NC(=C2)c2ccccc2)N=N1
JIZSES,c1cc(/N=N/c2ccccc2)nc(c1)/N=N/c1ccccc1
JOCCUB,CCN(c1ccc(cc1)/N=N/c1ccc(cc1)N(CC)CC)CC
JOWQOD,Cc1ccc(cc1)/N=N/C1=C(C)c2c(N1)c1ccccc1cc2
JUBLAT,NC(=O)/N=N/c1ccccc1
JUKTUE,C=CC(=O)Oc1ccc(cc1)/N=N/c1ccc(cc1)N(C)C
JUKVAM,CC(=C)C(=O)Oc1ccc(cc1)/N=N/c1ccc(cc1)N(C)C
JULVIV20,Cc1ccccc1/N=N/C1(C)C(=O)c2c(C1=O)cccc2
JULVUH20,CCOc1ccc(cc1)/N=N/C1(C)C(=O)c2c(C1=O)cccc2
JUMJIM,C=CCc1cc(/N=N/c2ccc(cc2)C)c(c(c1)c1cc(CC=C)c(c(c1)/N=N/c1ccc(cc1)C)O)O
JUMKAF,C=CCc1cc(/N=N/c2ccccc2OC)c(c(c1)c1cc(CC=C)cc(c1O)/N=N/c1ccccc1OC)O
JUNCON,COc1ccc(cc1)[C@H]1CN=N[C@]21[C@H](Oc1c(C2=O)cccc1)c1ccccc1
JUNTEU,O=C1c2ccccc2OC[C@]21N=NC[C@@H]2c1ccccc1
JUSHOX,COC(=O)C1=C[C@@H](c2ccccc2)[C@@H](c2c(N1)cccc2)/N=N/c1ccccc1
JUXLIX,N#Cc1ccc(/N=N/c2c(C)cc(O)cc2C)cc1
JUXLIX01,N#Cc1ccc(cc1)/N=N/c1c(C)cc(cc1C)O
KABGEA,COC(=O)C1(N=NC[C@H]1[C@H]1COC(O1)(C)C)C(=O)OC
KAMMUG,COC1=NC2=C(N=N1)C[C@H]1[C@@](C2)(C)[C@H]2CC[C@]3([C@H]([C@@H]2CC1)CC[C@@H]3[C@@H](CCCC(C)C)C)C
KAPDAG,Cc1ccc(cc1)[C@](C1=NN=C(N=N1)c1ccccc1)(O)C
KAQQEY,C[C@]12[C@H]3CC[C@@H]([C@@H]2[C@H]2CC[C@@H]1N=N2)N=N3
KAQRID,CO[C@@H]1O[C@@H]([C@@H]2[C@H]1[C@]1(C)N=N[C@]2(C1(C)C)C)OC
KAQROJ,CO[C@@H]1O[C@H](OC)[C@@H]2[C@H]1[C@@]3([N+]([O-])=[N+]([O-])[C@@]2(C)C3(C)C)C
KAQVAB,COc1ccc(cc1)N1C2=C(N=N[C@]2(C(C1=O)(C)C)c1ccccn1)c1ccccn1
KAXXEM,C/C(=N\Nc1ccccc1)/N=N/c1ccccc1
KAXXOW,CC(/C(=N/Nc1ccccc1)/N=N/c1ccccc1)(C)C
KEBDEB,C[C@H](N1C(=O)c2c(C1=O)c1CCc3c(-c1c1-c4c(CCc21)cccc4/N=N/c1ccccc1)cccc3)c1ccccc1
KEBJUX,CC(OC1(/N=[N+]([O-])/C2(OC(C)=O)COC(C)(C)OC2)COC(C)(C)OC1)=O
KEBYAT,CC(c1cccc(c1/N=N/c1c(cccc1C(C)C)C(C)C)C(C)C)C
KEGMAL,Cc1ccc(cc1)/N=N/C1=NC=CN1
KELROL,[O-]c1c(/N=[NH+]/c2c(c3ccccc3)cccc2)c4ccccc4cc1
KEMBOU,OCC(N/C=C\1/C=C(/N=N/c2ccccc2C)C=C(C1=O)OC)(CO)CO
KEMGUE,CC1=C(C)C[C@@]23[C@@]4(C1)[C@]1(C)N=N[C@@]4(C)N([C@@]3(C)N=N[C@]2(O1)C)N
KERBIU,CCOC(=O)c1cc(/N=N/c2ccc(cc2)C)c(nc1O)c1ccccc1
KERBUG,CCOC(=O)c1cc(/N=N/c2ccc(cc2)C)c(nc1N)c1ccccc1
KEVJIE,c1ccc(cc1)[C@@H]1[C@@H]2N=N[C@H]1c1ccccc1C1=C2CCC1
KEVPIM,O=C1C=Cc2c(/C/1=C/Nc1ccccc1/N=N/c1ccccc1)cccc2
KIMWAE,COc1ccc(cc1)/N=N/C1=C2CC(=CC=C1)C=CC(=O)N2
KIPPEH,Cc1cccc(c1/N=N/C1=NNc2c1cccc2C)C
KOJWAI,c1cc2CCOc3cccc4c3cccc4OCCc3cc(/N=N/c(c1)c2)ccc3
KOLSUZ,C/N=N/C(=C/C(=O)Nc1ccccc1)/C
KOLTEK,COC(=O)/N=N/[C@]1(C)[C@H]2C=C[C@@H]([C@@H]1C(=O)Nc1ccccc1)C2
KORMAF,COC(=O)[C@H]1[C@H]2[C@@]3([C@H]4[C@]51CC(=C)[C@](C5)(O)CC4)OC(=O)[C@]2(C)[C@H]([C@H]1[C@@H]3N=NC1)O
KUGNAE,CCCCc1ccc(cc1)/N=N/c1ccc(cc1)OCCCCCC(=O)O
KUGNAE02,CCCCc1ccc(cc1)/N=N/c1ccc(cc1)OCCCCCC(=O)O
KUJNAG,CCc1cccc(c1)/N=C/c1cc(ccc1O)/N=N/c1ccccc1
KUJSOY,CCCCCCN(c1ccc(cc1)C#Cc1ccc(cc1)/N=N/c1ccc(cc1)C#Cc1ccc(cc1)N(CCCCCC)CCCCCC)CCCCCC
KUKBOJ,CCc1ccc(cc1)/N=C/c1cc(ccc1O)/N=N/c1ccccc1
KUKGED,C=C=Cc1ccc(cc1)/N=N/c1ccc(cc1)C=C=C
KUMROB,O=C([C@@]12N=N[C@@H]3[C@H]2[C@H](N([C@H]1c1ccccc1)Cc1ccccc1)CCC3)OC(C)(C)C
KUMRUH,O=C([C@]12N=N[C@H]3[C@@H]2[C@@H](N([C@H]1c1ccccc1)Cc1ccccc1)CCC3)OC(C)(C)C
KUQTIA,CC1=NC2=CC(=NN2C(=C1/N=N/c1ccccc1)N)c1ccccc1
KUSNAO,C[C@H](c1ccccc1)/N=C/c1cc(/N=N/c2ccccc2)ccc1O
KUVDOV,CCC(=O)N1N=C(N=N[C@H]1C)c1ccc(cc1)OC
KUYNEZ,OC1=C(/N=N/c2ccccn2)c2c3c1cccc3ccc2
LAHDAB,CC1=CC(=NO1)/N=N/C1=C(Nc2c1cccc2)c1ccccc1
LAMVUQ,O=C1OCC[C@@]21N=NC[C@H]2[C@H]1COC(O1)(C)C
LANDAF,C[C@@H]([C@H]1CN=N[C@]21CCOC2=O)N(Cc1ccccc1)Cc1ccccc1
LAQYAE,C=CCc1cc(/N=N/c2ccc(cc2)C(=O)C)ccc1O
LAVSEH,N#Cc1ccc(cc1C#N)Oc1ccc(cc1C)/N=N/c1ccc(cc1)C
LAXCET,C1COCCOCCOc2c(/N=N/c3c(OCCO1)cccc3)cccc2
LEFPAQ,CCOC(=O)c1cccc(c1)/N=N/c1cccc(c1)C(=O)OCC
LEPWOV,C=CCc1cccc(c1O)/C=N/c1ccc(cc1)/N=N/c1ccccc1
LEPWUB,COc1ccc(c(c1)/C=N/c1ccc(cc1/N=N/c1ccc(cc1)C)C)O
LEQQUW,CC(C)(C)/N=[N+]([O-])/C1=NO[N+]([O-])=C1/N=N/C2=[N+](ON=C2/[N+]([O-])=N/C(C)(C)C)[O-]
LESVIQ,O=C(c1ccc(cc1)/N=N/c1ccc(cc1)N(C)C)ON1N=Nc2c1cccc2
LEWDAV,[O-][N+]1=C2C(/N=N\C3=NO[N+]([O-])=C3C4=NO[N+]([O-])=C24)=NO1
LEZWUJ,CN/C(=C(/C(=O)C)\N=N\c1ccc(cc1)C)/C
LEZXEU,COc1ccc(cc1)/N=N/C(=C(\NC)/C)/C(=O)C
LEZXIY,CC(=O)/C(=C(/NCc1ccccc1)\C)/N=N/c1ccccc1
LEZXOE,CN/C(=C(/C(=O)c1ccccc1)\N=N\c1ccc(cc1)C)/C
LEZYAR,CN/C(=C(/C(=O)c1ccccc1)\N=N\c1ccc(cc1)OC)/C
LEZYEV,CC[C@@H](N/C(=C(/C(=O)c1ccccc1)\N=N\c1ccc(cc1)C)/C)C
LEZYIZ,Cc1ccc(cc1)/N=N/C(=C(\NC(C)(C)C)/C)/C(=O)c1ccccc1
LIFSUQ,CC(Oc1c2N=NC(c2c(c2c1C(C)(C)N=N2)OC(C)C)(C)C)C
LIGHEQ,Cc1ccc(cc1)/N=N/C1=NC=CN1Cc1ccccc1
LIGSUQ,OC(c1ccccc1)(c1ccccc1)c1cccc(c1)/N=N/c1cccc(c1)C(c1ccccc1)(c1ccccc1)O
LIGXII,CCOC(C[N+]1=NC=C([O-])c2ccccc21)=O
LIGXOO,CCOC(C[N+]1=Nc2ccccc2C([O-])=C1)=O
LIKQUT,O=C1NN=C(N=N1)N1N=C(C=C1C)C
LITSIQ,C12=NON=C1[N-][N+](C3=NON=C3OC4=NON=C4[N+]5=NC6=NON=C6[N-]5)=N2
LIVSER,COc1c(OC)c(OC)cc(/[N+]([O-])=N/c2c(C(C)C)cccc2)c1
LIWDOK,CC(=O)Oc1ccc2c(c1/N=N/c1ccc(cc1)C)cccc2
LIWDUQ,Cc1ccc(cc1)/N=N/c1cc(C)ccc1O
LIWFAY,CC(=O)Oc1ccc(cc1/N=N/c1ccc(cc1)C)C
LIYRIU,Oc1ccc(/N=[N+]([O-])/c2ccccc2)cc1
LOBWEF,CCc1ccc(cc1)/N=N/c1ccc(cc1)O
LOHJEZ,N#Cc1ccc(cc1)/N=N/C1=C(C)N(c2c1cccc2)C
LOHJID,COc1ccc(cc1)/N=N/C1=C(C)N(c2c1cccc2)C
LOHJOJ,Cc1ccc(cc1)/N=N/C1=C(C)N(c2c1cccc2)C
LOJHAU,Oc1ccc(cc1C1NCC(CN1)(C)C)/N=N/c1ccccc1
LUBFOF,c1ccc(cc1)/N=N/C(c1ccccc1)(c1ccccc1)c1ccccc1
LUFWUF,Cc1cc(C)c2c(n1)nc(cc2)/N=N/c1ccc2c(n1)nc(cc2C)C
LULNEO,CC1=NNC(=C1/N=N/C1=C(C)NN=C1C)C
LULNEO01,CC1=NNC(=C1/N=N/C1=C(C)NN=C1C)C
LUNZIF,CC(=O)OCCCc1cc(C)ccc1/N=N/c1ccc(cc1)C
LUSPAQ,N#CC1(C#N)[C@H]2C3=C[C@@H](C1(C#N)C#N)C1=C2N=Nc2cc(CC3)ccc2CC1
MAAZBZ,Cc1cc(ccc1N)/N=N/c1ccccc1C
MAAZCZ,CN(c1ccc(cc1)/N=N/c1ccccc1C(=O)O)C
MAAZCZ01,CN(c1ccc(cc1)/N=N/c1ccccc1C(=O)O)C
MAAZCZ03,CN(c1ccc(cc1)/N=N/c1ccccc1C(=O)O)C
MANTON,COc1ccc(cc1)/N=N/c1ccc(c(c1)/C=N/c1ccc(cc1)Nc1ccccc1)O
MAQCEN,[O-]/[N+](C1=NON=C1N2CCOCC2)=N\C3=NON=C3N4CCOCC4
MAQCIR,CC1=NON=C1/N=[N+]([O-])/C2=NON=C2C
MASDIU,C=CC(=O)Oc1c(C)cc(cc1C)/N=N/c1ccc(cc1)C(C)(C)C
MAYTEM,Nc1cccc2c1Oc1c(cccc1C2(C)C)/N=N/c1cccc2c1Oc1c(N)cccc1C2(C)C
MAYTIQ,CC1(C)c2cccc3c2Oc2c1cccc2/N=N/c1cccc2c1Oc1c(/N=N/3)cccc1C2(C)C
MAZXBZ,CN(C)c1ccc(/[N+]([O-])=N/c2ccccc2)cc1
MBYZMN,CO[C@H]1O[C@@H]2CO[C@H](O[C@H]2[C@@H]([C@@H]1/N=N/c1ccccc1)/N=N/c1ccccc1)c1ccccc1
MCHDIM,[O-]/[N+](C)=N/C1CCCCC1
MCRZMA,O[C@@H]1[C@H](O[C@@H](OC/N=[N+]([O-])/C)[C@H](O)[C@H]1O)CO[C@@H]2OC[C@@H](O)[C@H](O)[C@H]2O
MCZNON,COC(=O)[C@@]12N=NC[C@@H]1c1ccccc1-c1c2cccc1
MEBNAJ,Nc1cccc2c1Oc1c(cccc1C2(C)C)/N=N\c1cccc2c1Oc1c(N)cccc1C2(C)C
MEBNEN,CC1(C)c2cccc3c2Oc2c1cccc2/N=N\c1cccc2c1Oc1c(/N=N\3)cccc1C2(C)C
MEBROC,OC1=NN2C(=C1/N=N/c1ccccc1)N=CC1=C2CC(C)(C)CC1=O
MEHLER,COc1cccc(c1)/N=N/c1cc(OC)c(c(c1)C=O)O
MELVIJ,CC(=O)Nc1ccc(cc1)/N=N/C1=C(Nc2c1cccc2)c1ccccc1
MENDAL,CCOc1ccc(cc1)/N=N/c1ccc(c2c1cccn2)O
MENDAL01,CCOc1ccc(cc1)/N=N/c1ccc(c2c1cccn2)O
MICROI,O=C1N(C)C(=C(C(=O)N1C)/N=N/c1cccnc1)N
MILFIX,CCCCCCCCCC(=O)N1CCN(CC1)c1ccc(cc1)/N=N/c1ccc(cc1)CC
MINCOB,CN1N=NC(=N1)/N=N/C1=NN(N=N1)C
MIYRUK,O=C(N(c1ccccc1)/N=C(/c1ccccc1)\N=N\c1ccccc1)c1ccccc1
MIZFIN,C1=CN(C=N1)Cc1cccc(c1)/N=N/c1cccc(c1)CN1C=NC=C1
MIZXOK,OC(/C=C/c1c(/[N+]([O-])=N/c2ccccc2)cccc1)=O
MOJZER,CO[C@@]1(C)N=N[C@@]2(O1)[C@H]1C=C[C@@H]2[C@H]2[C@@H]1CCCC2
MPBZZP,C[C@H]1N=NC(c2ccccc2)=Cc3ccccc31
MPZPZN,COC(=O)[C@]1(C#N)NN=C[C@]1(c1ccccc1)[C@H]1N=NC[C@@H]1c1ccccc1
MUDHEY,Oc1ccc(cc1/N=N/c1ccccc1)C(C)(C)C
MUDHEY01,Oc1ccc(cc1/N=N/c1ccccc1)C(C)(C)C
MUHCAW,N#C/C=C(\N=N\c1ccccc1)/C
MUHCAW01,N#C/C=C(\N=N\c1ccccc1)/C
MUHXEV,c1ccc(cc1)c1ccccc1/N=N/c1ccccc1c1ccccc1
MUMDOO,CN(c1ccc(cc1)/N=N/C1=CC=CN1)C
MUMFAC,Oc1ccccc1/N=N/C1=CC=C(N1)/N=N/c1ccccc1O
MUNBAZ,CC(c1ccc2c(c1)/N=N/c1ccccc1/N=N/c1c(/N=N/2)cccc1)(C)C
MUPWAX,CC1=C(/N=N/c2c(O)ccc3c2cccc3)C(=O)N(N1C)c1ccccc1
MUWZEL,CC1(C(=NOC1C/[N+](=[N+](/CC1C(C(=NO1)C1=CC=CC=C1)(C)C)\[O-])/[O-])C1=CC=CC=C1)C
MXBPZA01,COc1ccc(cc1)/C=N/c1ccc(cc1)/N=N/c1ccccc1
MXBPZA10,COc1ccc(cc1)/C=N/c1ccc(cc1)/N=N/c1ccccc1
NAMLUL,O/N=C/c1cc(/N=N/c2ccc(cc2)CC)cc(c1O)OC
NAMMAS,O/N=C/c1cc(/N=N/c2ccc(cc2)C(C)C)cc(c1O)OC
NAZDUP,c1ccc(cc1)/N=N/c1nc2ccccc2c2c1cccc2
NDAZCH10,O[C@@H]1CCCC[C@@H]1/N=N/c1ccc2c(c1)cccc2
NEBHIN,COC1=CC(=C/C(=C/Nc2ccccc2O)/C1=O)/N=N/c1ccc(cc1)C
NERKAX,NC(C(C)(C)/[N+](=[N+](/C(C(N)=NC#N)(C)C)\[O-])/[O-])=NC#N
NEVZET,CC(C(C)=O)(C)/[N+](=[N+](\[O-])/C(C(C)=O)(C)C)/[O-]
NEWYAP,COC(=O)C1=C(C(=O)OCC(C)(C)C(=O)OC)C(C)(C)N=N1
NEXZIZ,COC(=O)COC(=O)C1=C(N=NC1(C)C)C(=O)OCC(C(=O)OC)(C)C
NEYLAE,CCOC(=O)C1=C(N=NC1(C)C)c1ccccc1
NILTOU,N#CC1=NN(C(C)(C)C)C(C(/[N+]([O-])=N/C(C)(C)C)=C1CN(C)C)=N
NILWOX,N#CC1=C(C(/[N+]([O-])=N/C(C)(C)C)=C(N)O1)C
NILXAK,N#CC1=NN(NC(C(/[N+]([O-])=N/C(C)(C)C)=C1C)=O)C(C)(C)C
NILXEO,N#CC1=[N+](NC(C)(C)C)N=C([O-])C(/[N+]([O-])=N/C(C)(C)C)=C1C
NIYGEK,CCOC(=O)C1=CC(=C2C1=CC=C(C=C2)/N=N/c1ccc(cc1)C)C(=O)OCC
NIYGEK01,CCOC(=O)C1=CC(=C2C1=CC=C(C=C2)/N=N/c1ccc(cc1)C)C(=O)OCC
NOCPAW,COC(=O)[C@@]12N=NC[C@@H]1C[C@H]1[C@@H]2COC1=O
NODHIZ,C1[C@@H]2C[C@@H]3C[C@H]1C[C@](C2)(C3)C1=NON=C1/N=N/C1=NON=C1[C@]12C[C@H]3C[C@@H](C2)C[C@@H](C1)C3
NOHWEP,COC1=CC(=C/C(=C/NCCN/C=C\2/C=C(/N=N/c3ccccc3)C=C(C2=O)OC)/C1=O)/N=N/c1ccccc1
NOSRIY,COc1ccc(cc1)/N=N/c1cc(CN2CCCCC2)c(c2c1cccc2)O
NPSELD10,C[N+]1=Nc2ccc3c4c2c([N-]1)ccc4C=C3
NPSELE01,C[N+]1=Nc2cccc3c2c([N-]1)ccc3
NPSELE10,C[N+]1=Nc2cccc3c2c([N-]1)ccc3
NSOMET,C/[N+]([O-])=[N+](C)/[O-]
NUBDET,COc1cc(/N=N/c2ccccc2)c(c(c1)C(C)(C)C)O
NUBFUL,O=C(c1ccccc1)C2=C([C@]3(c4ccccc4)[C@](N=[N+](c5ccccc5)[N-]3)(c6ccccc6)N2c7ccccc7)C(c8ccccc8)=O
NUBGAS,N#C[C@H]1CN(c2ccccc2)[C@@]3(c4ccccc4)[C@]1(c5ccccc5)[N-][N+](c6ccccc6)=N3
NUBGEW,O=C(c1ccccc1)[C@@H]2[C@H]([C@@]3(c4ccccc4)[C@@](N=[N+](c5ccccc5)[N-]3)(c6ccccc6)N2c7ccccc7)C(c8ccccc8)=O
NUBJEZ,C(C1=CC=CC=C1)(=O)OC\N=[N+](/[O-])\C
NUVMOG,COCCOCCOc1c2cccc1Cc1cccc3c1OCCOc1ccc(cc1)/N=N\c1ccc(OCCOc4c(C2)cccc4Cc2cccc(C3)c2OCCOCCOC)cc1
NUVMUM,COCCOCCOc1c2cccc1Cc1cccc3c1OCCOCCOc1ccc(cc1)/N=N/c1ccc(OCCOCCOc4c(C2)cccc4Cc2cccc(C3)c2OCCOCCOC)cc1
NUWRAB01,C1NCc2ccc(cc2)/N=N/c2ccc(cc2)CNCC[N@@]2CCNCc3ccc(/N=N/c4ccc(CNCC[N@](C1)CCNCc1ccc(cc1)/N=N/c1ccc(cc1)CNCC2)cc4)cc3
NUXJIC,COC(c1ccc(C2=CN3[N+]([N-]2)=CC=C3/N=N/c4ccccc4)cc1)=O
NUXJOI,COC(c1ccc(C2=C[N-][N+]3=C(/N=N/c4ccccc4)C=CN23)cc1)=O
OBEVIC,O=C(c1ccc(cc1)/N=N/c1ccc(cc1)C(=O)OC(C)(C)C)OC(C)(C)C
OCAMIS,CCCCCCOc1ccc2c(c1/N=N/c1ccc(cc1)/N=N/c1ccccc1)cccc2
OCAMOY,CCCCCCCCCCCOc1ccc2c(c1/N=N/c1ccc(cc1)/N=N/c1ccccc1)cccc2
OCAMOY01,CCCCCCCCCCCOc1ccc2c(c1/N=N/c1ccc(cc1)/N=N/c1ccccc1)cccc2
ODANEM,N#C[C@@H]1CN=N[C@@]21N(C(=O)C)C(=O)N(C2=O)C
ODIDOU,CC(=O)Oc1c2-c3ccccc3C(=O)c2c2c(c1/N=N/c1c(ccc3c1cccc3)OC(=O)C)cccc2
OFAHAH,O=N([C@@]12[C@H]3C[C@H]4C[C@@H]1[C@@]([C@H](C4)C3)(N(=O)=O)[N+]([O-])=[N+]2[O-])=O
OFONEE,O=C(c1ccccn1)Nc1ccccc1/N=N/c1ccccc1NC(=O)c1ccccn1
OFONII,c1ccc(c(c1)/N=N/c1ccccc1NCc1ccc2c(n1)cccc2)NCc1ccc2c(n1)cccc2
OFONOO,CCOC(=O)CNc1ccccc1/N=N/c1ccccc1NCC(=O)OCC
OFONUU,C1=CC=C(O1)CNc1ccccc1/N=N/c1ccccc1NCC1=CC=CO1
OFOPAC,c1ccc(nc1)CCNc1ccccc1/N=N/c1ccccc1NCCc1ccccn1
OFOPEG,c1ccc(cc1)CNc1ccccc1/N=N/c1ccccc1NCc1ccccc1
OHALOA,Cc1cc(C)cc(c1)NC(=O)c1ccccc1/N=N/c1ccccc1
OHIMAV,CCOC(=O)C1=CN2C(=O)C=CC(=C2C=C1OC)/N=N/c1ccc(cc1)C
OJURES,Cc1ccc(cc1)/N=N/C1=C(N=C2N1C=CC=C2C)c1ccccc1
OMESUX,[O-]c1c(/C=[NH+]/C2CC2)cc(/N=N/c3c(C(O)=O)cccc3)cc1
OMETEI,[O-]c1c(/C=[NH+]/C2CCCCC2)cc(/N=N/c3c(C(O)=O)cccc3)cc1
ONOLAF,COc1cc(C(C)(C)C)c([O-])c(/N=[NH+]/c2c3ncccc3ccc2)c1
OVIRET,COc1ccc(cc1)/N=N/C1=CN(N=N1)C
OWAMAC,O=C(c1ccccc1)Nc1ccccc1/N=N/c1ccccc1
OWIYIE02,c1ccc2c(c1)c(cc1c2cccc1)c1ccc(cc1)/N=N/c1ccc(cc1)c1cc2ccccc2c2c1cccc2
OWIYOK02,c1cc(/N=N/c2cccc(c2)c2cc3ccccc3c3c2cccc3)cc(c1)c1cc2ccccc2c2c1cccc2
OWIYUQ02,c1cc(/N=N/c2cccc(c2)c2cc3ccc4c5c3c3c2ccc2c3c5c(cc2)cc4)cc(c1)c1cc2ccc3c4c2c2c1ccc1c2c4c(cc1)cc3
OWOCUZ,CCOC(=O)c1ccc(cc1)/N=N/c1ccc(c(c1)/C=N/c1ccccc1)O
OXAYAO,NC1=NON=C1/[N+]([O-])=N/C2=NON=C2/N=N/C3=NON=C3/N=[N+]([O-])/C4=NON=C4N
OXAYES,[O-]/[N+]1=N\C2=NON=C2/N=N/C3=NON=C3/N=[N+]([O-])/C4=NON=C4/N=N/C5=NON=C15
OXEFUV,CC(=O)c1cccc(c1)/N=N/c1cccc(c1)C(=O)C
OXEGAC,N#CC(=C(c1cccc(c1)/N=N/c1cccc(c1)C(=C(C#N)C#N)C)C)C#N
OXEGEG,N#CC1(C#N)[C@@H]2C=CC=CC=C2C=C1c1ccc(cc1)/N=N/c1ccc(cc1)C1=CC2=CC=CC=C[C@@H]2C1(C#N)C#N
OXEGIK,CC(=O)c1ccc(cc1)/N=N/c1ccc(cc1)C(=O)C
OXEGOQ,N#CC(=C(c1ccc(cc1)/N=N/c1ccc(cc1)C(=C(C#N)C#N)C)C)C#N
OXEZEZ,OCCOc1ccc(cc1)/N=N/c1ccc(cc1)C#N
OXOSOK,COC(=O)c1ccccc1/N=N/c1ccc(nc1N)N
OXTPTZ,[O-]C1=NN(c2ccccc2)[N+](c3ccccc3)=N1
OXTPTZ01,[O-]C1=NN(c2ccccc2)[N+](c3ccccc3)=N1
OYASEO,Oc1ccc(cc1/C=N/c1ccccc1)/N=N/c1ccccc1C(=O)O
OZODUE,CCN(c1ccc(cc1)/N=N/c1ccc(cc1)C(=O)O)CC
OZODUE01,CCN(c1ccc(cc1)/N=N/c1ccc(cc1)C(=O)O)CC
OZOFEQ,CCCN(c1ccc(cc1)/N=N/c1ccccc1C(=O)O)CCC
PADBOL,O1CCOc2ccccc2/N=N\c2c(OCC1)cccc2
PAGZEE,OC(=O)c1ccccc1/N=N/c1cc(C)c(c(c1)C)O
PAHFUA,COc1ccc(cc1)/N=N/c1cc(C)c(c(c1)C)O
PAMGAP,N#CC(C(c1ccccc1)(C)C)(/N=N/c1ccc(cc1)OC)C#N
PAMGEP,N#CC(C(c1ccccc1)(C)C)(/N=N/c1ccccc1)C#N
PAPGEV,CC(=O)O[C@H]1[C@H]2[C@@H](C[C@H]([C@H]3[C@@]1(C)C(=O)[C@@H]1[C@H]3CN=N1)C)OC(=O)[C@@]12N=NCC1
PAPJUO,C[C@@H]1C[C@H]2OC(=O)[C@]3([C@H]2[C@@H]([C@]2([C@H]1C=CC2=O)C)O)CCN=N3
PAQBUH,O=C1O[C@@H]2[C@H]([C@]31CCN=N3)CC[C@@H]([C@]1([C@@]2(C)C(=O)C=C1)O)C
PAQCES,O=C1CC[C@@]2(O1)[C@@H](C)CC[C@@H]1[C@H]([C@]2(C)O)OC(=O)[C@]21N=NCC2
PAQCIW,CC(=O)O[C@@H]1[C@H]2[C@H](C[C@H]([C@H]3[C@@]1(C)C(=O)C=C3)C)OC(=O)[C@]12CCN=N1
PAQCOC,CC(=O)O[C@H]1[C@H]2[C@@H](C[C@H]([C@H]3[C@@]1(C)C(=O)C=C3)C)OC(=O)[C@]12CCN=N1
PAQCUI,C[C@@H]1C[C@H]2OC(=O)[C@@]3([C@H]2[C@@H]([C@]2([C@H]1[C@@H]1CN=N[C@@H]1C2=O)C)O)N=NCC3
PATRAD,c1ccc(cc1)/C=C\1/C[C@@H]2[C@@H]3[C@H]1[C@H](C2)N=N3
PAZGUV,Cc1ccc(cc1)/N=N/C1=NC=CN1CN1C=CN=C1/N=N/c1ccc(cc1)C
PAZHAC,Cc1ccc(cc1)/N=N/C1=CN=C(N1CN1C(=NC=C1/N=N/c1ccc(cc1)C)C)C
PAZKUW,C[C@H]1CN=N[C@]21C(=O)N([C@H]2c1ccccc1)c1ccccc1
PAZMBU,C/C(=C\C=C(\N=N\c1ccccc1)/C)/N=N/c1ccccc1
PAZMPZ10,CCN(CC)C1=C(C(/N=N/c2ccccc2)=NN1c3ccccc3)C
PAZOXN,COc1ccc(/N=[N+]([O-])/c2ccc(OC)cc2)cc1
PAZOXN03,COc1ccc(/N=[N+]([O-])/c2ccc(OC)cc2)cc1
PAZOXN12,COc1ccc(/N=[N+]([O-])/c2ccc(OC)cc2)cc1
PAZOXN13,COc1ccc(/N=[N+]([O-])/c2ccc(OC)cc2)cc1
PAZSTB,c1ccc(cc1)/C(=C(/c1ccccc1)\N=N\c1ccccc1)/N=N/c1ccccc1
PAZTBM,O=C(C(C(=O)c1ccccc1)(C(=O)c1ccccc1)/N=N/c1ccccc1)c1ccccc1
PELFOC,COc1ccccc1/N=N/C1(C)C(=O)OC(OC1=O)(C)C
PEQLIJ,O=C(c1ccc(cc1)/N=N/c1ccccc1)O[C@H]1CCNC1=O
PEVWAP,Cc1ccc(cc1)N/N=C(/c1ccccc1)\N=N\c1ccc(cc1)C
PEVWET,Cc1ccc(cc1)/C(=N/Nc1ccccc1)/N=N/c1ccccc1
PEYJAE,COC(=O)[C@@]1(N=NCC1)[C@@H]1CC[C@H]([C@H]2[C@@H]1C=C(C)CC2)C
PEYLEN01,c1ccc2c(c1)N=Nc1c(CC2)cccc1
PEYLEN02,c1ccc2c(c1)N=Nc1c(CC2)cccc1
PHDAZB10,c1ccc(cc1)/N=N/c1ccc(cc1)/N=N/c1ccccc1
PICQAV,Oc1ccc(cc1)/N=N/C1=C2N=CC=C(N2N=C1N)C1=CC=CO1
PIMGAV,CC(=O)c1cc(/N=N/c2ccccc2)c2c(c1O)cccc2
PIMGID,Oc1c(CN2CCOCC2)cc(c2c1cccc2)/N=N/c1ccccc1
PIMGOJ,Oc1c(CN2CCCCC2)cc(c2c1cccc2)/N=N/c1ccccc1
PIMGUP,COc1ccc(c2c1cccc2)/N=N/c1ccccc1
PIMHAW,C/[N+](c1ccccc1)=N\c2c3ccccc3c([O-])cc2
POFZUH,CCN(c1ccc2c(c1)Oc1c(C32N(/N=C/c2cc(/N=N/c4ccccc4)ccc2O)C(=O)c2c3cccc2)ccc(c1)N(CC)CC)CC
POHWEQ,c1ccc(cc1)/N=N/C1=CNN=C1
POXTIF,c1ccc2c(c1)/N=N\c1ccccc1OCCOc1c(OCCO2)cccc1
PTZCOC,O=C1N(c2ccccc2)C(=O)[C@@H]2[C@H]1N=NC2
PTZXDE,c1ccc(cc1)N1O[C@H]2C[C@@H]1[C@H]1[C@@H]2N=NC1
PUGWIA,O1N=C(C(=N1)Nc1nncnn1)/N=N/C1=NON=C1Nc1nncnn1
PUKQAO,Cc1cccc(c1)/N=N/c1ccc(c(c1)C(=O)C)O
PUNLIV,N#CC(/[N+]([O-])=N/C(C)(C)C)/[N+]([O-])=N/C(C)(C)C
PUNLOB,CC(C)(C)/N=[N+]([O-])/C/[N+]([O-])=N/C(C)(C)C
PUPVUT,CCc1ccccc1/N=N/C1=C(O)N(N=C1C)c1ccccc1CC
PUQMIX,COC(=O)[C@]12N=N[C@@]3([C@H]([C@@H]1C)[C@@]3([C@H]2N1CCOCC1)C)C(=O)OC
PUVCOA,c1ccc(cc1)N/N=C(/c1ccccc1)\N=N\c1ccccc1
PUYFUM,c1ccc(cc1)/N=N/c1ccc(cc1)c1ccnc(c1)c1nccc(c1)c1ccc(cc1)/N=N/c1ccccc1
PUYPOQ,Cc1ccc(/N=[N+]([O-])/c2c(OC(C)=O)cc(C)cc2OC(C)=O)cc1
PZACOX10,O/N=C(/N=N/c1ccccc1)\C
QAKRAV,c1ccc(cc1)Nc1ccc(cc1)/N=N/c1ccccn1
QANTUV,O=Cc1cc(/N=N/c2ccc(cc2)C)ccc1O
QANTUV01,O=Cc1cc(/N=N/c2ccc(cc2)C)ccc1O
QANTUV02,O=Cc1cc(/N=N/c2ccc(cc2)C)ccc1O
QAQPAC,CN(c1ccc(cc1)/N=N/c1ccc(c(c1)C)C)C
QAQPAC01,CN(c1ccc(cc1)/N=N/c1ccc(c(c1)C)C)C
QARHID,CCCOc1c2cccc1Cc1cccc(c1OCCC)Cc1c(c(Cc3c(c(C2)c(/N=N/c2ccccc2)cc3)OCCC)ccc1)OCCC
QAYLEI,O=C1[N-]/[N+](c2ccccc21)=N\c3ccc(Nc4ccccc4)cc3
QEBZOM,CCOC(=O)[C@@]1(C)N=NC[C@H]1[C@H]1COC(O1)(C)C
QERVIT,CC(=O)c1cc(/N=N/c2ccccc2)ccc1O
QEWLAI,Oc1ccccc1/C=N/c1ccccc1/N=N/c1ccccc1/N=C/c1ccccc1O
QEXJIN,C=CC(=O)Oc1c(C)cc(cc1C)/N=N/c1ccc(cc1)CC
QIFCOX,C[C@H]1CCC2=C([N+]([O-])=[N+]([O-])C2(C)C)C1
QIGGIY01,Cc1c(/[N+]([O-])=[N+]([O-])/c2c(C)cc(C)cc2C)c(C)cc(C)c1
QIJBUG,Nc1ccc(c2c1cccc2)/N=N/c1ccccc1
QIKFEV,Nc1ccc(/N=[N+]([O-])/c2ccccc2)cc1
QIKFEV01,Nc1ccc(/N=[N+]([O-])/c2ccccc2)cc1
QIKFIZ,Nc1ccc(/[N+]([O-])=N/c2ccccc2)cc1
QIKFIZ01,Nc1ccc(/[N+]([O-])=N/c2ccccc2)cc1
QIKXAM,CCCCCCCCCCCCCCCCN1C=CN=C1/N=N/c1ccc(cc1)C
QINVAM,CC(=O)c1ccc(cc1)/N=N/C=C\1/N(C)c2c(C1(C)C)cccc2
QINVIU,C(=O)C=1C=C(C=CC1)\[NH+]=N\C1=C(C=CC2=CC=CC=C12)[O-]
QIRGON,CCN(c1ccc(cc1)/N=N/c1ccccc1C(=O)O)CC
QIRGON01,CCN(c1ccc(cc1)/N=N/c1ccccc1C(=O)O)CC
QOBCEP,CN(Cc1cc(/N=N/c2ccc(cc2)C)ccc1O)C
QOBCIT,CN(Cc1cc(/N=N/c2ccc(c(c2)C)C)ccc1O)C
QOHBIZ,CCOC(/C(C(c1ccccc1)=O)=C(CCC/[N+]([O-])=[N+]([O-])/CCC/C(C(OCc2ccccc2)=O)=C(C(OCC)=O)\C(c3ccccc3)=O)\C(OCc4ccccc4)=O)=O
QOTWEC,C(CN1C=CN=C1/N=N/c1ccccc1)CCN1C=CN=C1/N=N/c1ccccc1
QUFSAO,Cc1ccc(cc1)C1=C(/N=N/c2ccccc2)c2c(O1)cccc2
QUFSES,COc1ccc(cc1)C1=C(/N=N/c2ccccc2)c2c(O1)cccc2
QUKNUH,CN(c1ccc(cc1)/N=N/c1cccnc1)C
QURWUY,CC1=NN(C(=C1)/N=N/C1=CC(=NN1c1ccccc1)C)c1ccccc1
QUTZUB,C/C(=C(\C(=O)c1ccccc1)/N=N/c1ccc(cc1)N(C)C)/N
QUYREJ,Cc1ccccc1/N=N/c1ccc(cc1)N(C)C
QUYRIN,CCCCCCCCCCCCCCCCCCc1ccccc1/N=N/c1ccc(cc1)N(C)C
QUZQOS,CCCCOC(=O)c1cc(/N=N/c2ccc(cc2)C(=O)OCC)cc(c1)C(=O)OCCCC
RABSOY,O1CCOC2=NON=C2/N=N/C2=NON=C2OCC1
RABSUE,O1N=C2C(=N1)C1=NON=C1/N=N/C1=NON=C1C1=NON=C1/N=N/2
RABTAL,O1N=C2C(=N1)/N=N/C1=NON=C1OC1=NON=C1/N=N/C1=NON=C1OC1=NON=C1/N=N/C1=NON=C1O2
RAHDEJ,[O-]/[N+]1=N/c2c(OCCOc3ccccc31)cccc2
RALLAS,Cc1ccc(cc1)/N=N/C(=C(/c1ccccc1)\N)/C(=O)C
RAWJUV,Cc1ccc(cc1)/N=N/c1cccc(c1)c1ccnc(c1)c1nccc(c1)c1cccc(c1)/N=N/c1ccc(cc1)C
REBDOS,CC1=NOC(=C1/N=N/c1ccccc1C(=O)O)C
REFSUQ,CC1(C)[C@@H]2N=N[C@H]1[C@@H]1[C@H]2[C@H]2C=C[C@@H]1c1c2cccc1
REFTAX,CC1(C)[C@]2(C)N=N[C@@]1(C)[C@@H]1[C@H]2[C@H]2C[C@@H]1c1c2cccc1
REPSOW,CCCCCCOc1c(C)cc(cc1C)/N=N/c1ccc(c(c1)C)c1ccc(cc1)OCC
REPSUC,CCCCCCOc1ccc(cc1)/N=N/c1c(CC)cc(cc1CC)c1ccc(cc1)OCC
RERVUF,Cc1ccccc1/N=N/c1ccccc1C
RERVUF01,Cc1ccccc1/N=N/c1ccccc1C
RERWEQ01,Cc1cccc(c1)/N=N/c1cccc(c1)C
RERWEQ02,Cc1cccc(c1)/N=N/c1cccc(c1)C
RERWEQ03,Cc1cccc(c1)/N=N/c1cccc(c1)C
RERWEQ04,Cc1cccc(c1)/N=N/c1cccc(c1)C
RETRAJ,C1[C@@H]2[C@H]3[C@@H]([C@H]1[C@H]1[C@@H]2[C@H]2CC[C@@H]1N=N2)[C@H]1CC[C@@H]3N=N1
RIQVIW,O=C1C[C@@H]2[C@@H]3C[C@H]1[C@@H](/N=N/c1ccccc1)CC3=NN2c1ccccc1
RIRNUC,C#CCNC(=O)[C@H](c1ccccc1)Oc1ccc(cc1)/N=N/c1ccccc1
RIVLEQ,CCCCCOc1ccc(cc1)/N=N/c1ccc(cc1)C(=O)OCC
RIXLER,OCc1ccc(cc1)/N=N/c1cc2CCCN3c2c(c1)CCC3
ROHGIH02,c1ccc(cc1)/N=N/C1=C(/N=N/c2ccccc2)c2c3c1cccc3ccc2
RONKIQ,CN1N=CC(=C1)/N=N\c1ccccc1
RONKOW,CN1N=C(C(=C1C)/N=N\c1ccccc1)C
ROWRAZ,CC1=C2N=NC(=C(N2N=C1)C(C)(C)C)C(C)(C)C
RUYLII,Cc1cccc(n1)NC1=NN2C(=NC=C2)N=N1
SADBII,C1C[C@H]2N=N[C@@H]1[C@H]1CC[C@@H]2C=C1
SAFTIE,CC(=O)O[C@H]1[C@@H](CC[C@@]23N=NC[C@H]3[C@H]([C@H](C3=CC(=C1O3)C)C(=C)C)OC2=O)C(=C)C
SAFTIG,CC1=C2N=NC(=CN2N=C1)C(C)(C)C
SAGWEC,O=C1N(c2ccc(cc2)/N=N/c2ccccc2)C(=O)c2c3c1ccc1c3c(cc2)c2c3c1ccc1c3c(cc2)C(=O)N(C1=O)c1ccc(cc1)/N=N/c1ccccc1
SAMGOE,CC(c1ccncc1/N=N/c1cnccc1C(C)C)C
SANZOW,CCN(CC)c1ccc(/N=N/c2c(C(NC3=O)=O)c3ccc2)cc1
SAPDAQ,O1N=C(C(=N1)C1=NN=NN1)/N=N/C1=NON=C1C1=NN=NN1
SAPDAQ01,O1N=C(C(=N1)C1=NN=NN1)/N=N/C1=NON=C1C1=NN=NN1
SAPDAQ02,O1N=C(C(=N1)C1=NN=NN1)/N=N/C1=NON=C1C1=NN=NN1
SAPXUC,CC(C)c1c(/[N+]([O-])=[N+]([O-])/c2c(C(C)C)cccc2C(C)C)c(C(C)C)ccc1
SECDOV,OCCN(c1ccc(cc1)/N=N/c1ccc(nc1)C#N)C
SECFEO,Oc1ccc(cc1CN1CCCN(Cc2ccncc2)Cc2ccccc2OCCOc2c(C1)cccc2)/N=N/c1ccc(c(c1)CN1CCCN(Cc2ccncc2)Cc2ccccc2OCCOc2c(C1)cccc2)O
SEFJEU,O/N=C/c1cc(/N=N/c2ccc(cc2)C)ccc1O
SEKJIC,[O-][N+]1=NC(C)(C)CC1(C)C
SEMXOY,O=C(N1N=Nc2c1cc(cc2)/N=N/c1ccc(cc1)N(C)C)C[C@@H](c1ccccc1)C
SENLUT,CCCCc1ccc(cc1)/N=N/c1cc(OC)c(c(c1)C=O)O
SERMOU,c1ccc(cc1)/N=N/c1cccnc1
SERMOU01,c1ccc(cc1)/N=N/c1cccnc1
SESHON,OCCN(c1ccc(cc1)/N=N/c1ccccc1C#N)CCO
SETPUD,CN1c2ccc(cc2-c2c1cccc2)/N=N/c1ccccc1
SETTAN,C=CC(=O)Oc1c(C)cc(cc1C)/N=N/c1ccc(cc1)C
SICXAD,CCOc1ccc(cc1)/N=C/c1cc(/N=N/c2ccc(cc2)OCC)ccc1OC(=O)c1ccc(cc1)OC
SIGDEU,N#Cc1ccc(cc1)/N=N/[C@@](c1ccccn1)(OC(=O)C)C
SIHDUI,c1(CCc2ccc3cc2)ccc(/N=N/c4ccc(CCc5ccc(/N=N/3)cc5)cc4)cc1
SIHQEG,Cc1ccc(c(c1)/N=N/c1ccccc1)O
SIJSUC,N1=N[C@H]2[C@@H](C1)COc1c2c2ccccc2cc1
SIKSUA,CN1N=C(C2=C(C(C)(N=N2)C)C1=O)c3ccccc3
SIQZAT,c1ccc(nc1)/N=N/c1ccccn1
SISFUY,C1=NN2C(=NN=C2)N=N1
SISXOH,COc1ccc(cc1)/N=N/c1c2cccc1COc1ccccc1OCCOCCOc1c(OC2)cccc1
SOFPAG,COC(=O)c1ccc2cc1C1=CN(N=N1)CCOCCOCCOCCOc1ccc(cc1)C#Cc1ccc(cc1)C#Cc1ccc(OCCOCCOCCOCCN3C=C(c4cc(/N=N/2)ccc4C(=O)OC)N=N3)cc1
SOFPAG01,COC(=O)c1ccc2cc1C1=CN(N=N1)CCOCCOCCOCCOc1ccc(cc1)C#Cc1ccc(cc1)C#Cc1ccc(OCCOCCOCCOCCN3C=C(c4cc(/N=N/2)ccc4C(=O)OC)N=N3)cc1
SOJRAK,COC(=O)[C@@]1(N=NC[C@H]1c1ccc(c(c1)OC)OC)c1ccccc1
SOZLOK,O=C(Nc1ccccc1)/N=N/c1ccccc1
SOZLOK01,O=C(Nc1ccccc1)/N=N/c1ccccc1
SUPGIT,CN1C(=O)N2N(C1=O)[C@@]1([C@@]([C@@]2(C)N=N1)(C)Cc1ccccc1)C
SUTQIJ,C/C=C/1\CN2[C@@H]3[C@@H]4[C@H]1C[C@H]([C@](C2=O)(C3)c1ccc(cc1/N=N/c1cc(OC)ccc1[C@@]12C[C@@H]3N(C2=O)C/C(=C\C)/[C@@H]2C[C@H]1OC[C@H]32)OC)OC4
SUZJED,CC1=C(/N=N/c2ccccc2)c2c(N1C)cccc2
TABBIK,COc1c([O-])c(/C=[NH+]/c2cc(CC)ccc2)cc(/N=N/c3ccccc3)c1
TABBOQ,COc1cc(/N=N/c2ccccc2)cc(c1O)/C=N/c1ccc(cc1)CC
TABBUW,COc1cc(/N=N/c2ccccc2)cc(c1O)/C=N/c1ccc(cc1)C(C)C
TABQAO,CC(=O)O[C@]1(C)CC/C=C(\C)/CCC[C@H]([C@@H]2O[C@H]1C[C@@H]1[C@H]2OC(=O)[C@]21N=NCC2)C
TADHEM,c1ccc(nc1)c1ccc(cn1)/N=N/c1ccc(nc1)c1ccccn1
TADVEZ,CCOC([C@@H]1CN(c2ccccc2)[C@]3(c4ccccc4)[C@@]1(c5ccccc5)N=[N+](c6ccccc6)[N-]3)=O
TADYUW,CN(c1ccc(cc1)/N=N/c1ccc(cc1)C(=C(c1ccccc1)c1ccccc1)c1ccccc1)C
TAHMOE,N#CC(/N=N/C(=O)N)(C)C
TAKZOX,O=C1N(C)C(=C(C(=O)N1C)/N=N/c1ccccc1)N
TAMSAB,CCN(CC)c1ccc(/N=[N+]2[N-]C(c3ccccc3\2)=O)cc1
TAPKON,COc1ccc(cc1)/N=N/c1ccc(cc1)c1cc(nc(c1)C(=O)OC)C(=O)OC
TAVLUY,CN1C=CN=C1/N=N/c1ccccc1
TAVYOG,COC(=O)C(/N=N/c1ccc(c(c1)C(=O)OC(C)(C)C)O)(C)C
TAVZAT,COC(=O)C(/N=N/c1ccc(cc1)CC(=O)O)(C)C
TAVZEX,COC(=O)C(/N=N/c1ccc(cc1)CC(=O)OC(C)(C)C)(C)C
TAYXOG,C[C@H]1[C@H](/[N+]([O-])=[N+]([O-])/[C@@H]2C[C@@H]3C[C@@H](C3(C)C)[C@H]2C)C[C@@H]4C[C@H]1C4(C)C
TAZCAC10,CC(=O)O[C@@H]1CCCC/N=N/[C@H](CCCC/N=N/1)OC(=O)C
TAZYUQ,CCC(C1=CC=C(N1)/N=N/c1ccc(cc1)CCO)(C1=CC=C(N1)/N=N/c1ccc(cc1)CCO)CC
TDPAZP,c1ccc(cc1)/N=N/C(=C\c1ccccc1)/Cc1ccccc1
TEBYIL,CNc1ccccc1/N=N/c1ccccc1NC
TEFMUO,CC(=O)Nc1ccc2c(c1)CCc1c(N=N2)ccc(c1)NC(=O)C
TEGBUF,O=C1N(Cc2ccccc2)c2c([C@]31N=Nc1c3cccc1)cccc2
TEHJIZ,CCOC(=O)N/N=C/C(=C(/N=N/c1ccccc1)\C)/C#N
TEWVOJ,CCCCCCCCOc1nc(N)nc(n1)/N=N/c1ccccn1
TEZGUA01,O1N=C2C(=N1)/N=N/C1=NON=C1/N=N/C1=NON=C1/N=N/C1=NON=C1/N=N/2
TIBKAQ,O1N=C2C(=N1)/N=N/C1=NON=C1/N=N/C1=NON=C1/N=N/C1=NON=C1/N=N/C1=NON=C1/N=N/C1=NON=C1/N=N/2
TIBKEU,O1N=C2C(=N1)/N=N/C1=NON=C1/N=N/C1=NON=C1/N=N/C1=NON=C1/N=N/C1=NON=C1/N=N/C1=NON=C1/N=N/C1=NON=C1/N=N/C1=NON=C1/N=N/2
TIDKIC,CN1N=CN=C1C2=C3N=[N+](c4ccc(OCc5ccccc5)cc4N3N=C2)[O-]
TIDZAI,COC(=O)C(NC(=O)C(NC(=O)C(NC(=O)C(NC(=O)C(NC(=O)C(NC(=O)[C@@H](NC(=O)C(NC(=O)OCc1ccc(cc1)/N=N/c1ccccc1)(C)C)C)(C)C)(C)C)(C)C)(C)C)(C)C)(C)C
TIFTEJ,[O-]c1c(/N=[NH+]/c2ccccc2)c3ccccc3cc1
TIFTEJ01,C1(=CC=CC=C1)\[NH+]=N/C1=C(C=CC2=CC=CC=C12)[O-]
TIFTEJ02,C1(=CC=CC=C1)/[NH+]=N/C1=C(C=CC2=CC=CC=C12)[O-]
TIGLAX,COC(=O)c1ccccc1/N=N/c1ccc(c(c1)C=O)O
TIHSUZ,Oc1ccc(cc1/C=N/c1ccccc1)/N=N/c1ccccc1
TIJCIZ,CCCCCCCC(=O)Oc1ccc(cc1)/N=N/c1ccc(cc1)C(=O)OCC
TITNUF,C=CCc1cc(/N=N/c2ccc(C)cc2)c(O)c(OC)c1
TIVDUY,N#Cc1ccc(cc1)/N=N/c1ccc(cc1)O
TMAAZB01,CN(c1ccc(cc1)/N=N/c1ccc(cc1)N(C)C)C
TMDZET,CC1([N+]([O-])=[N+](C1(C)C)[O-])C
TOKTOE,O=C(N1CC[C@]2([C@@H]1N(Cc1ccccc1)c1c2cccc1)/N=N/c1ccccc1)c1ccc(cc1)C(C)(C)C
TOLJIP,O=C(N1N=C(C=C1C)C)c1ccc(cc1)/N=N/c1ccc(cc1)C(=O)N1N=C(C=C1C)C
TOPXUT,CCOC(=O)COc1ccc(cc1/C=N/O)/N=N/c1ccccc1
TOYZIT,CC(c1cccc(c1N1C=CN(/C/1=C\N=N\C=C\1/N(C=CN1c1c(cccc1C(C)C)C(C)C)c1c(cccc1C(C)C)C(C)C)c1c(cccc1C(C)C)C(C)C)C(C)C)C
TOZJAW,Cc1cccc(c1N1C=CN(/C/1=C\N=N\C=C\1/N(C=CN1c1c(C)cccc1C)c1c(C)cccc1C)c1c(C)cccc1C)C
TUCMEM,CCCCOc1cccc(c1)/N=N/C1=C(OCCCC)N(N=C1C)c1ccccc1
TUGYAV,O=C1/N=N/C(=O)N(C)Cc2c(-c3c(CN1C)ccc1c3cccc1)c1ccccc1cc2
TUQDEQ,CC(C#Cc1cc(C#CC(C)(C)C)cc(c1)c1cccc(c1/N=N/c1ccncc1)c1cc(C#CC(C)(C)C)cc(c1)C#CC(C)(C)C)(C)C
TUQDIU,Cc1cccc(c1c1cccc(c1Cc1cc(cc(c1/N=N/c1ccncc1)Cc1c(cccc1c1c(C)cccc1C)c1c(C)cccc1C)C(C)(C)C)c1c(C)cccc1C)C
TUQDOA,[O-]/[N+](c1ccncc1)=N\c2c(Cc3c(c4c(C)cccc4C)cccc3c5c(C)cccc5C)cc(C(C)(C)C)cc2Cc6c(c7c(C)cccc7C)cccc6c8c(C)cccc8C
TUXLUT,c1ccc2c(c1)/N=N/c1ccccc1OCCO2
TUXMAA,c1ccc2c(c1)/N=N\c1ccccc1OCCO2
UCEQUR,CCOC(=O)c1cc(/N=C/c2cc(ccc2O)/N=N/c2ccccc2)cc(c1)C(=O)OCC
UCERAY,CCOC(=O)c1cc(/N=C/c2cc(ccc2O)/N=N/c2ccc(cc2)C)cc(c1)C(=O)OCC
UDEWAB,NC1=Nc2c(N=[N+]1[O-])cccc2
UDEWEF,CC(NC1=[N+](c2ccccc2N=N1)[O-])=O
UFOJIL,CCOC(=O)[C@]1(C)N=N/C(=C/N2C=Nc3c2ncnc3OC)/C1
UGEDIV,CC(C)(C)/N=[N+]([O-])/C1=NON=C1N
UGIQUZ,CC(c1cc(C#N)cc(c1/N=N/c1c(cc(cc1C(C)C)C#N)C(C)C)C(C)C)C
UHALUK,NC1=NON=C1/N=N/C1=NON=C1N
UHEJOJ,CC1=NOC(=C1/N=N/c1ccccc1)C
UHOYEX,C1CC1C1=NON=C1/N=N/C1=NON=C1C1CC1
UJAPIH,CC(CCC[C@H]([C@H]1CC[C@@H]2[C@]1(C)CC[C@H]1[C@H]2CC=C2[C@]1(C)CC[C@@H](C2)OC(=O)NCCOc1ccc(cc1)/N=N/c1ccc(cc1)N(C)C)C)C
UJAPUT,COc1ccc(cc1)C#Cc1ccc(cc1)/N=C/c1cc(ccc1O)/N=N/c1ccccc1
UJIGAW,O=C1C=Cc2c(/C/1=N/Nc1ccccc1)c(/N=N/c1ccccc1)c(cc2)O
UKALEY,C1COc2ccc(cc2)/N=N/c2ccc(cc2)OCCCOc2c3c(c(OC1)ccc3)ccc2
ULEFAV,O=C1N(C)C(=C(C(=O)N1C)/N=N/c1ccccc1O)N
ULEGAT,CN(/C(=C/N=N/c1ccccc1)/C(=N\Nc1ccccc1)/C(=O)C)C
ULIPUB,CCCc1ccc(cc1)/N=N/c1ccc(c(c1)C(=O)C)O
ULUVII,N/N=C/c1cc(/N=N/c2ccccc2)cc(c1O)OC
UMERAF,C1[C@@H]2[C@H]3N=N[C@@H]2C[C@H]2[C@@H]1[C@@H](C3)N=N2
UMEREJ,CO[C@]12N=N[C@]3([C@@H]2C[C@H]2[C@](C1)(C)N=N[C@]2(C3)OC)C
UNUWUW,CN1c2ccccc2C(/C/1=C\N=N\c1ccccc1c1ccccc1)(C)C
UPAQAE,COc1ccc(c2c1cc1ccccc1c2)/N=N/c1ccccc1
UQIVUN,CCOc1ccc(cc1)/N=N/c1ccc(cc1C1=CN(c2c1cccc2)C)OCC
UROCUA,N#Cc1ccc(cc1)/N=N/c1ccc(cc1)N(c1ccc2-c3c(C(c2c1)(C)C)cccc3)c1ccc2-c3c(C(c2c1)(C)C)cccc3
URUBEQ01,C[C@H](c1ccccc1)NC(=O)c1ccc(cc1)/N=N/c1ccc(cc1)N(C)C
URUBOA01,C[C@@H](c1ccccc1)NC(=O)c1ccc(cc1)/N=N/c1ccc(cc1)N(C)C
URUBOA02,C[C@@H](c1ccccc1)NC(=O)c1ccc(cc1)/N=N/c1ccc(cc1)N(C)C
URUCAN,C[C@@H](c1ccccc1)NC(=O)c1ccc(cc1)/N=N/c1ccc(cc1)N(C)C
URUREH,OCCCc1ccc(cc1)/N=N/c1ccc(cc1)C#N
URURIL,OCc1ccc(c2ccc(/N=N/c3ccc(C(C)(C)C)cc3)cc2)cc1
UWADEE,OCCN(c1ccc(cc1)/N=N/c1ccc(cc1)/N=C/c1cc(OCC#C)ccc1O)CCO
UWUMOQ02,O=C(Nc1ccc(cc1)/N=N/c1ccccc1)CCCCCCCCC#CC#CCCCCCCCCC(=O)Nc1ccc(cc1)/N=N/c1ccccc1
VACYAD,O=C(N1Cc2ccccc2/N=N\c2c(C1)cccc2)OC(C)(C)C
VACYIL,CCOC(=O)N1Cc2ccccc2/N=N/c2c(C1)cccc2
VACYOR,CCOC(=O)N1Cc2ccccc2/N=N\c2c(C1)cccc2
VAGYAF,CCCCCCCCOc1ccc(cc1)/N=N/c1ccc(cc1)C(=O)O[C@H](C#C)C
VARFIF,CCN(c1ccc(cc1)/N=N/c1ccccn1)CC
VAZYUS,Oc1ccc(cc1)/N=N/C1=C2N=CC=C(N2N=C1O)C1=CC=CO1
VEFMOI,NC1=NC(N=[N+](c2ccccc2)[N-]1)=O
VEFTAE,COC(=O)CC1=CNc2c1c(/N=N/c1ccc(cc1)OC)c(cc2)O
VEGLAV,Cc1ccc(cc1)/N=N/c1ccc(c(c1)C(=O)c1ccccc1)O
VEHYUF,CC1=CC=CC(C[C@@]21N=N[C@@]1([C@@]32CC(C)(C)C=C[C@@H]13)C)(C)C
VEPZAU,CC[C@H]1OC(=O)[C@H]2[C@@H]1[C@]1(CCN=N1)C(=O)O2
VETVUL,CCOC(=O)/N=N/C(=O)Nc1ccccc1
VEVKEN,COc1ccc(cc1)/N=N/c1ccc(c(c1)C)O
VEVQUI,CCC(=O)/C=C\C1=C(C2=CC=C(O2)CC)c2c(N=N1)cc1c(c2)OCO1
VIDHOI,CC(c1cccc(c1N)/N=N/c1cccc(c1N)C(C)(C)C)(C)C
VIFTUA,Cc1ccc(cc1)/N=N(=O)/c1ccc(cc1)C
VIPWIC,COC(=O)c1ccc(cc1)/N=N/c1ccc(cc1)C(=O)OC
VIVWOM,CN(c1ccc(c2c1cccc2)/N=N/c1ccc(cc1)/C=C/c1ccc(cc1)/N=N/c1ccc(c2c1cccc2)N(C)C)C
VIVYIL,N#Cc1ccccc1/N=N/c1ccc(cc1O)O
VIYMEX,Cc1c(/[N+]([O-])=[N+]([O-])/c2c(C)cccc2)cccc1
VIYMEX01,Cc1c(/[N+]([O-])=[N+]([O-])/c2c(C)cccc2)cccc1
VOBKAB,COc1cc(C(c2ccccc2)c2ccccc2)c2c(c1)C(N=N2)(c1ccccc1)c1ccccc1
VOCQOV,COc1ccc(cc1)/N=N/c1c(cc(cc1N1CCCCC1)N1CCCCC1)N1CCCCC1
VOLJIQ,OC(=O)[C@@H](NC(=O)c1ccc(cc1)/N=N/c1ccc(cc1)N(C)C)C
VOQHAL,Oc1ccc(cc1)/N=N/c1cccc2c1cccc2
VOSDAK,CO[C@]1(C)N=N[C@@]2(O1)[C@@H]1CC[C@H]2[C@@H]2[C@H]1C2
VOTLOI,CC(c1ccccc1/N=N/c1ccccc1C(C)(C)C)(C)C
VUFZUR,CN(C)c1ccc(/N=N/c2ccccc2)cc1
VUFZUR01,CN(c1ccc(cc1)/N=N/c1ccccc1)C
VUNKAS,CCC(Oc1c(/[N+]([O-])=N/c2ccc(C)cc2)ccc(C)c1)=O
VUNSII,COc1c(/[N+]([O-])=N/c2ccccc2)c(OC)ccc1
VUNSII01,COc1c(/[N+]([O-])=N/c2ccccc2)c(OC)ccc1
VUZYUN,CCOc1ccc(cc1)/N=N/c1ccc(cc1)OC(=O)C
VUZZAU,CCc1ccc(cc1)/N=N/c1ccc(cc1)OC(=O)C(=C)C
WAGTUV,C1COc2ccc3c(c2-c2c(OCCCOc4c(/N=N/c5c(OC1)cccc5)cccc4)ccc1c2cccc1)cccc3
WAHWAH,N1=NN(C(=N1)/N=N/C1=NN=NN1C1=NNN=N1)C1=NNN=N1
WAKNUS,NC1=NON=C1/N=N/C1=NON=C1N1CCOCC1
WAKREH,CCOC(=O)c1c(C)nc(c(c1c1ccccc1)C#N)/N=N/c1nc(C)c(c(c1C#N)c1ccccc1)C(=O)OCC
WALDAQ,CC1=NN(C2=C1C(=O)[C@]1(C(C2)(C)C)N=N[C@H]2[C@@H]1C(=O)N(C2=O)c1ccccc1)c1ccccc1
WALPOS,O=C(N1N=C(C(=C1C)/N=N/c1ccccc1)C)N1CCCC1
WALQAF,O=C(N1N=C(C(=C1C)/N=N\c1ccccc1)C)N1CCCC1
WEQHAB,CC1(C)N=N[C@](O1)(c1ccc2c(c1)cccc2)[C@@H]1N=NC([C@H]1c1ccccc1)(C)C
WESCIJ,CCCN1C(=O)NC(=O)C=C1/N=N/c1ccc(cc1)C(C)(C)C
WIBCIT,OC(CC(C)(C)/[N+]([O-])=N/C(C)(C)C)=O
WIFLOM,Nc1ccc(c(c1)N)/N=N/c1cccc2c1cccc2
WIHYAN,Oc1ccccc1/N=N/c1ccccc1O
WIMDEB,[O-]/[N+]1=N\c2c(OCCOCCOc3ccccc31)cccc2
WITNUK,O=C([C@@]12N=NC[C@@H]1CCN([C@@H]2C)[C@@H](c1ccccc1)C)OC(C)(C)C
WITPAS,O=C([C@]12N=NC[C@]2(C)CN([C@@H]1C)[C@@H](c1ccccc1)C)OC(C)(C)C
WOBPOS,COc1ccc(cc1)/N=N/c1cc(ccc1O)c1ccccc1
WOCFUP,Cc1cc(C)c(c(c1)C)/N=N/c1c(C)cc(cc1C)O
WOCZAQ,O=C1OC2(c3c1cccc3/N=N/c1cc(cc(c1)C(C)(C)C)C(C)(C)C)CCN(CC2)C(C)(C)C
WODFAX,CCC(C1=CC=C(N1)/N=N/c1ccccc1)(C1=CC=C(N1)/N=N/c1ccccc1)CC
WOHCEC,O=C1OC2(c3c1cccc3/N=N\c1cc(cc(c1)C(C)(C)C)C(C)(C)C)CCN(CC2)C(C)(C)C
WOJYUQ,C1COCCOc2ccccc2/N=N/c2c(OCCO1)cccc2
WOKXAX,CCc1ccc(/N=N/c2cc(/C=[NH+]/c3c(O)ccc(C)c3)c([O-])cc2)cc1
WOMDAE,Cc1ccc2c(n1)c(ccc2/N=N/c1ccccc1)OC(=O)c1ccccc1
WOMDIM,COc1ccc(cc1)/N=N/c1ccc(c2c1ccc(n2)C)OC(=O)c1ccccc1
WUCXEA,CN1N=CC(=C1)/N=N/c1ccccc1
WUCXIE,COc1ccc(cc1)/N=N/C1=CN(N=C1)C
WUCXIE01,COc1ccc(cc1)/N=N/C1=CN(N=C1)C
WUCXOK,COc1ccc(cc1)/N=N\C1=CN(N=C1)C
WUCXUQ,COC(=O)CN1N=CC(=C1)/N=N/c1ccc(cc1)OC
WUFPOC,c1cc2/N=N/c3cccc(c3)Cc3cccc(/N=N/c4cc(Cc(c1)c2)ccc4)c3
WUFPUI,c1cc2/N=N\c3cccc(c3)Cc3cccc(/N=N/c4cc(Cc(c1)c2)ccc4)c3
WUFQAP,c1cc2/N=N\c3cccc(c3)Cc3cccc(/N=N\c4cc(Cc(c1)c2)ccc4)c3
WUJZAF,CN1C(=Nc2c1cccc2)/N=N/C1=Nc2c(N1C)cccc2
WUJZEJ,c1ccc2c(c1)N=C(O2)/N=N/C1=Nc2c(O1)cccc2
WUNZAG,COC(=O)N(Cc1ccccc1)/N=C/C(=O)C1=C(N=CN1Cc1ccccc1)/N=N/C1=C(C(=O)/C=N/N(C(=O)OC)Cc2ccccc2)N(C=N1)Cc1ccccc1
WURBOD,OCC/N=C/c1cc(ccc1O)/N=N/c1cccnc1
WUTSUA,COc1ccc(cc1)/N=N/c1ccc(cc1)/C=C/C1=C2C(=CC=C(C=C2C(=C1)C)C(C)C)C
WUTTAH,CC(C1=CC=C(C2=C(C=C(C2=C1)C)/C=C/c1ccc(cc1)/N=N/c1ccc(cc1)N(C)C)C)C
XAHBIR,[O-]/[N+](c1ncccc1)=[N+]([O-])/c2ncccc2
XAJJIE,COc1c(OC)cc(/N=[N+]([O-])/c2c(C(C(C)(C)C)=O)cc(OC)c(OC)c2)c(C(O)=O)c1
XAJJOK,COc1cc(/N=N/c2cc(OC)c(cc2C(=O)O)OC)c(cc1OC)C(=O)O
XALDUM,[O-][N+]1=NN2C(N=[N+]([O-])C(N)=N2)=N1
XAMXOB,[O-]c1c(/C=[NH+]/c2cc(C)c(C)cc2)cc(/N=N/c3ccccc3)cc1
XAPSAL,N#Cc1cccc(c1)[C@@H]1CN=N[C@@]21[C@@H](Oc1c(C2=O)cccc1)c1ccccc1
XEHCIY,COc1ccccc1N1CCOCCOc2ccc(cc2)/N=N/c2ccc(cc2)OCCOCCN(CCOc2c(OCC1)cccc2)c1ccccc1OC
XEPGOQ,Cc1ccc(cc1)[C@@H]1N=N[C@@H]2[C@H]1c1ccccc1C2
XEPVAR,Cc1cc(/N=N/c2ccc(c(c2)C(=O)C)O)ccc1C
XESRUJ,Cc1c(/N=N/c2ccccc2)cc(cc1/N=N/c1ccccc1)C(C)(C)C
XEYCOU,CCCc1cc(ccc1OCCCCCC(=O)O)/N=N/c1ccncc1
XIGDEX,O=C1N=N/C(=C/2\N(C=CN2c2c(C)cc(cc2C)C)c2c(C)cc(cc2C)C)/N=N1
XIGDEX01,O=C1N=N/C(=C/2\N(C=CN2c2c(C)cc(cc2C)C)c2c(C)cc(cc2C)C)/N=N1
XIHYIW,CCOC(=O)C1=NN(C2=NC(=C(C(=O)N12)/N=N/c1ccccc1)Nc1ccccc1)c1ccccc1
XIPRUM,CCN(c1ccc(cc1)/N=N/c1ccc(c(c1)C#N)c1ccc(c(c1)C#N)C#N)CC
XIPSOH,CCCCN(c1ccc(cc1)/N=N/c1cccc(c1c1ccc(c(c1)C#N)C#N)C#N)CCCC
XIPSUN,CCCCN(c1ccc(cc1)/N=N/c1ccc(c(c1)C#N)c1ccc2c(c1)C(=O)NC2=O)CCCC
XISPOE,OC(c1ccccc1)(c1ccccc1)C#Cc1ccc(cc1)/N=N/c1ccc(cc1)C#CC(c1ccccc1)(c1ccccc1)O
XISWIH,O=C(c1ccc(cc1)/N=N/c1ccc(cc1)C(=O)Nc1cccnc1)Nc1cccnc1
XOBHIH,Nc1ccc(c(c1)N)/N=N/c1c(C#CC(O)(C)C)cc(cc1C#CC(O)(C)C)C(C)(C)C
XOBHIH01,Nc1ccc(c(c1)N)/N=N/c1c(C#CC(O)(C)C)cc(cc1C#CC(O)(C)C)C(C)(C)C
XOCBAV,CNc1ccccc1/N=N/c1ccccc1/N=C/c1ccccc1O
XOHRER,CCCCCCCCCC(=O)Oc1ccc(cc1)/N=N/c1ccc(cc1)C(=O)OCC
XOKTID,[O-]/[N+](C1=NN(c2c(N)cccc2)[N+]([O-])=C1N)=N\C(C)(C)C
XOTHUJ,CCCCCC[C@H]1OC(=O)O[C@H](C1)c1ccc(cc1)/N=N/c1ccc(cc1)OC
XOVCAM,C#Cc1ccc(cc1)/N=N/c1ccc(cc1)C#C
XOWDIW,COc1c(/[N+]([O-])=[N+]([O-])\c2c(OC)cccc2)cccc1
XOZLII,N#Cc1ccc(/[NH+]=N/c2c3ccccc3ccc2[O-])cc1
XOZNAD,c1ccc(cc1)/N=N/C1=C(Nc2c1cccc2)c1ccccc1
XOZNEH,CN1c2ccccc2C(=C1c1ccccc1)/N=N/c1ccccc1
XOZNIL,Cc1ccc(cc1)/N=N/C1=C(c2ccccc2)N(c2c1cccc2)C
XOZNOR,Cc1ccc(cc1)/N=N/C1=C(Nc2c1cccc2)c1ccccc1
XOZNUX,COc1ccc(cc1)/N=N/C1=C(c2ccccc2)N(c2c1cccc2)C
XUDMEQ,NC1=C(/N=N/C2=CC(=NN2c2ccccc2)c2ccccc2)C(=NN1c1ccccc1)c1ccccc1
XUMWEH,COC(=O)[C@@H]1C[C@@]2(C(=O)O1)[C@H](CN=N2)C#N
XUMWIL,COC(=O)[C@@H]1C[C@]2(C(=O)O1)[C@@H](CN=N2)C#N
XUPDAO,c1ccc(cc1)N1N=NN=C1/N=N/C1=NN=NN1c1ccccc1
XUSNEF,CCCCCCCCCCCCc1ccc(cc1)Nc1ccc(cc1)/N=N/c1ccccn1
XZBTZO,[O-]C1=C2N=Nc3ccccc3[N+]2=NO1
YADTON,OCCCCCCOC=1C=C(C=CC1\N=N\C1=CC=C(C=C1)C#N)C#CC1=CC=C(C=C1)N(C)C
YAJXAM,OCCN1N=NN=C1/N=N/C1=NN=NN1CCO
YALKII,c1ccc(cc1)/N=N/c1ccc(cc1)C(c1ccc(cc1)/N=N/c1ccccc1)(c1ccc(cc1)/N=N/c1ccccc1)c1ccc(cc1)/N=N/c1ccccc1
YAPBUP,COC(=O)c1cc(/N=N/c2cc(cc(c2)C(=O)OC)C(=O)OC)cc(c1)C(=O)OC
YAPFEB,COc1ccc(cc1)/N=N/c1c2NN=Nc2ccc1N1C(=O)C=CC1=O
YARHEF,COc1c(OC)cc(CCN=C2c3c(/[N+]([O-])=[N+]([O-])/c4c(C5=NCCc6cc(OC)c(OC)cc65)cccc4)cccc3)c2c1
YAVYUR,OC1=CC=C(C=CC1=O)/N=N/c1ccccc1
YEFCOC,COc1cccc(c1)/N=N/c1ccc(c(c1)C)O
YEMHAC,C=C[C@@H]1[C@@H]2C(C)(C)N=N[C@]2(OC(=O)C)C[C@@H]([C@@]1(O)[C@H]1C[C@@H]2[C@H]([C@@H]1O)OC(OC2)(C)C)C
YEPXAV,Cc1cc(C)c(c(c1)C)/N=C/c1cc(ccc1O)/N=N/c1ccccc1
YEPXEZ,Cc1ccc(cc1)/N=C/c1cc(ccc1O)/N=N/c1ccccc1
YEYWUW,COC(=O)[C@@H]1C[C@]23[C@H](N1C(=O)OC(C)(C)C)[C@@H](O)[C@H](N=N2)[C@H]1[C@@H]3O1
YIJWEU,N#Cc1ccc(cc1C#N)Oc1ccc(cc1)/N=N/c1ccc(cc1)N(C)C
YIMKIP,Cc1ccc(nc1)/N=N/c1ccccc1
YIPXOM,N#Cc1ccc(cc1)/N=N/c1cc(CN2CCCCC2)c(c2c1cccc2)O
YIPXOM01,N#Cc1ccc(cc1)/N=N/c1cc(CN2CCCCC2)c(c2c1cccc2)O
YIQJEN,Cc1cc2/N=N/c3ccccc3OCCOCCOCCOc3c(/N=N/c(c1)c2O)cccc3
YIQJEN01,Cc1cc2/N=N/c3ccccc3OCCOCCOCCOc3c(/N=N/c(c1)c2O)cccc3
YIQKER,n1ccc(cc1)CCNc1ccccc1/N=N/c1ccccc1NCCc1ccncc1
YIQKIV,c1ccc(cn1)CNc1ccccc1/N=N/c1ccccc1NCc1cccnc1
YIQKOB,n1ccc(cc1)CNc1ccccc1/N=N/c1ccccc1NCc1ccncc1
YIRTID,Cc1ccc(/[NH+]=N/c2c3ccccc3ccc2[O-])cc1
YIRTID01,Cc1ccc(/[NH+]=N/c2c3ccccc3ccc2[O-])cc1
YIRTID02,Cc1ccc(/[NH+]=N/c2c3ccccc3ccc2[O-])cc1
YIRTID03,Cc1ccc(/[NH+]=N/c2c3ccccc3ccc2[O-])cc1
YIRTID04,Cc1ccc(/[NH+]=N/c2c3ccccc3ccc2[O-])cc1
YIXNAU,C[C@@]12N=N[C@@]([C@H]3[C@@H]2[C@H]4C[C@@H]3[C@H]5[C@@H]4[C@]6(N=N[C@]5(C)C6(C)C)C)(C)C1(C)C
YIXNEY,CC1(C)[C@]2(C)N=N[C@@]1(C)[C@@H]1[C@H]2[C@@H]2C[C@H]1[C@@H]1[C@H]2[C@@H]2C=C[C@H]1C2
YOKVEB,CCOC(=O)CNc1ccc(cc1)/N=N/c1ccccc1
YOSYUD,COc1ccc(cc1)/N=N/c1ccc(cc1)C=O
YOSZAK,COc1ccc(cc1)/N=N/c1ccc(cc1)/C=N/NC(=O)c1cccc(c1)OC
YOVVOX,CC(CCOc1ccc(cc1)/N=N/c1ccc(cc1)OCCC(C)C)C
YUDMOZ,[O-]/[N+]([C@@]12C[C@H]3C[C@]1(N(=O)=O)C[C@H](C3)C2)=[N+]([O-])\[C@@]45C[C@H]6C[C@]4(N(=O)=O)C[C@H](C6)C5
YUHTIE,CC1(NC(N=[N+]1[O-])=O)C
YUTBUN,COc1c(/N=N/C2=NO[N+]([O-])=C2c3ccccc3)c(OC)cc(OC)c1
ZABMEX,N#Cc1ccc(cc1)/N=N/c1ccc(cc1)C#N
ZAKGEA,O=C(Nc1c(cccc1C(C)C)C(C)C)/N=N/c1ccccc1
ZAMPEI,C[C@@H](C1=Cc2ccccc2[C@H](N=N1)C)c1ccccc1
ZAMPIM,C[C@H](C(C)(C)C)C1=Cc2ccccc2[C@H](N=N1)C
ZAMPOS,CC[C@@H](C(C)(C)C)C1=Cc2ccccc2[C@@H](N=N1)C
ZAMPUY,CO[C@H](C1=Cc2ccccc2[C@H](N=N1)C)c1ccccc1
ZAMQAF,CO[C@H](C(C)(C)C)C1=Cc2ccccc2[C@@H](N=N1)C
ZAMQEJ,O=C(c1ccccc1)O[C@H](C(C)(C)C)C1=Cc2ccccc2[C@H](N=N1)C
ZAQZAU,COc1ccncc1/N=N/c1cnccc1OC
ZBUNDO,CN1C(=O)[C@@H]2[C@H]3[C@@H]([C@H]1c1c2cccc1)N=NC3
ZEFBOD,NN1N=NN=C1/N=N/C1=NN=NN1N
ZEFBUJ,CC(=NN1N=NN=C1/N=N/C1=NN=NN1N=C(C)C)C
ZEFKON,OC[C@@H](c1ccccc1)N/C=C\1/C=C(/N=N/c2ccccc2)C=CC1=O
ZEVBUX,CC(c1cc2Cc3cc(cc(c3O)Cc3cc(cc(c3O)Cc3c4O[C@]5([C@@]6([C@@H](Cc(c1)c2O)C=C([C@H]5N=N6)C(C)(C)C)O)Cc4cc(c3)C(C)(C)C)C(C)(C)C)C(C)(C)C)(C)C
ZEXJOD,ON1N=NN=C1/N=N/C1=NN=NN1O
ZIBSAE,[O-]/[N+]([C@@]12CC[C@H](CC2)C1)=[N+]([O-])\[C@@]34CC[C@H](CC4)C3
ZIGROW,CC1=CC(=O)[C@@]2([C@H](C1=O)C1(N=N2)c2ccccc2CCc2c1cccc2)C
ZIJDED,N#CC1=C(C#N)NC(=N1)/N=N/c1ccc(cc1)N(CCC(=O)O)CCC(=O)O
ZIXMEY,COc1cc(O)ccc1/N=N/c1ccccn1
ZIZBUI,[O-][n+]1n[n+]([O-])c2c(N=[N+]3N2[N-]c4c3cccc4)n1
ZOBTES,CCCCCCOc1ccc(cc1)/N=N/c1cccc(c1)C(=O)OCCCCCC
ZTNONX,[O-][N+]1=[N+]([C@@H]2[C@@H]3[C@H]1[C@H]4[C@@H](C3)[C@@H]24)[O-]
ZUHGOA,CC(c1ccc(cc1)/N=C/c1cc(ccc1O)/N=N/c1ccccc1)C
ZUTNUA,COc1ccc(cc1)/N=N/C1=C(C)ON=C1C
ZUTPAI,CCCCCOc1ccc(cc1)/N=N/C1=C(C)ON=C1C
ZUTPIQ,CCCCCCCCCOc1ccc(cc1)/N=N/C1=C(C)ON=C1C
ZZZBPY10,OC[C@H]1O[C@H]([C@H](O)[C@@H](O)[C@@H]1O)OC/N=[N+]([O-])/C
CAXMAT,CCCCCCCCOc1ccc(c2c1cccc2)/N=N/c1ccc(cc1C)C
DAYHOE,COc1ccc(cc1)/N=N/c1ccccc1
DAYHOE01,COc1ccc(cc1)/N=N/c1ccccc1
DAYHOE02,COc1ccc(cc1)/N=N/c1ccccc1
DAYHOE03,COc1ccc(cc1)/N=N/c1ccccc1
DAYHOE04,COc1ccc(cc1)/N=N/c1ccccc1
DAYHOE05,COc1ccc(cc1)/N=N/c1ccccc1
DAYHOE10,COc1ccc(cc1)/N=N/c1ccccc1
DAYHOE11,COc1ccc(cc1)/N=N/c1ccccc1
QATTEO,CN1C=CC(/N=[N+]([O-])/C2=NN(C)C=C2)=N1
TEGTEI,CC1=NOC(=C1/N=N/c1c(cccc1N1CCCCC1)N1CCCCC1)C
TEGTIM,CN1N=C(C(=C1c1ccccc1)/N=N/c1ccccc1N1CCCC1)c1ccccc1
VAPSUE,N#C/C(=C(\N=N\c1ccccc1)/C)/c1ccccc1
XAZPOH,O=C([C@@]1(/N=N/c2ccccc2)Cc2c(C1=O)cccc2)NC(C)(C)C
ZALZIZ03,OC(c1cc(C(O)=O)cc(/N=N/c2cc(C(O)=O)cc(C(O)=O)c2)c1)=O
DEZKEY01,c1ccc2c(c1)nc(cn2)/N=N/c1cnc2c(n1)cccc2
HASPAW,CN1N=CC(=C1)/N=N/C1=CNN=C1
HEDWUM,CN(c1ccc(cc1)/N=N/c1ccccc1)CN1C(=O)CCC1=O
KOXBII01,Oc1ccc(cc1)/N=N/c1ccccc1
MAZTOA,c1ccc(cc1)/N=N/c1ccc(cc1)/C(=C(/c1ccc(cc1)/N=N/c1ccccc1)\c1ccccc1)/c1ccccc1
PEJLOJ,CCc1cccc(c1/N=N/c1ccc(cc1)O)CC
PELQOQ,CC1=NN(C(=C1)C)C1=NN2N=C(N)N=C2N=N1
PELSOS,O=C(c1ccccc1)Nc1ccc(cc1)/N=N/c1ccccc1
PELSUY,O=C(c1ccccc1)Oc1ccc2c(c1/N=N/c1ccccc1)cccc2
REGCOZ,c1ccc2c(c1)COc1ccccc1-c1ccccc1OCc1c(/N=N/2)cccc1
SENBOG,CC(c1ccc(cc1)/N=N/c1ccc(cc1)C1c2ccccc2Oc2c1cccc2)C
YEGMAC,CCOc1ccc(cc1)N/N=C(/C(=O)c1ccccc1)\N=N\c1ccc(cc1)OCC
MEPVAI,Oc1c2/N=N/c3cc(ccc3OCCOCCOCCOCCOc2ccc1C(C)(C)C)C(C)(C)C
NELWEK,CCCN1C=C(c2c1cccc2)/N=N/C1=CN(N=C1)C
NELWIO,CN1N=C(C(=C1C)/N=N/C1=CN(c2c1cccc2)Cc1ccccc1)C
QEMWUE,C1CCOc2ccccc2/N=N/C2=CC=C(/N=N/c3c(OCC1)cccc3)N2
TESTOE,CC1=C(/N=N/c2ccccc2)C=C2C(=NN(C2=O)c2ccccc2)N1
WEPDOO,CN1N=CC=C1/N=N/C1=C(C)N(N=C1C)C(C)C
WERYIF,C=CCOc1ccccc1N1N=NC(=N1)c1ccc(cc1)/N=N/c1ccc(cc1)C1=NN(N=N1)c1ccccc1OCC=C
WERYOL,C=CCOc1ccccc1N1N=NC(=N1)c1ccc(cc1)/N=N/c1ccc(cc1)C1=NN2[C@H](C1)COc1c2cccc1
BAHMAC,O/N=C/1\[C@@H](O)Oc2c(C1=O)cccc2
BAHVUF,CN(C)C(=O)Nc1cc(ccn1)C1=NOC(=N1)C
BAJWAO,COC(=O)C1(C(=O)OC)N(O[C@H]2/C/1=C\CC/C=C\CC2)c1ccccc1
BAKDIE,CC1=NC(=NO1)c1ccnc(NC(=O)N2CCCCC2)c1
BAKPAI,O=C1c2ccccc2C(=O)C1(c1cc[n+]([O-])cc1)C1(C(=O)c2ccccc2C1=O)c1cc[n+]([O-])cc1
BOYVIX,O=C1NO[C@@H](c2c1cccc2)c1ccccc1
BZHYDX05,O=C(NOC(=O)c1ccccc1)c1ccccc1
BZOFOX04,[O-][N+]1=C2C(=NO1)C1=[N+]([O-])ON=C1C1=[N+]([O-])ON=C21
CAFNUW,Cc1ccc(cc1)C#CC(=O)N1CCCO1
CAQYEC,CC1=NOC(=C1)/N=C/c1c(O)ccc2c1cccc2
CAQYOM,COc1ccc(c(c1)/C=N/C1=NOC(=C1)C)O
CAQYUS,CC1=CC(=NO1)N[C@H](c1ccccc1)NC1=NOC(=C1)C
CAQZAZ,CC1=CC(=NO1)N[C@H](c1cccc2c1cccc2)NC1=NOC(=C1)C
CAQZED,CC1=CC(=NO1)/N=C/c1c(O)ccc2c1cccc2
FAKRIS03,O/N=C(/c1ccccc1)\C
FANBUV,CONC(=O)/C(=C(\C1=Cc2c(N1)cccc2)/CC)/c1ccccc1
FAQLOC,O/N=C(/CC1=CC(=NO1)c1ccccc1)\N
FAQZIK,CCOC(=O)C1=[N+]([O-])ON=C1N
FASBIO,CON(C(=O)[C@]12C[C@H](C1)N1N2C(=O)N(C1=O)c1ccccc1)C
FASBOU,COc1ccc(cc1)N1C(=O)N2N(C1=O)[C@]1(C[C@@H]2C1)C(=O)N(OC)C
FATGEQ,NN1N=NN([O-])C1=[NH2+]
GAQHOZ,C[C@H](ON1C(=O)c2c(C1=O)cc1c(c2)cccc1)C#Cc1ccccc1
GAVWUZ,O/N=C(/c1ccc2c(c1)OC(O2)(C)C)\CN1C=NC=C1
HAJMUE,CON1CC(=C(C)N2c3ccccc3C(=C2C1=O)CO)C(=O)OCc1ccccc1
HAVFIX,CCOC(=O)CO/N=C/C1=COc2c(C1=O)cccc2
JAJRUL,O/N=C/C1=CC=CN1C
JARCOY,COc1ccc(cc1)C1=NOC(=O)N1c1ccccc1
JARDEP,O=C1ON=C(C2CC2)N1c1ccccc1
JARPIF,O=C1N[N+](=NC2=NNC=C12)[O-]
JIWSOA,COc1ccc(N2N=[O+]C([O-])=C2C([C@H](C)N3N=NN=C3Cc4ccccc4)=O)cc1
KALJOA,COc1ccc(cc1)C1=NOC(=C1)c1ccc(cc1)C#N
KAPFOA,[O-][N+]1=C(C(c2ccccc2)=NO1)N3CCOCC3
LAPLAT,O=C1N[C@@]2([C@@](N1O)(O)C(=O)c1c2cccc1)O
MAQXOV,ON1C=NN=N1
MARFIY,O1/N=C/c2ccccc2-c2ccccc2/C=N/OCc2cc(C1)ccc2
MASQEG,O/N=C/c1ccccc1OCc1ccccn1
ODICEN,N#C[C@](c1ccc2c(c1)cccc2)(N(O)C)C
OZOQIG,ON[C@H](c1ccccc1)C
PALPEB,CON(C(=O)[C@@H]([C@@H](C(=O)N1CCCC1)N(C)C)C=C)C
PASZOC,CO/N=C/1\CCC(=O)Nc2c1cccc2
PORSUN,ONC(=O)[C@H]([C@H](C(=O)N[C@@H](C(C)(C)C)C(=O)NC)CC(C)C)O
QAMVEJ,O1N=C(N=C1c1ccc2ccccc2n1)c1ccc2ccccc2n1
QARBUK,CC(C)(c1c(O)c(/C=N/OCCO/N=C/c2c(O)c(C(C)(C)C)ccc2)ccc1)C
RAQCEV,[O-][N+]1=C(/C([C@]2(C)N1O[C@@H](C#N)C2)=N\OC)C
SAKZEN,COC1=CC2=NO[N+](=C2C=C1OC)[O-]
SAKZIR,COC1=CC2=NON=C2C=C1OC
SARBOG,COc1ccc(cc1)[C@H]1C[C@@]2(O[N@@]3[C@@H]1NNC(=O)C3(C)C)[C@H]1CC[C@@H](C2(C)C)C1
SARDUO,COc1ccc(cc1)[C@@H]1CC(C)(C)O[N@]2[C@@H]1OC(=O)C(O2)(c1ccccc1)c1ccccc1
TANWUE,O/N=C(\C1=C(Cc2ccccc2)OC(=C1C(=O)C)C)/C1=C(Cc2ccccc2)OC(=C1C(=O)C)C
TARJAB,O=C1N(c2ccccc2)C(=O)[C@@]2([C@H]1C(=NO2)Cc1ccccc1)C
TARJEF,CC1=NOC2=C1C(=O)c1ccccc1C2=O
TAWFAC,O=C(CC(c1ccccc1)c1ccccc1)NOC(=O)OCc1ccccc1
TAWSET,O=C1N2OCC[C@H]3[C@@H]2c2c([C@]1(C)[C@@H]3c1ccccc1)cccc2
TAWSIX,CON1[C@@H]2C[C@H]([C@](C1=O)(c1c2cccc1)C)c1ccccc1
TAWSOD,CO/N=C/c1ccccc1[C@@H]1C[C@H]2N(C(=O)[C@]1(C)c1c2cccc1)OC
XALQIO,O=C([C@@H]1CC[C@@H]2CN1C(=O)N2O)NC1CCN(CC1)C(=O)OC(C)(C)C
ZAKVIU,O/N=C\1/C(=CC(=O)c2c1nccc2)N1c2ccccc2-c2c1cccc2
ZASGIN,CNC1=C(/C(=N/OCc2ccc(cc2)OC)/C)C(=O)OC21CCCCC2
AANHOX,COc1ccc(cc1)/C=N\O
AANHOX01,COc1ccc(cc1)/C=N\O
ABAPIE,O/N=C/c1ccccc1OC/C(=C\c1ccc(cc1)CC)/C(=O)OC
ABATOO,O/N=C/c1cc(ccc1O)C(C)(C)C
ABATUU,O/N=C/c1cc(cc(c1O)C)C(C)(C)C
ABAVAC,O/N=C/c1cc(cc(c1O)C(C)(C)C)C(C)(C)C
ABAVUW,O/N=C/c1cc(cc(c1O)OC)C(C)(C)C
ABAWAD,O/N=C/c1cc(ccc1O)C(CC(C)(C)C)(C)C
ABELID,[O-]C1=C2[N+](c3ccccc3[C@]2(Cc4ccccc4)O)=NO1
ABIFUO,O=C(Cc1ccccc1)O/N=C(/c1ccccc1)\C(=O)NC1CCCCC1
ABOFUT,COc1ccc(cc1[C@H]1[C@H](C(=O)c2ccccc2)[C@H](ON1c1ccccc1)c1ccc(cc1)C)C(c1ccccc1)(C)C
ABULIT,O/N=C/c1cccc(c1O)OC
ABULIT01,O/N=C/c1cccc(c1O)OC
ACAGAO,COC(=O)C1(CCON([C@@]21c1ccccc1N(C2=O)C)c1ccccc1)C(=O)OC
ACAGES,C=C[C@H]1ON(c2ccccc2)[C@]2(C(C1)(C(=O)OC)C(=O)OC)c1ccccc1N(C2=O)C
ACAMOX,O/N=C(/N(C)C)\C
ACEOXM,CC(C)=NO
ACEOXM01,CC(C)=NO
ACIKON,COc1ccc(cc1)N1C[C@@]2([N@]([C@@H]1c1ccccc1)OC(=O)N2c1ccccc1)c1ccccc1
ACMCOX,O/N=C/1\CC(C)(C)[C@H](C(C1)(C)C)C(=O)C
ACNOCT,C/C/1=N/O/C(=N\O/C(=N\O/C(=N\O/C(=N\O/C(=N\O/C(=N\O/C(=N\O1)/C)/C)/C)/C)/C)/C)/C
ACPIXZ,CC(=O)N(C(C)=O)C1=C(c2ccccc2)C(=NO1)c1ccccc1
ACUJOX,COC(=O)C1=C(O[N@@]2[C@]1(C(=O)OC[C@H]2C)c1ccccc1)C(=O)OC
ACUZON,[O-]/[N+](C)=C\c1nc2c(O)cccc2cc1
ACXHTZ,CC(=O)ON1CN(CN(C1)OC(C)=O)OC(C)=O
ADANEZ,COC(=O)Cc1ccccc1OCC1=NC(=NO1)c1cccc(OC)c1
ADERIL,O/N=C(/c1ccc(cc1)C)\N
ADERIL01,O/N=C(/c1ccc(cc1)C)\N
ADICUM,COc1cc2CCN(Cc2cc1OC)CC1=[N+]([O-])ON=C1c1ccccc1
ADOJEI,O/N=C(/C(=N/Cc1ccccn1)/C)\C
ADOJEI01,O/N=C(/C(=N/Cc1ccccn1)/C)\C
ADOJEK,O/N=C/c1cc(/C=N/O)cc(c1)/C=N/O
ADOJUY,O/N=C/1\CCCC=C1c1ccc(cc1)OC
ADOKAF,O/N=C/1\CCCC=C1c1ccccc1
ADOKEJ,O/N=C/1\CCCC=C1c1ccc(c(c1)C)C
ADUWEB,C[C@@H]1C[C@H](C)[C@H]([C@@H]([C@@](C1)(C)O)C)C1=C(O)C=CN(C1=O)O
AEBHXM10,CCO/C(=N/O)/c1ccccc1
AFENIJ,COc1ccc(cc1)[C@H]1C(=C(N)OC2=C1CCC/C/2=C\c1ccc(cc1)OC)C1=NC(=NO1)c1ccccc1
AFIFOK,COC(=O)[C@@H](N1C(=Nc2c(C1=O)cccc2)/C(=N/OCc1ccccc1)/C)CC1=CNc2c1cccc2
AFIKAC,O/N=C(\C1=CC=CO1)/CN(c1ccccc1)C/C(=N/O)/C1=CC=CO1
AFIKIK,CCN(c1ccc(c(c1)O)/C=N/OCCO/N=C/c1ccc(cc1O)N(CC)CC)CC
AFIMOT,ON1C(=O)Cc2ccccc2C1=O
AFIMUZ,C[C@@]12CC[C@H](C2(C)C)[C@@H]2[C@@]1(O)ON=C2c1ccccc1
AFITIU,Cc1cccc(c1)C(=O)O/N=C/1\C[C@H](c2ccccc2)N([C@@H]([C@H]1C(C)C)c1ccccc1)C
AFIWIX,O=C(C1=C(C(=O)c2ccccc2)[C@@H](N(O1)C(C)(C)C)c1ccccc1)c1ccccc1
AFIZIA,O=C1Cc2ccccc2C(=O)N1OCc1ccccc1
AFUCUC,O[C@@H](c1ccccc1)CC1=C(ON=C1c1ccccc1)c1ccccc1
AFUDEN,c1ccc(cc1)C1=C2C[C@@H](c3ccccc3)c3c(C2=NO1)cccc3
AFURAW,N#CC[C@@H]1CC[C@@]2(N1OCc1ccccc1)CCc1c2cccc1
AFZPYM,NC1=NC=NC2=NON=C12
AGEXEQ,O=C1ON(C(=O)[C@H]1C1(CCCCC1)C(=O)NC(C)(C)C)c1ccccc1
AGOGEL,CON1C(=O)c2ccccc2c2cc(C)ccc12
AGOHIQ,c1ccc(cc1)NC1=NC2=NON=C2N=C1/N=C/N1CCCC1
AGOHOW,CC(C)(C)c1cc(cc(c1O)C(C)(C)C)C1=NC2=NC3=NON=C3N=C2N1c1ccccc1
AHATIO,O/N=C(/c1cnc(nc1Cc1ccccc1)c1ccccc1)\N
AHAZAL,COc1ccccc1[C@@]1(NO1)C(C)(C)C
AHEMAB,[O-][N+]1=CC=[N+]([O-])C=C1
AHEMAB01,[O-][n+]1cc[n+]([O-])cc1
AHEMAB02,[O-][n+]1cc[n+]([O-])cc1
AHEMAB03,[O-][n+]1cc[n+]([O-])cc1
AHEQUZ,CCN(C(=O)CCc1ccccc1)c1ccccc1NCC1=CC(=NO1)c1ccccc1
AHETOX,N#C[C@@]1(C)C[C@@H]2[N@@](O1)CCCC2
AHETUD,CC[C@@H]1O[N@@]2[C@H]([C@@H]1C#N)c1ccccc1CC2
AHIJEH,CC(O/N=C/1\c2ccccc2N(C1=O)c1ccccc1)C
AHIJIL,CN1C(\C(\C2=CC=CC=C12)=[N+](/C(C)C)\[O-])=O
AHUXIK,O=C1CCCCCCC[C@H]2[C@@H]1C1=C(c3cc(c(c(c3)C(C)(C)C)O)C(C)(C)C)C(=C(C(=O)N1O2)C(=O)C)O
AJEQEO,O/N=C(/[C@H](c1ccccc1)O)\c1ccccc1
AJEQEO01,O/N=C(/[C@@H](c1ccccc1)O)\c1ccccc1
AJEREM,CON1CC1(C(N)=O)C(N)=O
AJESAK,O=C1ON=C(/C/1=C/c1ccccc1O)C
AKAWIS,CC1(NC(C2=CNC=N2)=[N+](C1(C)C)[O-])C
AKAYOB,N#C[C@@]12[C@@H]([C@@]2(C#N)C(=NC1(ON=C(C)C)ON=C(C)C)N)C(=O)C(C)(C)C
AKEYEX,CC1=NOC(=O)N1Cc1ccccc1
ALAKEG,COC(=O)[C@@H]1C[C@@H]2C[C@H](C1)C/C(=N/O)/C2
ALONAQ,CC1(C)CC(C)(C)C2=[N+]([O-])c3ccccc3C2=C1
ALOPAU,O=C1CCC(=O)N1OC(=O)c1cc2CCc3ccc(CCc4ccc(CCc1cc2)cc4)cc3
ALORIE,O=C(ON1N=Nc2ccccc12)c1ccc(OCc2ccccc2)cc1
ALULEY,COC(=O)[C@@H]1O[N@@]([C@H]([C@@H]1C(=O)OC)c1ccccc1)[C@@H]1OC[C@@H]2[C@H]1OC(O2)(C)C
AMATAL,O=C1c2ccccc2O[C@@H]2[C@H]1[C@H]1N(OCc3ccccc3)C(=O)N([C@@H]2N1C(=O)OC(C)(C)C)OCc1ccccc1
AMELIO,[O-][n+]1c([C@@](O)(C)c2ccccc2)cccc1
AMELUA,[O-][n+]1c(C(c2ccccc2)=C)cccc1
AMEOIN,CON1C=C(C(C)=O)c2ccccc12
AMFURZ,CC1=NON=C1N
AMIKUD,CN(C)C1=CC=C(c2cc(nc(c2)c2ccccn2)c2ccccn2)C2=NON=C12
AMIXPO,CC(=O)N1OC(=O)c2c(C)cc(C)nc12
AMNAPH,C[C@H]1C[C@H]2C[C@@H](C(N)=[N+]([O-])[C@@]2(c3ccccc3)N(O)C1=O)C
AMOTEC,COc1cc(OC)c2c(c1)[C@@H](OC(=O)[C@@]13CC[C@](C3(C)C)(C(=O)O1)C)[C@]1(C3=C(ON=C23)C(C=C1)(OC)OC)CC=C(C)C
AMUZEO,O/N=C(\C(=O)c1ccccc1)/c1ccccc1
AMUZIS,O/N=C(/C(=O)c1ccccc1)\c1ccccc1
AMUZOY,COc1ccc(cc1)/C(=N/O)/C(=O)c1ccc(cc1)OC
AMXZPY10,CC1=NC(=NO1)c1cccnc1N
ANAKAE,[O-][N+]1=C(N2N=Nc3ccccc23)C(=NC21CCCCC2)c1ccccc1
ANAMUZ,OC(=O)[C@@H]1CC=C[C@@H]2[C@@H]1C(=O)N(C2)OCc1ccccc1
ANANAG,N#C[C@@H]1CCCN1C(=O)[C@H]1CC=C[C@H]2[C@H]1C(=O)N(C2)OCc1ccccc1
ANAXOD,CC1(C)O[N+](=C2CCCCC2=C1)[O-]
ANAXUJ,CCOC(=O)[C@H]1O[N@]2[C@]3(C1)CCCCC3=C(CO2)C
ANIVOJ,ONC(=O)c1cccc2CN(C(=O)c12)c1ccc(OCc2ccccc2)cc1
ANQDAZ,O=C1c2ccccc2C(=O)C2=C1C=CC1=NON=C21
APEMIT,COC(=O)c1ccc(cc1)N(O)c1ccccc1c1ccccn1
APERUK,CC(C)=NOCc1ccccc1OC(=O)c1ccccc1
APESIZ,O/N=C(/C(=N/O)/N)\CCCNC(=O)C1=CC=CN1
APHSYD,Nc1ccccc1[N+]1=NOC(=C1)[O-]
APMCOX,O/N=C\c1ccncn1
APOCAM,CC(=O)C1=C(c2ccccc2)C(=NO1)c1ccccc1
APPXDZ,Nc1ccc(cc1)C1=NOC(=N1)c1ccccc1
APYRCX,O/N=C\c1ccncc1
AQADOM,O/N=C/1\OC(=C([C@@H]1c1ccccc1)C(=O)C)C
AQADUS,O/N=C/1\OC2=C([C@@H]1c1ccccc1)C(=O)CCC2
AQAGOO,O=NN(C1CCCCC1)C1CCCCC1
AQELEQ,CN1C(=O)C=Cc2ccc(Nc3ccc(C)cc3)c(N=O)c12
AQIKUG,CC1(C)N([O-])C(=O)[N+](=O)C1(C)C
AQIWOO,CON([C@@H]1O[C@H](CO)[C@H]([C@@H]([C@H]1O)O)O)[C@H]2CC[C@]3([C@@H](C2)CC[C@@H]4[C@@H]3CC[C@]5([C@]4(O)CC[C@@H]5C6=COC(C=C6)=O)C)C
AQOZUD,[O-][n+]1ccccc1c1ccccc1
AQOZUD01,[O-][n+]1ccccc1c1ccccc1
AQUFEA,COC(=O)C1=NO[C@@]2(C1)C(=O)C=C[C@@H]1[C@H]2[C@@H]2C=C[C@H]1C(=O)[C@@]12ON=C(C1)C(=O)OC
ARADIH,CN1O[C@H](C[C@@H]1c1ccccc1)C(=O)O
ARAGUW,COc1ccc(cc1)[C@@H]1CC2=C(C)OC(=C2[C@@H](N(O1)c1ccccc1)c1ccccc1)c1ccc(cc1)OC
ARAHAD,COc1ccc(cc1)C#C[C@]1(C[C@@H](ON([C@@H]1c1ccccc1)c1ccccc1)c1ccc(cc1)OC)C(=O)C
AREJIS,CC(C)(C)C1=NO[N+](=C1c1ccc2ccccc2c1)[O-]
ARIDAJ,[O-][N+]#C[C@]12CC[C@@H](C(C)C)[C@@H]1[C@@H]3[C@](C)([C@@]4(CC[C@@H]5[C@](C)(CC[C@H](O)C5(C)C)[C@H]4CC3)C)CC2
ARIDEN,CC(=O)O[C@H]1CC[C@]2([C@H](C1(C)C)CC[C@@]1([C@@H]2CC[C@H]2[C@@]1(C)CC[C@@]1([C@@H]2[C@@H](CC1)C(=C)C)C1=NOC(=C1)C(=O)O)C)C
ARIXIK,COc1cc[n+]([O-])c(c1)C1=CC=CN1Cc1ccccc1
AROFIW,O/N=C/1\C=C/C(=C(/c2ccccc2)\C#N)/c2c1cccc2
AROFOC,O/N=C/1\C=C/C(=N\N2C=NN=C2)/c2c1cccc2
AROFUI,CN/C(=N/N1C=NN=C1)/C1=NOC(=N1)C
ASIXAC,O/N=C(/c1cc(C)ccc1O)\C1=NOC(=O)c2c1cccc2
ASOFIX,O=C(OC(C)(C)C)[C@@]1(CCC=[N+]1[O-])C
ATAZAX,O=C1CN2[C@@](N1O)(C)C(c1c2cccc1)(C)C
ATOJEY,O/N=C(/C(=N/NC(=O)c1ccccn1)/C)\C
ATOJEY01,O/N=C(/C(=N/NC(=O)c1ccccn1)/C)\C
ATOJUQ,O=C1NCCC2=C(ON=C12)c1ccccc1
ATOKAX,O=C1NC=CC2=C(ON=C12)c1ccccc1
ATOTUY,O/N=C(\[C@@H]1C[C@H]1c1ccccc1)/C1=CC=CO1
ATOVAG,O/N=C(\[C@H]1C[C@@H]1c1cccc(c1)C)/C1=CC=CO1
ATOVEK,O/N=C(/[C@@H]1C[C@H]1c1cccc(c1)C)\C1=CC=CO1
ATUHAA,O/N=C(/N1CCOCC1)\N
AVAGOT,O=C(c1ccccc1)/C=C/1\NC(C(N1O)(C)C)(C)C
AVAGUZ,COC(C(/C(C(OC)=O)=C1NC(C)(C(C)(N\1O)C)C)=O)=O
AVAHIO,CCOC(=O)/C(=C/1\NC(C(N1O)(C)C)(C)C)/C(=O)N
AVEFAL,O/N=C/1\CC(C)(C)CC2=C1C(=C(O2)C(C)C)C(=O)c1ccccc1
AVISOP,OC[C@]12CC[C@@H](C(C)=C)[C@@H]1[C@@H]3[C@](C)([C@@]4(CC[C@@H]5[C@](C)(Cc6[n+]([O-])c(C)nnc6C5(C)C)[C@H]4CC3)C)CC2
AVIWEK,CO/N=C\1/C(=O)N(OCc2c1cccc2)C(=O)c1ccc(cc1)C
AVIWIO,CO/N=C\1/C(=NOCc2c1cccc2)OC(=O)c1ccc(cc1)C
AVUSAN,CCOC(=O)/C(=N/O)/C(=O)c1ccc(cc1)OC
AVUZIB,COc1ccc2c(c1)C(=CN2)/C=C\1/C(=NOC1=O)C
AWEFIR,N#CC1=C(ON=C1c1c(C)cc(cc1C)C)[C@@]1(C)ON=C(O1)c1c(C)cc(cc1C)C
AWEMOF,COc1ccc(cc1)C1=NOC=C1C(=O)C1=NN(N=C1)c1ccccc1
AWIWUZ01,NC(=O)NOCc1ccccc1
AWIXEL,OC[C@@H]1[C@H]2[N@@](OC31CC3)C[C@H]([C@@H]2OC(C)(C)C)OC(C)(C)C
AWIXIP,OC[C@H]1[C@H]2[N@@](OC31CC3)C[C@H]([C@@H]2OC(C)(C)C)OC(C)(C)C
AWIXOV,CC(O[C@H]1[C@@H]2OC[C@@H]3[C@H]1[N@](C2)OC13CC1)(C)C
AWIYIR,O/N=C/C1=Nc2c(C(=O)N1)cccc2
AWOCEX,O=C1C=C(C)c2c(O1)c(/C=N/OCCCO/N=C/c1c(O)ccc3c1OC(=O)C=C3C)c(cc2)O
AWODEX,Cc1ccc(cc1)N1C(=NO[C@@]21C(=O)Nc1c2cccc1)c1ccccc1
AWODEY,Cc1cc(C)c2C(=O)ON(CO)c2n1
AWOJIF,CCOc1ccc([N+]2=NOC([O-])=C2C3=NO[C@]4(C)[C@H]3C(N(c5ccccc5)C4=O)=O)cc1
AWOJOL,O=C1C2=C(C(=O)c3ccccc13)C(=NO2)C1=C([O-])ON=[N+]1c1ccccc1
AWUXOF,CC(C)(C)OC(=O)NCC1(CCCCC1)CC(=O)ON1C(=O)CCC1=O
AWUYUN,COc1ccc(cc1)[C@H]1ON=C(C1)c1ccc(cc1)OC
AXAFOU,O/N=C(/C(=O)c1ccccc1)\Nc1ccc(cc1)C
AXALAM,O/N=C(/C(=N/NC(=O)c1ccccc1O)/C)\C
AXAQOG,ON1CCCC[C@H]1C(=O)OC(C)(C)C
AXEPUQ,CC(C)(C)C1=NOC(=N1)c1ccc(cc1)C#N
AXEQEB,CC(C)(C)C1=NOC(=N1)c1ccc(C=O)cc1
AXESED,CC(C)(C)C1=NOC(=N1)c1ccc(cc1)C1=NC(C)(C)CO1
AXESIH,CC(C)(C)C1=NOC(=N1)c1ccc(CC(O)=O)cc1
AXIQAA,[O-][n+]1ccc(c2ncccc2)cc1
AXOKAA,ON1Cc2ccccc2[C@@]2(C1=O)C[C@@H]1[C@H](C2)OC(O1)(C)C
AYAHUE,CCOCC(/[N+]([O-])=N/OC)(CO)/[N+]([O-])=N/OC
AYAQAU,CCOC(=O)[C@@]1(CC2=CC(=NO2)c2ccccc2)N(Cc2ccccc2)C(=O)c2c1cccc2
AYAVIG,CO/C([O-])=C1C(ON=C\1c2[nH+]c(OC)nc(N3CCCCC3)n2)=O
AYUDUU,CC1=NOC(=C1C)/N=C/c1ccc2c(c1)OCO2
AYUGIL,CCOC(=O)C1=C(ON=C1C)/C(=N/N=C(/C1=C(C(=O)OCC)C(=NO1)C)\C)/C
AYUHOS,CC(C)(C)OC(=O)NOCC(O)=O
AYUKEL,O/N=C(/CCc1ccccc1)\C
AZAJET,CCCC[C@]1(C#CCCc2ccccc2)N(OC)C(=O)N2C1=Cc1c2ccc(c1)OCC
AZAPOG,CN1Oc2c([C@]1(C)c1cc3CCc4ccc(CCc1cc3)cc4)cccc2
AZAVUT01,Cc1ccc(cc1)C1=NOC2=C1CCc1ccccc21
AZAYEI,NC1=C(C=NO1)C#N
AZAYIM,NC(=O)C1=C(N)ON=C1N
AZEHET,O=C1C=[N+]([O-])[C@](C)(C(C)C)N1C
AZEHIX,O=C([C@@H]([C@H](C(=O)O)OC(=O)c1ccccc1)OC(=O)c1ccccc1)ON1CC(=O)N([C@@]1(C)C(C)C)C
AZEHOD,CN1C(C=[N+](C12CCCCC2)[O-])=O
AZEHUJ,COc1ccc(cc1)[C@@H]1C(=O)N([C@@](N1O)(C)C(C)C)C
AZEJAR,COC(=O)c1ccc(cc1)[C@@H]1C(=O)N([C@@](N1O)(C)C(C)C)C
AZEJAS,[O-]/[N+](C)=C(N)/c1ccc(N(C)C)cc1
AZOLOR,CC1=CC(=NO1)C(O)=O
AZUDIJ,O/N=C(/C1=NNC(=C1C)C(=O)C)\C
AZUVEX,O/N=C/C1=C(C)CCCC1(C)C
BABKIY,N1=C\C(\CC1)=C\C1=[N+](C=CC=C1)[O-]
BABSUT,COc1ccc(/C=[N+]([O-])/c2ccccc2)cc1
BACQIG,O=C1[C@H]2ON([C@H](C2)C2=CC=CN12)Cc1ccccc1
BACTEF,N#C[C@H]1NC(=O)C2=NOC(=C2C1)C
BACTUV,COC([C@H](O)[C@@H]1CC[C@H]2[C@@]1([N+]([O-])=C(O[C@H]3CCCC[C@@H]3c4ccccc4)C2)C)=O
BAFMIG,O=C1C=C2[C@@H]([C@@]3([C@H]1C[C@H]1OC(O[C@H]1C3)(C)C)C)CC[C@]1([C@@]2(O)CC[C@@H]1[C@]([C@@H]1ON=C(C1)C(C)C)(O)C)C
BAFXIP,C[N+]1([O-])CCOCC1
BAGMEC,O=NN1CCN(CCN(CC1)N=O)N=O
BAGQEF,COc1ccc(Nc2n[n+]([O-])c3ccccc3[n+]2[O-])cc1
BAGVIP,CCO[C@H]1ON=C([C@H]([C@@H]1c1ccccc1)[C@H](c1ccccc1)O)c1ccccc1
BAHMUS,O=C1[C@H]2CCC[C@@H]3[C@H]2[C@@]([C@H]2N1CCCC2)(C)N(O3)C
BAJCOH,O=C(OCC1c2ccccc2c2ccccc12)ON1C(=O)CCC1=O
BAJGEB,O/N=C/1\CCCCCCCCCC[C@@H]1C1CCCCC1
BAJGIF,O/N=C/1\CCCCCCCCC[C@H](C1=O)c1ccccc1
BAKJUV,CON1c2ccccc2[C@@]2(C1=O)C[C@H](O)[C@H]1CO[C@@H]2CC1=O
BAKKAC,CON1c2ccccc2[C@@]2(C1=O)C[C@@H]1NC(=O)[C@@H]3C[C@H]2OC[C@H]13
BAKLUX,O=C1C[C@@H](N1)N(C(=O)c1ccccc1)OCc1ccccc1
BAKMIL,c1ccc(cc1)CN1C[C@H]2C[C@@H]1[C@H]1[C@@H]2ON=C1c1ccccc1
BAKMOR,CCO[C@H]1[C@H]2C[C@@H](N1C(=O)C)[C@H]1[C@@H]2ON=C1c1ccccc1
BAKTOX,COC(=O)C1=CON=C1C
BAKTUD,COC(=O)C1=CC(=NO1)C
BAMHOP,O=C1N(O[C@H](c2ccccc2)CC(C)(C)C)C(=O)c2c1cccc2
BANNEL,CC1=C([N+]([O-])=CN1Cc2ccccc2)C(NN)=O
BANTOA,CC(=O)Oc1ccccc1C(=O)ON1C(=O)CCC1=O
BANZAT,COC1([C@H]2C[C@@H](C)[C@H]([C@@](CO)(N(=O)=O)C2)C1=O)OC
BAPHAD,O=C1Nc2c([C@]1(C)N(c1ccccc1)O)cccc2
BAPHEH,O=C1Nc2c([C@]1(C)N(c1ccccc1)O)cccc2
BAPYAU,COc1ccc(cc1)[C@@H]1N(O)[C@@H]([C@H]([C@@H]1C(=O)OC)C(=O)OC)C(=O)OC
BAPYEY,COC(=O)[C@@H]1N(O)[C@@H]([C@@H]([C@@H]1C(=O)OC)C(=O)OC)c1ccccc1
BAQDAA,C[C@@H](NC([C@@H]1Cc2c(C[N@+]1(Cc3ccccc3)[O-])cccc2)=O)c4ccccc4
BAQSES,O=C1[C@H]2CO[C@H](O2)[C@H]2[C@@H]1[C@H]1[N@@](O2)C[C@H]2[C@@H]1OC(O2)(C)C
BAQSIW,CC(=O)O[C@H]1[C@@H]2CO[C@@H](O2)[C@@H]2[C@H]1[C@@H]1[N@](O2)CC[C@H]1OC(C)(C)C
BASNIT,CN1O[C@@](C[C@H]1C(=O)N)(C)c1ccccc1
BASQAN,O/N=C(/C(=C/c1ccncc1)/c1ccccc1)\C
BASQOB,C=C1CC[C@@H]([C@@]2([C@H]1ON1C(=O)[C@H]3C([C@]1(C(=O)C2)C(=CC3)C)(C)C)C)OCc1ccccc1
BAVREY,O=NN(C(=O)/C=C/c1ccccc1)C
BAWCEI,OC[C@]1(C)CCC[C@](N1O[C@@H](c1ccccc1)C)(C)CO
BAWCIM,CC[C@]1(CO)CCC[C@@](N1O[C@@H](c1ccccc1)C)(CC)CO
BAWTEY,CN1C(=O)[C@@H](CC(=O)OC)ONC1=O
BAXBAE,CC([C@@H]1N(N=O)C(=O)OC1(c1ccccc1)c1ccccc1)C
BAXIFL,O[C@@H](CO/N=C1c2c(c3ccccc3/1)cccc2)CNC(C)(C)C
BAXVEB,[O-][N+]1=C2CCCCC2=NO1
BAXYEH,COc1ccc([C@@H]2ON(c3ccc(C)cc3)C(C)(C)/C2=[N+]([O-])/c4ccc(C)cc4)cc1
BAYDUA,O/N=C/1\[C@@H]2C[C@@H](C2)c2c1cccc2
BAYFIT,O=C(N(C1=CC=CO1)C[C@@]1(O)C=C[C@@]23[C@@H](C1)N(C)C(=O)[C@]3(C2)C)ON1C(C)(C)CCCC1(C)C
BAYKAQ,OC/C(C(c1ccccc1)=O)=[N+]([O-])/c2ccc(C)cc2
BAZKES,O/N=C(/C(=N/c1ccc(cc1)C)/C)\C
BAZKIW,O/N=C(\C(=N/c1ccc(cc1)C)\C)/C(=O)C
BCAROX,O=C(c1ccccc1)O/N=C/1\C[C@@H](CC=C1C)C(=C)C
BEBDET,COC(=O)C[C@@H]1ON(c2ccccc2)C(=O)c2c1cccc2
BEFQOT,C[C@@H]1C[C@H]2CC(=O)[C@]34[C@]2(C(=O)C1)CCCN([C@@H](O4)CC3)O
BEFRAG,CC([C@@H](N1OC(=O)[C@@H]2[C@H]([C@@H]1CC(C)C)OC(O2)(C)C)COCc1ccccc1)C
BEFXAM,CCOc1ccc([N+]2=NOC([O-])=C2/C=C(C#N)/C(OCC)=O)cc1
BEFXEQ,N#C/C(C(N)=O)=C\C1=C(ON=[N+]1c2ccc(C)cc2)[O-]
BEFXIU,[O-]C1=C([N+](c2ccccc2)=NO1)/C=C3C(Nc4ccccc4/3)=O
BEGGAV,CN1C(=NO[C@@H]1c1ccccc1)/C(=N\c1ccccc1)/Nc1ccccc1
BEGLAA,c1ccc2c(c1)N=C/C(=N/Oc1cnc3c(n1)cccc3)/N2
BEGLAA01,c1ccc2c(c1)N=C/C(=N/Oc1cnc3c(n1)cccc3)/N2
BEHRIR,COC1=C2COCC[C@@]32[C@H](C1=C(C)C)[C@@H](c1ccccc1)N(O3)c1ccccc1
BEHROX,CC(=C1C(=O)[C@@H]2[C@]3([C@@H]1[C@H](c1ccccc1)N(O3)c1ccccc1)CCCC2)C
BEHWER,COc1ccc([C@@H]2C[C@@](OC)(O[N+]([O-])=C2C)C)cc1
BEJCAW,[O-][N+]1=C(c2ccccc2)/C(CCC=C1)=C\c3ccccc3
BEJMOV,O=C1N(c2ccccc2)C(=O)[C@H]2[C@@H]1[C@H](c1ccccc1)N(O2)c1ccccc1
BEJYOE,O[C@]1(ON=C(c2c1cccc2)c1ccccc1)c1ccccc1
BEKLAE,[O-][N+]1=C2CCCCCCC2=NO1
BEKMIN,O=C1ON=C2CCc3ccccc3N12
BEKVOC,CC(=O)N(O)c1ccc2c(Cc3ccccc23)c1
BEKVOC01,CC(=O)N(O)c1ccc2c(Cc3ccccc23)c1
BELBUP,ON1N=Nc2cccnc12
BELBUP01,ON1N=Nc2cccnc12
BELBUP02,ON1N=Nc2cccnc12
BELBUP03,ON1N=Nc2cccnc12
BELBUP04,ON1N=Nc2cccnc12
BELBUP05,ON1N=Nc2cccnc12
BELQUE,C1COCC2=CC(=NO2)COCCOCCOCC2=NOC(=C2)COCCO1
BEMJOS,COC(=O)/C(=N/O)/c1ccccc1
BEMJOS01,COC(=O)/C(=N/O)/c1ccccc1
BENHEK,O/N=C/1\[C@H](Oc2c(C1=O)cccc2)c1ccccc1
BENWEY,O/N=C/1\C[C@@H](C)[C@H]2[C@H]3[C@@H]1[C@]2(C)[C@H](OC(=O)C)[C@@H]([C@H](C3(C)C)OC(=O)C)OC(=O)C
BENZAN,O=C(c1ccccc1)C1=C2C=CC=CC2=NO1
BEOXAZ,O1N=C2C=CC=CC2=N1
BEOXAZ01,O1N=C2C=CC=CC2=N1
BEQCUW,N#CC[C@@H]1CCC[C@]23[N@@]1O[C@@H]([C@@H]3CCC2)C#N
BESHUC,c1ccc(cc1)[C@H]1Nc2ccccc2N2[C@](C1)(ON=C2c1ccccc1)c1ccccc1
BETDIN,OC[C@H]1CON=C(c2c(C(OC)=O)cccc2)O1
BETJIW,CC1=NOC2=C1[C@]1(C(=O)Nc3c1cccc3)C1=C(C)NN=C1N2
BEXSAZ,O/N=C/1\C[C@@H](C)CO[C@]21O[C@@H]1[C@H]([C@@H]2C)[C@@]2([C@@H](C1)[C@@H]1CC=C3[C@]([C@H]1CC2)(C)CC[C@@H](C3)OC(=O)C)C
BEYFAM,N[C@@H](CCONC(=N)N)C(=O)O
BEZREF,C[C@H]([C@]12O[C@H]3C[C@@H](O2)C[C@@H](O1)C3)/C(=N/O)/c1ccccc1
BIBQAE,CCN(CC)c1cc(O)c(/C=[N+]([O-])/Cc2c(O)cccc2)cc1
BIBWAK,O/N=C1C(c2ccccc2C/1(c3ccccc3)c4ccccc4)=O
BIBXEQ,COc1ccc(cc1)[C@@]12C=C[C@]3([C@]2(C)CCCC3)[C@@H]2[C@H]1C(=O)CC[C@@]12ON=C(C1)C
BIDGAZ,Cc1ccc(cc1)[C@@]1([C@H](C(=O)c2ccccc2)ON2C(C)(C)CCCC2(C)C)C(=O)N(c2c1cccc2)C
BIDJIH,CN(N=O)C(N)=O
BIDJON,CNC(=O)N(C)N=O
BIDJUT,O=NN1[C@@H]2CC[C@H](C1=O)CC2
BIDKEE,COc1ccc2ccccc2c1c1c(ccc2ccccc12)C(=O)N(O)C(c1ccccc1)c1ccccc1
BIDKEE01,COc1ccc2ccccc2c1c1c(ccc2ccccc12)C(=O)N(O)C(c1ccccc1)c1ccccc1
BIDKUV,CO[C@@H]1C[C@H]2[C@@H](O)CC/C(=N\O)/[C@H](CC[C@@H]2[C@@]2([C@@]31C[C@H]3CC2)C)C
BIDTOY,CCOC(=O)/C(=N/O)/C(=O)c1ccccc1
BIDWIU,Cc1c(c2c([N+]([O-])=[N+]3[O-])cccc2C)c3ccc1
BIDWOB,CN1OCC[C@@H]1[C@@H]([C@@H]1COC(O1)(C)C)OCc1ccccc1
BIGCEZ,O/N=C(/C(=O)NCCNC(=O)/C(=N/O)/C)\C
BIGQAJ,O/N=C/1\C[C@H]2CC(=O)O[C@H]2C=C1
BIGZOH,CCCCOC(CC[C@@H](C(C)C)/[N+]([O-])=C/[C@H]1OC(C)(C)O[C@H]1[C@H](O)[C@H]2COC(C)(C)O2)=O
BIHBUS,CON1c2ccccc2[C@]2(C1=O)c1ccccc1N(C2=O)C
BIHDIH,c1ccc(cc1)/N=C(/c1ccccc1)\ON=C(c1ccccc1)c1ccccc1
BIHGUV,OC[C@H]1O[C@H](O)[C@@H]([C@H]([C@@H]1O)O)NC(=O)N(N=O)C
BIHHEH,CC[C@@]1(OCc2ccc(cc2)OC)C(=O)C=C[C@@H]([C@H]1C)N(c1ccccc1)O
BIHLAI,[O-][N+]1=NN(c2ccccc2)c2ccccc12
BIHLIP,O[C@@H]1ON(C(C1)(C)C)C(=O)c1c(C)cc(cc1C)C
BIHLOV,CC(=O)O[C@@H]1ON(C(C1)(C)C)C(=O)c1c2ccccc2cc2c1cccc2
BIHWIZ,CCOC(=O)[C@H]1[C@H](ON([C@@H]1c1cc(ccc1OC)C(c1ccccc1)(C)C)c1ccccc1)C(=O)OCC
BIHWOF,COc1cc(OC)cc(c1)C1=NOC(=N1)/C(=C/N(C)C)/Oc1ccccc1/C(=C\N(C)C)/C(=O)OC
BIJKEN,COc1ccc2C=C([N+]3=NOC(=C3)[O-])C(=O)Oc2c1
BIJTOD,CN1N=C(C)C(=C1c1ccccc1C)C1=NC(=NO1)c1ccccc1
BIKNUE,O=C1[C@@H]2CC3=C([C@](N1C)(C(=O)N2OCc1ccccc1)C)N(c1c3cccc1)C
BIKRUI,CCO[C@H]1O[C@H](COC(=O)C)[C@H]([C@H]2[C@@H]1C(=NO2)c1ccccc1)OC(=O)C
BIKSOD,COC(=O)Nc1cc(nc(NC(=O)OC)[n+]1[O-])N1CCC=CC1
BIKZED,CC(C)(C)c1n[n+](c2ccccc2)c2cc3c(cc2n1)C(C)(C)N([O-])C3(C)C
BIKZIH,CC1(C)N([O-])C(C)(C)c2cc3[n+](nc(nc3cc12)c1ccccc1)c1ccccc1
BILFUA,CC([C@@H]1NC(=O)C2=C(ON=C12)C)C
BIMPIZ,C/C/1=N/Oc2ccccc2/C(=C\[C@H]([C@H]1C)c1ccccc1)/C=C/c1ccccc1
BIOXZL,O1C=CC(=N1)C1=NOC=C1
BIRFUD,[O-]/[N+]([C@@H]1O[C@@H]([C@@H]2COC(C)(C)O2)[C@@H]3[C@H]1OC(C)(C)O3)=N\O[C@@H]4O[C@@H]([C@@H]5COC(C)(C)O5)[C@@H]6[C@H]4OC(C)(C)O6
BIRSIH,O/N=C/C1=C2C=C(C=CC(=C2C2=COC=C2C=C1)C)C(C)C
BIRXOP,O=C1[C@@H](O)Oc2c(N1O)cccc2
BISKET,O=NN(c1ccccc1)c1ccccc1
BIVJAS,O/N=C/1\[C@@H]2CC[C@@]31CC[C@@H]([C@H]3CC(=C)C2)C
BIVJEW,O/N=C/1\[C@@H]2CC(=C)C[C@H]3[C@@]1(CCC3)C[C@H]2C
BIVJIA,O/N=C/1\[C@H]2CC(=C)C[C@H]3[C@]1(CCC3)C[C@H]2C
BIYHAS,ON1C(=O)CCCC1=O
BIYMOO,O=C(Nc1c(C(C)C)cccc1C(C)C)[C@@H]2CCCN2c3c(N4CCCC4)cc[n+]([O-])c3
BIZNOP,CC1=NC(=NO1)C1=NOC(=N1)C
BIZWIR,COc1c(c2c(/C=[N+]([O-])/C(C)(C)C)cccc2)cccc1
BNPQOX,O/N=C1C(C=Cc2cc(C(C)(C)C)ccc2\1)=O
BOBMUB,O=C1OC[C@@H]([N@@]2[C@H]1[C@@H](C)[C@]1(O2)c2ccccc2N(C1=O)C)c1ccccc1
BOBRAM,O/N=C(\[C@@]12C(=O)OC[C@H]2[C@H]1C(=O)OC)/c1ccccc1
BOBREQ,O/N=C(\[C@]12C(=O)OC[C@H]1[C@H]2C)/c1ccccc1
BOBZTZ,O=C(ON1N=Nc2ccccc12)c1ccccc1
BOCBEA,O/N=C1CCCC[C@]23[C@H]\1C=C[C@@]2(C)C3
BOCBIE,O/N=C/1\CCCC[C@@]23[C@H]1[C@@H]2C=CC3
BOCPUE,CC(C)OC(=O)NC1=NON=C1C
BODFEF,O/N=C(/C/C(=N/O)/N)\N
BODFEF01,O/N=C(/C/C(=N/O)/N)\N
BOLNOF,O/N=C(/C(NCCNC(/C(=N/O)/C)(C)C)(C)C)\C
BONGAO,C[N+](C)(O)CC(=O)[O-]
BONNOK,O=C(C1=C(ON2[C@@]1(O)c1ccccc1C2=O)c1ccccc1)c1ccccc1
BONPEB,COc1ccc(cc1)[C@H]1N(C)OC(=C1C(=O)C1=NC=CN1C)C
BOPBIR,CC(=O)O[C@H]1C[C@H](N(O1)c1ccccc1)c1ccccc1
BOPCEP,CC1=NO[C@@H](C1)[C@]1(O)C[C@@H]2N([C@H]1CC2)C(=O)OC(C)(C)C
BOPCEP01,CC1=NO[C@H](C1)[C@@]1(O)C[C@H]2N([C@@H]1CC2)C(=O)OC(C)(C)C
BOPWIM,CCN(C(=O)[C@@]1(C)N(O)[C@H]([C@H]1c1ccccc1)OC)CC
BOPZUE,COC(=O)C1(C[C@@]2(ON1c1ccccc1)CC(=O)N(C2=O)c1ccccc1)C(=O)OC
BOQBAN,O=C1C[C@@]2(C(=O)N1c1ccccc1)ON([C@H](C2)c1ccccc1)c1ccccc1
BOQKUN,CN1O[C@@H]2[C@H](C31CCCCC3)C(=O)N(C2=O)C
BOQTAF,O=Nc1c(NC(=O)c2ccccc2)ccc2ncccc12
BOQTIN,COc1ccc(cc1)C(=O)Nc1c(ccc2ncccc12)N=O
BORZUE,COc1cc2ccccc2c2c1[C@H](c1ccccc1)N(O2)C(C)(C)C
BOSSEJ,COC1(OC)C=CC(=O)c2c(OCc3ccccc3)c3c(ON=C3OCc3ccccc3)cc12
BOSWIP,COC(=O)[C@@H]1ON(C([C@H]1C(=O)OC)(C(=O)OC)C(=O)OC)C
BOTLHD,Cc1ccccc1C(=O)ONC(=O)c1ccccc1
BOVCUL,C/C(=N\OCCCCO/N=C(/c1ccc2c(c1O)cccc2)\C)/c1ccc2c(c1O)cccc2
BOVYOB,O=C1C=C2[C@@H]3C[C@](C)(CC[C@]3(C)CC[C@]2([C@]2([C@H]1[C@@]1(C)CC3=NON=C3C([C@@H]1CC2)(C)C)C)C)C(=O)O
BOWGAW,CC(C)(C)N(O)c1cccc(c1)C(O)=O
BOWHIE,CN(O)C(=O)c1ccc(C)cc1
BOWHIE01,CN(O)C(=O)c1ccc(C)cc1
BOWXOB,CCN(CC)/[N+]([O-])=N/O[C@H]1O[C@@H]([C@@H](OC(C)=O)[C@H](OC(C)=O)[C@@H]1OC(C)=O)COC(C)=O
BOWZES,COC(/C=[N+]([O-])/Cc1ccccc1)=O
BOYFIH,CON1C(=O)C(C[C@@]1(C)CON1C(C)(C)CCCC1(C)C)(c1ccccc1)c1ccccc1
BOYTIT,CCCCCCCCOc1ccc(C(Oc2ccc(OC(c3ccc(N/N=[N+]([O-])/c4ccccc4)cc3)=O)cc2)=O)cc1
BOZDUQ,CCOC(=O)[C@@H]1C[C@@H]2[C@H]([C@@H]1NC(=O)c1ccccc1)C(=NO2)CC
BOZFAY,CCOC(=O)[C@@H]1C[C@@H]2[C@H]([C@@H]1NC(=O)c1ccccc1)ON=C2CC
BOZVAQ,ONC(=O)C=C
BTHYDX,Cc1ccc(cc1)C(=O)ONC(=O)c1ccccc1
BUBQEU,CC1=NOC/C/1=C\c1ccccc1
BUDNAQ,O/N=C\1/C(=O)Nc2c1cc(O)cc2
BUFJOC,Oc1ccccc1/C(=N/OCCCCCCCCO/N=C(/c1ccccc1O)\C)/C
BUGPEZ,O1N=C2N=C3c4cccnc4c4ncccc4C3=NC2=N1
BUGPEZ01,O1N=C2N=C3c4cccnc4c4ncccc4C3=NC2=N1
BUGRIF,CCOC(=O)C1=NOC2=C1C(=O)c1ccccc1C2=O
BUHFUH,CC1=NOC(=C1/N=C/c1c(O)ccc2c1cccc2)C
BUHLAS,CN(C)C(N(C)C)=C1C(=O)ON=C1c1ccccc1
BUHLEW,O=C1ON=C(/C/1=C(\N(C)C)/Nc1ccccc1)c1ccccc1
BUHLIA,CN1CCN(C)C1=C1C(=O)ON=C1c1ccccc1
BUHLUM,CC(C)(C)NC(NC(C)(C)C)=C1C(=O)ON=C1c1ccccc1
BUJNEZ,O=C(ON1C=Cc2ccccc12)c1ccccc1
BUKNAW,C1COCCOCC2=CC(=NO2)COCCOCCO1
BUKNEA,O=C1OCCOCCOCCOCCOC(=O)C2=NOC1=C2
BUKQOO,C/C/1=N\OC/C(=N/OC/C(=N/OC/C(=N/OC1)/C)/C)/C
BUKQUU,CO/N=C(/CON1C(=O)c2c(C1=O)cccc2)\C
BULJEX,ON1N=Nc2ccccc2C1=O
BULPOQ,O=C(c1ccc(cc1)OCC1=CC(=NO1)c1ccccc1)/C=C/c1ccccc1
BUMDOX,O/N=C/1\CCC[C@H]2[C@]1(C)CC[C@@H](C2)C(C)(C)C
BUNYIU,O=C1C=CC[C@H]2N1C[C@@]3(CCC[N@+]4([O-])[C@@H]3[C@@H]2CCC4)O
BUPREJ,N#C/N=C(/N(N=O)C)\NC
BUPXOC,OC1=NOc2ccccc12
BUPXUI,O/N=C(/c1c(O)cccc1O)\C
BUPYET,CC1=NOc2cccc(OCc3ccccc3)c12
BUQLEG,COC(=O)[C@H](NC(=O)c1cccnc1/C(=N/O)/N)Cc1ccccc1
BURBUN,COC(=O)NN=O
BURDEX,CC(=O)N(O)c1ccc(cc1)C#N
BUTBAV,CCCCC[C@@H]1OC2=C([C@@H]([C@@]1(C)O)O)C(=O)N(C2=C)OC
BUVJOR,[O-][N+]1=C2[C@@H]3C[C@@H]([C@@H]4[C@H]3CCC4)C2=NO1
BUVMAI,O=C(c1cccnc1)O/N=C/1\[C@H]2CCC[C@@H]1[C@@H](N[C@@H]2c1ccccc1)c1ccccc1
BUVWIA,COc1cc2/C=C(\CON(CCc2cc1OC)C)/c1ccccc1
BUWFUU,CC1(C)CC(=O)C(=C(C1)Nc1ccccc1)N=O
BUWSER,COC(=O)C1=NON=C1c1ccccc1O
BUXBII,COC([C@@H]1[C@H]2CCC[C@]3(O)[C@@H]2C(c4c(CC3)cccc4)=[N+]1[O-])=O
BUXWOG,CO/N=C(\C(=O)OC)/C(=O)O
BVXIPO,O=C(N[C@@H](C(=O)O/N=C/1\C(=NN(C1=O)c1ccccc1)C)C(C)C)OCc1ccccc1
BZAMOX10,O/N=C(/c1ccccc1)\NCc1ccccc1
BZHYDX,O=C(NOC(=O)c1ccccc1)c1ccccc1
BZHYDX01,O=C(NOC(=O)c1ccccc1)c1ccccc1
BZHYDX02,O=C(NOC(=O)c1ccccc1)c1ccccc1
BZHYDX03,O=C(NOC(=O)c1ccccc1)c1ccccc1
BZHYDX04,O=C(NOC(=O)c1ccccc1)c1ccccc1
BZOFOX,[O-][N+]1=C2C(=NO1)C1=[N+]([O-])ON=C1C1=[N+]([O-])ON=C21
CABJAS,[O-]/[N+](C)=C1C(Nc2ccccc2/1)=O
CABKEX,[O-]/[N+](Cc1ccccc1)=C\[C@H]2COC3(CCCCC3)O2
CABXOS10,O/N=C(/C1=CN(c2c1cccc2)C)\C
CABZUA,O/N=C/1\CCCC[C@H]2[C@@H]1CCC2
CACFUI,O/N=C(/C(=N/O)/C)\Nc1c(C)cccc1C
CACHAP,ON1N=Nc2ccccc12
CACNOK,COc1ccccc1CC1=C(NOC1=O)c1ccccc1
CACNUQ,O=C1ON=C([C@H]1Cc1c(C)cc(cc1C)C)c1ccccc1
CACPUS,OC[C@@H]([C@@H](C(=O)NO)O)O
CACROO,NC1=C(C=O)N=CN1OCc1ccccc1
CACTAB,ON([C@@H]1OC(=C([C@H]1c1ccccc1)C(=O)C)C)[C@H]1OC(=C([C@@H]1c1ccccc1)C(=O)C)C
CACXOV,COC(=O)c1ccc2c(c1)NO[C@]1(C2=O)CCCO1
CADDOA,[O-]/[N+](c1ccccc1)=N\Nc2c(C(O)=O)cccc2
CADNUR,O=C1N(OCc2ccccc2)[C@H]2[C@@H]1O[C@@H](C=C2)OCc1ccccc1
CAFBUK,CCOC(=O)C(=C=C([C@@H]([C@@]1(ON=C(C1)c1c(C)cc(cc1C)C)C(=O)OC)c1ccccc1)C(=O)C)Cc1ccccc1
CAGGIB,Cc1cc[n+]([O-])c(c1)N1N=Nc2ccccc12
CAGGOH,[O-][n+]1ccc2ccccc2c1N1N=Nc2ccccc12
CAGGUN,[O-][N+]1=NN(c2ccccn2)c2ccccc12
CAGHAU,[O-][N+]1=NN(c2ccc3ccccc3n2)c2ccccc12
CAHDAQ,O/N=C/c1ccccc1
CAHDAT,Cc1ccc2c(c1)[C@]1(C)[C@H](CO2)CON1C
CAHOAM,NOC(N)=O
CAJYES,[O-][N+]1=C2C(c3c4ccccc4ccc3O[C@]25C(C=Cc6ccccc65)=O)=NO1
CAKQAI,CO/N=C/1\NC(=NC2=C1N=CN2C)NC
CAKWIV,C1C[C@H]2ON([C@@H]3[C@H]2[C@H](C1)N1C=CC=C31)Cc1ccccc1
CAKWOB,C[C@@H](N1O[C@H]2[C@H]3[C@@H]1C1=CC=CN1[C@H]3CCC2)c1ccccc1
CALKIK,O/N=C/1\CC[C@]2(C[C@]1(C)N=C(O2)C)C(C)C
CALKOQ,CC1(C)NCC(=O)N1O
CAMDEC,C1CCC(CC1)=NOC(c1ccccc1)(c1ccccc1)c1ccccc1
CAMJUW,Cc1ccc(cc1)/C(=N/OC(=O)c1ccccc1)/Nc1ccc(c(c1)C)C
CAMPHX10,O/N=C1C[C@H]2C(C)(C)[C@@]\1(CC2)C
CANBAV,COC(=O)/C(=C/N(C)C)/c1ccccc1O/C(=C\N(C)C)/C1=NC(=NO1)c1ccccc1C
CANHAB,CCOC(=O)C1=NO[C@](C1)(CC1=CNc2c1cccc2)C(=O)O[C@@H]1C[C@H](C)CC[C@H]1C(C)C
CAPMOX,CCOC(=O)C1=C(C)/C(=N/OC)/C(=C(C1=O)C(=O)OCC)C
CAQBOO,CCOC(=O)C[C@H]1N(OCc2ccccc2)C(=O)[C@@H](C2=C1N(C)c1c2cccc1)c1ccc2c(c1)cccc2
CARVOX,CC1=CC[C@H](C(C)=C)C/C1=N\O
CARVOX01,O/N=C/1\C[C@@H](CC=C1C)C(=C)C
CASDEG,O=NN1[C@H]([C@H](c2ccccc2)C(=O)[C@@H]([C@H]1c1ccccc1C)c1ccccc1)c1ccccc1C
CASLAJ,C1CCC2(CC1)OC[C@H](O2)[C@@H]1ON=C(C1)c1ccccc1
CASQOE,C/C(=N\OCc1ccccc1CO/N=C(/C(=O)C)\C)/C(=O)C
CASTEV,COc1c(OC)cc(/[N+]([O-])=C(c2cc(OC)c(OC)cc2)\N3C(CCC3=O)=O)cc1
CATHOU,COC1=N[C@@H](C(C)C)C(=N[C@@]21ON=C(C2)c1ccccc1)OC
CATJUC,C[C@@H]1ON=C([C@@H]1C)[C@@H]([C@H]1COC(O1)(C)C)O
CAVNUI,CC(=O)ON(C(=O)c1ccccc1O)c1ccccc1
CAVQUM,C/C=C/C(=O)NO
CAXJUJ,O/N=C(/C1=CC(=CO1)[C@@H]1OC(=O)C2=C(CCC[C@@]12C)C)\C
CAXKAQ,O/N=C(/C1=C(C=CO1)[C@@H]1OC(=O)C2=C(CCC[C@@]12C)C)\C
CAXKIV,CON1[C@@H]2NC(=O)[C@]3([C@@H]2[C@H]3c2c1cccc2)C(=O)O
CAXKIY,Cc1ccc(cc1)C(=O)O/N=C(/C1=CC(=CO1)[C@@H]1OC(=O)C2=C(CCC[C@@]12C)C)\C
CAYHEP,C[C@@]12ON=C3[C@@]2(CCC3)[C@H]2C[C@@H]1C=C2
CAYYOR,COc1ccc(cc1)CON1C[C@@H](C1=O)[C@]1(O)CC[C@@H]([C@@H]2[C@H]1O2)O
CAZVII,NC1=[N+]([C@H](c2ccccc2)N(c3ccccc3)CC1)[O-]
CDECOX,ON=C1CCCCCCCCC1
CDODOX,ON=C1CCCCCCCCCCC1
CECFIB,NC(=O)[C@@H]1CCN(O1)Cc1ccccc1
CECPOR,Cc1ccc(cc1)C1=NO[C@H]2[C@@H]1C(=O)N1[C@@H]2c2ccccc2CC1
CEDKAZ,CCO/N=C/1\[C@@H]2[C@@H](COc3c2cc(OC)c(c3)OC)Oc2c1ccc1c2C[C@@H](O1)C(=C)C
CEDVAK,CC(=O)[C@@H]1[C@@H](c2ccccc2)C2=C(C)ON=C2C[C@]1(C)O
CEDWIT,COc1ccc(cc1)[C@@H]1C(=NO[C@@]21C[C@@H](c1c(C2=O)cccc1)C(C)(C)C)c1ccc(cc1)C
CEFKIH,Cc1cc(C)c(c(c1)C)[C@H](N1OC1(c1ccccc1)c1ccccc1)C
CEGKIK,Cc1ccc2O[N+](=C(Cc3ccccc3)c2c1)[O-]
CEHHAA,ON=C1C[C@H]2[C@@H]3CC[C@H]([C@@H](CCCC(C)C)C)[C@]3(CC[C@@H]2[C@]2(CCCC[C@H]12)C)C
CEJMAF,O/N=C(/c1ccccn1)\C#N
CEJVUI,COC(/C=[N+]([O-])/C(c1ccccc1)c2ccccc2)=O
CEJWUM,CC(=O)ON1C(=O)C[C@@H]2C[C@H]1C(=C)CC2
CEJXIB,CC(=O)ON1C(=O)C[C@@H]2C[C@H]1C(=C)CN2Cc1ccccc1
CEJXUN,CC(=O)ON1C(=O)C[C@@H]2C[C@H]1/C(=C\c1ccccc1)/CC2
CEKNIP,O/N=C1C([C@@]2(CC(C)C)[C@@]3(C)[C@@H]/1CC[C@H]3C2)=O
CEKVIX,CO/N=C/1\C=CNC(=O)C=C1
CELJUB,COC(=O)[C@]12CCC(=O)N2[C@H]2[C@@H](C(=O)N1OC)[C@@H]1C[C@H]2C=C1
CELKAI,COC(=O)[C@@]12CCC(=O)N2[C@H]2[C@@H](C(=O)N1OC)[C@H]1C[C@@H]2C=C1
CELKEM,CON1C(=O)[C@H]2[C@H]3C=C[C@@H]([C@H]2N2[C@@]1(C)CCC2=O)C3
CELQEQ,O=C([C@H]1[C@@H]2CCCC[N@]2O[C@@H]1c1ccccc1)N1CCCCC1
CELXEW,COC(=O)[C@@H]1[C@H](ON=C1[C@@H]1OC(OC1(C)C)(C)C)C(=O)OC
CEMHEK,CC(=O)NO
CEMJUC,O=C(N([C@@H]1C[C@H]([C@@H]2[C@H]1C2)OC(C)(C)C)O)OC(C)(C)C
CEMVEV,N#C[C@H]1C[C@H](N(O1)CCC#N)c1ccccc1
CEMZOL,C(ON1N=Nc2cccnc12)c1ccccc1
CENCAA,O=C(OCc1ccccc1)[C@@]2(CCC=[N+]2[O-])C
CENCEE,O=C(OCC1CCCCC1)[C@]2(CCC=[N+]2[O-])C
CENFIK,OCN1OC(=O)c2ccccc12
CENMIR,O/N=C/1\CCCC[C@]23[C@H]1C(=C[C@@H]3C2)C(=O)OC
CENWAU,O=NN1CCc2c3[C@H]1Cc1ccccc1-c3c1c(c2)OCO1
CERLER,O/N=C(/c1cccc(c1)OC)\N
CERWUU,COc1ccc(cc1)C1=NOC=C1c1cc(OC)c(OC)c(OC)c1
CERXUS,C[N+](C)([O-])CCO
CESCAH,O/N=C/c1cc2ccccc2c2c1cccc2
CESVOL,COC(=O)[C@@]12C(=O)CCC(=O)[C@@H]2C[C@@H]2[C@@H]3[C@H]1CCCC3=NO2
CESYAD,CO[C@@H]1ON([C@@H]([C@H]1O)c1ccccc1)C(=O)OCc1ccccc1
CESYEH,O=C(N1O[C@H]2[C@@H]([C@H]1c1ccccc1)O2)OCc1ccccc1
CESYOR,O[C@@H]1C[C@H](N(O1)C(=O)C)c1ccccc1
CETTIG,O=C(O/N=C/c1ccccc1)OCc1ccc(cc1)C(C)(C)C
CEVXEH,C1(=CC=CC=C1)[C@@H]1[N+](=CC(OC1)=O)[O-]
CEWFUF,CN(CC1=NC(=NO1)c1ccccc1)C1=NC(=NO1)c1ccccc1
CEXGAO,OC[C@@]1(ON([C@H]1c1ccccc1)C(C)(C)C)c1ccccc1
CEXYAG,CON(C)C(=O)C1=NNc2ccccc12
CEXYIO,CON(C)CC1=NNc2ccccc12
CEYGET,Cc1ccccc1C1=CCON(c2ccccc2)C21CC2
CEYJOH,CC1=[N+](ON=C1c2ccccc2)[O-]
CEYJUN,[O-][N+]1=C2CCc3c(C2=NO1)cccc3
CHEXOX10,O/N=C/1\CC/C(=N/O)/CC1
CIBBEU,ON1C([C@]2(C)[C@@](C)([C@@H]3O[C@H]2CC3)C1=O)=O
CIBBIY,ON1C(=O)C2C3OC(C=C3)C2C1=O
CIBPUY,C1COc2ccccc2C(=NO1)c1ccccc1
CIDQUE,CC1=CC(=NO1)N(CC1=CC=CO1)C(=O)CCC(=O)N(CC1=CC=CO1)C1=NOC(=C1)C
CIDSIR,Cc1ccccc1N(OC(=O)c1ccccc1)C(=O)c1ccccc1
CIDVIX,O=C1N(OCc2ccccc2)[C@]2(OC1(C)C)C(=C2c1ccccc1)c1ccccc1
CIDVIX01,O=C1N(OCc2ccccc2)[C@]2(OC1(C)C)C(=C2c1ccccc1)c1ccccc1
CIFFIG,COC[C@H]1O[C@H]([C@@H]([C@@H]1OC)OC)N1C=NC2=C1N=CN/C/2=N\OC
CIHKEJ,CC(C)=NOC(C)(C)N([O-])N=[NH+]c1ccccc1
CILBUV,O=C1CCC(=O)N1OC(=O)c1ccccc1
CILJUF,COc1c(OC)c(OC)cc(C(NCCCCC/C=[N+]([O-])/C(C)(C)C)=O)c1
CILKIU,O=C(NCCCCC/C=[N+]([O-])/C1CCCCC1)c2ccccc2
CILKUG,COc1ccc(C(NCCCCC/C=[N+]([O-])/Cc2ccccc2)=O)cc1
CILLAN,COc1cc(C(NCCCCC/C=[N+]([O-])/C2CCCCC2)=O)ccc1
CILSUL,O=NN1CCC[C@@H]2[C@@H]1N(N=O)CCC2
CIMKIV,COc1ccccc1C1=CC(=NO1)Cc1ccc(cc1)c1ccccc1
CINJAM,O/N=C(/c1ccccc1N)\C
CINZII,[O-]/[N+](C)=C\C[C@@H](C)[C@H]1CC[C@@H]2[C@@]1(CCC[C@@H]2O)C
CIPBIN,CCO/N=C(/C(=O)/C=C/c1ccccc1)\C
CIPJAN,CCOC(=O)C1(C[C@@H]2C[C@H]1/C(=N/O)/CC2)C(=O)OCC
CIPLEV,COc1cccc2c1C1=NOC3=C1[C@@]14[C@@]2(O[C@@H]([C@H]1[C@@H](C3)C)C)Oc1c4cccc1
CIPNOF,CC1(C)O[C@@H]2[C@H](O1)O[C@@H]1[C@H]2OC[C@@H]2C[C@H]1N(O2)Cc1ccccc1
CIPNUL,CC1(C)O[C@@H]2[C@H](O1)[C@H]([C@@]1(O2)COC[C@@H]2C[C@H]1N(Cc1ccccc1)O2)OCc1ccccc1
CIPWED,[O-]/[N+](c1ccccc1)=C\C2=C(c3ccccc3N2)Nc4ccccc4
CIQJES,O/N=C(\Nc1ccc(cc1)C)/C=N/O
CIRJOF,O=C(N[C@@H]1C=CCN(O1)c1cccc(n1)C)OCc1ccccc1
CISJET,O/N=C/[C@@]1(CC[C@@H](CC1)C(C)(C)C)C(=C)C
CITRON,O=C(N1O[C@@H]2CC[C@H]1[C@H]1[C@@H]2ON=C1c1ccccc1)c1ccccc1
CITRUT,O=C(N1O[C@H]2CC[C@@H]1[C@@H]1[C@H]2C(=NO1)c1ccccc1)c1ccccc1
CIVWOW,COC1(OC)C(=O)[C@@H]2C=C[C@H]1N(O2)C(=O)c1ccccc1
CIWQIK,NC1=NON=C1C1=NON=C1N
CIWWOX,COC(C1=[N+](O[C@@]2(C)[C@@H]1C[C@H]3C[C@@H]2C3(C)C)[O-])=O
CIWWUD,COC(=O)C1=NO[C@]2([C@@H]1C[C@H]1C[C@@H]2C1(C)C)C
CIWXAK,COC(C1=[N+](O[C@@]2([C@H]3CC[C@H](C3)C2(C)C)C1)[O-])=O
CIXZOZ,CC1=CN([C@@H]2O[C@@]3([C@H]([C@H]2ON(C3)C)O)CO)C(=O)NC1=O
CIYVEM,O=C1[C@@H]2OC[C@@H](O2)[C@@H]2[C@H]1[C@@H]1[N@](O2)CC[C@@H]1OC(C)(C)C
CIYVIQ,CON1C(=C(C#N)c2ccc(C)cc12)C
CIZFAV,C#CCO/N=C\1/CC[C@]2([C@@](C1)(O)[C@H]1O[C@H]1[C@@H]1[C@@H]2CC[C@]2([C@H]1CC[C@@H]2[C@]([C@H]1CC(=C(C(=O)O1)C)C)(O)C)C)C
CIZPIK,COC(/C=[N+]([O-])/[C@H](C)c1ccccc1)=O
CIZRAF,CN1O[C@]2([C@@]([C@@H]1c1ccccc1)([C@@H]2C)c1ccccc1)c1ccccc1
CIZSEL,O/N=C/C(=O)O
CIZSUB,Cc1ccc(cc1)C1=NO[C@@]2([C@H]1[C@@H](C)c1c2cccc1)N1CCOCC1
CIZYIW,ONC(=O)CCCCCCC(=O)NC1=CC=CC=CC=C1
COBKIN,CCOC([C@@]1(C(N)=O)CN1OC)=O
COBKIN01,CCOC(=O)[C@]1(CN1OC)C(=O)N
COBWAR,N1C(=NOC1(c1ccccc1)c1ccccc1)c1ccccc1
COCTDX,O/N=C/1\CCC/C(=N\O)/CCC1
COCTDX01,O/N=C1CCC/C(CCC\1)=N\O
CODCAA,O=C1[C@@H]2OC[C@@H](O2)[C@@H]2[C@H]1[C@H]1[N@@](O2)CC[C@@H]1OC(C)(C)C
COFTIA10,Oc1c(N/N=[N+]([O-])/c2ccccc2)cccc1
COGHOX,CCOC(=O)C1(C[C@@H](ON1c1ccccc1)N1C(=O)c2c(C1=O)cccc2)C(=O)OCC
COHKIW,Cc1ccc(cc1)[C@@H]1Oc2ccccc2C2=C(ON=C12)c1cccc(c1)C
COHRID,O/N=C/1\[C@@H](Oc2c(\C1=C\c1ccccc1)cccc2)c1ccc(cc1)C
COHROJ,COc1ccc(cc1)[C@@H]1Oc2ccccc2/C(=C/c2ccccc2)/C/1=N/O
COJDEK,CC(N1O[C@@]2([C@@]3([C@H]1O[C@]1([C@@]3([C@@H](O2)N(O1)C(C)(C)C)c1ccccc1)c1ccccc1)c1ccccc1)c1ccccc1)(C)C
COJHEP,O=C1N(OC2c3ccccc3CCc3ccccc23)C(=O)c2ccccc12
COJWAZ,Cc1cc(C)c(c(c1)C)C1=NO[C@@]2(C1)C[C@@H](OC2=O)c1ccccc1
COLQUQ,CCCCCOc1ccc(cc1)c1ccc(cc1)c1ccc(cc1)C(=O)ON1N=Nc2ccccc12
COLYAG,CC(C)(C)c1cc(c(O)c(c1)C(C)(C)C)C1=NC(C)(C)C(=O)N1OCc1ccccc1
COLYEK,CCONC(=O)C(C)(C)N(C(C)=O)c1cc(C)ccc1O
COMRUU,CON1[C@H](C)C(=O)N[C@@](C1=O)(OC)CC1=CNc2c1cccc2
CONNIC,C[C@@]12CCC3=NON=C3[C@H]2CC[C@@H]2[C@@H]1CC[C@]1([C@H]2CC[C@]1(C)O)C
CONNOI,C[C@]12CCC3=NON=C3[C@@H]1CC[C@@H]4[C@@H]2CC[C@@]5(C)[C@H]4CC[C@@]5(O)C
COQBUF,CCOC(=O)C1(C(=O)OCC)[C@@H](c2ccccc2)C2=NO[C@@H]3[C@H]2[C@H]1CCC3
COQPIJ,c1ccc(cc1)[C@@H]1C[C@@]23ON1c1ccccc1C=C3COCC2
COQQAA,O=C1CC[C@@H]2[C@]1(C)CC[C@H]1[C@H]2CC[C@@H]2[C@]1(C)CCC1=NON=C21
COQQII,CCOc1ccc(cc1)NC(=O)C1=C(/N=C/N2CCOCC2)ON=C1C
COQTOT,OC(c1ccc(N/N=[N+]([O-])/C)cc1)=O
CORBUJ,OC(=O)[C@@H]1[C@@H]2C=C[C@H]([C@H]1C1=NC(=NO1)c1ccccc1)C2
CORCAQ,OC(=O)[C@@H]1[C@@H]2CC[C@H]([C@H]1C1=NC(=NO1)c1ccccc1)C2
CORCEU,OC(=O)[C@@H]1[C@@H]2C=C[C@H]([C@@H]1C1=NC(=NO1)c1ccccc1)C2
CORVUC,CC[C@@H]1/C(=N/OC(=O)Oc2ccccc2)/C[C@H](N([C@H]1c1ccccc1)C)c1ccccc1
CORWAJ,O=C(Oc1ccccc1)O/N=C/1\C[C@@H](c2ccccc2)N([C@H]([C@@H]1C(C)C)c1ccccc1)C
CORYOZ,O/N=C(/c1ncccn1)\N
COSKIF,O1N=C(C=C1c1ccccc1)c1ccc(cc1)C#Cc1ccccc1
COSKOL,O=NN1N=C(C[C@@H]1C(=O)OC(C)(C)C)c1ccccc1
COSQIM,COC(C[C@@H]([C@H](Cc1ccccc1)NC(OC(C)(C)C)=O)N2N=[N+]([O-])c3ccccc32)=O
COSQOS,COC(C[C@H]([C@H](Cc1ccccc1)NC(OC(C)(C)C)=O)N2N=[N+]([O-])c3ccccc32)=O
COSQUY,COC(C[C@H]([C@H](CC(C)C)NC(OC(C)(C)C)=O)N1N=[N+]([O-])c2ccccc21)=O
COSRAF,COC([C@@H](NC(CC(C(C(C)C)NC(=O)OC(C)(C)C)N1N=[N+](C2=C1C=CC=C2)[O-])=O)CC(C)C)=O
COSREJ,COC([C@@H](NC(CC(C(CC(C)C)NC([C@@H](NC(=O)OC(C)(C)C)CC1=CC=CC=C1)=O)N1N=[N+](C2=C1C=CC=C2)[O-])=O)C)=O
COVLOQ,O[C@@]1(CC[C@H]2O[C@@H]1OC2)C1=CC(=NO1)c1ccccc1
COWBIB,CON1C(=O)c2ccc(cc2C2=C1CCCCCC2)C(=O)OC
COWGEB,CO/N=[N+]([O-])/c1ccc(OC)cc1
COWGIF,CO/N=[N+]([O-])/N1CCN(c2ccccc2)CC1
COXROW,O/N=C(C(Nc1ccccc1)=O)\C(Nc2ccccc2)=O
COXTOA,CCOC(C[C@@H]1[C@H]([C@@H](O)C(c2ccccc2)=[N+]1[O-])C)=O
COZFOM,O=C(ON1C(=O)c2ccccc2C1=O)c1ccccc1C(=O)ON1C(=O)c2ccccc2C1=O
COZKIM,CCCCCCCCCOc1ccc(C(Oc2ccc(OC(c3ccc(N/N=[N+]([O-])/c4ccccc4)cc3)=O)cc2)=O)cc1
CPGMAZ,CON1[C@@H]([C@H]1C(=O)C(=O)c1ccccc1)C#N
CTETOX,ON=C1CCCCCCCCCCCCC1
CUCBIM,CC([C@H]1O[N@@]([C@@H]2[C@H]1CN1C2=Nc2c1cccc2)C1CCCCC1)(C)C
CUCBOS,C1CCC(CC1)[N@@]1OC[C@@H]2[C@H]1C1=Nc3c(N1C2)cccc3
CUCBUY,C1CCC(CC1)[N@@]1O[C@@H]2C[C@H]1C1=Nc3c(N1C2)cccc3
CUCCAF,CC(C#CCN1C(=NC2=C1C=CC=C2)\C=[N+](\C2CCCCC2)/[O-])(C)C
CUCCEJ,C[C@]12O[N@]([C@H](C1)C1=Nc3c(N1C2)cccc3)C1CCCCC1
CUDBEJ,O/N=C(/C(=O)N/N=C/c1ccccn1)\C
CUDJAM,C/C(=N\O)/C(=N/O)/N1C[C@@H]1C(=O)N
CUGBEM,CC(C)[N+]1=NOC(=C1C=C(C#N)C#N)[N-]C(=O)c1ccccc1
CUGDAJ,COC(=O)N1C=C[C@@H]2[C@H](C1)ON=C(O2)c1ccccc1
CUGDEO,c1ccc(cc1)CO/N=C/1\[C@@H]2[C@H](N[C@H]([C@H]1[C@@H](N[C@@H]2c1ccccc1)c1ccccc1)c1ccccc1)c1ccccc1
CUHDAN,COC(=O)C1=C[C@H]2OC3(O[C@H]2[C@H]([C@@H]1ONC(=O)OC(C)(C)C)O)CCCCC3
CUHPAZ,N/C(=N\O)/C1=C(N)NN=N1
CUKCER,Nc1nc(nc(N)c1N=O)N1CCOCC1
CUKSAD,COC([C@H](Cc1ccccc1)/[N+]([O-])=C(c2ccccc2)\c3ccccc3)=O
CUMDAR,O[C@H]1C=C[C@H]([C@@H]1c1ccccc1)N(Cc1ccccc1)OCc1ccccc1
CUMTUZ,O=NN1C[C@]2(CN(C[C@@](C1)(C2=O)c1ccccc1)N=O)c1ccccc1
CUNDOX,ON=C1CCCCCCCCCC1
CUNNEG,CON1C(=O)c2ccccc2C21CCCCC2
CUNQIM,C[C@@H]1CC[C@@H]2[C@@H](C1)O[C@H](N(C2(C)C)Cc1ccccc1)[C@H]1[C@@H](ON=C1c1ccccc1)c1ccccc1
CUPBAR,CC(C)(C)NC(=O)C1=NOC(=C1c1ccccc1)NC(C)(C)C
CUQCAV,O=C(C1=NO[C@@]2(C1)C(=O)C=Cc1c2cccc1)c1ccccc1
CUQTIR,CCOC(=O)C1=NOC(=C1/C(=N/NC(=O)Nc1ccccc1)/C)C
CUQWIW,CON1C(=O)c2ccc(OC)cc2CC1(C)C
CURFUR,ON1CCCCC1=O
CUSMIO,C=CC[C@H]1C(=O)N(Cc2ccccc2)[C@@H](C(=O)N1Cc1ccccc1)ON1C(C)(C)CCCC1(C)C
CUSMOU,O=C1[C@H](ON2C(C)(C)CCCC2(C)C)N(Cc2ccccc2)C(=O)[C@H](N1Cc1ccccc1)C/C=C/c1ccccc1
CUSMUA,COC(=O)N1C[C@H](C[C@H]2C(=O)N([C@@H]1C(=O)N2Cc1ccccc1)Cc1ccccc1)ON1C(C)(C)CCCC1(C)C
CUSXAQ,CC1=NON=C1NC(=O)Cc1ccccc1
CUTHAB,CO[C@H](c1ccc(OC)cc1)[C@H](C)/C=[N+]([O-])/C(C)(C)C
CUTHEF,CO[C@H](c1ccc(OC)cc1)[C@@H](/C=[N+]([O-])/C(C)(C)C)c2ccccc2
CUTHIJ,CO[C@@]([C@@H](/C=[N+](/C(C)(C)C)\[O-])C)(c1ccccc1)C
CUTTOB,CO/N=[N+]([O-])/N=C(N)/c1ccccc1
CUTTUH,[O-][N+](/N=C(N(C)C)\c1ccccc1)=N\OCc2ccccc2
CUVJUY,O=NN1CCN(CC1)N=O
CUVZUO,[O-]/[N+](C(C)(C)C)=C\[C@]1([C@]2(c3ccccc3)O[C@@H]4[C@]1([C@](ON4C(C)(C)C)(c5ccccc5)O2)c6ccccc6)c7ccccc7
CUWKOW,CC(=O)/C=C/c1ccccc1C1=CC(=NO1)C(C)(C)C
CUYMIS,OCC1=C[C@H]2CC[C@@H]1ON2C(=O)c1ccccc1
CUYPOE,CO[C@@H]1O[C@H]2[C@@H]([C@@H]1CC(=O)c1ccccc1)CN(O2)C(=O)OC(C)(C)C
CUZCAE,O/N=C(\c1ccccc1)/N1CCOCC1
CUZCEI,CCOc1ccc(cc1)/C(=N\O)/N1CCOCC1
CUZGAH,C=C[C@@H]1CCCC[C@@]21CCC(=O)N2O[C@@H](c1ccccc1)C
CUZRAQ,COc1ccc(/C=[N+]([O-])/c2ccc(C#N)cc2)cc1
CXBAXR,OC(=O)c1ccc(CN2CCCCO2)cc1
CXMPYO,Cc1[n+]([O-])c(C(O)=O)ccc1
CYCOXA,ON=C1CCCCCCC1
CYNONA,ON=C1CCCCCCCC1
CYPYRO,[O-][n+]1ccc(C#N)cc1
CYPYRO01,[O-][n+]1ccc(C#N)cc1
DABDUG,CC1=C2CC[C@@H]3C(=NOC3)C2=NN1
DABFIW,CN1N=C2C(=C1c1ccccc1)CC[C@H]1C2=NOC1
DABTUY,COc1ccc(cc1)[C@H]1C(=NO[C@]21CC(C)(C)c1c(C2=O)cccc1)c1ccc(cc1)C
DACXIO,COC(=O)C(/C(=N/O)/C)(C)C
DAFPAB,O/N=C(\C(=N\O)\C)/N(C)C
DAFPUY,CC1(C)CC(CC(C)(C)N1O)NC(=O)c1cc2cccnc2c2ncccc12
DAFRAD,NC1=NON=C1N
DAFRAD01,NC1=NON=C1N
DAFSUZ,O/N=C/1\CCC[C@@]21CCC/C/2=N\O
DAFXAM,OC(=O)c1c[n+]([O-])cc(c1)C(O)=O
DAFXAM01,OC(=O)c1c[n+]([O-])cc(c1)C(O)=O
DAFXAM02,OC(=O)c1c[n+]([O-])cc(c1)C(O)=O
DAFYEO,C[C@](C1=NO[C@H]([C@@H]1c1ccccc1)c1ccccc1)(c1ccccc1)O
DAHBAP,CN(C)C(=O)C1=CC=CC(=O)N1O
DAHKEC,CC(C[C@@H](C(=O)NO[C@@H](C(=O)OC(C)(C)C)Cc1ccccc1)NC(=O)OCc1ccccc1)C
DAHKIH,CC[C@H]([C@@H](/C=C(/[C@@H]1C(=C[C@@]2([C@H]1[C@@]2(C)C(=O)N(OC)C)C)C)\C)C)O
DAJTIR,C=CCN1C[C@H]2[C@@H]([C@H]1[C@H](c1ccccc1)O)N(O[C@@H]2c1ccccc1)C(C)(C)C
DAJVEP,C=CCN1C[C@H]2[C@@H]([C@H]1[C@H](c1ccccc1)O)N(OC2)Cc1ccccc1
DAKFIE,O[C@H]([C@H]1N(Cc2ccccc2)C[C@H]2[C@@H]1N(OC2)Cc1ccccc1)c1ccccc1
DALBIE,[O-][N+]1=C2CCCCCC[C@H]2N3[C@@]1(C[C@@](C)(O)O3)C
DALBOK,[O-][N+]1=C2CCCCCCCCCC[C@@H]2N3[C@]1(C[C@](C)(O)O3)C
DALJEJ,COc1ccc(c(c1)O)/C=N/OCCO/N=C/c1c(O)ccc2c1cccc2
DALPEL,OC(=O)CC[N+](O)(CCC(O)=O)CCC(=O)[O-]
DALTUG,ON=C1c2c3ccccc3ccc2c2ccc3ccccc3c12
DALYEU,O=C[C@]12CC=CC[C@@H]2[C@H]2CC[C@@H]1ON2C(=O)c1ccccc1
DALYIY,C[C@@H]1CC[C@H]2[C@@](C1)(ON=C(C2)c1ccccc1)N1CCOCC1
DALYOE,C[C@H]1CC[C@H]2[C@@](C1)(ON=C(C2)c1ccccc1)N1CCOCC1
DAMTOB,CCOC(=O)C1=NO[C@@H]2[C@H]1C[C@@H]1[C@H]2ON=C1C(=O)OCC
DANFUV,CON1C(=O)c2c(/C/1=C\C(=O)NC(C)C)cccc2
DANHUW,CO[C@]1(ON=C(N1c1ccccc1)c1ccccc1)c1ccccc1
DANREP10,C=CN1C(=O)CC[C@H]1ON1C(C)(C)c2c(C1(C)C)cccc2
DAPTIA,COC(=O)[C@@H](NC(=O)c1nccnc1/C(=N/O)/N)Cc1ccccc1
DAPYIC,C/C=C/C=C/C(N1N=[N+]([O-])c2ccccc21)=O
DAPYOI,OC(C[C@H](C)N1N=[N+]([O-])c2ccccc21)=O
DAVCAH,N1C=CC=C1C1=NC2=NON=C2N=C1c1ccccc1
DAVCOV,CCN1c2ccccc2c2cc(ccc12)C1=NC2=NON=C2N=C1c1ccccc1
DAVJER,COc1cc(/C=C/C(N2N=[N+]([O-])c3ccccc32)=O)ccc1
DAVRAV,O/N=C/c1ccc(cc1)OCCN(c1ccccn1)C
DAWNAT,C[C@H]1C[C@@H](ON1C(=O)c1c(C)cc(cc1C)C)O
DAZQUR,COC(=O)[C@@H]1ON([C@H](C1)[C@H]1O[C@@H]2OC(O[C@@H]2[C@@H]2[C@H]1OC(O2)(C)C)(C)C)Cc1ccccc1
DCXPYO,[O-][n+]1c(C(O)=O)cccc1C(O)=O
DCXPYO01,[O-][n+]1c(C(O)=O)cccc1C(O)=O
DEBAOX,CCN(/C(=N/O)/c1ccccc1)CC
DEBTEL,CCOC(=O)[C@@H]1CCO[N@]1[C@H]1O[C@@H]([C@H]2[C@@H]1OC(O2)(C)C)[C@@H]1COC(O1)(C)C
DECKIF,CCC[C@@H](c1ccccc1)O/N=C/c1ccc2c(c1)cccc2
DEDWEO,[O-][N+](c1ccccc1)=C1c2ccccc2c2ccccc12
DEFGIE,NC(c1ccc(N/N=[N+]([O-])/C)cc1)=O
DEFYAP,O=C(NOCc1ccccc1)N(OCc1ccccc1)C(=O)NOCc1ccccc1
DEGBEX,CC(=O)N1c2ccccc2[C@@](C1=O)(CC1=NC(=NO1)c1ccccc1C)CC1=NC(=NO1)c1ccccc1C
DEHPAK,Oc1c(/C=N/OCc2ccccc2)c(O)c(c(c1/C=N/OCc1ccccc1)O)/C=N/OCc1ccccc1
DEJKAG,[O-][N+]1=C(C(C)(C)C[C@H]1[C@H](ON2C(C)(CCCC2(C)C)C)c3ccccc3)c4ccccc4
DEJVEW,[O-][N+]1=C(C(NC12CCCCC2)=O)CCCCC(O)=O
DEJWAQ,CCN1C(=NC2=NOC(=O)C(=C12)c1ccccc1)C
DEKBOK,ON1CO[C@H](CC1(C)C)c1ccccc1
DEKBUQ,CC(=O)ON1CO[C@H](CC1(C)C)c1ccccc1
DELSAP,O=CN1CCC[C@@]21C(=O)O[N@@]1[C@H]2[C@H]2OC(O[C@H]2[C@H]1COC(c1ccccc1)(c1ccccc1)c1ccccc1)(C)C
DEMGAE,O=NN1[C@H](c2ccc(cc2)C)[C@@H](c2ccccc2)C(=O)[C@H]([C@@H]1c1ccc(cc1)C)c1ccccc1
DEMTUL,CO/N=C(\c1cccc2c1cc(cc2)C#CC(C)(C)C)/C(=O)OC
DENSAN,CCN(CC)c1ccc(cc1)N=O
DENVAT,ON1C([C@]2(C)[C@@](C)(CCCC2)C1=O)=O
DEPVOM,C1(=CC=CC=C1)N1N=C(C(=C1)\C=[N+](\C1=CC=CC=C1)/[O-])C1=CC=CC=C1
DEQQUO,O=C(Nc1ccccc1)O[C@@H]1C[N@@]2C[C@H]3C(=NOC3)[C@H]2[C@H]2[C@@H]1OC(O2)(C)C
DEQROJ,O=C(Nc1ccccc1)O[C@H]([C@@H]1[C@H]2OC(O[C@H]2[C@H]2[N@]1CC[C@@]1(C2=NOC1)C)(C)C)C
DEQZOR,CCOC(=O)C1(CC/C(=N\O)/C1=C(c1ccccc1)c1ccccc1)C(=O)OCC
DERBAG,O/N=C/1\CCCOC1=C(c1ccccc1)c1ccccc1
DERKUH,COC(=O)C1=C(C(=O)OC)[C@]2([N@@](O1)[C@]([C@@H]2C(=O)OC)(C(=O)OC)C(=O)NC(C)(C)C)C(=O)OC
DESBEJ,COc1ccccc1C(=O)NO
DESPAT,O/N=C/1\CCCCCCCCC[C@H](C1=O)[C@@H]1CCCCCCCCCCC1=O
DESTUQ,C(C1=CC=CC=C1)N1O[C@@H]([C@H]([C@@H]1[C@H]1OC(OC1(C)C)(C)C)C(=O)OC)C
DESVAY,CC[C@H]1OC(=O)[C@]2([C@@H]([C@@H]1C)ON([C@H]2c1ccccc1)Cc1ccccc1)C
DETPUO,CC(N1OC2([C@]34[C@@H]1CC[C@@H]4C3)CC2)(C)C
DETQUP,CCCCCCCOc1ccc(cc1)C(=O)Oc1ccc(cc1)C1=NOC(=C1)c1ccc(cc1)C#N
DETWAA,ON1[C@](C)(CCC1(C)C)C[C@]1(C)CCC(N1O)(C)C
DEVBOY,COc1ccc(cc1)[C@H]1[C@H](C(=O)O)c2ccccc2C(=O)N1O
DEVBUE,CON1[C@H](c2ccc(cc2)OC)[C@@H](C(=O)O)c2c(C1=O)cccc2
DEVFEP,CCOC(=O)[C@]12CC3=C(CN2C(=O)CC1=O)ON=C3OC
DEWMAW,CC1=NOC(=C1C(=O)NN)N
DEWYIQ,C[N+]1=NOC(=C1)[N-]C(=O)OC(C)(C)C
DEYCES,c1ccc(cc1)C1=NO[C@]2(N1CCO2)c1ccccc1
DEZROP,O/N=C(\C(=O)c1ccccc1)/C(=O)C
DHBFZO,O/N=C/1\CC(C)(C)CC2=NON=C12
DICPUA,[O-][N+]1=C(C=NO1)c1ccccc1
DICPUA01,[O-][N+]1=C(C=NO1)c1ccccc1
DICRAI,[O-][N+]1=CC(=NO1)c1ccccc1
DICRAI01,[O-][N+]1=CC(=NO1)c1ccccc1
DIDYOE,COC(=O)[C@H]([C@@H]([C@H]1CC=NO1)O)O
DIFJIL,OC[C@H]([C@H]1O/C(=N\O)/[C@@H]([C@H]1O)NC(=O)C)O
DIFLIN,COC(=O)[C@]1(C)C[C@H]2[N@@](O1)[C@@]1(CC2)O[C@@H]([C@H]2[C@@H]1OC(O2)(C)C)[C@H]1COC(=O)O1
DIFTAO,C(C)OC(=O)N1C[C@H]2[C@@H](C=3C=C(C(=CC13)OC)C)N(OC2)[C@@H](CO)C2=CC=CC=C2
DIFZAU,O=C(N1N(c2ccccc2)C(=O)[C@@]23[C@H]1C[C@H](C3(C)C)CC2)/C=N/OCc1ccccc1
DIFZEY,C=CC[C@@H](C(=O)N1N(c2ccccc2)C(=O)[C@@]23[C@H]1C[C@H](C3(C)C)CC2)NOCc1ccccc1
DIFZUO,O=C(O[C@@H]1C[C@@H]2C([C@]1(CC2)C(c1ccccc1)(c1ccccc1)O)(C)C)/C=N/OCc1ccccc1
DIHHEK,COC(=O)c1nc(C[C@@H]2ON=C(C2(C)C)c2ccccc2)c2c(c1c1ccccc1)cccc2
DIHIXL10,N1=C[C@@H]2[C@H](O1)C=NO2
DIHYAX,O/N=C(\[C@H](Oc1ccccc1OC)CO)/c1ccc(c(c1)OC)OC
DIKWID,ON1[C@]23CCCC[C@@H]3N[C@H]3[C@]1(CCCC3)ON2
DIOXAZ10,O1N=CC=C1C1=CC=NO1
DIPRAX,Cc1ccc(cc1)C1=NO[C@@H]([C@H]1C(=O)c1ccccc1)C1=NN(N=C1)c1ccccc1
DIPXOS,O=C1OCCN1/C=C\1/CC[C@@]2([N@]([C@H]1c1ccccc1)OCC2)c1ccccc1
DIPYAF,O=C1OCCN1/C=C\1/CC[C@@]2([N@]([C@H]1c1ccccc1)OCC2)c1ccccc1
DIPYEJ,O=C1OCCN1/C=C\1/CC[C@]2([N@@]([C@H]1c1ccccc1)OCC2)c1ccccc1
DIPYIN,CON1[C@@H]2CC[C@]1(CC/C/2=C/N1CCOC1=O)c1ccccc1
DIRGUJ,O=C(c1ccccc1)O[C@@H]1C=CCC[C@@H]1N(C(=O)C)OC(=O)C
DIRRUR,O/N=C/1\OC2=C([C@@H]1[C@@H]([C@H]([C@H]([C@H](OC(=O)C)COC(=O)C)OC(=O)C)OC(=O)C)OC(=O)C)C(=O)CCC2
DIRYAE,O=C1O[C@@H]2[C@H](C1)N(O[C@H]2C)[C@H](c1ccccc1)C
DIRYEI,O=C1O[C@H]2[C@@H](C1)N(O[C@H]2C)[C@H](c1ccccc1)C
DITPAA,O=C(N[C@]1([C@@H](c2ccccc2)N3O[C@@H]4[C@@H](C(N(c5ccccc5)C4=O)=O)[C@@]36c7c(N(C(OC(C)(C)C)=O)C6=O)cccc7)c8c(N(C)C1=O)cccc8)OC(C)(C)C
DIVNAX,c1ccc(cc1)C1=NO[C@H]2[C@@H]1[C@@H]1[C@@H]3[C@H]2[C@H]13
DIVYIQ,O/N=C/1\CCC[C@@H]1Cc1ccc(cc1)CC(=O)O
DIXDET,C(#N)C=1C(=[N+](ON1)[O-])C1=NC(=NO1)C#N
DIXFEV,C(#N)C1=[N+](ON=C1C1=NC(=NO1)C#N)[O-]
DIXLIF,O/N=C/1\CC(C)(C)C/C(=N\O)/C1(C)C
DIXMUV,COc1ccc(cc1)/C(=N\O)/CCc1ccccc1
DIXNAC,COc1ccc(cc1)/C(=N\O)/c1ccccc1
DIXNAC02,COc1ccc(cc1)/C(=N\O)/c1ccccc1
DIXNEG,COc1ccc(cc1)/C(=N\O)/C(=C/c1ccccc1)/C
DIYRIM,[O-]/[N+]([C@H]1O[C@H]([C@H]2COC(C)(C)O2)[C@H]3[C@@H]1OC(C)(C)O3)=C\COCc4ccccc4
DMEGLY,O/N=C(/C(=N/O)/C)\C
DMEGLY01,O/N=C(/C(=N/O)/C)\C
DMEGLY03,O/N=C(/C(=N/O)/C)\C
DMEGLY05,O/N=C(/C(=N/O)/C)\C
DMTOXA,O/N=C1[C@@H]2C[C@@H]3[C@@H]4[C@H]\1[C@@H]5[C@@H]([C@H]3C[C@H](C4)C5)C2
DMTOXB,O/N=C\1/[C@@H]2C[C@@H]3[C@@H]4[C@H]1[C@@H]1[C@H](C2)[C@H]3C[C@@H](C1)C4
DMTZOX,CN1CCN(C)[N+](=N1)[O-]
DMXCYT,O/N=C/1\NC(=O)N(C=C1C)C
DNNEPH10,[O-][N+](c1ccc2)=[N+]([O-])c3c1c2ccc3
DOBDAB,COc1cccc(C2=NC(=NO2)c2ccccc2)c1OC
DOBMIT,Cc1ccc(cc1)C1=NOC(=N1)[C@@H](CC1=NC(=NO1)c1ccc(cc1)C)CC1=NC(=NO1)c1ccc(cc1)C
DOBMOZ,N#C[C@](C1=NC(=NO1)c1ccccc1)(CC1=NC(=NO1)c1ccccc1)CC1=NC(=NO1)c1ccccc1
DOBYOJ,O=C1OCC[C@]12CCC=[N+]2[O-]
DOCHEI,O/N=C(/C(C)(C)C)\C[C@H](C(C)(C)C)[C@@H](C(=O)O)C
DOCHEI10,O/N=C(/C(C)(C)C)\C[C@H](C(C)(C)C)[C@@H](C(=O)O)C
DOCHOS,CC[C@@H]([C@H]1CCN(C1=O)C)C/C(=N\O)/C(C)(C)C
DOCHOS10,CC[C@H](C/C(C(C)(C)C)=N\O)[C@H]1CCN(C)C1=O
DOCHUY,CC[C@@H]([C@@H](C(=O)O)C)C/C(=N\O)/C(C)(C)C
DOCHUY10,CC[C@@H]([C@@H](C(=O)O)C)C/C(=N\O)/C(C)(C)C
DOCJAG,C[C@H]([C@H](C(=O)N1CCCC1)C)C/C(=N\O)/c1ccccc1
DOCJEK,C[C@@H]([C@H]1CCN(C1=O)C)C/C(=N\O)/c1ccccc1
DOCXAV,Oc1ccc2c(c1/C=N/OCCCO/N=C/c1c(O)ccc3c1cccc3)cccc2
DODBOO,Oc1ccc2c(c1/C=N/OCCO/N=C/c1c(O)ccc3c1cccc3)cccc2
DODNUH,C[C@H]1ON([C@@]2([C@H]1CCO2)c1ccccc1)c1ccccc1
DOFTEZ,O=C(C(=O)O[C@]12C[C@H]3C[C@@H](C2)C[C@@H](C1)C3)ON1C(=O)c2c(C1=O)cccc2
DOGHIT,Cc1cccc(c1)[C@H]([C@@H]1CC(CN1c1ccccc1)(C)C)ON1C(C)(C)CCCC1(C)C
DOJGUF,COc1ccc(cc1)C(=O)N(O)C(C)C
DOJHEP,O/N=C/[C@H]([C@](CC(=O)N(C)C)(C#C)C)CCC(=O)OC
DOJKUJ,ON1C=C[N+](=C1)[O-]
DOJLAQ,CC1=[N+]([O-])C=CN1O
DOJNAS,CN1C=C[N+](=C1C)[O-]
DOLQIE,CCOC(=O)[C@H]1[C@@H]2c3ccc(cc3N3[C@@]2(N([C@]1(O)CC(=O)OCC)C(=O)N(C3=O)c1ccccc1)/C(=N/OC)/C)OC
DOLQOK,CCOC(=O)C[C@]1(O[C@@H]2[C@@]3(N1C(=O)N(c1ccccc1)C(=O)N3c1c2ccc(c1)OC)/C(=N/OC)/C)c1ccccc1
DOMQUS,ONC(=O)c1cccc(n1)C(=O)NO
DONYUC,c1ccc(cc1)N1O[C@@]2([C@@H]3[C@H]1[C@](CC2)(ON3c1ccccc1)c1ccccc1)c1ccccc1
DOPKEZ,CC(=O)C1=C(C)C(=C(CCc2ccccc2)N1O)C=O
DOPZIR,O=C(OC(C)(C)C)N[C@H]1N(OCc2ccccc2)C(=O)C1(C)C
DOPZOX,CO[C@H](C(C(=O)NOCc1ccccc1)(C)C)NC(=O)OC(C)(C)C
DOQRAF,[O-][N@+]1(CCC[C@H]1C(c2ccccc2)(O)c3ccccc3)CCC[N@@+]4(CCC[C@H]4C(c5ccccc5)(O)c6ccccc6)[O-]
DOQTEL,CCOC(=O)CC1=NC(=NO1)CC1=NOC(=N1)CC(=O)OCC
DORKAW,O/N=C/1\CCCC[C@@H]2[C@]1(C)CCC2
DORKOK,CC(=O)C[C@H]([C@]1(C)ON=C(O1)c1ccccc1)c1ccc(cc1)C
DOSMED,[O-][N+]1=C(c2ccccc2)C(c3c1cccc3)=O
DOSMIH,[O-][N+]1=C(c2ncccc2)C(c3c1cccc3)=O
DOTBOG,Cc1ccc(cc1)C1=NO[C@@](C1)(C)[C@@H]1CC=C(C(=O)C1)C
DOTJUR,O/N=C/1\C[C@H](CC[C@@H]2[C@@]1(C)CCC2)C(C)(C)C
DOTKAY,O/N=C1C[C@@H](C(C)(C)C)CC[C@H]2[C@@H]\1CCC2
DOTTOV,CCOC(=O)C1=C(C)NC(=C([C@@H]1C1=C(C)ON=C1c1ccccc1)C(=O)OCC)C
DOVGUR,OC(=O)[C@H]1CCCC[C@H]1C(=O)N1OC[C@@H]2[C@H]1c1ccccc1OC2
DOVHAY,COC(=O)[C@@H](C[C@@H](C(=O)N1OC[C@H]2[C@@H]1c1ccccc1OC2)C)C
DOVSEM,[O-][N+]1=NC(=C(c2ccccc2)C(=N1)c1ccccc1)c1ccccc1
DOWJEF,NC1=C([N+]([O-])=NO1)c2ccccc2
DOWYEW,OC[C@H]1O/C(=N\OC(=O)N2CCCC2)/[C@@H]([C@H]([C@@H]1O)O)O
DOXMUB,O/N=C(/c1ccc(cc1)/N=C/c1ccc2c(c1)OCO2)\C
DOXROX02,O/N=C\1/C(=O)[C@]2(C([C@@H]1CC2)(C)C)C
DOXROY,O/N=C\1/C(=O)[C@@]2(C([C@H]1CC2)(C)C)C
DOXZOF,O/N=C\1/Cc2c1cccc2
DOYTUG,CC1=N[N+]([O-])=NC1(C)C
DOYVAO,On1nc2CCCCc2n1
DOZKUZ,Cc1c(N2C(C3(C(C)=[N+]2[O-])CCCC3)=O)cccc1
DOZXIA,CO/N=C/1\C=C[C@]23[C@@](C=C1)(OCCO3)OCCO2
DPBFOO10,O/N=C\1/OC2=C([C@@H]1c1ccccc1)C(=O)CC(C2)(C)C
DPBFOO11,O/N=C\1/OC2=C([C@@H]1c1ccccc1)C(=O)CC(C2)(C)C
DPFUZO,[O-][N+]1=C(c2ccccc2)C(=NO1)c1ccccc1
DUDHOA,O/N=C(/C(=O)N/N=C(/c1ccccn1)\C)\C
DUFPAX,C[C@]12ON=C([C@H]1C[C@H]1C[C@@H]2C1(C)C)c1ccc2c(c1)cccc2
DUFRUU,O=C(N1OC(=O)[C@@](C1)(Cc1ccc(cc1)c1ccccc1)[C@H](c1cc(c(c(c1)C(C)(C)C)O)C(C)(C)C)c1ccccc1)OC(C)(C)C
DUGMUN,O/N=C(/c1ccccc1)\C#N
DUGMUN01,O/N=C(/c1ccccc1)\C#N
DUGMUN02,O/N=C(/c1ccccc1)\C#N
DUGMUN03,O/N=C(/c1ccccc1)\C#N
DUGRIJ,O=C1N2OCCCCC2=C(c2ccccc2)c2ccccc12
DUGTUX,CC(C)(C)c1cc(cc(c1)C(C)(C)C)N=O
DUHTUW,CO/N=[N+]([O-])/C(/[N+]([O-])=N/OC)=C
DUHYIP,Cc1c[n+]([O-])cc[n+]1[O-]
DUJBAM,Cc1c[n+]([O-])c(C)c[n+]1[O-]
DUJGIZ,CC1=C(C=NO1)C(O)=O
DUJRIK,OC[C@H](CC1=C(ON=C1C)[C@H]([C@H]1[C@@H](O)C[C@@H]2[C@]1(C)CC[C@H]1[C@H]2CC[C@H]2[C@]1(C)CC[C@@H](C2)O)C)C
DUKHUP,C1C[C@H](ON=C1)c1ccc(cc1)OCc1ccccc1
DUKJAX,COc1ccc(cc1)[C@@H]1C[C@H]([C@H]2[N@]1O[C@@H](CC2)c1ccc(cc1)OCc1ccccc1)C(=O)O
DUKNAB,Oc1c(/C=N/OCCCO/N=C/c2cc(cc(c2O)C(C)(C)C)c2ccncc2)cc(cc1C(C)(C)C)c1ccncc1
DUMKUR,c1ccc(cc1)[C@@H]1CC/C(=N\OC(c2ccccc2)(c2ccccc2)c2ccccc2)/CC1
DUNCEW,COC(=O)[C@]1(O)[C@H]2C[C@H]3[C@@]4(C1=Nc1c4cccc1)C[C@H]1C[C@@]2(O[N@@]31)C(=O)C
DURROA,O/N=C/1\C[C@@H]2C[C@@H](C)CC(=O)[C@@H]2CCCN(CCCC1=O)C
DURRUG,O/N=C/1\C[C@@H]2C[C@@H](C)CC(=O)[C@H]2CCCN(CCCC1=O)C
DUSFIH,CC(C1=[N+](c2c([N+]([O-])=C1C)cccc2)[O-])C
DUSTER,[O-][N+]1=C([C@@](O)(Cc2ccccc2)c3ccccc31)c4ccccc4
DUSZOI,O/N=C\1/C=C[C@H]2[C@@H]1[C@H]1C=C[C@@H]2C1
DUTBAW,COc1cc(OC)c(cc1/C=N/C1=C(C)C(=NO1)C)OC
DUTGIJ,CCN1c2ccc(cc2-c2c1cccc2)/C=N/C1=C(C)C(=NO1)C
DUTKOU,COc1ccc2N(OC3CCCCC3)C(C3CCCCC3)(C3CCCCC3)C(=O)c2c1
DUTMAJ,CON1C(=O)C2=C(C=C3C=CC=CC=C23)C(=C1c1ccccc1)c1ccccc1
DUWKOX,OC[C@H](C=C)[C@H]1CC[N@@+]2([O-])[C@H](C3=C(c4ccccc4N3)CC2)C1
DUWRES,CN(C)C1=NOCC(C)(C)C(=O)NC1(C)C
DUXFIM,CO[C@@H]1[N+]([O-])=C(/C=C/c2c3ccccc3cc4c2cccc4)CC1(C)C
DUXFUY,COC(=O)C1=C(O[N@@]2[C@@]1(/C=C/c1cc3ccccc3c3c1cccc3)CC([C@H]2OC)(C)C)C(=O)OC
DUXTIZ,ONC(=O)C(=O)NO
DUXTIZ01,ONC(=O)C(=O)NO
DUYGAG,CCCC(CCC)(CC(=O)NCCC[N+](C)(C)[O-])C1CCCCC1
DUYGEK,C[N+](C)([O-])CCCNC(=O)C(c1ccccc1)c1ccccc1
DUYGIO,C[N+](C)([O-])CCCNC(=O)CC(c1ccccc1)c1ccccc1
DUYGOU,C[N+](C)([O-])CCCNC(=O)CC(C1CCCCC1)C1CCCCC1
DUYHOV,CCCCCC(CCCCC)(CC(=O)NCCC[N+](C)(C)[O-])c1ccccc1
DUYHUB,CCCCC(CCCC)(CC(=O)NCCC[N+](C)(C)[O-])c1ccc(cc1)C(C)(C)C
DUZFUA,N#C[C@@H]1[C@H](O)[C@@H]2C[C@H]1N(O2)C(=O)c1ccccc1
EABXIO,O=C(ON1C(=O)CCC1=O)C=[N+]=[N-]
EABXIO01,O=C(ON1C(=O)CCC1=O)C=[N+]=[N-]
EACBIT,CO/N=C(/C=C/c1ccccc1)\C#N
EACVOT,C[C@@H](CC(=O)N1C(=O)N([C@@H]([C@@H]1c1ccccc1)C)C)NOCc1ccccc1
EAXIZP,CCOC(=O)C/C(=C/1\C(=NOC1=O)OCC)/N
EBAWAF,C(C)N(C(=O)[C@@]1([C@@H](C1)C=[N+](CC1=CC=CC=C1)[O-])C1=CC=CC=C1)CC
EBFIOZ,CCN(C(=O)[C@]1(C)ON=C2[C@H]1Oc1c2cccc1)CC
EBILOT,COc1ccc(cc1)C1=NO[C@]2([C@H]1c1cc(OC)c(c(c1)OC)OC)Cc1c(C2=O)cccc1
EBOWIC,O=C1O[C@H]2[C@@]34C1=C[C@@](C)(C[C@H]3CC2)ON4c1ccccc1
EBUSEC,CC(=C)C(=O)OCC[N+](C)(C)[O-]
EBUTEE,CNC1=C2C(=O)OC(=CC2=NO1)c1ccc(C)cc1
EBUTII,COc1ccc(cc1)C1=CC2=NOC(=C2C(=O)O1)NC(C)C
ECALEC,[O-][N+]1=C(C=CN1c1ccccc1)c1ccccc1
ECEGEY,COC(=O)C1=C(C)NC(=C([C@H]1C1=CC2=NON=C2C=C1)C(=O)OC)C
ECEGIC,COC(C1=C(NC(C)=C(C(OC)=O)C1C2=CC3=NO[N+]([O-])=C3C=C2)C)=O
ECIHUW,O[C@H](CN1c2ccccc2-c2c1cccc2)CON1C(=O)c2cccc3c2c(C1=O)ccc3
ECIJAE,CCOC([C@@H]1O[N+]([O-])=C(C(OCC)=O)[C@H]1c2cc(OC)c(OC)c(OC)c2)=O
ECUMUN,C[C@H]1ON([C@@H]([C@@H]1c1ccccc1)c1ccccc1)c1ccccc1
EDAFUL,CC(=O)O[C@@H]1[C@H]2CON=C2[C@H]2[C@@H]1OC(O2)(C)C
EDEROV,CC(=O)C1=C(C)ON=C1c1ccccc1
EDIKOU,COc1ccc2c(c1)[C@@]1(C)CCC[C@]([C@@H]1C/C/2=N\O)(C)C(=O)OC
EDIKUA,O/N=C/1\CCCc2c1c(C)ccc2C
EDMBOX,O/N=C(\c1ccc(cc1)C)/N(C)C
EDOCOQ,CC(=O)/C(=C\C1=CC=CO1)/C(=O)ON1C(C)(C)CCCC1(C)C
EDOFOV,O/N=C/1\CCCc2c1cccc2
EFAHOK,ON1C(=O)[C@@H]2[C@H](C1=O)[C@]1(C)c3c([C@@]2(C)c2c1cccc2)cccc3
EFAQIN,O/N=C(/N1CCN(CC1)C(=O)OC(C)(C)C)\N
EFAWIT,O/N=C(\N1N=C(C=C1C)C)/C(=O)N/N=C(/c1ccccn1)\C
EFAWIT01,O/N=C(\N1N=C(C=C1C)C)/C(=O)N/N=C(/c1ccccn1)\C
EFIFUV,CC[C@H]1OC(=O)N([C@@]21ON=C(C2)c1ccccc1)c1ccccc1
EFIGAC,O=C1O[C@]([C@]2(N1c1ccccc1)ON=C(C2)c1ccccc1)(C)c1ccccc1
EFIHIN,O/N=C(/C(=N/NC(=O)N/N=C(/C(=N/O)/C)\C)/C)\C
EGABAQ,CC1C(=[N+](OC1\C(=C\C)\C1=CC=CC=C1)[O-])\C(=C\C)\C1=CC=CC=C1
EGAFAU,COC(=O)/C=N/O
EGAFEY,COC(=O)[C@H]1[C@@H]2C[C@H](N1O)C=C2
EGASIR,CN1C(=O)N(C)c2nc3N(C)C(=O)N(C)C(=O)c3[n+]([O-])c2C1=O
EGASUD,CCCCN1C(=O)N(CCCC)c2nc3N(CCCC)C(=O)N(CCCC)C(=O)c3[n+]([O-])c2C1=O
EGEVIW,CC(C)(C)N(O)c1ccc(cn1)c1ccccc1
EGIHEH,CC(C)(C)C(=O)NOCC(C)(C)C(=O)NOCC(C)(C)C(=O)NC1CCCCC1
EGISOE,CCOC(=O)/C(=N/OC(=O)c1ccc2c(c1)cccc2)/C#N
EGOVAZ,O=C1[C@H]2[C@@H](C(=O)N1C)ON([C@H]2c1ccccc1)c1ccccc1
EGOWEE,CC[C@H]1[C@@H]2OC([C@H](C)[C@@H]2[C@@H]3[C@H]4[C@@H]1CCCC[N@+]4(CC3)[O-])=O
EGUFAN,CO[C@H]1C(=O)N([C@H]1[C@@H]1N(Cc2ccccc2)O[C@H]([C@H]1C(=O)OC)C(=O)OC)c1ccc(cc1)OC
EGUXAH,O=C1N(C)[C@@](N([C@@]1(C)c1ccccn1)O)(C)C(C)C
EHAQOV,O=C1N(C)C(=O)[C@@H]2[C@H]1[C@H]1C(=CC2)CN(O[C@@H]1N1CCOCC1)c1ccccc1
EHAXOC,COc1ccccc1[C@H]1C[C@@H](ON1C(=O)OCc1ccccc1)O
EHAYIV,O=C1CCCC[C@H]1ONc1ccccc1
EHAZAR,O/N=C(/c1ccccc1N)\N
EHEKOU,c1ccc(cc1)/C=C/C1=NN=C(O1)C1=NC(=NO1)c1ccccc1
EHIKEM,OC[C@]1(O)[C@H](OCc2ccccc2)[C@H]([C@@H]2[C@H]1CON2Cc1ccccc1)O
EHIPUH,COC1(OC)C(=O)[C@@H]2C=C[C@H]1N(O2)C(=O)[C@]12CC[C@@H](C2(C)C)CC1=O
EHOJOA,[O-][n+]1ccccc1c1ccc2ccccc2c1c1c2ccccc2ccc1c1cccc[n+]1[O-]
EHOKAN,C[C@H]1OC[C@H]([C@H](O1)[C@H]1C[C@H](ON1Cc1ccccc1)[C@@H]1O[C@H](C)OC[C@H]1O)O
EHOMOF,Cc1ccc(cc1)C(=O)[C@@H](CN(c1ccccc1)C)ON1C(=O)c2c(C1=O)cccc2
EHOROL,O/N=C(\C1=C(C)Oc2c1cccc2)/c1cccnc1
EHORUR,O/N=C(/C1=C(C)Oc2c1cccc2)\c1ccccc1C
EHOYAD,C[C@H]1CCC[C@H]2ON=C(C2)c2c(CC(=O)O1)cc(O)cc2O
EHUVOU,C(#N)[C@](CCC(C(C)(C)O)=O)(C1=CC=CC=C1)C1=[N+](C=CC=C1)[O-]
EHUXOU,Cc1ccc(cc1)[C@@H]1C(=NO[C@]21C(=O)Nc1c2cccc1)c1ccccc1
EHUZAJ,CC[C@H]([C@H]1O[C@H]([C@@H](C[C@@H]1C)C)C1=C(O)C(=CN(C1=O)O)c1ccccc1)C
EINACN10,CCOc1ccc(cc1)NC(=O)/C=N/O
EJADAX,CCOc1ccc(cc1)C1=C(C(=O)c2ccccc2)[C@H](N(O1)Cc1ccccc1)c1ccccc1
EJEGIJ,N#CC1=NON=C1OC1=NON=C1C#N
EJEGUV,N#CC1=NON=C1OC1=NON=C1OC1=NON=C1C#N
EJEHOQ,O/N=C/1\[C@@H]2[C@@H](COc3c2cc(OC)c(c3)OC)Oc2c1ccc1c2C[C@@H](O1)C(=C)C
EJIRIA,[O-][n+]1ccc(cc1)C(=[N+]=[N-])c1ccccc1
EJOQAY,O=C(NOCc1ccccc1)N1C(=O)Nc2ccccc12
EJOXEJ,O=C(NOCc1ccccc1)N1Cc2ccccc2NC1=O
EJOYAD,COC(=O)N1O[C@@H]1c1ccccc1
EJUHOG,ON1C(=O)CN[C@H]1c1ccccc1
EKAHUV,c1ccc(nc1)C1=NO[C@H]2[C@@H]1Cc1c2cccc1
EKEMIQ,COc1cc(O)c(c(OC)c1)C1=C2C=CC=CC2=NO1
EKEMOW,O1N=C2C=CC=CC2=C1c1ccccc1
EKEYIF,C[N+]1=NOC(=C1)[N-]N=O
EKUKEC,CCOC(=O)ON1N=NN=C1N
ELAQUF,CC(=O)N(O)CCc1ccccc1
ELARIU,ONC(=O)CCc1ccccc1
ELAROA,CC(=O)NOCCc1ccccc1
ELATOC,O=C1NC(=NO1)CCc1ccccc1
ELATOD,CC(C)(C)C1=CC(=NO1)NC(=O)Oc1ccccc1
ELENUG,CC(=O)O[C@H]1O[N@]2[C@@H](C1)[C@@H]1[C@H]([C@@H]2[C@H]2COC(O2)(C)C)OC(O1)(C)C
ELINIW,C[C@@H]1CC[C@H]([C@@H](C1)O[C@@H]1OC(=O)[C@@H]2[C@H]1ON=C2c1ccc2c(c1)OCO2)C(C)C
ELUKED,ON=C1CCCC1
EMAQEQ,C#CCO/N=C/c1ccc(c(c1)OC)OCC#C
EMAQIU,C#CCON=C(c1ccccc1)c1ccccc1
EMAXAU,Cc1cc(C)c(c(C)c1)C1=C2C3=Nc4ccccc4N3c3ccccc3C2=NO1
EMEDAE,O=C1c2ccccc2[N+](=C1C1=CNc2ccccc12)[O-]
EMIMUI,C/C(=N/O)/N
EMIPOG,O/N=C/1\CCCCCCCCCC[C@@H]1O
EMIPUM,CC[C@H]1CCCCCCCCCC/C/1=N/O
EMOMIC,O/N=C/1\C=C2C=CCC[C@]2([C@H]2[C@H]1[C@H]1CC[C@H]([C@]1(C)CC2)[C@H](CCCC(C)C)C)C
EMUMEG,CC/C(=N\O)/c1ccncc1
EMUVIR,NC1=C(C=NN1Cc1ccccc1)N=O
ENACIF,CC(C[C@H](C(=O)NO[C@H](C(=O)NCC(C)C)Cc1ccccc1)ONC(=O)C(C)(C)C)C
ENAKAG,O/N=C\1/C2=C(CCC(O2)(C)C)C(=O)c2c1cccc2
ENIGOA,O=C1[C@H]2CON([C@H]2C=C1c1ccccc1)c1ccccc1
ENILES,c1ccc(cc1)CON[C@]12c3ccccc3[C@H](c3c1cccc3)c1c2cccc1
ENILIW,CCON[C@]12c3ccccc3[C@H](c3c1cccc3)c1c2cccc1
ENIMAP,Cc1ccc(c2c1[C@@H]1c3ccccc3[C@]2(c2c1cccc2)N(O)C)C
ENIMET,CON([C@]12c3ccccc3[C@H](c3c1cccc3)c1c2c(C)ccc1C)C
ENIMIX,CCON([C@]12c3ccccc3[C@H](c3c1cccc3)c1c2c(C)ccc1C)C
ENIMOD,CCN([C@]12c3ccccc3[C@H](c3c1cccc3)c1c2c(C)ccc1C)OC
ENIRIC,CC(=O)Oc1ccccc1C1=NC(=NO1)c1ccccc1
ENIVAY,[O-]c1c[n+](c2ccc(C(/C=C/c3ccccc3)=O)cc2)no1
ENUDUP,Cc1ccc(cc1)C(=O)C1=C(N(N=C1Cc1ccccc1)c1ccccc1)c1cc(C)ccc1N(Cc1ccccc1)C(=O)ON1C(C)(C)CCCC1(C)C
ENUFAX,COc1ccc(cc1)C(=O)C1=C(N(N=C1Cc1ccccc1)c1ccccc1)c1cc(C)ccc1N(Cc1ccccc1)C(=O)ON1C(C)(C)CCCC1(C)C
ENULAB,C1C[C@H]2C=C[C@@H]1N(O2)c1ccccc1
ENULEF,C1=C[C@@H]2C[C@H](C=C1)ON2c1ccccc1
ENULIJ,CO[C@@]12CC[C@@H](C=C1)N(O2)c1ccccc1
ENUQAG,CCOC(=O)C1=NO[C@@]2(C1)C(=C(C(=O)N2c1ccccc1C)C#N)C
ENUQAH,O=C1N(O[C@H]2CCCC[C@@]2(O)c2ccccc2)C(=O)c2c1cccc2
EOISOX10,OCCN1c2ccccc2/C(=N\O)/C1=O
EPAHEJ,CC1=NOC(=C1)C(O)=O
EPAHOT,O=CC1=NOC(=C1)C1=CC=CO1
EPDSOX,O/N=C1CC[C@]2(C)C(C[C@H](C(C)(C)C)CC2)=C\1C
EPECEK,CN1N=C2N=[N+]([O-])N=[N+]([O-])C2=[N+]1[O-]
EPETIF,O=C(c1ccccc1)O/N=C/1\CC[C@@H]2O[C@]2(CC[C@H]2[C@H]1CC2(C)C)C
EPOVEL,OC[C@]1(ON=C([C@@H]1c1ccccc1)CC)C(=O)OCC
EPPHIN10,c1ccc(cc1)[C@@]12ON3[C@@H]4[C@H]2N(c2c1cccc2)O[C@@]4(c1c3cccc1)c1ccccc1
EQAZAY,CC(C[C@H]1NC(N(C1=O)O)(C)C)C
EQETOK,N=C1N2CCN[C@@]2(CC(C)(C)/C1=[N+]([O-])/O)C
EREMOE,C1C[C@H]2CC[C@@H]1N(O2)c1ccccc1
ERIVAC,O=NN1CC[C@H]1C(=O)O
EROCUK,COc1c(OC)cc(C[C@@H](C(OC)=O)[N+]([O-])=C2c3c(OC)cccc3)c2c1
ERUCAW,COc1ccc([N+]2=NOC(/C2=C([O-])\C)=O)cc1
ERUDON,CCCCN1C(=O)c2ccc(c3c2c(C1=O)ccc3)N1O[C@H]2CC[C@@H]1C=C2
ERUDUT,CCCCN1C(=O)c2cc(cc3c2c(C1=O)ccc3)N1C[C@H]2[C@](O1)(C)C(=C(C2)C)C
ERUHEF,CC(=CCOc1ccc2c(c1)OC(=O)C(=C2)/C(=N/OCc1ccccc1)/C)C
ERULUA,O=C1N(OCc2ccccc2)[C@H]2N(OC1(C)C)C(=Cc1c2cccc1)c1ccccc1
ERUMAH,CC(C)(Oc1nc(cc2ccccc12)c1ccccc1)C(=O)NOCc1ccccc1
ESANEU,COc1ccccc1/C=C/1\C(=O)ON=C1c1ccccc1
ESAPIA,Cc1[n+]([O-])c(Cc2ccccc2)c(C)c2c(cccc12)C#N
ESELOG,c1ccc(cc1)[C@@H]1N(O[C@@]23[C@@]1(CC2)OC(=C3c1ccccc1)c1ccccc1)c1ccccc1
ESEMUK,O=C1OC[C@H](N1Cc1ccccc1)[C@@H](C1=CNc2c1cccc2)N(Cc1ccccc1)O
ESUQOZ,C#CCC([C@H]1CC[C@H]2[C@H](C1)N(O[C@H]2CC)c1ccccc1)(C#N)C#N
ESUWAT,COC(=O)[C@]12NO[C@H]3[C@@H]2[C@@H](C[C@@H]1O)C(=CN3)C#N
ESUWEX,N#CC1=CN(C)[C@@H]2[C@@H]3[C@H]1C[C@@H]([C@]3(C(=O)OC)N(O2)C(=O)C)OC(=O)C
ETAFAJ,CCON1C(=O)N2c3ccccc3C(=C2C2=C1CCCC2=O)C
ETAGEM,CCO[C@H]1C[C@H]2ON1c1cc(C)ccc1C2=O
ETCBPO,CCN(CC)C(/C(C)=[N+]([O-])\C(C)=C\c1ccccc1)=O
ETHBSD,[O-]C1=C[N+](CC[N+]2=NOC([O-])=C2)=NO1
ETICIT,O/N=C/c1ccccc1c1ccccc1
ETIKEX,O/N=C(/C=N/O)\NCc1ccccc1
ETIYUB,COc1ccc(cc1)C1=NO[C@H](C1)/C=C/C1=CC(=NO1)c1ccc(cc1)C
ETOBUK,CC(=O)Oc1ccc2C(=CC(=O)Oc2c1C[N+]1=NOC(=C1)[O-])C
ETOMOS,C(C1=CC=CC=C1)OC(=O)[C@]1([C@@H](C(=[N+](O1)[O-])C(=O)OCC)C1=CC2=CC=CC=C2C=C1)C1=CC=CC=C1
ETUGAB,C1CC2=CON=C2[C@@]2(C1)CCCC1=CON=C21
EVADIP,Cc1cccc(c1)C1=CC(=NO1)c1ccccc1
EVAWED,Cc1ccc(/C=C/C(C2=C(ON=[N+]2c3ccc(C)cc3)[O-])=O)cc1
EVAWON,Cc1ccc([N+]2=NOC([O-])=C2C3=NN[C@@H](c4ccccc4)C3)cc1
EVAZEG,N#CC[C@H]1CCC[C@]23[N@@]1O[C@@H]([C@@H]3CCC2)C#N
EVAZEG01,N#CC[C@H]1CCC[C@]23[N@@]1O[C@@H]([C@@H]3CCC2)C#N
EVAZIK,N#CC[C@H]1CCC[C@]23[N@@]1O[C@@H]([C@@H]3C#N)CCC2
EVAZIK01,N#CC[C@H]1CCC[C@]23[N@@]1O[C@@H]([C@@H]3C#N)CCC2
EVEBOX,N#C[C@]12COc3c([C@@H]2N(O[C@H]1c1ccc(cc1)C)C)cccc3
EVEPON,CC(N/N=C(\C=[N+]([O-])\c1ccccc1)c2ccccc2)=O
EVEZOX,O/N=C(\NC(=O)/C=C/c1ccccc1)/C#N
EVIGIZ,O/N=C/1\Cc2c(C1=O)cccc2
EVIHAT,Cc1ccc(cc1)[C@@H]1C(=NO[C@@]21C[C@@H](c1c(C2=O)cccc1)C(C)(C)C)c1ccc(cc1)C
EVIRIN,CN(C)C(=O)ON1C=CC(=O)c2ccccc12
EVODOL,CC1=CC(=O)C(=C/C/1=N\OC(=O)c1ccccc1C)C(C)C
EVODUO,O/N=C/1\C[C@]23C[C@]1(C)CC[C@H]3[C@]1([C@H](CC2)[C@@](C)(CCC1)C(=O)O)C
EVODUQ,Cc1ccc(cc1)C1=NN(C(c2ccccn2)c2ccccn2)[N+](=C1)[O-]
EVOFEA,COC(=O)[C@]1(C)CCC[C@@]2([C@@H]1CC[C@]13[C@H]2CC[C@@](C3)(/C(=N/O)/C1)C)C
EVOPIP,ONC(=O)c1ccncc1
EVOQUC,COC(=O)[C@]12COc3c([C@@H]2N(O[C@@H]1c1ccc(cc1)C(C)C)c1ccccc1)cccc3
EWAYIL,[O-][N+]1=C(c2ccccc2)/C([C@@H]1c3ccccc3)=C/C=C/c4ccccc4
EWIJIE,CN([C@H]1C2=C(C(=NO2)OCc2ccccc2)C(=O)C2=C(C=CC[C@@H]12)O)C
EWIYAK,CC1=C[C@@H]2CC[C@H]1N(O2)c1cccc(n1)C
EWIYEO,Cc1cccc(n1)N1O[C@@H]2CC[C@H]1C(=C2)c1ccccc1
EWOFOO,O=C(N1C[C@H]2[C@@H]([C@@H]1C)N(OC2)Cc1ccccc1)OC(C)(C)C
EWOXAP,[O-]C1=C[N+](=NO1)c1ccccc1c1ccccc1
